  0
SECTION
  2
HEADER
  9
$ANGBASE
  50
0.0
  9
$ANGDIR
  70
1
  9
$MEASUREMENT
  70
1
  0
ENDSEC
  0
SECTION
  2
TABLES
  0
TABLE
  2
LTYPE
  70
4
  0
LTYPE
  5
40F
  2
CONTINUOUS
  70
0
  3
Solid line
  72
65
  73
0
  40
0.0
  0
LTYPE
  5
410
  2
DASHDOT
 70
0
  3
Dash Dot ____ _ ____ _
 72
65
 73
4
 40
2.0
 49
1.25
 49
-0.25
 49
0.25
 49
-0.25
  0
LTYPE
  5
411
  2
DASHED
 70
0
  3
Dashed __ __ __ __ __
 72
65
 73
2
 40
0.75
 49
0.5
 49
-0.25
  0
LTYPE
  5
43B
  2
DOTTED
 70
0
  3
Dotted .  .  .  .
 72
65
 73
2
 40
0.2
 49
0.0
 49
-0.2
  0
ENDTAB
  0
TABLE
  2
STYLE
  70
4
  0
STYLE
  2
KICAD
  70
0
  40
0
  41
1
  42
1
  50
0
  71
0
  3
isocp.shx
  0
STYLE
  2
KICADB
  70
0
  40
0
  41
1
  42
1
  50
0
  71
0
  3
isocp.shx
  0
STYLE
  2
KICADI
  70
0
  40
0
  41
1
  42
1
  50
15
  71
0
  3
isocp.shx
  0
STYLE
  2
KICADBI
  70
0
  40
0
  41
1
  42
1
  50
15
  71
0
  3
isocp.shx
  0
ENDTAB
  0
TABLE
  2
LAYER
  70
1
  0
LAYER
  2
BLACK
  70
0
  62
7
  6
CONTINUOUS
  0
ENDTAB
  0
ENDSEC
  0
SECTION
  2
ENTITIES
0
LINE
8
BLACK
6
CONTINUOUS
10
168.0301340000000039
20
-65.9231559999999916
11
168.2092199999999877
21
-65.9813449999999904
0
LINE
8
BLACK
6
CONTINUOUS
10
168.2092199999999877
20
-65.9813449999999904
11
168.3769979999999862
21
-66.0668319999999909
0
LINE
8
BLACK
6
CONTINUOUS
10
168.3769979999999862
20
-66.0668319999999909
11
168.5293379999999956
21
-66.1775129999999905
0
LINE
8
BLACK
6
CONTINUOUS
10
168.5293379999999956
20
-66.1775129999999905
11
168.6624869999999987
21
-66.3106619999999936
0
LINE
8
BLACK
6
CONTINUOUS
10
168.6624869999999987
20
-66.3106619999999936
11
168.7731679999999983
21
-66.463002000000003
0
LINE
8
BLACK
6
CONTINUOUS
10
168.7731679999999983
20
-66.463002000000003
11
168.8586549999999988
21
-66.6307800000000015
0
LINE
8
BLACK
6
CONTINUOUS
10
168.8586549999999988
20
-66.6307800000000015
11
168.9168439999999975
21
-66.8098659999999995
0
LINE
8
BLACK
6
CONTINUOUS
10
168.9168439999999975
20
-66.8098659999999995
11
168.9463010000000054
21
-66.9958489999999927
0
LINE
8
BLACK
6
CONTINUOUS
10
168.9463010000000054
20
-66.9958489999999927
11
168.9463010000000054
21
-67.184151
0
LINE
8
BLACK
6
CONTINUOUS
10
168.9463010000000054
20
-67.184151
11
168.9168439999999975
21
-67.3701339999999931
0
LINE
8
BLACK
6
CONTINUOUS
10
168.9168439999999975
20
-67.3701339999999931
11
168.8586549999999988
21
-67.5492199999999912
0
LINE
8
BLACK
6
CONTINUOUS
10
168.8586549999999988
20
-67.5492199999999912
11
168.7731679999999983
21
-67.7169980000000038
0
LINE
8
BLACK
6
CONTINUOUS
10
168.7731679999999983
20
-67.7169980000000038
11
168.6624869999999987
21
-67.8693379999999991
0
LINE
8
BLACK
6
CONTINUOUS
10
168.6624869999999987
20
-67.8693379999999991
11
168.5293379999999956
21
-68.0024870000000021
0
LINE
8
BLACK
6
CONTINUOUS
10
168.5293379999999956
20
-68.0024870000000021
11
168.3769979999999862
21
-68.1131680000000017
0
LINE
8
BLACK
6
CONTINUOUS
10
168.3769979999999862
20
-68.1131680000000017
11
168.25
21
-68.1778759999999977
0
LINE
8
BLACK
6
CONTINUOUS
10
168.25
20
-68.1778759999999977
11
168.25
21
-77.2556340000000006
0
LINE
8
BLACK
6
CONTINUOUS
10
168.25
20
-77.2556340000000006
11
169.7556339999999864
21
-77.2556340000000006
0
LINE
8
BLACK
6
CONTINUOUS
10
169.7556339999999864
20
-77.2556340000000006
11
169.8208819999999832
21
-77.2599110000000024
0
LINE
8
BLACK
6
CONTINUOUS
10
169.8208819999999832
20
-77.2599110000000024
11
169.8208970000000022
21
-77.2599110000000024
0
LINE
8
BLACK
6
CONTINUOUS
10
169.8208970000000022
20
-77.2599110000000024
11
169.9469760000000065
21
-77.2936940000000021
0
LINE
8
BLACK
6
CONTINUOUS
10
169.9469760000000065
20
-77.2936940000000021
11
170.0600149999999928
21
-77.3589569999999895
0
LINE
8
BLACK
6
CONTINUOUS
10
170.0600149999999928
20
-77.3589569999999895
11
170.0600299999999834
21
-77.3589719999999943
0
LINE
8
BLACK
6
CONTINUOUS
10
170.0600299999999834
20
-77.3589719999999943
11
170.1091869999999915
21
-77.4020809999999955
0
LINE
8
BLACK
6
CONTINUOUS
10
170.1091869999999915
20
-77.4020809999999955
11
179.8535540000000026
21
-87.1464469999999949
0
LINE
8
BLACK
6
CONTINUOUS
10
179.8535540000000026
20
-87.1464469999999949
11
179.8966690000000028
21
-87.1956109999999995
0
LINE
8
BLACK
6
CONTINUOUS
10
179.8966690000000028
20
-87.1956109999999995
11
179.8966769999999826
21
-87.1956189999999935
0
LINE
8
BLACK
6
CONTINUOUS
10
179.8966769999999826
20
-87.1956189999999935
11
179.9619399999999985
21
-87.3086579999999941
0
LINE
8
BLACK
6
CONTINUOUS
10
179.9619399999999985
20
-87.3086579999999941
11
179.9620610000000056
21
-87.3091089999999923
0
LINE
8
BLACK
6
CONTINUOUS
10
179.9620610000000056
20
-87.3091089999999923
11
179.9957229999999981
21
-87.4347369999999984
0
LINE
8
BLACK
6
CONTINUOUS
10
179.9957229999999981
20
-87.4347369999999984
11
179.9957229999999981
21
-87.4347520000000031
0
LINE
8
BLACK
6
CONTINUOUS
10
179.9957229999999981
20
-87.4347520000000031
11
180.
21
-87.5
0
LINE
8
BLACK
6
CONTINUOUS
10
180.
20
-87.5
11
180.
21
-97.7049999999999983
0
LINE
8
BLACK
6
CONTINUOUS
10
180.
20
-97.7049999999999983
11
180.
21
-110.75
0
LINE
8
BLACK
6
CONTINUOUS
10
180.
20
-110.75
11
179.9957229999999981
21
-110.8152469999999994
0
LINE
8
BLACK
6
CONTINUOUS
10
179.9957229999999981
20
-110.8152469999999994
11
179.9957229999999981
21
-110.8152630000000016
0
LINE
8
BLACK
6
CONTINUOUS
10
179.9957229999999981
20
-110.8152630000000016
11
179.9635719999999992
21
-110.9352519999999913
0
LINE
8
BLACK
6
CONTINUOUS
10
179.9635719999999992
20
-110.9352519999999913
11
179.9619399999999985
21
-110.9413419999999917
0
LINE
8
BLACK
6
CONTINUOUS
10
179.9619399999999985
20
-110.9413419999999917
11
179.8966769999999826
21
-111.0543809999999922
0
LINE
8
BLACK
6
CONTINUOUS
10
179.8966769999999826
20
-111.0543809999999922
11
179.8966609999999946
21
-111.054395999999997
0
LINE
8
BLACK
6
CONTINUOUS
10
179.8966609999999946
20
-111.054395999999997
11
179.8535530000000051
21
-111.1035529999999909
0
LINE
8
BLACK
6
CONTINUOUS
10
179.8535530000000051
20
-111.1035529999999909
11
171.6035530000000051
21
-119.3535529999999909
0
LINE
8
BLACK
6
CONTINUOUS
10
171.6035530000000051
20
-119.3535529999999909
11
171.554395999999997
21
-119.3966609999999946
0
LINE
8
BLACK
6
CONTINUOUS
10
171.554395999999997
20
-119.3966609999999946
11
171.554380999999978
21
-119.3966769999999968
0
LINE
8
BLACK
6
CONTINUOUS
10
171.554380999999978
20
-119.3966769999999968
11
171.4413419999999917
21
-119.4619399999999985
0
LINE
8
BLACK
6
CONTINUOUS
10
171.4413419999999917
20
-119.4619399999999985
11
171.3152629999999874
21
-119.4957229999999981
0
LINE
8
BLACK
6
CONTINUOUS
10
171.3152629999999874
20
-119.4957229999999981
11
171.3152479999999969
21
-119.4957229999999981
0
LINE
8
BLACK
6
CONTINUOUS
10
171.3152479999999969
20
-119.4957229999999981
11
171.25
21
-119.5
0
LINE
8
BLACK
6
CONTINUOUS
10
171.25
20
-119.5
11
146.75
21
-119.5
0
LINE
8
BLACK
6
CONTINUOUS
10
146.75
20
-119.5
11
146.6847520000000031
21
-119.4957229999999981
0
LINE
8
BLACK
6
CONTINUOUS
10
146.6847520000000031
20
-119.4957229999999981
11
146.6847369999999842
21
-119.4957229999999981
0
LINE
8
BLACK
6
CONTINUOUS
10
146.6847369999999842
20
-119.4957229999999981
11
146.585300999999987
21
-119.4690789999999936
0
LINE
8
BLACK
6
CONTINUOUS
10
146.585300999999987
20
-119.4690789999999936
11
146.5586579999999799
21
-119.4619399999999985
0
LINE
8
BLACK
6
CONTINUOUS
10
146.5586579999999799
20
-119.4619399999999985
11
146.4456189999999935
21
-119.3966769999999968
0
LINE
8
BLACK
6
CONTINUOUS
10
146.4456189999999935
20
-119.3966769999999968
11
146.4456109999999853
21
-119.3966689999999886
0
LINE
8
BLACK
6
CONTINUOUS
10
146.4456109999999853
20
-119.3966689999999886
11
146.3964469999999949
21
-119.3535539999999884
0
LINE
8
BLACK
6
CONTINUOUS
10
146.3964469999999949
20
-119.3535539999999884
11
137.3564470000000028
21
-110.3135529999999989
0
LINE
8
BLACK
6
CONTINUOUS
10
137.3564470000000028
20
-110.3135529999999989
11
137.3133379999999875
21
-110.2643959999999907
0
LINE
8
BLACK
6
CONTINUOUS
10
137.3133379999999875
20
-110.2643959999999907
11
137.3133229999999969
21
-110.2643810000000002
0
LINE
8
BLACK
6
CONTINUOUS
10
137.3133229999999969
20
-110.2643810000000002
11
137.2480599999999811
21
-110.1513419999999996
0
LINE
8
BLACK
6
CONTINUOUS
10
137.2480599999999811
20
-110.1513419999999996
11
137.2395099999999957
21
-110.1194319999999891
0
LINE
8
BLACK
6
CONTINUOUS
10
137.2395099999999957
20
-110.1194319999999891
11
137.2142769999999814
21
-110.0252629999999954
0
LINE
8
BLACK
6
CONTINUOUS
10
137.2142769999999814
20
-110.0252629999999954
11
137.2142769999999814
21
-110.0252469999999931
0
LINE
8
BLACK
6
CONTINUOUS
10
137.2142769999999814
20
-110.0252469999999931
11
137.210000000000008
21
-109.9599999999999937
0
LINE
8
BLACK
6
CONTINUOUS
10
137.210000000000008
20
-109.9599999999999937
11
137.210000000000008
21
-97.1926539999999903
0
LINE
8
BLACK
6
CONTINUOUS
10
137.210000000000008
20
-97.1926539999999903
11
137.0438869999999838
21
-97.0816609999999969
0
LINE
8
BLACK
6
CONTINUOUS
10
137.0438869999999838
20
-97.0816609999999969
11
136.8983389999999929
21
-96.9361129999999918
0
LINE
8
BLACK
6
CONTINUOUS
10
136.8983389999999929
20
-96.9361129999999918
11
136.7839830000000063
21
-96.7649669999999986
0
LINE
8
BLACK
6
CONTINUOUS
10
136.7839830000000063
20
-96.7649669999999986
11
136.7052129999999863
21
-96.5747989999999987
0
LINE
8
BLACK
6
CONTINUOUS
10
136.7052129999999863
20
-96.5747989999999987
11
136.6650559999999928
21
-96.3729179999999985
0
LINE
8
BLACK
6
CONTINUOUS
10
136.6650559999999928
20
-96.3729179999999985
11
136.6650559999999928
21
-96.1670819999999935
0
LINE
8
BLACK
6
CONTINUOUS
10
136.6650559999999928
20
-96.1670819999999935
11
136.7052129999999863
21
-95.9652009999999933
0
LINE
8
BLACK
6
CONTINUOUS
10
136.7052129999999863
20
-95.9652009999999933
11
136.7839830000000063
21
-95.7750329999999934
0
LINE
8
BLACK
6
CONTINUOUS
10
136.7839830000000063
20
-95.7750329999999934
11
136.8983389999999929
21
-95.6038870000000003
0
LINE
8
BLACK
6
CONTINUOUS
10
136.8983389999999929
20
-95.6038870000000003
11
137.0438869999999838
21
-95.4583389999999952
0
LINE
8
BLACK
6
CONTINUOUS
10
137.0438869999999838
20
-95.4583389999999952
11
137.2150330000000054
21
-95.3439829999999944
0
LINE
8
BLACK
6
CONTINUOUS
10
137.2150330000000054
20
-95.3439829999999944
11
137.4052010000000053
21
-95.2652129999999886
0
LINE
8
BLACK
6
CONTINUOUS
10
137.4052010000000053
20
-95.2652129999999886
11
137.6070819999999912
21
-95.225055999999995
0
LINE
8
BLACK
6
CONTINUOUS
10
137.6070819999999912
20
-95.225055999999995
11
137.8129179999999963
21
-95.225055999999995
0
LINE
8
BLACK
6
CONTINUOUS
10
137.8129179999999963
20
-95.225055999999995
11
138.0147989999999822
21
-95.2652129999999886
0
LINE
8
BLACK
6
CONTINUOUS
10
138.0147989999999822
20
-95.2652129999999886
11
138.2049669999999821
21
-95.3439829999999944
0
LINE
8
BLACK
6
CONTINUOUS
10
138.2049669999999821
20
-95.3439829999999944
11
138.3761130000000037
21
-95.4583389999999952
0
LINE
8
BLACK
6
CONTINUOUS
10
138.3761130000000037
20
-95.4583389999999952
11
138.5216609999999946
21
-95.6038870000000003
0
LINE
8
BLACK
6
CONTINUOUS
10
138.5216609999999946
20
-95.6038870000000003
11
138.6360169999999812
21
-95.7750329999999934
0
LINE
8
BLACK
6
CONTINUOUS
10
138.6360169999999812
20
-95.7750329999999934
11
138.7147870000000012
21
-95.9652009999999933
0
LINE
8
BLACK
6
CONTINUOUS
10
138.7147870000000012
20
-95.9652009999999933
11
138.7549439999999947
21
-96.1670819999999935
0
LINE
8
BLACK
6
CONTINUOUS
10
138.7549439999999947
20
-96.1670819999999935
11
138.7549439999999947
21
-96.3729179999999985
0
LINE
8
BLACK
6
CONTINUOUS
10
138.7549439999999947
20
-96.3729179999999985
11
138.7147870000000012
21
-96.5747989999999987
0
LINE
8
BLACK
6
CONTINUOUS
10
138.7147870000000012
20
-96.5747989999999987
11
138.6360169999999812
21
-96.7649669999999986
0
LINE
8
BLACK
6
CONTINUOUS
10
138.6360169999999812
20
-96.7649669999999986
11
138.5216609999999946
21
-96.9361129999999918
0
LINE
8
BLACK
6
CONTINUOUS
10
138.5216609999999946
20
-96.9361129999999918
11
138.3761130000000037
21
-97.0816609999999969
0
LINE
8
BLACK
6
CONTINUOUS
10
138.3761130000000037
20
-97.0816609999999969
11
138.2099999999999795
21
-97.1926539999999903
0
LINE
8
BLACK
6
CONTINUOUS
10
138.2099999999999795
20
-97.1926539999999903
11
138.2099999999999795
21
-109.7528930000000003
0
LINE
8
BLACK
6
CONTINUOUS
10
138.2099999999999795
20
-109.7528930000000003
11
146.9571069999999793
21
-118.5
0
LINE
8
BLACK
6
CONTINUOUS
10
146.9571069999999793
20
-118.5
11
171.0428939999999898
21
-118.5
0
LINE
8
BLACK
6
CONTINUOUS
10
171.0428939999999898
20
-118.5
11
179.
21
-110.5428939999999898
0
LINE
8
BLACK
6
CONTINUOUS
10
179.
20
-110.5428939999999898
11
179.
21
-98.9121059999999943
0
LINE
8
BLACK
6
CONTINUOUS
10
179.
20
-98.9121059999999943
11
174.2786509999999964
21
-103.6334540000000004
0
LINE
8
BLACK
6
CONTINUOUS
10
174.2786509999999964
20
-103.6334540000000004
11
174.3101849999999899
21
-103.7919830000000019
0
LINE
8
BLACK
6
CONTINUOUS
10
174.3101849999999899
20
-103.7919830000000019
11
174.3101849999999899
21
-103.9880169999999993
0
LINE
8
BLACK
6
CONTINUOUS
10
174.3101849999999899
20
-103.9880169999999993
11
174.2719400000000007
21
-104.1802849999999978
0
LINE
8
BLACK
6
CONTINUOUS
10
174.2719400000000007
20
-104.1802849999999978
11
174.1969210000000032
21
-104.3613969999999966
0
LINE
8
BLACK
6
CONTINUOUS
10
174.1969210000000032
20
-104.3613969999999966
11
174.088009999999997
21
-104.5243929999999892
0
LINE
8
BLACK
6
CONTINUOUS
10
174.088009999999997
20
-104.5243929999999892
11
173.9493929999999864
21
-104.6630099999999999
0
LINE
8
BLACK
6
CONTINUOUS
10
173.9493929999999864
20
-104.6630099999999999
11
173.7863969999999938
21
-104.7719209999999919
0
LINE
8
BLACK
6
CONTINUOUS
10
173.7863969999999938
20
-104.7719209999999919
11
173.6052849999999808
21
-104.8469399999999894
0
LINE
8
BLACK
6
CONTINUOUS
10
173.6052849999999808
20
-104.8469399999999894
11
173.4130169999999964
21
-104.8851849999999928
0
LINE
8
BLACK
6
CONTINUOUS
10
173.4130169999999964
20
-104.8851849999999928
11
173.216982999999999
21
-104.8851849999999928
0
LINE
8
BLACK
6
CONTINUOUS
10
173.216982999999999
20
-104.8851849999999928
11
173.0247149999999863
21
-104.8469399999999894
0
LINE
8
BLACK
6
CONTINUOUS
10
173.0247149999999863
20
-104.8469399999999894
11
172.8436030000000017
21
-104.7719209999999919
0
LINE
8
BLACK
6
CONTINUOUS
10
172.8436030000000017
20
-104.7719209999999919
11
172.6806069999999806
21
-104.6630099999999999
0
LINE
8
BLACK
6
CONTINUOUS
10
172.6806069999999806
20
-104.6630099999999999
11
172.5419899999999984
21
-104.5243929999999892
0
LINE
8
BLACK
6
CONTINUOUS
10
172.5419899999999984
20
-104.5243929999999892
11
172.4330789999999922
21
-104.3613969999999966
0
LINE
8
BLACK
6
CONTINUOUS
10
172.4330789999999922
20
-104.3613969999999966
11
172.3580599999999947
21
-104.1802849999999978
0
LINE
8
BLACK
6
CONTINUOUS
10
172.3580599999999947
20
-104.1802849999999978
11
172.3198150000000055
21
-103.9880169999999993
0
LINE
8
BLACK
6
CONTINUOUS
10
172.3198150000000055
20
-103.9880169999999993
11
172.3198150000000055
21
-103.7919830000000019
0
LINE
8
BLACK
6
CONTINUOUS
10
172.3198150000000055
20
-103.7919830000000019
11
172.3580599999999947
21
-103.5997149999999891
0
LINE
8
BLACK
6
CONTINUOUS
10
172.3580599999999947
20
-103.5997149999999891
11
172.4330789999999922
21
-103.4186029999999903
0
LINE
8
BLACK
6
CONTINUOUS
10
172.4330789999999922
20
-103.4186029999999903
11
172.5419899999999984
21
-103.2556069999999977
0
LINE
8
BLACK
6
CONTINUOUS
10
172.5419899999999984
20
-103.2556069999999977
11
172.6806069999999806
21
-103.1169900000000013
0
LINE
8
BLACK
6
CONTINUOUS
10
172.6806069999999806
20
-103.1169900000000013
11
172.8436030000000017
21
-103.0080789999999951
0
LINE
8
BLACK
6
CONTINUOUS
10
172.8436030000000017
20
-103.0080789999999951
11
173.0247149999999863
21
-102.9330599999999976
0
LINE
8
BLACK
6
CONTINUOUS
10
173.0247149999999863
20
-102.9330599999999976
11
173.216982999999999
21
-102.8948149999999941
0
LINE
8
BLACK
6
CONTINUOUS
10
173.216982999999999
20
-102.8948149999999941
11
173.4130169999999964
21
-102.8948149999999941
0
LINE
8
BLACK
6
CONTINUOUS
10
173.4130169999999964
20
-102.8948149999999941
11
173.5715449999999862
21
-102.9263479999999902
0
LINE
8
BLACK
6
CONTINUOUS
10
173.5715449999999862
20
-102.9263479999999902
11
179.
21
-97.4978940000000023
0
LINE
8
BLACK
6
CONTINUOUS
10
179.
20
-97.4978940000000023
11
179.
21
-87.707105999999996
0
LINE
8
BLACK
6
CONTINUOUS
10
179.
20
-87.707105999999996
11
169.5485280000000046
21
-78.2556340000000006
0
LINE
8
BLACK
6
CONTINUOUS
10
169.5485280000000046
20
-78.2556340000000006
11
167.9571069999999793
21
-78.2556340000000006
0
LINE
8
BLACK
6
CONTINUOUS
10
167.9571069999999793
20
-78.2556340000000006
11
162.2891869999999983
21
-83.9235529999999983
0
LINE
8
BLACK
6
CONTINUOUS
10
162.2891869999999983
20
-83.9235529999999983
11
162.2400299999999902
21
-83.966661000000002
0
LINE
8
BLACK
6
CONTINUOUS
10
162.2400299999999902
20
-83.966661000000002
11
162.2400149999999996
21
-83.96667699999999
0
LINE
8
BLACK
6
CONTINUOUS
10
162.2400149999999996
20
-83.96667699999999
11
162.1269759999999849
21
-84.0319399999999916
0
LINE
8
BLACK
6
CONTINUOUS
10
162.1269759999999849
20
-84.0319399999999916
11
162.0008969999999806
21
-84.0657229999999913
0
LINE
8
BLACK
6
CONTINUOUS
10
162.0008969999999806
20
-84.0657229999999913
11
162.0008819999999901
21
-84.0657229999999913
0
LINE
8
BLACK
6
CONTINUOUS
10
162.0008819999999901
20
-84.0657229999999913
11
161.9356339999999932
21
-84.0699999999999932
0
LINE
8
BLACK
6
CONTINUOUS
10
161.9356339999999932
20
-84.0699999999999932
11
161.3559899999999914
21
-84.0699999999999932
0
LINE
8
BLACK
6
CONTINUOUS
10
161.3559899999999914
20
-84.0699999999999932
11
161.3179039999999986
21
-84.1447479999999928
0
LINE
8
BLACK
6
CONTINUOUS
10
161.3179039999999986
20
-84.1447479999999928
11
161.2164469999999881
21
-84.2843929999999943
0
LINE
8
BLACK
6
CONTINUOUS
10
161.2164469999999881
20
-84.2843929999999943
11
161.0943929999999966
21
-84.406447
0
LINE
8
BLACK
6
CONTINUOUS
10
161.0943929999999966
20
-84.406447
11
160.954747999999995
21
-84.5079039999999964
0
LINE
8
BLACK
6
CONTINUOUS
10
160.954747999999995
20
-84.5079039999999964
11
160.8009519999999952
21
-84.5862669999999923
0
LINE
8
BLACK
6
CONTINUOUS
10
160.8009519999999952
20
-84.5862669999999923
11
160.6367899999999906
21
-84.639606999999998
0
LINE
8
BLACK
6
CONTINUOUS
10
160.6367899999999906
20
-84.639606999999998
11
160.4663050000000055
21
-84.666608999999994
0
LINE
8
BLACK
6
CONTINUOUS
10
160.4663050000000055
20
-84.666608999999994
11
160.2936949999999854
21
-84.666608999999994
0
LINE
8
BLACK
6
CONTINUOUS
10
160.2936949999999854
20
-84.666608999999994
11
160.1232100000000003
21
-84.639606999999998
0
LINE
8
BLACK
6
CONTINUOUS
10
160.1232100000000003
20
-84.639606999999998
11
159.9590479999999957
21
-84.5862669999999923
0
LINE
8
BLACK
6
CONTINUOUS
10
159.9590479999999957
20
-84.5862669999999923
11
159.8052519999999959
21
-84.5079039999999964
0
LINE
8
BLACK
6
CONTINUOUS
10
159.8052519999999959
20
-84.5079039999999964
11
159.6656069999999943
21
-84.406447
0
LINE
8
BLACK
6
CONTINUOUS
10
159.6656069999999943
20
-84.406447
11
159.5435530000000028
21
-84.2843929999999943
0
LINE
8
BLACK
6
CONTINUOUS
10
159.5435530000000028
20
-84.2843929999999943
11
159.4420959999999923
21
-84.1447479999999928
0
LINE
8
BLACK
6
CONTINUOUS
10
159.4420959999999923
20
-84.1447479999999928
11
159.3637329999999963
21
-83.9909519999999929
0
LINE
8
BLACK
6
CONTINUOUS
10
159.3637329999999963
20
-83.9909519999999929
11
159.3103930000000048
21
-83.8267900000000026
0
LINE
8
BLACK
6
CONTINUOUS
10
159.3103930000000048
20
-83.8267900000000026
11
159.2833909999999946
21
-83.6563050000000032
0
LINE
8
BLACK
6
CONTINUOUS
10
159.2833909999999946
20
-83.6563050000000032
11
159.2833909999999946
21
-83.4836949999999973
0
LINE
8
BLACK
6
CONTINUOUS
10
159.2833909999999946
20
-83.4836949999999973
11
159.3103930000000048
21
-83.313209999999998
0
LINE
8
BLACK
6
CONTINUOUS
10
159.3103930000000048
20
-83.313209999999998
11
159.3637329999999963
21
-83.1490479999999934
0
LINE
8
BLACK
6
CONTINUOUS
10
159.3637329999999963
20
-83.1490479999999934
11
159.4420959999999923
21
-82.9952519999999936
0
LINE
8
BLACK
6
CONTINUOUS
10
159.4420959999999923
20
-82.9952519999999936
11
159.5435530000000028
21
-82.855606999999992
0
LINE
8
BLACK
6
CONTINUOUS
10
159.5435530000000028
20
-82.855606999999992
11
159.6656069999999943
21
-82.7335530000000006
0
LINE
8
BLACK
6
CONTINUOUS
10
159.6656069999999943
20
-82.7335530000000006
11
159.8052519999999959
21
-82.63209599999999
0
LINE
8
BLACK
6
CONTINUOUS
10
159.8052519999999959
20
-82.63209599999999
11
159.9590479999999957
21
-82.553732999999994
0
LINE
8
BLACK
6
CONTINUOUS
10
159.9590479999999957
20
-82.553732999999994
11
160.1232100000000003
21
-82.5003930000000025
0
LINE
8
BLACK
6
CONTINUOUS
10
160.1232100000000003
20
-82.5003930000000025
11
160.2936949999999854
21
-82.4733909999999923
0
LINE
8
BLACK
6
CONTINUOUS
10
160.2936949999999854
20
-82.4733909999999923
11
160.4663050000000055
21
-82.4733909999999923
0
LINE
8
BLACK
6
CONTINUOUS
10
160.4663050000000055
20
-82.4733909999999923
11
160.6367899999999906
21
-82.5003930000000025
0
LINE
8
BLACK
6
CONTINUOUS
10
160.6367899999999906
20
-82.5003930000000025
11
160.8009519999999952
21
-82.553732999999994
0
LINE
8
BLACK
6
CONTINUOUS
10
160.8009519999999952
20
-82.553732999999994
11
160.954747999999995
21
-82.63209599999999
0
LINE
8
BLACK
6
CONTINUOUS
10
160.954747999999995
20
-82.63209599999999
11
161.0943929999999966
21
-82.7335530000000006
0
LINE
8
BLACK
6
CONTINUOUS
10
161.0943929999999966
20
-82.7335530000000006
11
161.2164469999999881
21
-82.855606999999992
0
LINE
8
BLACK
6
CONTINUOUS
10
161.2164469999999881
20
-82.855606999999992
11
161.3179039999999986
21
-82.9952519999999936
0
LINE
8
BLACK
6
CONTINUOUS
10
161.3179039999999986
20
-82.9952519999999936
11
161.3559899999999914
21
-83.0699999999999932
0
LINE
8
BLACK
6
CONTINUOUS
10
161.3559899999999914
20
-83.0699999999999932
11
161.728527999999983
21
-83.0699999999999932
0
LINE
8
BLACK
6
CONTINUOUS
10
161.728527999999983
20
-83.0699999999999932
11
167.25
21
-77.5485269999999929
0
LINE
8
BLACK
6
CONTINUOUS
10
167.25
20
-77.5485269999999929
11
167.25
21
-68.1778759999999977
0
LINE
8
BLACK
6
CONTINUOUS
10
167.25
20
-68.1778759999999977
11
167.1230019999999854
21
-68.1131680000000017
0
LINE
8
BLACK
6
CONTINUOUS
10
167.1230019999999854
20
-68.1131680000000017
11
166.9706620000000044
21
-68.0024870000000021
0
LINE
8
BLACK
6
CONTINUOUS
10
166.9706620000000044
20
-68.0024870000000021
11
166.8375130000000013
21
-67.8693379999999991
0
LINE
8
BLACK
6
CONTINUOUS
10
166.8375130000000013
20
-67.8693379999999991
11
166.7268320000000017
21
-67.7169980000000038
0
LINE
8
BLACK
6
CONTINUOUS
10
166.7268320000000017
20
-67.7169980000000038
11
166.6413450000000012
21
-67.5492199999999912
0
LINE
8
BLACK
6
CONTINUOUS
10
166.6413450000000012
20
-67.5492199999999912
11
166.5831560000000025
21
-67.3701339999999931
0
LINE
8
BLACK
6
CONTINUOUS
10
166.5831560000000025
20
-67.3701339999999931
11
166.5536989999999946
21
-67.184151
0
LINE
8
BLACK
6
CONTINUOUS
10
166.5536989999999946
20
-67.184151
11
166.5536989999999946
21
-66.9958489999999927
0
LINE
8
BLACK
6
CONTINUOUS
10
166.5536989999999946
20
-66.9958489999999927
11
166.5831560000000025
21
-66.8098659999999995
0
LINE
8
BLACK
6
CONTINUOUS
10
166.5831560000000025
20
-66.8098659999999995
11
166.6413450000000012
21
-66.6307800000000015
0
LINE
8
BLACK
6
CONTINUOUS
10
166.6413450000000012
20
-66.6307800000000015
11
166.7268320000000017
21
-66.463002000000003
0
LINE
8
BLACK
6
CONTINUOUS
10
166.7268320000000017
20
-66.463002000000003
11
166.8375130000000013
21
-66.3106619999999936
0
LINE
8
BLACK
6
CONTINUOUS
10
166.8375130000000013
20
-66.3106619999999936
11
166.9706620000000044
21
-66.1775129999999905
0
LINE
8
BLACK
6
CONTINUOUS
10
166.9706620000000044
20
-66.1775129999999905
11
167.1230019999999854
21
-66.0668319999999909
0
LINE
8
BLACK
6
CONTINUOUS
10
167.1230019999999854
20
-66.0668319999999909
11
167.2907799999999838
21
-65.9813449999999904
0
LINE
8
BLACK
6
CONTINUOUS
10
167.2907799999999838
20
-65.9813449999999904
11
167.4698659999999961
21
-65.9231559999999916
0
LINE
8
BLACK
6
CONTINUOUS
10
167.4698659999999961
20
-65.9231559999999916
11
167.6558489999999892
21
-65.893698999999998
0
LINE
8
BLACK
6
CONTINUOUS
10
167.6558489999999892
20
-65.893698999999998
11
167.8441509999999823
21
-65.893698999999998
0
LINE
8
BLACK
6
CONTINUOUS
10
167.8441509999999823
20
-65.893698999999998
11
168.0301340000000039
21
-65.9231559999999916
0
LINE
8
BLACK
6
CONTINUOUS
10
168.5252849999999967
20
-96.543059999999997
11
168.7063969999999813
21
-96.6180789999999945
0
LINE
8
BLACK
6
CONTINUOUS
10
168.7063969999999813
20
-96.6180789999999945
11
168.8693930000000023
21
-96.7269900000000007
0
LINE
8
BLACK
6
CONTINUOUS
10
168.8693930000000023
20
-96.7269900000000007
11
169.0080099999999845
21
-96.8656069999999971
0
LINE
8
BLACK
6
CONTINUOUS
10
169.0080099999999845
20
-96.8656069999999971
11
169.1169209999999907
21
-97.0286029999999897
0
LINE
8
BLACK
6
CONTINUOUS
10
169.1169209999999907
20
-97.0286029999999897
11
169.1919399999999882
21
-97.2097149999999885
0
LINE
8
BLACK
6
CONTINUOUS
10
169.1919399999999882
20
-97.2097149999999885
11
169.2301850000000059
21
-97.4019830000000013
0
LINE
8
BLACK
6
CONTINUOUS
10
169.2301850000000059
20
-97.4019830000000013
11
169.2301850000000059
21
-97.5980169999999987
0
LINE
8
BLACK
6
CONTINUOUS
10
169.2301850000000059
20
-97.5980169999999987
11
169.1919399999999882
21
-97.7902849999999972
0
LINE
8
BLACK
6
CONTINUOUS
10
169.1919399999999882
20
-97.7902849999999972
11
169.1169209999999907
21
-97.9713969999999961
0
LINE
8
BLACK
6
CONTINUOUS
10
169.1169209999999907
20
-97.9713969999999961
11
169.0080099999999845
21
-98.1343929999999887
0
LINE
8
BLACK
6
CONTINUOUS
10
169.0080099999999845
20
-98.1343929999999887
11
168.8693930000000023
21
-98.2730099999999993
0
LINE
8
BLACK
6
CONTINUOUS
10
168.8693930000000023
20
-98.2730099999999993
11
168.7349999999999852
21
-98.3628080000000011
0
LINE
8
BLACK
6
CONTINUOUS
10
168.7349999999999852
20
-98.3628080000000011
11
168.7349999999999852
21
-105.7650000000000006
0
LINE
8
BLACK
6
CONTINUOUS
10
168.7349999999999852
20
-105.7650000000000006
11
168.7307229999999834
21
-105.830247
0
LINE
8
BLACK
6
CONTINUOUS
10
168.7307229999999834
20
-105.830247
11
168.7307229999999834
21
-105.8302630000000022
0
LINE
8
BLACK
6
CONTINUOUS
10
168.7307229999999834
20
-105.8302630000000022
11
168.7218059999999866
21
-105.8635400000000004
0
LINE
8
BLACK
6
CONTINUOUS
10
168.7218059999999866
20
-105.8635400000000004
11
168.6969399999999837
21
-105.9563419999999923
0
LINE
8
BLACK
6
CONTINUOUS
10
168.6969399999999837
20
-105.9563419999999923
11
168.6316769999999963
21
-106.0693809999999928
0
LINE
8
BLACK
6
CONTINUOUS
10
168.6316769999999963
20
-106.0693809999999928
11
168.6316609999999798
21
-106.0693959999999976
0
LINE
8
BLACK
6
CONTINUOUS
10
168.6316609999999798
20
-106.0693959999999976
11
168.5885529999999903
21
-106.1185529999999915
0
LINE
8
BLACK
6
CONTINUOUS
10
168.5885529999999903
20
-106.1185529999999915
11
167.9235529999999983
21
-106.7835529999999977
0
LINE
8
BLACK
6
CONTINUOUS
10
167.9235529999999983
20
-106.7835529999999977
11
167.8743959999999902
21
-106.8266610000000014
0
LINE
8
BLACK
6
CONTINUOUS
10
167.8743959999999902
20
-106.8266610000000014
11
167.8743809999999996
21
-106.8266769999999894
0
LINE
8
BLACK
6
CONTINUOUS
10
167.8743809999999996
20
-106.8266769999999894
11
167.7613419999999849
21
-106.8919399999999911
0
LINE
8
BLACK
6
CONTINUOUS
10
167.7613419999999849
20
-106.8919399999999911
11
167.6352629999999806
21
-106.9257229999999907
0
LINE
8
BLACK
6
CONTINUOUS
10
167.6352629999999806
20
-106.9257229999999907
11
167.63524799999999
21
-106.9257229999999907
0
LINE
8
BLACK
6
CONTINUOUS
10
167.63524799999999
20
-106.9257229999999907
11
167.5699999999999932
21
-106.9299999999999926
0
LINE
8
BLACK
6
CONTINUOUS
10
167.5699999999999932
20
-106.9299999999999926
11
166.3184289999999805
21
-106.9299999999999926
0
LINE
8
BLACK
6
CONTINUOUS
10
166.3184289999999805
20
-106.9299999999999926
11
166.3134079999999813
21
-106.9375149999999906
0
LINE
8
BLACK
6
CONTINUOUS
10
166.3134079999999813
20
-106.9375149999999906
11
166.2025150000000053
21
-107.0484079999999949
0
LINE
8
BLACK
6
CONTINUOUS
10
166.2025150000000053
20
-107.0484079999999949
11
166.0721169999999915
21
-107.1355369999999994
0
LINE
8
BLACK
6
CONTINUOUS
10
166.0721169999999915
20
-107.1355369999999994
11
165.9272279999999853
21
-107.1955519999999922
0
LINE
8
BLACK
6
CONTINUOUS
10
165.9272279999999853
20
-107.1955519999999922
11
165.7734140000000025
21
-107.2261479999999949
0
LINE
8
BLACK
6
CONTINUOUS
10
165.7734140000000025
20
-107.2261479999999949
11
165.6165859999999839
21
-107.2261479999999949
0
LINE
8
BLACK
6
CONTINUOUS
10
165.6165859999999839
20
-107.2261479999999949
11
165.4627720000000011
21
-107.1955519999999922
0
LINE
8
BLACK
6
CONTINUOUS
10
165.4627720000000011
20
-107.1955519999999922
11
165.3178829999999948
21
-107.1355369999999994
0
LINE
8
BLACK
6
CONTINUOUS
10
165.3178829999999948
20
-107.1355369999999994
11
165.187484999999981
21
-107.0484079999999949
0
LINE
8
BLACK
6
CONTINUOUS
10
165.187484999999981
20
-107.0484079999999949
11
165.0765920000000051
21
-106.9375149999999906
0
LINE
8
BLACK
6
CONTINUOUS
10
165.0765920000000051
20
-106.9375149999999906
11
165.0715710000000058
21
-106.9299999999999926
0
LINE
8
BLACK
6
CONTINUOUS
10
165.0715710000000058
20
-106.9299999999999926
11
164.2771060000000034
21
-106.9299999999999926
0
LINE
8
BLACK
6
CONTINUOUS
10
164.2771060000000034
20
-106.9299999999999926
11
163.75
21
-107.457105999999996
0
LINE
8
BLACK
6
CONTINUOUS
10
163.75
20
-107.457105999999996
11
163.75
21
-114.2928939999999898
0
LINE
8
BLACK
6
CONTINUOUS
10
163.75
20
-114.2928939999999898
11
164.7071059999999818
21
-115.25
0
LINE
8
BLACK
6
CONTINUOUS
10
164.7071059999999818
20
-115.25
11
167.6771229999999946
21
-115.25
0
LINE
8
BLACK
6
CONTINUOUS
10
167.6771229999999946
20
-115.25
11
167.7418319999999881
21
-115.1230019999999996
0
LINE
8
BLACK
6
CONTINUOUS
10
167.7418319999999881
20
-115.1230019999999996
11
167.8525129999999876
21
-114.9706619999999901
0
LINE
8
BLACK
6
CONTINUOUS
10
167.8525129999999876
20
-114.9706619999999901
11
167.9856619999999907
21
-114.8375130000000013
0
LINE
8
BLACK
6
CONTINUOUS
10
167.9856619999999907
20
-114.8375130000000013
11
168.1380020000000002
21
-114.7268320000000017
0
LINE
8
BLACK
6
CONTINUOUS
10
168.1380020000000002
20
-114.7268320000000017
11
168.3057799999999986
21
-114.6413450000000012
0
LINE
8
BLACK
6
CONTINUOUS
10
168.3057799999999986
20
-114.6413450000000012
11
168.4848659999999825
21
-114.5831559999999882
0
LINE
8
BLACK
6
CONTINUOUS
10
168.4848659999999825
20
-114.5831559999999882
11
168.670849000000004
21
-114.5536989999999946
0
LINE
8
BLACK
6
CONTINUOUS
10
168.670849000000004
20
-114.5536989999999946
11
168.8591509999999971
21
-114.5536989999999946
0
LINE
8
BLACK
6
CONTINUOUS
10
168.8591509999999971
20
-114.5536989999999946
11
169.0451339999999902
21
-114.5831559999999882
0
LINE
8
BLACK
6
CONTINUOUS
10
169.0451339999999902
20
-114.5831559999999882
11
169.2242200000000025
21
-114.6413450000000012
0
LINE
8
BLACK
6
CONTINUOUS
10
169.2242200000000025
20
-114.6413450000000012
11
169.391998000000001
21
-114.7268320000000017
0
LINE
8
BLACK
6
CONTINUOUS
10
169.391998000000001
20
-114.7268320000000017
11
169.544337999999982
21
-114.8375130000000013
0
LINE
8
BLACK
6
CONTINUOUS
10
169.544337999999982
20
-114.8375130000000013
11
169.6774869999999851
21
-114.9706619999999901
0
LINE
8
BLACK
6
CONTINUOUS
10
169.6774869999999851
20
-114.9706619999999901
11
169.7881679999999847
21
-115.1230019999999996
0
LINE
8
BLACK
6
CONTINUOUS
10
169.7881679999999847
20
-115.1230019999999996
11
169.8736549999999852
21
-115.290779999999998
0
LINE
8
BLACK
6
CONTINUOUS
10
169.8736549999999852
20
-115.290779999999998
11
169.9318439999999839
21
-115.4698659999999961
0
LINE
8
BLACK
6
CONTINUOUS
10
169.9318439999999839
20
-115.4698659999999961
11
169.9613009999999917
21
-115.6558489999999892
0
LINE
8
BLACK
6
CONTINUOUS
10
169.9613009999999917
20
-115.6558489999999892
11
169.9613009999999917
21
-115.8441509999999965
0
LINE
8
BLACK
6
CONTINUOUS
10
169.9613009999999917
20
-115.8441509999999965
11
169.9318439999999839
21
-116.0301339999999897
0
LINE
8
BLACK
6
CONTINUOUS
10
169.9318439999999839
20
-116.0301339999999897
11
169.8736549999999852
21
-116.2092199999999877
0
LINE
8
BLACK
6
CONTINUOUS
10
169.8736549999999852
20
-116.2092199999999877
11
169.7881679999999847
21
-116.3769980000000004
0
LINE
8
BLACK
6
CONTINUOUS
10
169.7881679999999847
20
-116.3769980000000004
11
169.6774869999999851
21
-116.5293379999999956
0
LINE
8
BLACK
6
CONTINUOUS
10
169.6774869999999851
20
-116.5293379999999956
11
169.544337999999982
21
-116.6624869999999987
0
LINE
8
BLACK
6
CONTINUOUS
10
169.544337999999982
20
-116.6624869999999987
11
169.391998000000001
21
-116.7731679999999983
0
LINE
8
BLACK
6
CONTINUOUS
10
169.391998000000001
20
-116.7731679999999983
11
169.2242200000000025
21
-116.8586549999999988
0
LINE
8
BLACK
6
CONTINUOUS
10
169.2242200000000025
20
-116.8586549999999988
11
169.0451339999999902
21
-116.9168439999999975
0
LINE
8
BLACK
6
CONTINUOUS
10
169.0451339999999902
20
-116.9168439999999975
11
168.8591509999999971
21
-116.9463009999999912
0
LINE
8
BLACK
6
CONTINUOUS
10
168.8591509999999971
20
-116.9463009999999912
11
168.670849000000004
21
-116.9463009999999912
0
LINE
8
BLACK
6
CONTINUOUS
10
168.670849000000004
20
-116.9463009999999912
11
168.4848659999999825
21
-116.9168439999999975
0
LINE
8
BLACK
6
CONTINUOUS
10
168.4848659999999825
20
-116.9168439999999975
11
168.3057799999999986
21
-116.8586549999999988
0
LINE
8
BLACK
6
CONTINUOUS
10
168.3057799999999986
20
-116.8586549999999988
11
168.1380020000000002
21
-116.7731679999999983
0
LINE
8
BLACK
6
CONTINUOUS
10
168.1380020000000002
20
-116.7731679999999983
11
167.9856619999999907
21
-116.6624869999999987
0
LINE
8
BLACK
6
CONTINUOUS
10
167.9856619999999907
20
-116.6624869999999987
11
167.8525129999999876
21
-116.5293379999999956
0
LINE
8
BLACK
6
CONTINUOUS
10
167.8525129999999876
20
-116.5293379999999956
11
167.7418319999999881
21
-116.3769980000000004
0
LINE
8
BLACK
6
CONTINUOUS
10
167.7418319999999881
20
-116.3769980000000004
11
167.6771229999999946
21
-116.25
0
LINE
8
BLACK
6
CONTINUOUS
10
167.6771229999999946
20
-116.25
11
164.5
21
-116.25
0
LINE
8
BLACK
6
CONTINUOUS
10
164.5
20
-116.25
11
164.4347520000000031
21
-116.2457229999999981
0
LINE
8
BLACK
6
CONTINUOUS
10
164.4347520000000031
20
-116.2457229999999981
11
164.4347369999999842
21
-116.2457229999999981
0
LINE
8
BLACK
6
CONTINUOUS
10
164.4347369999999842
20
-116.2457229999999981
11
164.3086579999999799
21
-116.2119399999999985
0
LINE
8
BLACK
6
CONTINUOUS
10
164.3086579999999799
20
-116.2119399999999985
11
164.3039469999999937
21
-116.2092199999999877
0
LINE
8
BLACK
6
CONTINUOUS
10
164.3039469999999937
20
-116.2092199999999877
11
164.1956189999999935
21
-116.1466769999999968
0
LINE
8
BLACK
6
CONTINUOUS
10
164.1956189999999935
20
-116.1466769999999968
11
164.1956030000000055
21
-116.1466609999999946
0
LINE
8
BLACK
6
CONTINUOUS
10
164.1956030000000055
20
-116.1466609999999946
11
164.1464469999999949
21
-116.1035529999999909
0
LINE
8
BLACK
6
CONTINUOUS
10
164.1464469999999949
20
-116.1035529999999909
11
162.8964469999999949
21
-114.8535529999999909
0
LINE
8
BLACK
6
CONTINUOUS
10
162.8964469999999949
20
-114.8535529999999909
11
162.8533379999999795
21
-114.804395999999997
0
LINE
8
BLACK
6
CONTINUOUS
10
162.8533379999999795
20
-114.804395999999997
11
162.853322999999989
21
-114.8043809999999922
0
LINE
8
BLACK
6
CONTINUOUS
10
162.853322999999989
20
-114.8043809999999922
11
162.7880600000000015
21
-114.6913419999999917
0
LINE
8
BLACK
6
CONTINUOUS
10
162.7880600000000015
20
-114.6913419999999917
11
162.7542770000000019
21
-114.5652630000000016
0
LINE
8
BLACK
6
CONTINUOUS
10
162.7542770000000019
20
-114.5652630000000016
11
162.7542770000000019
21
-114.5652469999999994
0
LINE
8
BLACK
6
CONTINUOUS
10
162.7542770000000019
20
-114.5652469999999994
11
162.75
21
-114.5
0
LINE
8
BLACK
6
CONTINUOUS
10
162.75
20
-114.5
11
162.75
21
-107.25
0
LINE
8
BLACK
6
CONTINUOUS
10
162.75
20
-107.25
11
162.7542770000000019
21
-107.1847519999999889
0
LINE
8
BLACK
6
CONTINUOUS
10
162.7542770000000019
20
-107.1847519999999889
11
162.7542770000000019
21
-107.1847369999999984
0
LINE
8
BLACK
6
CONTINUOUS
10
162.7542770000000019
20
-107.1847369999999984
11
162.7880600000000015
21
-107.0586579999999941
0
LINE
8
BLACK
6
CONTINUOUS
10
162.7880600000000015
20
-107.0586579999999941
11
162.7963039999999921
21
-107.0443789999999922
0
LINE
8
BLACK
6
CONTINUOUS
10
162.7963039999999921
20
-107.0443789999999922
11
162.853322999999989
21
-106.9456189999999935
0
LINE
8
BLACK
6
CONTINUOUS
10
162.853322999999989
20
-106.9456189999999935
11
162.8533379999999795
21
-106.9456029999999913
0
LINE
8
BLACK
6
CONTINUOUS
10
162.8533379999999795
20
-106.9456029999999913
11
162.8964469999999949
21
-106.8964469999999949
0
LINE
8
BLACK
6
CONTINUOUS
10
162.8964469999999949
20
-106.8964469999999949
11
163.7164469999999881
21
-106.0764470000000017
0
LINE
8
BLACK
6
CONTINUOUS
10
163.7164469999999881
20
-106.0764470000000017
11
163.765609999999981
21
-106.0333309999999898
0
LINE
8
BLACK
6
CONTINUOUS
10
163.765609999999981
20
-106.0333309999999898
11
163.7656189999999867
21
-106.0333229999999958
0
LINE
8
BLACK
6
CONTINUOUS
10
163.7656189999999867
20
-106.0333229999999958
11
163.8786580000000015
21
-105.9680599999999941
0
LINE
8
BLACK
6
CONTINUOUS
10
163.8786580000000015
20
-105.9680599999999941
11
164.0047370000000058
21
-105.9342769999999945
0
LINE
8
BLACK
6
CONTINUOUS
10
164.0047370000000058
20
-105.9342769999999945
11
164.0047519999999963
21
-105.9342769999999945
0
LINE
8
BLACK
6
CONTINUOUS
10
164.0047519999999963
20
-105.9342769999999945
11
164.0699999999999932
21
-105.9299999999999926
0
LINE
8
BLACK
6
CONTINUOUS
10
164.0699999999999932
20
-105.9299999999999926
11
165.0715710000000058
21
-105.9299999999999926
0
LINE
8
BLACK
6
CONTINUOUS
10
165.0715710000000058
20
-105.9299999999999926
11
165.0765920000000051
21
-105.9224849999999947
0
LINE
8
BLACK
6
CONTINUOUS
10
165.0765920000000051
20
-105.9224849999999947
11
165.187484999999981
21
-105.8115919999999903
0
LINE
8
BLACK
6
CONTINUOUS
10
165.187484999999981
20
-105.8115919999999903
11
165.3178829999999948
21
-105.7244630000000001
0
LINE
8
BLACK
6
CONTINUOUS
10
165.3178829999999948
20
-105.7244630000000001
11
165.4627720000000011
21
-105.664447999999993
0
LINE
8
BLACK
6
CONTINUOUS
10
165.4627720000000011
20
-105.664447999999993
11
165.6165859999999839
21
-105.6338519999999903
0
LINE
8
BLACK
6
CONTINUOUS
10
165.6165859999999839
20
-105.6338519999999903
11
165.7734140000000025
21
-105.6338519999999903
0
LINE
8
BLACK
6
CONTINUOUS
10
165.7734140000000025
20
-105.6338519999999903
11
165.9272279999999853
21
-105.664447999999993
0
LINE
8
BLACK
6
CONTINUOUS
10
165.9272279999999853
20
-105.664447999999993
11
166.0721169999999915
21
-105.7244630000000001
0
LINE
8
BLACK
6
CONTINUOUS
10
166.0721169999999915
20
-105.7244630000000001
11
166.2025150000000053
21
-105.8115919999999903
0
LINE
8
BLACK
6
CONTINUOUS
10
166.2025150000000053
20
-105.8115919999999903
11
166.3134079999999813
21
-105.9224849999999947
0
LINE
8
BLACK
6
CONTINUOUS
10
166.3134079999999813
20
-105.9224849999999947
11
166.3184289999999805
21
-105.9299999999999926
0
LINE
8
BLACK
6
CONTINUOUS
10
166.3184289999999805
20
-105.9299999999999926
11
167.362893999999983
21
-105.9299999999999926
0
LINE
8
BLACK
6
CONTINUOUS
10
167.362893999999983
20
-105.9299999999999926
11
167.7349999999999852
21
-105.5578939999999903
0
LINE
8
BLACK
6
CONTINUOUS
10
167.7349999999999852
20
-105.5578939999999903
11
167.7349999999999852
21
-98.3628080000000011
0
LINE
8
BLACK
6
CONTINUOUS
10
167.7349999999999852
20
-98.3628080000000011
11
167.6006069999999966
21
-98.2730099999999993
0
LINE
8
BLACK
6
CONTINUOUS
10
167.6006069999999966
20
-98.2730099999999993
11
167.4619899999999859
21
-98.1343929999999887
0
LINE
8
BLACK
6
CONTINUOUS
10
167.4619899999999859
20
-98.1343929999999887
11
167.3530789999999797
21
-97.9713969999999961
0
LINE
8
BLACK
6
CONTINUOUS
10
167.3530789999999797
20
-97.9713969999999961
11
167.2780599999999822
21
-97.7902849999999972
0
LINE
8
BLACK
6
CONTINUOUS
10
167.2780599999999822
20
-97.7902849999999972
11
167.239814999999993
21
-97.5980169999999987
0
LINE
8
BLACK
6
CONTINUOUS
10
167.239814999999993
20
-97.5980169999999987
11
167.239814999999993
21
-97.4019830000000013
0
LINE
8
BLACK
6
CONTINUOUS
10
167.239814999999993
20
-97.4019830000000013
11
167.2780599999999822
21
-97.2097149999999885
0
LINE
8
BLACK
6
CONTINUOUS
10
167.2780599999999822
20
-97.2097149999999885
11
167.3530789999999797
21
-97.0286029999999897
0
LINE
8
BLACK
6
CONTINUOUS
10
167.3530789999999797
20
-97.0286029999999897
11
167.4619899999999859
21
-96.8656069999999971
0
LINE
8
BLACK
6
CONTINUOUS
10
167.4619899999999859
20
-96.8656069999999971
11
167.6006069999999966
21
-96.7269900000000007
0
LINE
8
BLACK
6
CONTINUOUS
10
167.6006069999999966
20
-96.7269900000000007
11
167.7636029999999892
21
-96.6180789999999945
0
LINE
8
BLACK
6
CONTINUOUS
10
167.7636029999999892
20
-96.6180789999999945
11
167.9447150000000022
21
-96.543059999999997
0
LINE
8
BLACK
6
CONTINUOUS
10
167.9447150000000022
20
-96.543059999999997
11
168.1369829999999865
21
-96.5048149999999936
0
LINE
8
BLACK
6
CONTINUOUS
10
168.1369829999999865
20
-96.5048149999999936
11
168.3330169999999839
21
-96.5048149999999936
0
LINE
8
BLACK
6
CONTINUOUS
10
168.3330169999999839
20
-96.5048149999999936
11
168.5252849999999967
21
-96.543059999999997
0
LINE
8
BLACK
6
CONTINUOUS
10
145.3967899999999815
20
-110.4403930000000003
11
145.5609519999999861
21
-110.4937329999999918
0
LINE
8
BLACK
6
CONTINUOUS
10
145.5609519999999861
20
-110.4937329999999918
11
145.714747999999986
21
-110.5720960000000019
0
LINE
8
BLACK
6
CONTINUOUS
10
145.714747999999986
20
-110.5720960000000019
11
145.8543929999999875
21
-110.6735529999999983
0
LINE
8
BLACK
6
CONTINUOUS
10
145.8543929999999875
20
-110.6735529999999983
11
145.9764470000000074
21
-110.7956069999999897
0
LINE
8
BLACK
6
CONTINUOUS
10
145.9764470000000074
20
-110.7956069999999897
11
146.0779039999999895
21
-110.9352519999999913
0
LINE
8
BLACK
6
CONTINUOUS
10
146.0779039999999895
20
-110.9352519999999913
11
146.1562669999999855
21
-111.0890479999999911
0
LINE
8
BLACK
6
CONTINUOUS
10
146.1562669999999855
20
-111.0890479999999911
11
146.2096070000000054
21
-111.2532099999999957
0
LINE
8
BLACK
6
CONTINUOUS
10
146.2096070000000054
20
-111.2532099999999957
11
146.2366089999999872
21
-111.423694999999995
0
LINE
8
BLACK
6
CONTINUOUS
10
146.2366089999999872
20
-111.423694999999995
11
146.2366089999999872
21
-111.596305000000001
0
LINE
8
BLACK
6
CONTINUOUS
10
146.2366089999999872
20
-111.596305000000001
11
146.2096070000000054
21
-111.7667900000000003
0
LINE
8
BLACK
6
CONTINUOUS
10
146.2096070000000054
20
-111.7667900000000003
11
146.1562669999999855
21
-111.9309519999999907
0
LINE
8
BLACK
6
CONTINUOUS
10
146.1562669999999855
20
-111.9309519999999907
11
146.0779039999999895
21
-112.0847479999999905
0
LINE
8
BLACK
6
CONTINUOUS
10
146.0779039999999895
20
-112.0847479999999905
11
145.9764470000000074
21
-112.2243929999999921
0
LINE
8
BLACK
6
CONTINUOUS
10
145.9764470000000074
20
-112.2243929999999921
11
145.8543929999999875
21
-112.3464469999999977
0
LINE
8
BLACK
6
CONTINUOUS
10
145.8543929999999875
20
-112.3464469999999977
11
145.714747999999986
21
-112.4479039999999941
0
LINE
8
BLACK
6
CONTINUOUS
10
145.714747999999986
20
-112.4479039999999941
11
145.5609519999999861
21
-112.52626699999999
0
LINE
8
BLACK
6
CONTINUOUS
10
145.5609519999999861
20
-112.52626699999999
11
145.3967899999999815
21
-112.5796069999999958
0
LINE
8
BLACK
6
CONTINUOUS
10
145.3967899999999815
20
-112.5796069999999958
11
145.2263049999999964
21
-112.6066089999999917
0
LINE
8
BLACK
6
CONTINUOUS
10
145.2263049999999964
20
-112.6066089999999917
11
145.0536950000000047
21
-112.6066089999999917
0
LINE
8
BLACK
6
CONTINUOUS
10
145.0536950000000047
20
-112.6066089999999917
11
144.8832099999999912
21
-112.5796069999999958
0
LINE
8
BLACK
6
CONTINUOUS
10
144.8832099999999912
20
-112.5796069999999958
11
144.7190479999999866
21
-112.52626699999999
0
LINE
8
BLACK
6
CONTINUOUS
10
144.7190479999999866
20
-112.52626699999999
11
144.5652519999999868
21
-112.4479039999999941
0
LINE
8
BLACK
6
CONTINUOUS
10
144.5652519999999868
20
-112.4479039999999941
11
144.4256069999999852
21
-112.3464469999999977
0
LINE
8
BLACK
6
CONTINUOUS
10
144.4256069999999852
20
-112.3464469999999977
11
144.3035529999999937
21
-112.2243929999999921
0
LINE
8
BLACK
6
CONTINUOUS
10
144.3035529999999937
20
-112.2243929999999921
11
144.2020959999999832
21
-112.0847479999999905
0
LINE
8
BLACK
6
CONTINUOUS
10
144.2020959999999832
20
-112.0847479999999905
11
144.1237329999999872
21
-111.9309519999999907
0
LINE
8
BLACK
6
CONTINUOUS
10
144.1237329999999872
20
-111.9309519999999907
11
144.0703929999999957
21
-111.7667900000000003
0
LINE
8
BLACK
6
CONTINUOUS
10
144.0703929999999957
20
-111.7667900000000003
11
144.0433909999999855
21
-111.596305000000001
0
LINE
8
BLACK
6
CONTINUOUS
10
144.0433909999999855
20
-111.596305000000001
11
144.0433909999999855
21
-111.423694999999995
0
LINE
8
BLACK
6
CONTINUOUS
10
144.0433909999999855
20
-111.423694999999995
11
144.0703929999999957
21
-111.2532099999999957
0
LINE
8
BLACK
6
CONTINUOUS
10
144.0703929999999957
20
-111.2532099999999957
11
144.1237329999999872
21
-111.0890479999999911
0
LINE
8
BLACK
6
CONTINUOUS
10
144.1237329999999872
20
-111.0890479999999911
11
144.2020959999999832
21
-110.9352519999999913
0
LINE
8
BLACK
6
CONTINUOUS
10
144.2020959999999832
20
-110.9352519999999913
11
144.3035529999999937
21
-110.7956069999999897
0
LINE
8
BLACK
6
CONTINUOUS
10
144.3035529999999937
20
-110.7956069999999897
11
144.4256069999999852
21
-110.6735529999999983
0
LINE
8
BLACK
6
CONTINUOUS
10
144.4256069999999852
20
-110.6735529999999983
11
144.5652519999999868
21
-110.5720960000000019
0
LINE
8
BLACK
6
CONTINUOUS
10
144.5652519999999868
20
-110.5720960000000019
11
144.7190479999999866
21
-110.4937329999999918
0
LINE
8
BLACK
6
CONTINUOUS
10
144.7190479999999866
20
-110.4937329999999918
11
144.8832099999999912
21
-110.4403930000000003
0
LINE
8
BLACK
6
CONTINUOUS
10
144.8832099999999912
20
-110.4403930000000003
11
145.0536950000000047
21
-110.4133909999999901
0
LINE
8
BLACK
6
CONTINUOUS
10
145.0536950000000047
20
-110.4133909999999901
11
145.2263049999999964
21
-110.4133909999999901
0
LINE
8
BLACK
6
CONTINUOUS
10
145.2263049999999964
20
-110.4133909999999901
11
145.3967899999999815
21
-110.4403930000000003
0
LINE
8
BLACK
6
CONTINUOUS
10
160.6367899999999906
20
-110.4403930000000003
11
160.8009519999999952
21
-110.4937329999999918
0
LINE
8
BLACK
6
CONTINUOUS
10
160.8009519999999952
20
-110.4937329999999918
11
160.954747999999995
21
-110.5720960000000019
0
LINE
8
BLACK
6
CONTINUOUS
10
160.954747999999995
20
-110.5720960000000019
11
161.0943929999999966
21
-110.6735529999999983
0
LINE
8
BLACK
6
CONTINUOUS
10
161.0943929999999966
20
-110.6735529999999983
11
161.2164469999999881
21
-110.7956069999999897
0
LINE
8
BLACK
6
CONTINUOUS
10
161.2164469999999881
20
-110.7956069999999897
11
161.3179039999999986
21
-110.9352519999999913
0
LINE
8
BLACK
6
CONTINUOUS
10
161.3179039999999986
20
-110.9352519999999913
11
161.3962669999999946
21
-111.0890479999999911
0
LINE
8
BLACK
6
CONTINUOUS
10
161.3962669999999946
20
-111.0890479999999911
11
161.4496069999999861
21
-111.2532099999999957
0
LINE
8
BLACK
6
CONTINUOUS
10
161.4496069999999861
20
-111.2532099999999957
11
161.4766089999999963
21
-111.423694999999995
0
LINE
8
BLACK
6
CONTINUOUS
10
161.4766089999999963
20
-111.423694999999995
11
161.4766089999999963
21
-111.596305000000001
0
LINE
8
BLACK
6
CONTINUOUS
10
161.4766089999999963
20
-111.596305000000001
11
161.4496069999999861
21
-111.7667900000000003
0
LINE
8
BLACK
6
CONTINUOUS
10
161.4496069999999861
20
-111.7667900000000003
11
161.3962669999999946
21
-111.9309519999999907
0
LINE
8
BLACK
6
CONTINUOUS
10
161.3962669999999946
20
-111.9309519999999907
11
161.3179039999999986
21
-112.0847479999999905
0
LINE
8
BLACK
6
CONTINUOUS
10
161.3179039999999986
20
-112.0847479999999905
11
161.2164469999999881
21
-112.2243929999999921
0
LINE
8
BLACK
6
CONTINUOUS
10
161.2164469999999881
20
-112.2243929999999921
11
161.0943929999999966
21
-112.3464469999999977
0
LINE
8
BLACK
6
CONTINUOUS
10
161.0943929999999966
20
-112.3464469999999977
11
160.954747999999995
21
-112.4479039999999941
0
LINE
8
BLACK
6
CONTINUOUS
10
160.954747999999995
20
-112.4479039999999941
11
160.8009519999999952
21
-112.52626699999999
0
LINE
8
BLACK
6
CONTINUOUS
10
160.8009519999999952
20
-112.52626699999999
11
160.6367899999999906
21
-112.5796069999999958
0
LINE
8
BLACK
6
CONTINUOUS
10
160.6367899999999906
20
-112.5796069999999958
11
160.4663050000000055
21
-112.6066089999999917
0
LINE
8
BLACK
6
CONTINUOUS
10
160.4663050000000055
20
-112.6066089999999917
11
160.2936949999999854
21
-112.6066089999999917
0
LINE
8
BLACK
6
CONTINUOUS
10
160.2936949999999854
20
-112.6066089999999917
11
160.1232100000000003
21
-112.5796069999999958
0
LINE
8
BLACK
6
CONTINUOUS
10
160.1232100000000003
20
-112.5796069999999958
11
159.9590479999999957
21
-112.52626699999999
0
LINE
8
BLACK
6
CONTINUOUS
10
159.9590479999999957
20
-112.52626699999999
11
159.8052519999999959
21
-112.4479039999999941
0
LINE
8
BLACK
6
CONTINUOUS
10
159.8052519999999959
20
-112.4479039999999941
11
159.6656069999999943
21
-112.3464469999999977
0
LINE
8
BLACK
6
CONTINUOUS
10
159.6656069999999943
20
-112.3464469999999977
11
159.5435530000000028
21
-112.2243929999999921
0
LINE
8
BLACK
6
CONTINUOUS
10
159.5435530000000028
20
-112.2243929999999921
11
159.4420959999999923
21
-112.0847479999999905
0
LINE
8
BLACK
6
CONTINUOUS
10
159.4420959999999923
20
-112.0847479999999905
11
159.3637329999999963
21
-111.9309519999999907
0
LINE
8
BLACK
6
CONTINUOUS
10
159.3637329999999963
20
-111.9309519999999907
11
159.3103930000000048
21
-111.7667900000000003
0
LINE
8
BLACK
6
CONTINUOUS
10
159.3103930000000048
20
-111.7667900000000003
11
159.2833909999999946
21
-111.596305000000001
0
LINE
8
BLACK
6
CONTINUOUS
10
159.2833909999999946
20
-111.596305000000001
11
159.2833909999999946
21
-111.423694999999995
0
LINE
8
BLACK
6
CONTINUOUS
10
159.2833909999999946
20
-111.423694999999995
11
159.3103930000000048
21
-111.2532099999999957
0
LINE
8
BLACK
6
CONTINUOUS
10
159.3103930000000048
20
-111.2532099999999957
11
159.3637329999999963
21
-111.0890479999999911
0
LINE
8
BLACK
6
CONTINUOUS
10
159.3637329999999963
20
-111.0890479999999911
11
159.4420959999999923
21
-110.9352519999999913
0
LINE
8
BLACK
6
CONTINUOUS
10
159.4420959999999923
20
-110.9352519999999913
11
159.5435530000000028
21
-110.7956069999999897
0
LINE
8
BLACK
6
CONTINUOUS
10
159.5435530000000028
20
-110.7956069999999897
11
159.6656069999999943
21
-110.6735529999999983
0
LINE
8
BLACK
6
CONTINUOUS
10
159.6656069999999943
20
-110.6735529999999983
11
159.8052519999999959
21
-110.5720960000000019
0
LINE
8
BLACK
6
CONTINUOUS
10
159.8052519999999959
20
-110.5720960000000019
11
159.9590479999999957
21
-110.4937329999999918
0
LINE
8
BLACK
6
CONTINUOUS
10
159.9590479999999957
20
-110.4937329999999918
11
160.1232100000000003
21
-110.4403930000000003
0
LINE
8
BLACK
6
CONTINUOUS
10
160.1232100000000003
20
-110.4403930000000003
11
160.2936949999999854
21
-110.4133909999999901
0
LINE
8
BLACK
6
CONTINUOUS
10
160.2936949999999854
20
-110.4133909999999901
11
160.4663050000000055
21
-110.4133909999999901
0
LINE
8
BLACK
6
CONTINUOUS
10
160.4663050000000055
20
-110.4133909999999901
11
160.6367899999999906
21
-110.4403930000000003
0
LINE
8
BLACK
6
CONTINUOUS
10
173.6052849999999808
20
-110.5530599999999879
11
173.7863969999999938
21
-110.6280789999999996
0
LINE
8
BLACK
6
CONTINUOUS
10
173.7863969999999938
20
-110.6280789999999996
11
173.9493929999999864
21
-110.7369899999999916
0
LINE
8
BLACK
6
CONTINUOUS
10
173.9493929999999864
20
-110.7369899999999916
11
174.088009999999997
21
-110.875606999999988
0
LINE
8
BLACK
6
CONTINUOUS
10
174.088009999999997
20
-110.875606999999988
11
174.1969210000000032
21
-111.0386029999999948
0
LINE
8
BLACK
6
CONTINUOUS
10
174.1969210000000032
20
-111.0386029999999948
11
174.2719400000000007
21
-111.2197149999999937
0
LINE
8
BLACK
6
CONTINUOUS
10
174.2719400000000007
20
-111.2197149999999937
11
174.3101849999999899
21
-111.4119829999999922
0
LINE
8
BLACK
6
CONTINUOUS
10
174.3101849999999899
20
-111.4119829999999922
11
174.3101849999999899
21
-111.6080169999999896
0
LINE
8
BLACK
6
CONTINUOUS
10
174.3101849999999899
20
-111.6080169999999896
11
174.2719400000000007
21
-111.8002849999999881
0
LINE
8
BLACK
6
CONTINUOUS
10
174.2719400000000007
20
-111.8002849999999881
11
174.1969210000000032
21
-111.9813970000000012
0
LINE
8
BLACK
6
CONTINUOUS
10
174.1969210000000032
20
-111.9813970000000012
11
174.088009999999997
21
-112.1443929999999938
0
LINE
8
BLACK
6
CONTINUOUS
10
174.088009999999997
20
-112.1443929999999938
11
173.9493929999999864
21
-112.2830099999999902
0
LINE
8
BLACK
6
CONTINUOUS
10
173.9493929999999864
20
-112.2830099999999902
11
173.7863969999999938
21
-112.3919209999999964
0
LINE
8
BLACK
6
CONTINUOUS
10
173.7863969999999938
20
-112.3919209999999964
11
173.6052849999999808
21
-112.4669399999999939
0
LINE
8
BLACK
6
CONTINUOUS
10
173.6052849999999808
20
-112.4669399999999939
11
173.4130169999999964
21
-112.5051849999999973
0
LINE
8
BLACK
6
CONTINUOUS
10
173.4130169999999964
20
-112.5051849999999973
11
173.216982999999999
21
-112.5051849999999973
0
LINE
8
BLACK
6
CONTINUOUS
10
173.216982999999999
20
-112.5051849999999973
11
173.0247149999999863
21
-112.4669399999999939
0
LINE
8
BLACK
6
CONTINUOUS
10
173.0247149999999863
20
-112.4669399999999939
11
172.8436030000000017
21
-112.3919209999999964
0
LINE
8
BLACK
6
CONTINUOUS
10
172.8436030000000017
20
-112.3919209999999964
11
172.6806069999999806
21
-112.2830099999999902
0
LINE
8
BLACK
6
CONTINUOUS
10
172.6806069999999806
20
-112.2830099999999902
11
172.5419899999999984
21
-112.1443929999999938
0
LINE
8
BLACK
6
CONTINUOUS
10
172.5419899999999984
20
-112.1443929999999938
11
172.4330789999999922
21
-111.9813970000000012
0
LINE
8
BLACK
6
CONTINUOUS
10
172.4330789999999922
20
-111.9813970000000012
11
172.3580599999999947
21
-111.8002849999999881
0
LINE
8
BLACK
6
CONTINUOUS
10
172.3580599999999947
20
-111.8002849999999881
11
172.3198150000000055
21
-111.6080169999999896
0
LINE
8
BLACK
6
CONTINUOUS
10
172.3198150000000055
20
-111.6080169999999896
11
172.3198150000000055
21
-111.4119829999999922
0
LINE
8
BLACK
6
CONTINUOUS
10
172.3198150000000055
20
-111.4119829999999922
11
172.3580599999999947
21
-111.2197149999999937
0
LINE
8
BLACK
6
CONTINUOUS
10
172.3580599999999947
20
-111.2197149999999937
11
172.4330789999999922
21
-111.0386029999999948
0
LINE
8
BLACK
6
CONTINUOUS
10
172.4330789999999922
20
-111.0386029999999948
11
172.5419899999999984
21
-110.875606999999988
0
LINE
8
BLACK
6
CONTINUOUS
10
172.5419899999999984
20
-110.875606999999988
11
172.6806069999999806
21
-110.7369899999999916
0
LINE
8
BLACK
6
CONTINUOUS
10
172.6806069999999806
20
-110.7369899999999916
11
172.8436030000000017
21
-110.6280789999999996
0
LINE
8
BLACK
6
CONTINUOUS
10
172.8436030000000017
20
-110.6280789999999996
11
173.0247149999999863
21
-110.5530599999999879
0
LINE
8
BLACK
6
CONTINUOUS
10
173.0247149999999863
20
-110.5530599999999879
11
173.216982999999999
21
-110.5148149999999987
0
LINE
8
BLACK
6
CONTINUOUS
10
173.216982999999999
20
-110.5148149999999987
11
173.4130169999999964
21
-110.5148149999999987
0
LINE
8
BLACK
6
CONTINUOUS
10
173.4130169999999964
20
-110.5148149999999987
11
173.6052849999999808
21
-110.5530599999999879
0
LINE
8
BLACK
6
CONTINUOUS
10
145.3967899999999815
20
-107.900392999999994
11
145.5609519999999861
21
-107.9537329999999997
0
LINE
8
BLACK
6
CONTINUOUS
10
145.5609519999999861
20
-107.9537329999999997
11
145.714747999999986
21
-108.0320959999999957
0
LINE
8
BLACK
6
CONTINUOUS
10
145.714747999999986
20
-108.0320959999999957
11
145.8543929999999875
21
-108.133552999999992
0
LINE
8
BLACK
6
CONTINUOUS
10
145.8543929999999875
20
-108.133552999999992
11
145.9764470000000074
21
-108.2556069999999977
0
LINE
8
BLACK
6
CONTINUOUS
10
145.9764470000000074
20
-108.2556069999999977
11
146.0779039999999895
21
-108.3952519999999993
0
LINE
8
BLACK
6
CONTINUOUS
10
146.0779039999999895
20
-108.3952519999999993
11
146.1562669999999855
21
-108.5490479999999991
0
LINE
8
BLACK
6
CONTINUOUS
10
146.1562669999999855
20
-108.5490479999999991
11
146.2096070000000054
21
-108.7132099999999895
0
LINE
8
BLACK
6
CONTINUOUS
10
146.2096070000000054
20
-108.7132099999999895
11
146.2366089999999872
21
-108.8836949999999888
0
LINE
8
BLACK
6
CONTINUOUS
10
146.2366089999999872
20
-108.8836949999999888
11
146.2366089999999872
21
-109.0563049999999947
0
LINE
8
BLACK
6
CONTINUOUS
10
146.2366089999999872
20
-109.0563049999999947
11
146.2096070000000054
21
-109.2267899999999941
0
LINE
8
BLACK
6
CONTINUOUS
10
146.2096070000000054
20
-109.2267899999999941
11
146.1562669999999855
21
-109.3909519999999986
0
LINE
8
BLACK
6
CONTINUOUS
10
146.1562669999999855
20
-109.3909519999999986
11
146.0779039999999895
21
-109.5447479999999985
0
LINE
8
BLACK
6
CONTINUOUS
10
146.0779039999999895
20
-109.5447479999999985
11
145.9764470000000074
21
-109.684393
0
LINE
8
BLACK
6
CONTINUOUS
10
145.9764470000000074
20
-109.684393
11
145.8543929999999875
21
-109.8064469999999915
0
LINE
8
BLACK
6
CONTINUOUS
10
145.8543929999999875
20
-109.8064469999999915
11
145.714747999999986
21
-109.907904000000002
0
LINE
8
BLACK
6
CONTINUOUS
10
145.714747999999986
20
-109.907904000000002
11
145.5609519999999861
21
-109.986266999999998
0
LINE
8
BLACK
6
CONTINUOUS
10
145.5609519999999861
20
-109.986266999999998
11
145.3967899999999815
21
-110.0396069999999895
0
LINE
8
BLACK
6
CONTINUOUS
10
145.3967899999999815
20
-110.0396069999999895
11
145.2263049999999964
21
-110.0666089999999997
0
LINE
8
BLACK
6
CONTINUOUS
10
145.2263049999999964
20
-110.0666089999999997
11
145.0536950000000047
21
-110.0666089999999997
0
LINE
8
BLACK
6
CONTINUOUS
10
145.0536950000000047
20
-110.0666089999999997
11
144.8832099999999912
21
-110.0396069999999895
0
LINE
8
BLACK
6
CONTINUOUS
10
144.8832099999999912
20
-110.0396069999999895
11
144.7190479999999866
21
-109.986266999999998
0
LINE
8
BLACK
6
CONTINUOUS
10
144.7190479999999866
20
-109.986266999999998
11
144.5652519999999868
21
-109.907904000000002
0
LINE
8
BLACK
6
CONTINUOUS
10
144.5652519999999868
20
-109.907904000000002
11
144.4256069999999852
21
-109.8064469999999915
0
LINE
8
BLACK
6
CONTINUOUS
10
144.4256069999999852
20
-109.8064469999999915
11
144.3035529999999937
21
-109.684393
0
LINE
8
BLACK
6
CONTINUOUS
10
144.3035529999999937
20
-109.684393
11
144.2020959999999832
21
-109.5447479999999985
0
LINE
8
BLACK
6
CONTINUOUS
10
144.2020959999999832
20
-109.5447479999999985
11
144.1237329999999872
21
-109.3909519999999986
0
LINE
8
BLACK
6
CONTINUOUS
10
144.1237329999999872
20
-109.3909519999999986
11
144.0703929999999957
21
-109.2267899999999941
0
LINE
8
BLACK
6
CONTINUOUS
10
144.0703929999999957
20
-109.2267899999999941
11
144.0433909999999855
21
-109.0563049999999947
0
LINE
8
BLACK
6
CONTINUOUS
10
144.0433909999999855
20
-109.0563049999999947
11
144.0433909999999855
21
-108.8836949999999888
0
LINE
8
BLACK
6
CONTINUOUS
10
144.0433909999999855
20
-108.8836949999999888
11
144.0703929999999957
21
-108.7132099999999895
0
LINE
8
BLACK
6
CONTINUOUS
10
144.0703929999999957
20
-108.7132099999999895
11
144.1237329999999872
21
-108.5490479999999991
0
LINE
8
BLACK
6
CONTINUOUS
10
144.1237329999999872
20
-108.5490479999999991
11
144.2020959999999832
21
-108.3952519999999993
0
LINE
8
BLACK
6
CONTINUOUS
10
144.2020959999999832
20
-108.3952519999999993
11
144.3035529999999937
21
-108.2556069999999977
0
LINE
8
BLACK
6
CONTINUOUS
10
144.3035529999999937
20
-108.2556069999999977
11
144.4256069999999852
21
-108.133552999999992
0
LINE
8
BLACK
6
CONTINUOUS
10
144.4256069999999852
20
-108.133552999999992
11
144.5652519999999868
21
-108.0320959999999957
0
LINE
8
BLACK
6
CONTINUOUS
10
144.5652519999999868
20
-108.0320959999999957
11
144.7190479999999866
21
-107.9537329999999997
0
LINE
8
BLACK
6
CONTINUOUS
10
144.7190479999999866
20
-107.9537329999999997
11
144.8832099999999912
21
-107.900392999999994
0
LINE
8
BLACK
6
CONTINUOUS
10
144.8832099999999912
20
-107.900392999999994
11
145.0536950000000047
21
-107.873390999999998
0
LINE
8
BLACK
6
CONTINUOUS
10
145.0536950000000047
20
-107.873390999999998
11
145.2263049999999964
21
-107.873390999999998
0
LINE
8
BLACK
6
CONTINUOUS
10
145.2263049999999964
20
-107.873390999999998
11
145.3967899999999815
21
-107.900392999999994
0
LINE
8
BLACK
6
CONTINUOUS
10
149.789999999999992
20
-68.8499999999999943
11
149.4399999999999977
21
-68.8499999999999943
0
LINE
8
BLACK
6
CONTINUOUS
10
149.4399999999999977
20
-68.8499999999999943
11
149.4399999999999977
21
-102.73289299999999
0
LINE
8
BLACK
6
CONTINUOUS
10
149.4399999999999977
20
-102.73289299999999
11
155.1771070000000066
21
-108.4699999999999989
0
LINE
8
BLACK
6
CONTINUOUS
10
155.1771070000000066
20
-108.4699999999999989
11
159.4040099999999995
21
-108.4699999999999989
0
LINE
8
BLACK
6
CONTINUOUS
10
159.4040099999999995
20
-108.4699999999999989
11
159.4420959999999923
21
-108.3952519999999993
0
LINE
8
BLACK
6
CONTINUOUS
10
159.4420959999999923
20
-108.3952519999999993
11
159.5435530000000028
21
-108.2556069999999977
0
LINE
8
BLACK
6
CONTINUOUS
10
159.5435530000000028
20
-108.2556069999999977
11
159.6656069999999943
21
-108.133552999999992
0
LINE
8
BLACK
6
CONTINUOUS
10
159.6656069999999943
20
-108.133552999999992
11
159.8052519999999959
21
-108.0320959999999957
0
LINE
8
BLACK
6
CONTINUOUS
10
159.8052519999999959
20
-108.0320959999999957
11
159.9590479999999957
21
-107.9537329999999997
0
LINE
8
BLACK
6
CONTINUOUS
10
159.9590479999999957
20
-107.9537329999999997
11
160.1232100000000003
21
-107.900392999999994
0
LINE
8
BLACK
6
CONTINUOUS
10
160.1232100000000003
20
-107.900392999999994
11
160.2936949999999854
21
-107.873390999999998
0
LINE
8
BLACK
6
CONTINUOUS
10
160.2936949999999854
20
-107.873390999999998
11
160.4663050000000055
21
-107.873390999999998
0
LINE
8
BLACK
6
CONTINUOUS
10
160.4663050000000055
20
-107.873390999999998
11
160.6367899999999906
21
-107.900392999999994
0
LINE
8
BLACK
6
CONTINUOUS
10
160.6367899999999906
20
-107.900392999999994
11
160.8009519999999952
21
-107.9537329999999997
0
LINE
8
BLACK
6
CONTINUOUS
10
160.8009519999999952
20
-107.9537329999999997
11
160.954747999999995
21
-108.0320959999999957
0
LINE
8
BLACK
6
CONTINUOUS
10
160.954747999999995
20
-108.0320959999999957
11
161.0943929999999966
21
-108.133552999999992
0
LINE
8
BLACK
6
CONTINUOUS
10
161.0943929999999966
20
-108.133552999999992
11
161.2164469999999881
21
-108.2556069999999977
0
LINE
8
BLACK
6
CONTINUOUS
10
161.2164469999999881
20
-108.2556069999999977
11
161.3179039999999986
21
-108.3952519999999993
0
LINE
8
BLACK
6
CONTINUOUS
10
161.3179039999999986
20
-108.3952519999999993
11
161.3962669999999946
21
-108.5490479999999991
0
LINE
8
BLACK
6
CONTINUOUS
10
161.3962669999999946
20
-108.5490479999999991
11
161.4496069999999861
21
-108.7132099999999895
0
LINE
8
BLACK
6
CONTINUOUS
10
161.4496069999999861
20
-108.7132099999999895
11
161.4766089999999963
21
-108.8836949999999888
0
LINE
8
BLACK
6
CONTINUOUS
10
161.4766089999999963
20
-108.8836949999999888
11
161.4766089999999963
21
-109.0563049999999947
0
LINE
8
BLACK
6
CONTINUOUS
10
161.4766089999999963
20
-109.0563049999999947
11
161.4496069999999861
21
-109.2267899999999941
0
LINE
8
BLACK
6
CONTINUOUS
10
161.4496069999999861
20
-109.2267899999999941
11
161.3962669999999946
21
-109.3909519999999986
0
LINE
8
BLACK
6
CONTINUOUS
10
161.3962669999999946
20
-109.3909519999999986
11
161.3179039999999986
21
-109.5447479999999985
0
LINE
8
BLACK
6
CONTINUOUS
10
161.3179039999999986
20
-109.5447479999999985
11
161.2164469999999881
21
-109.684393
0
LINE
8
BLACK
6
CONTINUOUS
10
161.2164469999999881
20
-109.684393
11
161.0943929999999966
21
-109.8064469999999915
0
LINE
8
BLACK
6
CONTINUOUS
10
161.0943929999999966
20
-109.8064469999999915
11
160.954747999999995
21
-109.907904000000002
0
LINE
8
BLACK
6
CONTINUOUS
10
160.954747999999995
20
-109.907904000000002
11
160.8009519999999952
21
-109.986266999999998
0
LINE
8
BLACK
6
CONTINUOUS
10
160.8009519999999952
20
-109.986266999999998
11
160.6367899999999906
21
-110.0396069999999895
0
LINE
8
BLACK
6
CONTINUOUS
10
160.6367899999999906
20
-110.0396069999999895
11
160.4663050000000055
21
-110.0666089999999997
0
LINE
8
BLACK
6
CONTINUOUS
10
160.4663050000000055
20
-110.0666089999999997
11
160.2936949999999854
21
-110.0666089999999997
0
LINE
8
BLACK
6
CONTINUOUS
10
160.2936949999999854
20
-110.0666089999999997
11
160.1232100000000003
21
-110.0396069999999895
0
LINE
8
BLACK
6
CONTINUOUS
10
160.1232100000000003
20
-110.0396069999999895
11
159.9590479999999957
21
-109.986266999999998
0
LINE
8
BLACK
6
CONTINUOUS
10
159.9590479999999957
20
-109.986266999999998
11
159.8052519999999959
21
-109.907904000000002
0
LINE
8
BLACK
6
CONTINUOUS
10
159.8052519999999959
20
-109.907904000000002
11
159.6656069999999943
21
-109.8064469999999915
0
LINE
8
BLACK
6
CONTINUOUS
10
159.6656069999999943
20
-109.8064469999999915
11
159.5435530000000028
21
-109.684393
0
LINE
8
BLACK
6
CONTINUOUS
10
159.5435530000000028
20
-109.684393
11
159.4420959999999923
21
-109.5447479999999985
0
LINE
8
BLACK
6
CONTINUOUS
10
159.4420959999999923
20
-109.5447479999999985
11
159.4040099999999995
21
-109.4699999999999989
0
LINE
8
BLACK
6
CONTINUOUS
10
159.4040099999999995
20
-109.4699999999999989
11
154.9699999999999989
21
-109.4699999999999989
0
LINE
8
BLACK
6
CONTINUOUS
10
154.9699999999999989
20
-109.4699999999999989
11
154.904752000000002
21
-109.465722999999997
0
LINE
8
BLACK
6
CONTINUOUS
10
154.904752000000002
20
-109.465722999999997
11
154.904736999999983
21
-109.465722999999997
0
LINE
8
BLACK
6
CONTINUOUS
10
154.904736999999983
20
-109.465722999999997
11
154.7786580000000072
21
-109.4319399999999973
0
LINE
8
BLACK
6
CONTINUOUS
10
154.7786580000000072
20
-109.4319399999999973
11
154.760093999999981
21
-109.4212220000000002
0
LINE
8
BLACK
6
CONTINUOUS
10
154.760093999999981
20
-109.4212220000000002
11
154.6656189999999924
21
-109.3666769999999957
0
LINE
8
BLACK
6
CONTINUOUS
10
154.6656189999999924
20
-109.3666769999999957
11
154.6656030000000044
21
-109.3666609999999935
0
LINE
8
BLACK
6
CONTINUOUS
10
154.6656030000000044
20
-109.3666609999999935
11
154.6164469999999937
21
-109.3235540000000015
0
LINE
8
BLACK
6
CONTINUOUS
10
154.6164469999999937
20
-109.3235540000000015
11
148.5864469999999926
21
-103.2935529999999886
0
LINE
8
BLACK
6
CONTINUOUS
10
148.5864469999999926
20
-103.2935529999999886
11
148.5433380000000056
21
-103.2443959999999947
0
LINE
8
BLACK
6
CONTINUOUS
10
148.5433380000000056
20
-103.2443959999999947
11
148.5433229999999867
21
-103.24438099999999
0
LINE
8
BLACK
6
CONTINUOUS
10
148.5433229999999867
20
-103.24438099999999
11
148.4780599999999993
21
-103.1313419999999894
0
LINE
8
BLACK
6
CONTINUOUS
10
148.4780599999999993
20
-103.1313419999999894
11
148.4742139999999893
21
-103.1169900000000013
0
LINE
8
BLACK
6
CONTINUOUS
10
148.4742139999999893
20
-103.1169900000000013
11
148.4442769999999996
21
-103.0052629999999994
0
LINE
8
BLACK
6
CONTINUOUS
10
148.4442769999999996
20
-103.0052629999999994
11
148.4442769999999996
21
-103.0052469999999971
0
LINE
8
BLACK
6
CONTINUOUS
10
148.4442769999999996
20
-103.0052469999999971
11
148.4399999999999977
21
-102.9399999999999977
0
LINE
8
BLACK
6
CONTINUOUS
10
148.4399999999999977
20
-102.9399999999999977
11
148.4399999999999977
21
-68.8499999999999943
0
LINE
8
BLACK
6
CONTINUOUS
10
148.4399999999999977
20
-68.8499999999999943
11
148.0900000000000034
21
-68.8499999999999943
0
LINE
8
BLACK
6
CONTINUOUS
10
148.0900000000000034
20
-68.8499999999999943
11
148.0900000000000034
21
-67.1499999999999915
0
LINE
8
BLACK
6
CONTINUOUS
10
148.0900000000000034
20
-67.1499999999999915
11
149.789999999999992
21
-67.1499999999999915
0
LINE
8
BLACK
6
CONTINUOUS
10
149.789999999999992
20
-67.1499999999999915
11
149.789999999999992
21
-68.8499999999999943
0
LINE
8
BLACK
6
CONTINUOUS
10
173.6052849999999808
20
-108.0130599999999959
11
173.7863969999999938
21
-108.0880789999999934
0
LINE
8
BLACK
6
CONTINUOUS
10
173.7863969999999938
20
-108.0880789999999934
11
173.9493929999999864
21
-108.1969899999999996
0
LINE
8
BLACK
6
CONTINUOUS
10
173.9493929999999864
20
-108.1969899999999996
11
174.088009999999997
21
-108.335606999999996
0
LINE
8
BLACK
6
CONTINUOUS
10
174.088009999999997
20
-108.335606999999996
11
174.1969210000000032
21
-108.4986029999999886
0
LINE
8
BLACK
6
CONTINUOUS
10
174.1969210000000032
20
-108.4986029999999886
11
174.2719400000000007
21
-108.6797150000000016
0
LINE
8
BLACK
6
CONTINUOUS
10
174.2719400000000007
20
-108.6797150000000016
11
174.3101849999999899
21
-108.8719830000000002
0
LINE
8
BLACK
6
CONTINUOUS
10
174.3101849999999899
20
-108.8719830000000002
11
174.3101849999999899
21
-109.0680169999999976
0
LINE
8
BLACK
6
CONTINUOUS
10
174.3101849999999899
20
-109.0680169999999976
11
174.2719400000000007
21
-109.2602849999999961
0
LINE
8
BLACK
6
CONTINUOUS
10
174.2719400000000007
20
-109.2602849999999961
11
174.1969210000000032
21
-109.4413969999999949
0
LINE
8
BLACK
6
CONTINUOUS
10
174.1969210000000032
20
-109.4413969999999949
11
174.088009999999997
21
-109.6043930000000017
0
LINE
8
BLACK
6
CONTINUOUS
10
174.088009999999997
20
-109.6043930000000017
11
173.9493929999999864
21
-109.7430099999999982
0
LINE
8
BLACK
6
CONTINUOUS
10
173.9493929999999864
20
-109.7430099999999982
11
173.7863969999999938
21
-109.8519209999999902
0
LINE
8
BLACK
6
CONTINUOUS
10
173.7863969999999938
20
-109.8519209999999902
11
173.6052849999999808
21
-109.9269400000000019
0
LINE
8
BLACK
6
CONTINUOUS
10
173.6052849999999808
20
-109.9269400000000019
11
173.4130169999999964
21
-109.9651849999999911
0
LINE
8
BLACK
6
CONTINUOUS
10
173.4130169999999964
20
-109.9651849999999911
11
173.216982999999999
21
-109.9651849999999911
0
LINE
8
BLACK
6
CONTINUOUS
10
173.216982999999999
20
-109.9651849999999911
11
173.0247149999999863
21
-109.9269400000000019
0
LINE
8
BLACK
6
CONTINUOUS
10
173.0247149999999863
20
-109.9269400000000019
11
172.8436030000000017
21
-109.8519209999999902
0
LINE
8
BLACK
6
CONTINUOUS
10
172.8436030000000017
20
-109.8519209999999902
11
172.6806069999999806
21
-109.7430099999999982
0
LINE
8
BLACK
6
CONTINUOUS
10
172.6806069999999806
20
-109.7430099999999982
11
172.5419899999999984
21
-109.6043930000000017
0
LINE
8
BLACK
6
CONTINUOUS
10
172.5419899999999984
20
-109.6043930000000017
11
172.4330789999999922
21
-109.4413969999999949
0
LINE
8
BLACK
6
CONTINUOUS
10
172.4330789999999922
20
-109.4413969999999949
11
172.3580599999999947
21
-109.2602849999999961
0
LINE
8
BLACK
6
CONTINUOUS
10
172.3580599999999947
20
-109.2602849999999961
11
172.3198150000000055
21
-109.0680169999999976
0
LINE
8
BLACK
6
CONTINUOUS
10
172.3198150000000055
20
-109.0680169999999976
11
172.3198150000000055
21
-108.8719830000000002
0
LINE
8
BLACK
6
CONTINUOUS
10
172.3198150000000055
20
-108.8719830000000002
11
172.3580599999999947
21
-108.6797150000000016
0
LINE
8
BLACK
6
CONTINUOUS
10
172.3580599999999947
20
-108.6797150000000016
11
172.4330789999999922
21
-108.4986029999999886
0
LINE
8
BLACK
6
CONTINUOUS
10
172.4330789999999922
20
-108.4986029999999886
11
172.5419899999999984
21
-108.335606999999996
0
LINE
8
BLACK
6
CONTINUOUS
10
172.5419899999999984
20
-108.335606999999996
11
172.6806069999999806
21
-108.1969899999999996
0
LINE
8
BLACK
6
CONTINUOUS
10
172.6806069999999806
20
-108.1969899999999996
11
172.8436030000000017
21
-108.0880789999999934
0
LINE
8
BLACK
6
CONTINUOUS
10
172.8436030000000017
20
-108.0880789999999934
11
173.0247149999999863
21
-108.0130599999999959
0
LINE
8
BLACK
6
CONTINUOUS
10
173.0247149999999863
20
-108.0130599999999959
11
173.216982999999999
21
-107.9748149999999924
0
LINE
8
BLACK
6
CONTINUOUS
10
173.216982999999999
20
-107.9748149999999924
11
173.4130169999999964
21
-107.9748149999999924
0
LINE
8
BLACK
6
CONTINUOUS
10
173.4130169999999964
20
-107.9748149999999924
11
173.6052849999999808
21
-108.0130599999999959
0
LINE
8
BLACK
6
CONTINUOUS
10
168.0301340000000039
20
-86.243155999999999
11
168.2092199999999877
21
-86.3013449999999978
0
LINE
8
BLACK
6
CONTINUOUS
10
168.2092199999999877
20
-86.3013449999999978
11
168.3769979999999862
21
-86.3868319999999983
0
LINE
8
BLACK
6
CONTINUOUS
10
168.3769979999999862
20
-86.3868319999999983
11
168.5293379999999956
21
-86.4975129999999979
0
LINE
8
BLACK
6
CONTINUOUS
10
168.5293379999999956
20
-86.4975129999999979
11
168.6624869999999987
21
-86.6306620000000009
0
LINE
8
BLACK
6
CONTINUOUS
10
168.6624869999999987
20
-86.6306620000000009
11
168.7731679999999983
21
-86.7830019999999962
0
LINE
8
BLACK
6
CONTINUOUS
10
168.7731679999999983
20
-86.7830019999999962
11
168.8378769999999918
21
-86.9099999999999966
0
LINE
8
BLACK
6
CONTINUOUS
10
168.8378769999999918
20
-86.9099999999999966
11
171.9121229999999798
21
-86.9099999999999966
0
LINE
8
BLACK
6
CONTINUOUS
10
171.9121229999999798
20
-86.9099999999999966
11
171.9768320000000017
21
-86.7830019999999962
0
LINE
8
BLACK
6
CONTINUOUS
10
171.9768320000000017
20
-86.7830019999999962
11
172.0875130000000013
21
-86.6306620000000009
0
LINE
8
BLACK
6
CONTINUOUS
10
172.0875130000000013
20
-86.6306620000000009
11
172.2206620000000044
21
-86.4975129999999979
0
LINE
8
BLACK
6
CONTINUOUS
10
172.2206620000000044
20
-86.4975129999999979
11
172.3730019999999854
21
-86.3868319999999983
0
LINE
8
BLACK
6
CONTINUOUS
10
172.3730019999999854
20
-86.3868319999999983
11
172.5407799999999838
21
-86.3013449999999978
0
LINE
8
BLACK
6
CONTINUOUS
10
172.5407799999999838
20
-86.3013449999999978
11
172.7198659999999961
21
-86.243155999999999
0
LINE
8
BLACK
6
CONTINUOUS
10
172.7198659999999961
20
-86.243155999999999
11
172.9058489999999892
21
-86.2136989999999912
0
LINE
8
BLACK
6
CONTINUOUS
10
172.9058489999999892
20
-86.2136989999999912
11
173.0941509999999823
21
-86.2136989999999912
0
LINE
8
BLACK
6
CONTINUOUS
10
173.0941509999999823
20
-86.2136989999999912
11
173.2801340000000039
21
-86.243155999999999
0
LINE
8
BLACK
6
CONTINUOUS
10
173.2801340000000039
20
-86.243155999999999
11
173.4592199999999877
21
-86.3013449999999978
0
LINE
8
BLACK
6
CONTINUOUS
10
173.4592199999999877
20
-86.3013449999999978
11
173.6269979999999862
21
-86.3868319999999983
0
LINE
8
BLACK
6
CONTINUOUS
10
173.6269979999999862
20
-86.3868319999999983
11
173.7793379999999956
21
-86.4975129999999979
0
LINE
8
BLACK
6
CONTINUOUS
10
173.7793379999999956
20
-86.4975129999999979
11
173.9124869999999987
21
-86.6306620000000009
0
LINE
8
BLACK
6
CONTINUOUS
10
173.9124869999999987
20
-86.6306620000000009
11
174.0231679999999983
21
-86.7830019999999962
0
LINE
8
BLACK
6
CONTINUOUS
10
174.0231679999999983
20
-86.7830019999999962
11
174.0878769999999918
21
-86.9099999999999966
0
LINE
8
BLACK
6
CONTINUOUS
10
174.0878769999999918
20
-86.9099999999999966
11
176.1599999999999966
21
-86.9099999999999966
0
LINE
8
BLACK
6
CONTINUOUS
10
176.1599999999999966
20
-86.9099999999999966
11
176.2252479999999935
21
-86.9142769999999985
0
LINE
8
BLACK
6
CONTINUOUS
10
176.2252479999999935
20
-86.9142769999999985
11
176.225262999999984
21
-86.9142769999999985
0
LINE
8
BLACK
6
CONTINUOUS
10
176.225262999999984
20
-86.9142769999999985
11
176.3453219999999817
21
-86.946446999999992
0
LINE
8
BLACK
6
CONTINUOUS
10
176.3453219999999817
20
-86.946446999999992
11
176.3513419999999883
21
-86.9480599999999981
0
LINE
8
BLACK
6
CONTINUOUS
10
176.3513419999999883
20
-86.9480599999999981
11
176.464381000000003
21
-87.0133229999999998
0
LINE
8
BLACK
6
CONTINUOUS
10
176.464381000000003
20
-87.0133229999999998
11
176.4643959999999936
21
-87.0133379999999903
0
LINE
8
BLACK
6
CONTINUOUS
10
176.4643959999999936
20
-87.0133379999999903
11
176.5135530000000017
21
-87.0564469999999915
0
LINE
8
BLACK
6
CONTINUOUS
10
176.5135530000000017
20
-87.0564469999999915
11
176.9134229999999945
21
-87.4563169999999985
0
LINE
8
BLACK
6
CONTINUOUS
10
176.9134229999999945
20
-87.4563169999999985
11
176.9932100000000048
21
-87.4303929999999951
0
LINE
8
BLACK
6
CONTINUOUS
10
176.9932100000000048
20
-87.4303929999999951
11
177.1636949999999899
21
-87.4033909999999992
0
LINE
8
BLACK
6
CONTINUOUS
10
177.1636949999999899
20
-87.4033909999999992
11
177.3363049999999816
21
-87.4033909999999992
0
LINE
8
BLACK
6
CONTINUOUS
10
177.3363049999999816
20
-87.4033909999999992
11
177.5067899999999952
21
-87.4303929999999951
0
LINE
8
BLACK
6
CONTINUOUS
10
177.5067899999999952
20
-87.4303929999999951
11
177.6709519999999998
21
-87.4837330000000009
0
LINE
8
BLACK
6
CONTINUOUS
10
177.6709519999999998
20
-87.4837330000000009
11
177.8247479999999996
21
-87.5620959999999968
0
LINE
8
BLACK
6
CONTINUOUS
10
177.8247479999999996
20
-87.5620959999999968
11
177.9643930000000012
21
-87.6635529999999932
0
LINE
8
BLACK
6
CONTINUOUS
10
177.9643930000000012
20
-87.6635529999999932
11
178.0864469999999926
21
-87.7856069999999988
0
LINE
8
BLACK
6
CONTINUOUS
10
178.0864469999999926
20
-87.7856069999999988
11
178.1879040000000032
21
-87.9252520000000004
0
LINE
8
BLACK
6
CONTINUOUS
10
178.1879040000000032
20
-87.9252520000000004
11
178.2662669999999991
21
-88.0790480000000002
0
LINE
8
BLACK
6
CONTINUOUS
10
178.2662669999999991
20
-88.0790480000000002
11
178.3196069999999906
21
-88.2432099999999906
0
LINE
8
BLACK
6
CONTINUOUS
10
178.3196069999999906
20
-88.2432099999999906
11
178.3466090000000008
21
-88.4136949999999899
0
LINE
8
BLACK
6
CONTINUOUS
10
178.3466090000000008
20
-88.4136949999999899
11
178.3466090000000008
21
-88.5863049999999959
0
LINE
8
BLACK
6
CONTINUOUS
10
178.3466090000000008
20
-88.5863049999999959
11
178.3196069999999906
21
-88.7567899999999952
0
LINE
8
BLACK
6
CONTINUOUS
10
178.3196069999999906
20
-88.7567899999999952
11
178.2662669999999991
21
-88.9209519999999998
0
LINE
8
BLACK
6
CONTINUOUS
10
178.2662669999999991
20
-88.9209519999999998
11
178.1879040000000032
21
-89.0747479999999996
0
LINE
8
BLACK
6
CONTINUOUS
10
178.1879040000000032
20
-89.0747479999999996
11
178.0864469999999926
21
-89.2143930000000012
0
LINE
8
BLACK
6
CONTINUOUS
10
178.0864469999999926
20
-89.2143930000000012
11
177.9643930000000012
21
-89.3364469999999926
0
LINE
8
BLACK
6
CONTINUOUS
10
177.9643930000000012
20
-89.3364469999999926
11
177.8247479999999996
21
-89.437903999999989
0
LINE
8
BLACK
6
CONTINUOUS
10
177.8247479999999996
20
-89.437903999999989
11
177.6709519999999998
21
-89.5162669999999991
0
LINE
8
BLACK
6
CONTINUOUS
10
177.6709519999999998
20
-89.5162669999999991
11
177.5067899999999952
21
-89.5696069999999906
0
LINE
8
BLACK
6
CONTINUOUS
10
177.5067899999999952
20
-89.5696069999999906
11
177.3363049999999816
21
-89.5966090000000008
0
LINE
8
BLACK
6
CONTINUOUS
10
177.3363049999999816
20
-89.5966090000000008
11
177.1636949999999899
21
-89.5966090000000008
0
LINE
8
BLACK
6
CONTINUOUS
10
177.1636949999999899
20
-89.5966090000000008
11
176.9932100000000048
21
-89.5696069999999906
0
LINE
8
BLACK
6
CONTINUOUS
10
176.9932100000000048
20
-89.5696069999999906
11
176.8290480000000002
21
-89.5162669999999991
0
LINE
8
BLACK
6
CONTINUOUS
10
176.8290480000000002
20
-89.5162669999999991
11
176.6752520000000004
21
-89.437903999999989
0
LINE
8
BLACK
6
CONTINUOUS
10
176.6752520000000004
20
-89.437903999999989
11
176.5356069999999988
21
-89.3364469999999926
0
LINE
8
BLACK
6
CONTINUOUS
10
176.5356069999999988
20
-89.3364469999999926
11
176.413552999999979
21
-89.2143930000000012
0
LINE
8
BLACK
6
CONTINUOUS
10
176.413552999999979
20
-89.2143930000000012
11
176.3120959999999968
21
-89.0747479999999996
0
LINE
8
BLACK
6
CONTINUOUS
10
176.3120959999999968
20
-89.0747479999999996
11
176.2337330000000009
21
-88.9209519999999998
0
LINE
8
BLACK
6
CONTINUOUS
10
176.2337330000000009
20
-88.9209519999999998
11
176.1803929999999809
21
-88.7567899999999952
0
LINE
8
BLACK
6
CONTINUOUS
10
176.1803929999999809
20
-88.7567899999999952
11
176.1533909999999992
21
-88.5863049999999959
0
LINE
8
BLACK
6
CONTINUOUS
10
176.1533909999999992
20
-88.5863049999999959
11
176.1533909999999992
21
-88.4136949999999899
0
LINE
8
BLACK
6
CONTINUOUS
10
176.1533909999999992
20
-88.4136949999999899
11
176.1803929999999809
21
-88.2432099999999906
0
LINE
8
BLACK
6
CONTINUOUS
10
176.1803929999999809
20
-88.2432099999999906
11
176.2063169999999843
21
-88.1634229999999945
0
LINE
8
BLACK
6
CONTINUOUS
10
176.2063169999999843
20
-88.1634229999999945
11
175.9528939999999864
21
-87.9099999999999966
0
LINE
8
BLACK
6
CONTINUOUS
10
175.9528939999999864
20
-87.9099999999999966
11
174.0878769999999918
21
-87.9099999999999966
0
LINE
8
BLACK
6
CONTINUOUS
10
174.0878769999999918
20
-87.9099999999999966
11
174.0231679999999983
21
-88.036997999999997
0
LINE
8
BLACK
6
CONTINUOUS
10
174.0231679999999983
20
-88.036997999999997
11
173.9124869999999987
21
-88.1893379999999922
0
LINE
8
BLACK
6
CONTINUOUS
10
173.9124869999999987
20
-88.1893379999999922
11
173.7793379999999956
21
-88.3224869999999953
0
LINE
8
BLACK
6
CONTINUOUS
10
173.7793379999999956
20
-88.3224869999999953
11
173.6269979999999862
21
-88.4331679999999949
0
LINE
8
BLACK
6
CONTINUOUS
10
173.6269979999999862
20
-88.4331679999999949
11
173.4592199999999877
21
-88.5186549999999954
0
LINE
8
BLACK
6
CONTINUOUS
10
173.4592199999999877
20
-88.5186549999999954
11
173.2801340000000039
21
-88.5768439999999941
0
LINE
8
BLACK
6
CONTINUOUS
10
173.2801340000000039
20
-88.5768439999999941
11
173.0941509999999823
21
-88.606301000000002
0
LINE
8
BLACK
6
CONTINUOUS
10
173.0941509999999823
20
-88.606301000000002
11
172.9058489999999892
21
-88.606301000000002
0
LINE
8
BLACK
6
CONTINUOUS
10
172.9058489999999892
20
-88.606301000000002
11
172.7198659999999961
21
-88.5768439999999941
0
LINE
8
BLACK
6
CONTINUOUS
10
172.7198659999999961
20
-88.5768439999999941
11
172.5407799999999838
21
-88.5186549999999954
0
LINE
8
BLACK
6
CONTINUOUS
10
172.5407799999999838
20
-88.5186549999999954
11
172.3730019999999854
21
-88.4331679999999949
0
LINE
8
BLACK
6
CONTINUOUS
10
172.3730019999999854
20
-88.4331679999999949
11
172.2206620000000044
21
-88.3224869999999953
0
LINE
8
BLACK
6
CONTINUOUS
10
172.2206620000000044
20
-88.3224869999999953
11
172.0875130000000013
21
-88.1893379999999922
0
LINE
8
BLACK
6
CONTINUOUS
10
172.0875130000000013
20
-88.1893379999999922
11
171.9768320000000017
21
-88.036997999999997
0
LINE
8
BLACK
6
CONTINUOUS
10
171.9768320000000017
20
-88.036997999999997
11
171.9121229999999798
21
-87.9099999999999966
0
LINE
8
BLACK
6
CONTINUOUS
10
171.9121229999999798
20
-87.9099999999999966
11
168.8378769999999918
21
-87.9099999999999966
0
LINE
8
BLACK
6
CONTINUOUS
10
168.8378769999999918
20
-87.9099999999999966
11
168.7731679999999983
21
-88.036997999999997
0
LINE
8
BLACK
6
CONTINUOUS
10
168.7731679999999983
20
-88.036997999999997
11
168.6624869999999987
21
-88.1893379999999922
0
LINE
8
BLACK
6
CONTINUOUS
10
168.6624869999999987
20
-88.1893379999999922
11
168.5293379999999956
21
-88.3224869999999953
0
LINE
8
BLACK
6
CONTINUOUS
10
168.5293379999999956
20
-88.3224869999999953
11
168.3846869999999853
21
-88.4275809999999893
0
LINE
8
BLACK
6
CONTINUOUS
10
168.3846869999999853
20
-88.4275809999999893
11
171.1035540000000026
21
-91.1464469999999949
0
LINE
8
BLACK
6
CONTINUOUS
10
171.1035540000000026
20
-91.1464469999999949
11
171.1466690000000028
21
-91.1956109999999995
0
LINE
8
BLACK
6
CONTINUOUS
10
171.1466690000000028
20
-91.1956109999999995
11
171.1466769999999826
21
-91.1956189999999935
0
LINE
8
BLACK
6
CONTINUOUS
10
171.1466769999999826
20
-91.1956189999999935
11
171.2119399999999985
21
-91.3086579999999941
0
LINE
8
BLACK
6
CONTINUOUS
10
171.2119399999999985
20
-91.3086579999999941
11
171.2119399999999985
21
-91.3086589999999916
0
LINE
8
BLACK
6
CONTINUOUS
10
171.2119399999999985
20
-91.3086589999999916
11
171.2457229999999981
21
-91.4347369999999984
0
LINE
8
BLACK
6
CONTINUOUS
10
171.2457229999999981
20
-91.4347369999999984
11
171.2457229999999981
21
-91.4347519999999889
0
LINE
8
BLACK
6
CONTINUOUS
10
171.2457229999999981
20
-91.4347519999999889
11
171.25
21
-91.5
0
LINE
8
BLACK
6
CONTINUOUS
10
171.25
20
-91.5
11
171.25
21
-107.5
0
LINE
8
BLACK
6
CONTINUOUS
10
171.25
20
-107.5
11
171.2457229999999981
21
-107.5652469999999994
0
LINE
8
BLACK
6
CONTINUOUS
10
171.2457229999999981
20
-107.5652469999999994
11
171.2457229999999981
21
-107.5652630000000016
0
LINE
8
BLACK
6
CONTINUOUS
10
171.2457229999999981
20
-107.5652630000000016
11
171.2226589999999931
21
-107.651338999999993
0
LINE
8
BLACK
6
CONTINUOUS
10
171.2226589999999931
20
-107.651338999999993
11
171.2119399999999985
21
-107.6913419999999917
0
LINE
8
BLACK
6
CONTINUOUS
10
171.2119399999999985
20
-107.6913419999999917
11
171.1466769999999826
21
-107.8043809999999922
0
LINE
8
BLACK
6
CONTINUOUS
10
171.1466769999999826
20
-107.8043809999999922
11
171.1466609999999946
21
-107.804395999999997
0
LINE
8
BLACK
6
CONTINUOUS
10
171.1466609999999946
20
-107.804395999999997
11
171.1035530000000051
21
-107.8535529999999909
0
LINE
8
BLACK
6
CONTINUOUS
10
171.1035530000000051
20
-107.8535529999999909
11
169.6335530000000063
21
-109.3235529999999898
0
LINE
8
BLACK
6
CONTINUOUS
10
169.6335530000000063
20
-109.3235529999999898
11
169.5843959999999981
21
-109.3666609999999935
0
LINE
8
BLACK
6
CONTINUOUS
10
169.5843959999999981
20
-109.3666609999999935
11
169.5843809999999792
21
-109.3666769999999957
0
LINE
8
BLACK
6
CONTINUOUS
10
169.5843809999999792
20
-109.3666769999999957
11
169.4899059999999906
21
-109.4212220000000002
0
LINE
8
BLACK
6
CONTINUOUS
10
169.4899059999999906
20
-109.4212220000000002
11
169.4713419999999928
21
-109.4319399999999973
0
LINE
8
BLACK
6
CONTINUOUS
10
169.4713419999999928
20
-109.4319399999999973
11
169.3452629999999886
21
-109.465722999999997
0
LINE
8
BLACK
6
CONTINUOUS
10
169.3452629999999886
20
-109.465722999999997
11
169.345247999999998
21
-109.465722999999997
0
LINE
8
BLACK
6
CONTINUOUS
10
169.345247999999998
20
-109.465722999999997
11
169.2800000000000011
21
-109.4699999999999989
0
LINE
8
BLACK
6
CONTINUOUS
10
169.2800000000000011
20
-109.4699999999999989
11
166.3184289999999805
21
-109.4699999999999989
0
LINE
8
BLACK
6
CONTINUOUS
10
166.3184289999999805
20
-109.4699999999999989
11
166.3134079999999813
21
-109.4775149999999968
0
LINE
8
BLACK
6
CONTINUOUS
10
166.3134079999999813
20
-109.4775149999999968
11
166.2025150000000053
21
-109.5884080000000012
0
LINE
8
BLACK
6
CONTINUOUS
10
166.2025150000000053
20
-109.5884080000000012
11
166.0721169999999915
21
-109.6755369999999914
0
LINE
8
BLACK
6
CONTINUOUS
10
166.0721169999999915
20
-109.6755369999999914
11
165.9272279999999853
21
-109.7355519999999984
0
LINE
8
BLACK
6
CONTINUOUS
10
165.9272279999999853
20
-109.7355519999999984
11
165.7734140000000025
21
-109.7661480000000012
0
LINE
8
BLACK
6
CONTINUOUS
10
165.7734140000000025
20
-109.7661480000000012
11
165.6165859999999839
21
-109.7661480000000012
0
LINE
8
BLACK
6
CONTINUOUS
10
165.6165859999999839
20
-109.7661480000000012
11
165.4627720000000011
21
-109.7355519999999984
0
LINE
8
BLACK
6
CONTINUOUS
10
165.4627720000000011
20
-109.7355519999999984
11
165.3178829999999948
21
-109.6755369999999914
0
LINE
8
BLACK
6
CONTINUOUS
10
165.3178829999999948
20
-109.6755369999999914
11
165.187484999999981
21
-109.5884080000000012
0
LINE
8
BLACK
6
CONTINUOUS
10
165.187484999999981
20
-109.5884080000000012
11
165.0765920000000051
21
-109.4775149999999968
0
LINE
8
BLACK
6
CONTINUOUS
10
165.0765920000000051
20
-109.4775149999999968
11
164.9894630000000006
21
-109.3471169999999972
0
LINE
8
BLACK
6
CONTINUOUS
10
164.9894630000000006
20
-109.3471169999999972
11
164.9294479999999794
21
-109.202227999999991
0
LINE
8
BLACK
6
CONTINUOUS
10
164.9294479999999794
20
-109.202227999999991
11
164.8988520000000051
21
-109.048413999999994
0
LINE
8
BLACK
6
CONTINUOUS
10
164.8988520000000051
20
-109.048413999999994
11
164.8988520000000051
21
-108.8915859999999896
0
LINE
8
BLACK
6
CONTINUOUS
10
164.8988520000000051
20
-108.8915859999999896
11
164.9294479999999794
21
-108.7377719999999925
0
LINE
8
BLACK
6
CONTINUOUS
10
164.9294479999999794
20
-108.7377719999999925
11
164.9894630000000006
21
-108.5928830000000005
0
LINE
8
BLACK
6
CONTINUOUS
10
164.9894630000000006
20
-108.5928830000000005
11
165.0765920000000051
21
-108.4624850000000009
0
LINE
8
BLACK
6
CONTINUOUS
10
165.0765920000000051
20
-108.4624850000000009
11
165.187484999999981
21
-108.3515919999999966
0
LINE
8
BLACK
6
CONTINUOUS
10
165.187484999999981
20
-108.3515919999999966
11
165.3178829999999948
21
-108.2644629999999921
0
LINE
8
BLACK
6
CONTINUOUS
10
165.3178829999999948
20
-108.2644629999999921
11
165.4627720000000011
21
-108.2044479999999993
0
LINE
8
BLACK
6
CONTINUOUS
10
165.4627720000000011
20
-108.2044479999999993
11
165.6165859999999839
21
-108.1738519999999966
0
LINE
8
BLACK
6
CONTINUOUS
10
165.6165859999999839
20
-108.1738519999999966
11
165.7734140000000025
21
-108.1738519999999966
0
LINE
8
BLACK
6
CONTINUOUS
10
165.7734140000000025
20
-108.1738519999999966
11
165.9272279999999853
21
-108.2044479999999993
0
LINE
8
BLACK
6
CONTINUOUS
10
165.9272279999999853
20
-108.2044479999999993
11
166.0721169999999915
21
-108.2644629999999921
0
LINE
8
BLACK
6
CONTINUOUS
10
166.0721169999999915
20
-108.2644629999999921
11
166.2025150000000053
21
-108.3515919999999966
0
LINE
8
BLACK
6
CONTINUOUS
10
166.2025150000000053
20
-108.3515919999999966
11
166.3134079999999813
21
-108.4624850000000009
0
LINE
8
BLACK
6
CONTINUOUS
10
166.3134079999999813
20
-108.4624850000000009
11
166.3184289999999805
21
-108.4699999999999989
0
LINE
8
BLACK
6
CONTINUOUS
10
166.3184289999999805
20
-108.4699999999999989
11
169.0728939999999909
21
-108.4699999999999989
0
LINE
8
BLACK
6
CONTINUOUS
10
169.0728939999999909
20
-108.4699999999999989
11
170.25
21
-107.2928939999999898
0
LINE
8
BLACK
6
CONTINUOUS
10
170.25
20
-107.2928939999999898
11
170.25
21
-91.707105999999996
0
LINE
8
BLACK
6
CONTINUOUS
10
170.25
20
-91.707105999999996
11
167.3964469999999949
21
-88.8535529999999909
0
LINE
8
BLACK
6
CONTINUOUS
10
167.3964469999999949
20
-88.8535529999999909
11
167.3533379999999795
21
-88.804395999999997
0
LINE
8
BLACK
6
CONTINUOUS
10
167.3533379999999795
20
-88.804395999999997
11
167.353322999999989
21
-88.8043809999999922
0
LINE
8
BLACK
6
CONTINUOUS
10
167.353322999999989
20
-88.8043809999999922
11
167.2880600000000015
21
-88.6913419999999917
0
LINE
8
BLACK
6
CONTINUOUS
10
167.2880600000000015
20
-88.6913419999999917
11
167.2760920000000056
21
-88.6466769999999968
0
LINE
8
BLACK
6
CONTINUOUS
10
167.2760920000000056
20
-88.6466769999999968
11
167.2542770000000019
21
-88.5652630000000016
0
LINE
8
BLACK
6
CONTINUOUS
10
167.2542770000000019
20
-88.5652630000000016
11
167.2542770000000019
21
-88.5652469999999994
0
LINE
8
BLACK
6
CONTINUOUS
10
167.2542770000000019
20
-88.5652469999999994
11
167.25
21
-88.5
0
LINE
8
BLACK
6
CONTINUOUS
10
167.25
20
-88.5
11
167.25
21
-88.4978759999999909
0
LINE
8
BLACK
6
CONTINUOUS
10
167.25
20
-88.4978759999999909
11
167.1230019999999854
21
-88.4331679999999949
0
LINE
8
BLACK
6
CONTINUOUS
10
167.1230019999999854
20
-88.4331679999999949
11
166.9706620000000044
21
-88.3224869999999953
0
LINE
8
BLACK
6
CONTINUOUS
10
166.9706620000000044
20
-88.3224869999999953
11
166.8375130000000013
21
-88.1893379999999922
0
LINE
8
BLACK
6
CONTINUOUS
10
166.8375130000000013
20
-88.1893379999999922
11
166.7268320000000017
21
-88.036997999999997
0
LINE
8
BLACK
6
CONTINUOUS
10
166.7268320000000017
20
-88.036997999999997
11
166.6413450000000012
21
-87.8692199999999985
0
LINE
8
BLACK
6
CONTINUOUS
10
166.6413450000000012
20
-87.8692199999999985
11
166.5831560000000025
21
-87.6901340000000005
0
LINE
8
BLACK
6
CONTINUOUS
10
166.5831560000000025
20
-87.6901340000000005
11
166.5536989999999946
21
-87.5041509999999931
0
LINE
8
BLACK
6
CONTINUOUS
10
166.5536989999999946
20
-87.5041509999999931
11
166.5536989999999946
21
-87.315849
0
LINE
8
BLACK
6
CONTINUOUS
10
166.5536989999999946
20
-87.315849
11
166.5831560000000025
21
-87.1298659999999927
0
LINE
8
BLACK
6
CONTINUOUS
10
166.5831560000000025
20
-87.1298659999999927
11
166.6413450000000012
21
-86.9507799999999946
0
LINE
8
BLACK
6
CONTINUOUS
10
166.6413450000000012
20
-86.9507799999999946
11
166.7268320000000017
21
-86.7830019999999962
0
LINE
8
BLACK
6
CONTINUOUS
10
166.7268320000000017
20
-86.7830019999999962
11
166.8375130000000013
21
-86.6306620000000009
0
LINE
8
BLACK
6
CONTINUOUS
10
166.8375130000000013
20
-86.6306620000000009
11
166.9706620000000044
21
-86.4975129999999979
0
LINE
8
BLACK
6
CONTINUOUS
10
166.9706620000000044
20
-86.4975129999999979
11
167.1230019999999854
21
-86.3868319999999983
0
LINE
8
BLACK
6
CONTINUOUS
10
167.1230019999999854
20
-86.3868319999999983
11
167.2907799999999838
21
-86.3013449999999978
0
LINE
8
BLACK
6
CONTINUOUS
10
167.2907799999999838
20
-86.3013449999999978
11
167.4698659999999961
21
-86.243155999999999
0
LINE
8
BLACK
6
CONTINUOUS
10
167.4698659999999961
20
-86.243155999999999
11
167.6558489999999892
21
-86.2136989999999912
0
LINE
8
BLACK
6
CONTINUOUS
10
167.6558489999999892
20
-86.2136989999999912
11
167.8441509999999823
21
-86.2136989999999912
0
LINE
8
BLACK
6
CONTINUOUS
10
167.8441509999999823
20
-86.2136989999999912
11
168.0301340000000039
21
-86.243155999999999
0
LINE
8
BLACK
6
CONTINUOUS
10
164.8862769999999784
20
-107.4501849999999905
11
164.8921189999999797
21
-107.4541789999999963
0
LINE
8
BLACK
6
CONTINUOUS
10
164.8921189999999797
20
-107.4541789999999963
11
165.0133899999999869
21
-107.5422870000000017
0
LINE
8
BLACK
6
CONTINUOUS
10
165.0133899999999869
20
-107.5422870000000017
11
165.0766409999999951
21
-107.574514999999991
0
LINE
8
BLACK
6
CONTINUOUS
10
165.0766409999999951
20
-107.574514999999991
11
165.1060799999999915
21
-107.5895149999999916
0
LINE
8
BLACK
6
CONTINUOUS
10
165.1060799999999915
20
-107.5895149999999916
11
165.1568759999999827
21
-107.6374899999999997
0
LINE
8
BLACK
6
CONTINUOUS
10
165.1568759999999827
20
-107.6374899999999997
11
165.1736709999999846
21
-107.7053109999999947
0
LINE
8
BLACK
6
CONTINUOUS
10
165.1736709999999846
20
-107.7053109999999947
11
165.1511339999999848
21
-107.7714459999999974
0
LINE
8
BLACK
6
CONTINUOUS
10
165.1511339999999848
20
-107.7714459999999974
11
165.1060799999999915
21
-107.8104849999999999
0
LINE
8
BLACK
6
CONTINUOUS
10
165.1060799999999915
20
-107.8104849999999999
11
165.013385999999997
21
-107.8577149999999989
0
LINE
8
BLACK
6
CONTINUOUS
10
165.013385999999997
20
-107.8577149999999989
11
164.8477859999999851
21
-107.9780279999999948
0
LINE
8
BLACK
6
CONTINUOUS
10
164.8477859999999851
20
-107.9780279999999948
11
164.7030279999999891
21
-108.1227859999999907
0
LINE
8
BLACK
6
CONTINUOUS
10
164.7030279999999891
20
-108.1227859999999907
11
164.582714999999979
21
-108.2883859999999885
0
LINE
8
BLACK
6
CONTINUOUS
10
164.582714999999979
20
-108.2883859999999885
11
164.4897799999999961
21
-108.4707789999999932
0
LINE
8
BLACK
6
CONTINUOUS
10
164.4897799999999961
20
-108.4707789999999932
11
164.4890639999999848
21
-108.4725099999999998
0
LINE
8
BLACK
6
CONTINUOUS
10
164.4890639999999848
20
-108.4725099999999998
11
164.4886139999999841
21
-108.4730670000000003
0
LINE
8
BLACK
6
CONTINUOUS
10
164.4886139999999841
20
-108.4730670000000003
11
164.4875679999999818
21
-108.4751219999999989
0
LINE
8
BLACK
6
CONTINUOUS
10
164.4875679999999818
20
-108.4751219999999989
11
164.4871359999999925
21
-108.4749020000000002
0
LINE
8
BLACK
6
CONTINUOUS
10
164.4871359999999925
20
-108.4749020000000002
11
164.445225999999991
21
-108.5269159999999999
0
LINE
8
BLACK
6
CONTINUOUS
10
164.445225999999991
20
-108.5269159999999999
11
164.3789329999999893
21
-108.5489850000000018
0
LINE
8
BLACK
6
CONTINUOUS
10
164.3789329999999893
20
-108.5489850000000018
11
164.3112329999999872
21
-108.5317099999999897
0
LINE
8
BLACK
6
CONTINUOUS
10
164.3112329999999872
20
-108.5317099999999897
11
164.2636190000000056
21
-108.4805750000000018
0
LINE
8
BLACK
6
CONTINUOUS
10
164.2636190000000056
20
-108.4805750000000018
11
164.2504999999999882
21
-108.4250639999999919
0
LINE
8
BLACK
6
CONTINUOUS
10
164.2504999999999882
20
-108.4250639999999919
11
164.2504999999999882
21
-107.7157819999999901
0
LINE
8
BLACK
6
CONTINUOUS
10
164.2504999999999882
20
-107.7157819999999901
11
164.259143999999992
21
-107.6863409999999988
0
LINE
8
BLACK
6
CONTINUOUS
10
164.259143999999992
20
-107.6863409999999988
11
164.2656680000000051
21
-107.6563549999999907
0
LINE
8
BLACK
6
CONTINUOUS
10
164.2656680000000051
20
-107.6563549999999907
11
164.2694219999999916
21
-107.651338999999993
0
LINE
8
BLACK
6
CONTINUOUS
10
164.2694219999999916
20
-107.651338999999993
11
164.2701849999999979
21
-107.6487429999999961
0
LINE
8
BLACK
6
CONTINUOUS
10
164.2701849999999979
20
-107.6487429999999961
11
164.28681899999998
21
-107.6281010000000009
0
LINE
8
BLACK
6
CONTINUOUS
10
164.28681899999998
20
-107.6281010000000009
11
164.4481009999999799
21
-107.466819000000001
0
LINE
8
BLACK
6
CONTINUOUS
10
164.4481009999999799
20
-107.466819000000001
11
164.5094239999999957
21
-107.4333340000000021
0
LINE
8
BLACK
6
CONTINUOUS
10
164.5094239999999957
20
-107.4333340000000021
11
164.5357819999999833
21
-107.430499999999995
0
LINE
8
BLACK
6
CONTINUOUS
10
164.5357819999999833
20
-107.430499999999995
11
164.8192379999999844
21
-107.430499999999995
0
LINE
8
BLACK
6
CONTINUOUS
10
164.8192379999999844
20
-107.430499999999995
11
164.8862769999999784
21
-107.4501849999999905
0
LINE
8
BLACK
6
CONTINUOUS
10
169.7046739999999829
20
-98.2534569999999974
11
169.7437009999999873
21
-98.31141199999999
0
LINE
8
BLACK
6
CONTINUOUS
10
169.7437009999999873
20
-98.31141199999999
11
169.7494999999999834
21
-98.3488899999999973
0
LINE
8
BLACK
6
CONTINUOUS
10
169.7494999999999834
20
-98.3488899999999973
11
169.7494999999999834
21
-107.0342179999999956
0
LINE
8
BLACK
6
CONTINUOUS
10
169.7494999999999834
20
-107.0342179999999956
11
169.7298150000000021
21
-107.1012569999999897
0
LINE
8
BLACK
6
CONTINUOUS
10
169.7298150000000021
20
-107.1012569999999897
11
169.7131809999999916
21
-107.1218989999999991
0
LINE
8
BLACK
6
CONTINUOUS
10
169.7131809999999916
20
-107.1218989999999991
11
168.901898999999986
21
-107.9331809999999905
0
LINE
8
BLACK
6
CONTINUOUS
10
168.901898999999986
20
-107.9331809999999905
11
168.8405759999999987
21
-107.9666659999999894
0
LINE
8
BLACK
6
CONTINUOUS
10
168.8405759999999987
20
-107.9666659999999894
11
168.8142179999999826
21
-107.9694999999999965
0
LINE
8
BLACK
6
CONTINUOUS
10
168.8142179999999826
20
-107.9694999999999965
11
166.570762000000002
21
-107.9694999999999965
0
LINE
8
BLACK
6
CONTINUOUS
10
166.570762000000002
20
-107.9694999999999965
11
166.5037229999999795
21
-107.949815000000001
0
LINE
8
BLACK
6
CONTINUOUS
10
166.5037229999999795
20
-107.949815000000001
11
166.4978769999999884
21
-107.9458179999999885
0
LINE
8
BLACK
6
CONTINUOUS
10
166.4978769999999884
20
-107.9458179999999885
11
166.3766129999999919
21
-107.8577149999999989
0
LINE
8
BLACK
6
CONTINUOUS
10
166.3766129999999919
20
-107.8577149999999989
11
166.3766119999999944
21
-107.8577140000000014
0
LINE
8
BLACK
6
CONTINUOUS
10
166.3766119999999944
20
-107.8577140000000014
11
166.3766099999999994
21
-107.8577129999999897
0
LINE
8
BLACK
6
CONTINUOUS
10
166.3766099999999994
20
-107.8577129999999897
11
166.2839170000000024
21
-107.8104829999999907
0
LINE
8
BLACK
6
CONTINUOUS
10
166.2839170000000024
20
-107.8104829999999907
11
166.2331230000000062
21
-107.7625109999999893
0
LINE
8
BLACK
6
CONTINUOUS
10
166.2331230000000062
20
-107.7625109999999893
11
166.2163280000000043
21
-107.6946899999999943
0
LINE
8
BLACK
6
CONTINUOUS
10
166.2163280000000043
20
-107.6946899999999943
11
166.2388650000000041
21
-107.6285549999999915
0
LINE
8
BLACK
6
CONTINUOUS
10
166.2388650000000041
20
-107.6285549999999915
11
166.2839170000000024
21
-107.589515999999989
0
LINE
8
BLACK
6
CONTINUOUS
10
166.2839170000000024
20
-107.589515999999989
11
166.3766099999999994
21
-107.5422870000000017
0
LINE
8
BLACK
6
CONTINUOUS
10
166.3766099999999994
20
-107.5422870000000017
11
166.4978769999999884
21
-107.4541809999999913
0
LINE
8
BLACK
6
CONTINUOUS
10
166.4978769999999884
20
-107.4541809999999913
11
166.5636829999999975
21
-107.4307019999999966
0
LINE
8
BLACK
6
CONTINUOUS
10
166.5636829999999975
20
-107.4307019999999966
11
166.570762000000002
21
-107.430499999999995
0
LINE
8
BLACK
6
CONTINUOUS
10
166.570762000000002
20
-107.430499999999995
11
167.6685429999999997
21
-107.430499999999995
0
LINE
8
BLACK
6
CONTINUOUS
10
167.6685429999999997
20
-107.430499999999995
11
167.7078850000000045
21
-107.422672999999989
0
LINE
8
BLACK
6
CONTINUOUS
10
167.7078850000000045
20
-107.422672999999989
11
167.7841180000000065
21
-107.407510000000002
0
LINE
8
BLACK
6
CONTINUOUS
10
167.7841180000000065
20
-107.407510000000002
11
167.8618359999999825
21
-107.392050999999995
0
LINE
8
BLACK
6
CONTINUOUS
10
167.8618359999999825
20
-107.392050999999995
11
167.9162780000000055
21
-107.3695000000000022
0
LINE
8
BLACK
6
CONTINUOUS
10
167.9162780000000055
20
-107.3695000000000022
11
168.0439140000000009
21
-107.3166319999999985
0
LINE
8
BLACK
6
CONTINUOUS
10
168.0439140000000009
20
-107.3166319999999985
11
168.2077819999999804
21
-107.207138999999998
0
LINE
8
BLACK
6
CONTINUOUS
10
168.2077819999999804
20
-107.207138999999998
11
168.3471389999999985
21
-107.067781999999994
0
LINE
8
BLACK
6
CONTINUOUS
10
168.3471389999999985
20
-107.067781999999994
11
168.347139999999996
21
-107.0677790000000016
0
LINE
8
BLACK
6
CONTINUOUS
10
168.347139999999996
20
-107.0677790000000016
11
168.3542060000000049
21
-107.0607139999999902
0
LINE
8
BLACK
6
CONTINUOUS
10
168.3542060000000049
20
-107.0607139999999902
11
168.3542089999999973
21
-107.0607100000000003
0
LINE
8
BLACK
6
CONTINUOUS
10
168.3542089999999973
20
-107.0607100000000003
11
168.8727779999999825
21
-106.5421410000000009
0
LINE
8
BLACK
6
CONTINUOUS
10
168.8727779999999825
20
-106.5421410000000009
11
168.8727820000000008
21
-106.5421389999999917
0
LINE
8
BLACK
6
CONTINUOUS
10
168.8727820000000008
20
-106.5421389999999917
11
169.0121389999999906
21
-106.402782000000002
0
LINE
8
BLACK
6
CONTINUOUS
10
169.0121389999999906
20
-106.402782000000002
11
169.1216320000000053
21
-106.2389139999999941
0
LINE
8
BLACK
6
CONTINUOUS
10
169.1216320000000053
20
-106.2389139999999941
11
169.1749609999999961
21
-106.110164999999995
0
LINE
8
BLACK
6
CONTINUOUS
10
169.1749609999999961
20
-106.110164999999995
11
169.1970509999999877
21
-106.0568359999999899
0
LINE
8
BLACK
6
CONTINUOUS
10
169.1970509999999877
20
-106.0568359999999899
11
169.2355000000000018
21
-105.8635400000000004
0
LINE
8
BLACK
6
CONTINUOUS
10
169.2355000000000018
20
-105.8635400000000004
11
169.2355000000000018
21
-105.6664600000000007
0
LINE
8
BLACK
6
CONTINUOUS
10
169.2355000000000018
20
-105.6664600000000007
11
169.2355000000000018
21
-98.6728889999999978
0
LINE
8
BLACK
6
CONTINUOUS
10
169.2355000000000018
20
-98.6728889999999978
11
169.2551849999999831
21
-98.6058499999999896
0
LINE
8
BLACK
6
CONTINUOUS
10
169.2551849999999831
20
-98.6058499999999896
11
169.2718189999999936
21
-98.5852079999999944
0
LINE
8
BLACK
6
CONTINUOUS
10
169.2718189999999936
20
-98.5852079999999944
11
169.3236119999999971
21
-98.5334149999999909
0
LINE
8
BLACK
6
CONTINUOUS
10
169.3236119999999971
20
-98.5334149999999909
11
169.3795169999999928
21
-98.4775099999999952
0
LINE
8
BLACK
6
CONTINUOUS
10
169.3795169999999928
20
-98.4775099999999952
11
169.5183429999999873
21
-98.2864330000000024
0
LINE
8
BLACK
6
CONTINUOUS
10
169.5183429999999873
20
-98.2864330000000024
11
169.5183470000000057
21
-98.2864239999999967
0
LINE
8
BLACK
6
CONTINUOUS
10
169.5183470000000057
20
-98.2864239999999967
11
169.5197709999999915
21
-98.2841030000000018
0
LINE
8
BLACK
6
CONTINUOUS
10
169.5197709999999915
20
-98.2841030000000018
11
169.5205430000000035
21
-98.2834029999999927
0
LINE
8
BLACK
6
CONTINUOUS
10
169.5205430000000035
20
-98.2834029999999927
11
169.521207000000004
21
-98.2824909999999932
0
LINE
8
BLACK
6
CONTINUOUS
10
169.521207000000004
20
-98.2824909999999932
11
169.5213980000000049
21
-98.2826299999999975
0
LINE
8
BLACK
6
CONTINUOUS
10
169.5213980000000049
20
-98.2826299999999975
11
169.5715820000000065
21
-98.2372259999999926
0
LINE
8
BLACK
6
CONTINUOUS
10
169.5715820000000065
20
-98.2372259999999926
11
169.6405110000000036
21
-98.2258020000000016
0
LINE
8
BLACK
6
CONTINUOUS
10
169.6405110000000036
20
-98.2258020000000016
11
169.7046739999999829
21
-98.2534569999999974
0
LINE
8
BLACK
6
CONTINUOUS
10
145.3967899999999815
20
-105.360393000000002
11
145.5609519999999861
21
-105.4137329999999935
0
LINE
8
BLACK
6
CONTINUOUS
10
145.5609519999999861
20
-105.4137329999999935
11
145.714747999999986
21
-105.4920959999999894
0
LINE
8
BLACK
6
CONTINUOUS
10
145.714747999999986
20
-105.4920959999999894
11
145.8543929999999875
21
-105.593553
0
LINE
8
BLACK
6
CONTINUOUS
10
145.8543929999999875
20
-105.593553
11
145.9764470000000074
21
-105.7156069999999914
0
LINE
8
BLACK
6
CONTINUOUS
10
145.9764470000000074
20
-105.7156069999999914
11
146.0779039999999895
21
-105.855251999999993
0
LINE
8
BLACK
6
CONTINUOUS
10
146.0779039999999895
20
-105.855251999999993
11
146.1562669999999855
21
-106.0090479999999928
0
LINE
8
BLACK
6
CONTINUOUS
10
146.1562669999999855
20
-106.0090479999999928
11
146.2096070000000054
21
-106.1732099999999974
0
LINE
8
BLACK
6
CONTINUOUS
10
146.2096070000000054
20
-106.1732099999999974
11
146.2366089999999872
21
-106.3436949999999968
0
LINE
8
BLACK
6
CONTINUOUS
10
146.2366089999999872
20
-106.3436949999999968
11
146.2366089999999872
21
-106.5163049999999885
0
LINE
8
BLACK
6
CONTINUOUS
10
146.2366089999999872
20
-106.5163049999999885
11
146.2096070000000054
21
-106.686790000000002
0
LINE
8
BLACK
6
CONTINUOUS
10
146.2096070000000054
20
-106.686790000000002
11
146.1562669999999855
21
-106.8509519999999924
0
LINE
8
BLACK
6
CONTINUOUS
10
146.1562669999999855
20
-106.8509519999999924
11
146.0779039999999895
21
-107.0047479999999922
0
LINE
8
BLACK
6
CONTINUOUS
10
146.0779039999999895
20
-107.0047479999999922
11
145.9764470000000074
21
-107.1443929999999938
0
LINE
8
BLACK
6
CONTINUOUS
10
145.9764470000000074
20
-107.1443929999999938
11
145.8543929999999875
21
-107.2664469999999994
0
LINE
8
BLACK
6
CONTINUOUS
10
145.8543929999999875
20
-107.2664469999999994
11
145.714747999999986
21
-107.3679039999999958
0
LINE
8
BLACK
6
CONTINUOUS
10
145.714747999999986
20
-107.3679039999999958
11
145.5609519999999861
21
-107.4462669999999918
0
LINE
8
BLACK
6
CONTINUOUS
10
145.5609519999999861
20
-107.4462669999999918
11
145.3967899999999815
21
-107.4996069999999975
0
LINE
8
BLACK
6
CONTINUOUS
10
145.3967899999999815
20
-107.4996069999999975
11
145.2263049999999964
21
-107.5266089999999934
0
LINE
8
BLACK
6
CONTINUOUS
10
145.2263049999999964
20
-107.5266089999999934
11
145.0536950000000047
21
-107.5266089999999934
0
LINE
8
BLACK
6
CONTINUOUS
10
145.0536950000000047
20
-107.5266089999999934
11
144.8832099999999912
21
-107.4996069999999975
0
LINE
8
BLACK
6
CONTINUOUS
10
144.8832099999999912
20
-107.4996069999999975
11
144.7190479999999866
21
-107.4462669999999918
0
LINE
8
BLACK
6
CONTINUOUS
10
144.7190479999999866
20
-107.4462669999999918
11
144.5652519999999868
21
-107.3679039999999958
0
LINE
8
BLACK
6
CONTINUOUS
10
144.5652519999999868
20
-107.3679039999999958
11
144.4256069999999852
21
-107.2664469999999994
0
LINE
8
BLACK
6
CONTINUOUS
10
144.4256069999999852
20
-107.2664469999999994
11
144.3035529999999937
21
-107.1443929999999938
0
LINE
8
BLACK
6
CONTINUOUS
10
144.3035529999999937
20
-107.1443929999999938
11
144.2020959999999832
21
-107.0047479999999922
0
LINE
8
BLACK
6
CONTINUOUS
10
144.2020959999999832
20
-107.0047479999999922
11
144.1237329999999872
21
-106.8509519999999924
0
LINE
8
BLACK
6
CONTINUOUS
10
144.1237329999999872
20
-106.8509519999999924
11
144.0703929999999957
21
-106.686790000000002
0
LINE
8
BLACK
6
CONTINUOUS
10
144.0703929999999957
20
-106.686790000000002
11
144.0433909999999855
21
-106.5163049999999885
0
LINE
8
BLACK
6
CONTINUOUS
10
144.0433909999999855
20
-106.5163049999999885
11
144.0433909999999855
21
-106.3436949999999968
0
LINE
8
BLACK
6
CONTINUOUS
10
144.0433909999999855
20
-106.3436949999999968
11
144.0703929999999957
21
-106.1732099999999974
0
LINE
8
BLACK
6
CONTINUOUS
10
144.0703929999999957
20
-106.1732099999999974
11
144.1237329999999872
21
-106.0090479999999928
0
LINE
8
BLACK
6
CONTINUOUS
10
144.1237329999999872
20
-106.0090479999999928
11
144.2020959999999832
21
-105.855251999999993
0
LINE
8
BLACK
6
CONTINUOUS
10
144.2020959999999832
20
-105.855251999999993
11
144.3035529999999937
21
-105.7156069999999914
0
LINE
8
BLACK
6
CONTINUOUS
10
144.3035529999999937
20
-105.7156069999999914
11
144.4256069999999852
21
-105.593553
0
LINE
8
BLACK
6
CONTINUOUS
10
144.4256069999999852
20
-105.593553
11
144.5652519999999868
21
-105.4920959999999894
0
LINE
8
BLACK
6
CONTINUOUS
10
144.5652519999999868
20
-105.4920959999999894
11
144.7190479999999866
21
-105.4137329999999935
0
LINE
8
BLACK
6
CONTINUOUS
10
144.7190479999999866
20
-105.4137329999999935
11
144.8832099999999912
21
-105.360393000000002
0
LINE
8
BLACK
6
CONTINUOUS
10
144.8832099999999912
20
-105.360393000000002
11
145.0536950000000047
21
-105.3333909999999918
0
LINE
8
BLACK
6
CONTINUOUS
10
145.0536950000000047
20
-105.3333909999999918
11
145.2263049999999964
21
-105.3333909999999918
0
LINE
8
BLACK
6
CONTINUOUS
10
145.2263049999999964
20
-105.3333909999999918
11
145.3967899999999815
21
-105.360393000000002
0
LINE
8
BLACK
6
CONTINUOUS
10
160.6367899999999906
20
-105.360393000000002
11
160.8009519999999952
21
-105.4137329999999935
0
LINE
8
BLACK
6
CONTINUOUS
10
160.8009519999999952
20
-105.4137329999999935
11
160.954747999999995
21
-105.4920959999999894
0
LINE
8
BLACK
6
CONTINUOUS
10
160.954747999999995
20
-105.4920959999999894
11
161.0943929999999966
21
-105.593553
0
LINE
8
BLACK
6
CONTINUOUS
10
161.0943929999999966
20
-105.593553
11
161.2164469999999881
21
-105.7156069999999914
0
LINE
8
BLACK
6
CONTINUOUS
10
161.2164469999999881
20
-105.7156069999999914
11
161.3179039999999986
21
-105.855251999999993
0
LINE
8
BLACK
6
CONTINUOUS
10
161.3179039999999986
20
-105.855251999999993
11
161.3962669999999946
21
-106.0090479999999928
0
LINE
8
BLACK
6
CONTINUOUS
10
161.3962669999999946
20
-106.0090479999999928
11
161.4496069999999861
21
-106.1732099999999974
0
LINE
8
BLACK
6
CONTINUOUS
10
161.4496069999999861
20
-106.1732099999999974
11
161.4766089999999963
21
-106.3436949999999968
0
LINE
8
BLACK
6
CONTINUOUS
10
161.4766089999999963
20
-106.3436949999999968
11
161.4766089999999963
21
-106.5163049999999885
0
LINE
8
BLACK
6
CONTINUOUS
10
161.4766089999999963
20
-106.5163049999999885
11
161.4496069999999861
21
-106.686790000000002
0
LINE
8
BLACK
6
CONTINUOUS
10
161.4496069999999861
20
-106.686790000000002
11
161.3962669999999946
21
-106.8509519999999924
0
LINE
8
BLACK
6
CONTINUOUS
10
161.3962669999999946
20
-106.8509519999999924
11
161.3179039999999986
21
-107.0047479999999922
0
LINE
8
BLACK
6
CONTINUOUS
10
161.3179039999999986
20
-107.0047479999999922
11
161.2164469999999881
21
-107.1443929999999938
0
LINE
8
BLACK
6
CONTINUOUS
10
161.2164469999999881
20
-107.1443929999999938
11
161.0943929999999966
21
-107.2664469999999994
0
LINE
8
BLACK
6
CONTINUOUS
10
161.0943929999999966
20
-107.2664469999999994
11
160.954747999999995
21
-107.3679039999999958
0
LINE
8
BLACK
6
CONTINUOUS
10
160.954747999999995
20
-107.3679039999999958
11
160.8009519999999952
21
-107.4462669999999918
0
LINE
8
BLACK
6
CONTINUOUS
10
160.8009519999999952
20
-107.4462669999999918
11
160.6367899999999906
21
-107.4996069999999975
0
LINE
8
BLACK
6
CONTINUOUS
10
160.6367899999999906
20
-107.4996069999999975
11
160.4663050000000055
21
-107.5266089999999934
0
LINE
8
BLACK
6
CONTINUOUS
10
160.4663050000000055
20
-107.5266089999999934
11
160.2936949999999854
21
-107.5266089999999934
0
LINE
8
BLACK
6
CONTINUOUS
10
160.2936949999999854
20
-107.5266089999999934
11
160.1232100000000003
21
-107.4996069999999975
0
LINE
8
BLACK
6
CONTINUOUS
10
160.1232100000000003
20
-107.4996069999999975
11
159.9590479999999957
21
-107.4462669999999918
0
LINE
8
BLACK
6
CONTINUOUS
10
159.9590479999999957
20
-107.4462669999999918
11
159.8052519999999959
21
-107.3679039999999958
0
LINE
8
BLACK
6
CONTINUOUS
10
159.8052519999999959
20
-107.3679039999999958
11
159.6656069999999943
21
-107.2664469999999994
0
LINE
8
BLACK
6
CONTINUOUS
10
159.6656069999999943
20
-107.2664469999999994
11
159.5435530000000028
21
-107.1443929999999938
0
LINE
8
BLACK
6
CONTINUOUS
10
159.5435530000000028
20
-107.1443929999999938
11
159.4420959999999923
21
-107.0047479999999922
0
LINE
8
BLACK
6
CONTINUOUS
10
159.4420959999999923
20
-107.0047479999999922
11
159.3637329999999963
21
-106.8509519999999924
0
LINE
8
BLACK
6
CONTINUOUS
10
159.3637329999999963
20
-106.8509519999999924
11
159.3103930000000048
21
-106.686790000000002
0
LINE
8
BLACK
6
CONTINUOUS
10
159.3103930000000048
20
-106.686790000000002
11
159.2833909999999946
21
-106.5163049999999885
0
LINE
8
BLACK
6
CONTINUOUS
10
159.2833909999999946
20
-106.5163049999999885
11
159.2833909999999946
21
-106.3436949999999968
0
LINE
8
BLACK
6
CONTINUOUS
10
159.2833909999999946
20
-106.3436949999999968
11
159.3103930000000048
21
-106.1732099999999974
0
LINE
8
BLACK
6
CONTINUOUS
10
159.3103930000000048
20
-106.1732099999999974
11
159.3637329999999963
21
-106.0090479999999928
0
LINE
8
BLACK
6
CONTINUOUS
10
159.3637329999999963
20
-106.0090479999999928
11
159.4420959999999923
21
-105.855251999999993
0
LINE
8
BLACK
6
CONTINUOUS
10
159.4420959999999923
20
-105.855251999999993
11
159.5435530000000028
21
-105.7156069999999914
0
LINE
8
BLACK
6
CONTINUOUS
10
159.5435530000000028
20
-105.7156069999999914
11
159.6656069999999943
21
-105.593553
0
LINE
8
BLACK
6
CONTINUOUS
10
159.6656069999999943
20
-105.593553
11
159.8052519999999959
21
-105.4920959999999894
0
LINE
8
BLACK
6
CONTINUOUS
10
159.8052519999999959
20
-105.4920959999999894
11
159.9590479999999957
21
-105.4137329999999935
0
LINE
8
BLACK
6
CONTINUOUS
10
159.9590479999999957
20
-105.4137329999999935
11
160.1232100000000003
21
-105.360393000000002
0
LINE
8
BLACK
6
CONTINUOUS
10
160.1232100000000003
20
-105.360393000000002
11
160.2936949999999854
21
-105.3333909999999918
0
LINE
8
BLACK
6
CONTINUOUS
10
160.2936949999999854
20
-105.3333909999999918
11
160.4663050000000055
21
-105.3333909999999918
0
LINE
8
BLACK
6
CONTINUOUS
10
160.4663050000000055
20
-105.3333909999999918
11
160.6367899999999906
21
-105.360393000000002
0
LINE
8
BLACK
6
CONTINUOUS
10
173.6052849999999808
20
-105.4730599999999896
11
173.7863969999999938
21
-105.5480790000000013
0
LINE
8
BLACK
6
CONTINUOUS
10
173.7863969999999938
20
-105.5480790000000013
11
173.9493929999999864
21
-105.6569899999999933
0
LINE
8
BLACK
6
CONTINUOUS
10
173.9493929999999864
20
-105.6569899999999933
11
174.088009999999997
21
-105.7956069999999897
0
LINE
8
BLACK
6
CONTINUOUS
10
174.088009999999997
20
-105.7956069999999897
11
174.1969210000000032
21
-105.9586029999999965
0
LINE
8
BLACK
6
CONTINUOUS
10
174.1969210000000032
20
-105.9586029999999965
11
174.2719400000000007
21
-106.1397149999999954
0
LINE
8
BLACK
6
CONTINUOUS
10
174.2719400000000007
20
-106.1397149999999954
11
174.3101849999999899
21
-106.3319829999999939
0
LINE
8
BLACK
6
CONTINUOUS
10
174.3101849999999899
20
-106.3319829999999939
11
174.3101849999999899
21
-106.5280169999999913
0
LINE
8
BLACK
6
CONTINUOUS
10
174.3101849999999899
20
-106.5280169999999913
11
174.2719400000000007
21
-106.7202849999999899
0
LINE
8
BLACK
6
CONTINUOUS
10
174.2719400000000007
20
-106.7202849999999899
11
174.1969210000000032
21
-106.9013969999999887
0
LINE
8
BLACK
6
CONTINUOUS
10
174.1969210000000032
20
-106.9013969999999887
11
174.088009999999997
21
-107.0643929999999955
0
LINE
8
BLACK
6
CONTINUOUS
10
174.088009999999997
20
-107.0643929999999955
11
173.9493929999999864
21
-107.2030099999999919
0
LINE
8
BLACK
6
CONTINUOUS
10
173.9493929999999864
20
-107.2030099999999919
11
173.7863969999999938
21
-107.3119209999999981
0
LINE
8
BLACK
6
CONTINUOUS
10
173.7863969999999938
20
-107.3119209999999981
11
173.6052849999999808
21
-107.3869399999999956
0
LINE
8
BLACK
6
CONTINUOUS
10
173.6052849999999808
20
-107.3869399999999956
11
173.4130169999999964
21
-107.425184999999999
0
LINE
8
BLACK
6
CONTINUOUS
10
173.4130169999999964
20
-107.425184999999999
11
173.216982999999999
21
-107.425184999999999
0
LINE
8
BLACK
6
CONTINUOUS
10
173.216982999999999
20
-107.425184999999999
11
173.0247149999999863
21
-107.3869399999999956
0
LINE
8
BLACK
6
CONTINUOUS
10
173.0247149999999863
20
-107.3869399999999956
11
172.8436030000000017
21
-107.3119209999999981
0
LINE
8
BLACK
6
CONTINUOUS
10
172.8436030000000017
20
-107.3119209999999981
11
172.6806069999999806
21
-107.2030099999999919
0
LINE
8
BLACK
6
CONTINUOUS
10
172.6806069999999806
20
-107.2030099999999919
11
172.5419899999999984
21
-107.0643929999999955
0
LINE
8
BLACK
6
CONTINUOUS
10
172.5419899999999984
20
-107.0643929999999955
11
172.4330789999999922
21
-106.9013969999999887
0
LINE
8
BLACK
6
CONTINUOUS
10
172.4330789999999922
20
-106.9013969999999887
11
172.3580599999999947
21
-106.7202849999999899
0
LINE
8
BLACK
6
CONTINUOUS
10
172.3580599999999947
20
-106.7202849999999899
11
172.3198150000000055
21
-106.5280169999999913
0
LINE
8
BLACK
6
CONTINUOUS
10
172.3198150000000055
20
-106.5280169999999913
11
172.3198150000000055
21
-106.3319829999999939
0
LINE
8
BLACK
6
CONTINUOUS
10
172.3198150000000055
20
-106.3319829999999939
11
172.3580599999999947
21
-106.1397149999999954
0
LINE
8
BLACK
6
CONTINUOUS
10
172.3580599999999947
20
-106.1397149999999954
11
172.4330789999999922
21
-105.9586029999999965
0
LINE
8
BLACK
6
CONTINUOUS
10
172.4330789999999922
20
-105.9586029999999965
11
172.5419899999999984
21
-105.7956069999999897
0
LINE
8
BLACK
6
CONTINUOUS
10
172.5419899999999984
20
-105.7956069999999897
11
172.6806069999999806
21
-105.6569899999999933
0
LINE
8
BLACK
6
CONTINUOUS
10
172.6806069999999806
20
-105.6569899999999933
11
172.8436030000000017
21
-105.5480790000000013
0
LINE
8
BLACK
6
CONTINUOUS
10
172.8436030000000017
20
-105.5480790000000013
11
173.0247149999999863
21
-105.4730599999999896
0
LINE
8
BLACK
6
CONTINUOUS
10
173.0247149999999863
20
-105.4730599999999896
11
173.216982999999999
21
-105.4348150000000004
0
LINE
8
BLACK
6
CONTINUOUS
10
173.216982999999999
20
-105.4348150000000004
11
173.4130169999999964
21
-105.4348150000000004
0
LINE
8
BLACK
6
CONTINUOUS
10
173.4130169999999964
20
-105.4348150000000004
11
173.6052849999999808
21
-105.4730599999999896
0
LINE
8
BLACK
6
CONTINUOUS
10
171.9557029999999997
20
-104.5474150000000009
11
171.9849849999999947
21
-104.5848340000000007
0
LINE
8
BLACK
6
CONTINUOUS
10
171.9849849999999947
20
-104.5848340000000007
11
172.0316550000000007
21
-104.6764309999999938
0
LINE
8
BLACK
6
CONTINUOUS
10
172.0316550000000007
20
-104.6764309999999938
11
172.0697370000000035
21
-104.7288449999999926
0
LINE
8
BLACK
6
CONTINUOUS
10
172.0697370000000035
20
-104.7288449999999926
11
172.1704829999999902
21
-104.8675099999999958
0
LINE
8
BLACK
6
CONTINUOUS
10
172.1704829999999902
20
-104.8675099999999958
11
172.3374900000000025
21
-105.0345169999999939
0
LINE
8
BLACK
6
CONTINUOUS
10
172.3374900000000025
20
-105.0345169999999939
11
172.3721270000000061
21
-105.0596829999999926
0
LINE
8
BLACK
6
CONTINUOUS
10
172.3721270000000061
20
-105.0596829999999926
11
172.4147920000000056
21
-105.1150129999999905
0
LINE
8
BLACK
6
CONTINUOUS
10
172.4147920000000056
20
-105.1150129999999905
11
172.420771000000002
21
-105.1846259999999944
0
LINE
8
BLACK
6
CONTINUOUS
10
172.420771000000002
20
-105.1846259999999944
11
172.3881649999999865
21
-105.246420999999998
0
LINE
8
BLACK
6
CONTINUOUS
10
172.3881649999999865
20
-105.246420999999998
11
172.3721299999999985
21
-105.2603149999999914
0
LINE
8
BLACK
6
CONTINUOUS
10
172.3721299999999985
20
-105.2603149999999914
11
172.3611649999999997
21
-105.2682819999999992
0
LINE
8
BLACK
6
CONTINUOUS
10
172.3611649999999997
20
-105.2682819999999992
11
172.3374879999999791
21
-105.2854839999999967
0
LINE
8
BLACK
6
CONTINUOUS
10
172.3374879999999791
20
-105.2854839999999967
11
172.1704849999999851
21
-105.4524869999999908
0
LINE
8
BLACK
6
CONTINUOUS
10
172.1704849999999851
20
-105.4524869999999908
11
172.1704849999999851
21
-105.4524879999999882
0
LINE
8
BLACK
6
CONTINUOUS
10
172.1704849999999851
20
-105.4524879999999882
11
172.1704829999999902
21
-105.4524899999999974
0
LINE
8
BLACK
6
CONTINUOUS
10
172.1704829999999902
20
-105.4524899999999974
11
172.1432029999999997
21
-105.4900379999999984
0
LINE
8
BLACK
6
CONTINUOUS
10
172.1432029999999997
20
-105.4900379999999984
11
172.0316569999999956
21
-105.6435659999999928
0
LINE
8
BLACK
6
CONTINUOUS
10
172.0316569999999956
20
-105.6435659999999928
11
171.9849849999999947
21
-105.7351659999999924
0
LINE
8
BLACK
6
CONTINUOUS
10
171.9849849999999947
20
-105.7351659999999924
11
171.9370099999999866
21
-105.7859619999999978
0
LINE
8
BLACK
6
CONTINUOUS
10
171.9370099999999866
20
-105.7859619999999978
11
171.8691890000000058
21
-105.8027569999999997
0
LINE
8
BLACK
6
CONTINUOUS
10
171.8691890000000058
20
-105.8027569999999997
11
171.803054000000003
21
-105.7802199999999999
0
LINE
8
BLACK
6
CONTINUOUS
10
171.803054000000003
20
-105.7802199999999999
11
171.7596029999999985
21
-105.7255040000000008
0
LINE
8
BLACK
6
CONTINUOUS
10
171.7596029999999985
20
-105.7255040000000008
11
171.7504999999999882
21
-105.6788710000000009
0
LINE
8
BLACK
6
CONTINUOUS
10
171.7504999999999882
20
-105.6788710000000009
11
171.7504999999999882
21
-104.6411279999999948
0
LINE
8
BLACK
6
CONTINUOUS
10
171.7504999999999882
20
-104.6411279999999948
11
171.7701849999999979
21
-104.5740890000000007
0
LINE
8
BLACK
6
CONTINUOUS
10
171.7701849999999979
20
-104.5740890000000007
11
171.8229889999999784
21
-104.528334000000001
0
LINE
8
BLACK
6
CONTINUOUS
10
171.8229889999999784
20
-104.528334000000001
11
171.8921469999999943
21
-104.5183899999999966
0
LINE
8
BLACK
6
CONTINUOUS
10
171.8921469999999943
20
-104.5183899999999966
11
171.9557029999999997
21
-104.5474150000000009
0
LINE
8
BLACK
6
CONTINUOUS
10
167.2008069999999975
20
-104.499448000000001
11
167.2324119999999823
21
-104.56176099999999
0
LINE
8
BLACK
6
CONTINUOUS
10
167.2324119999999823
20
-104.56176099999999
11
167.234499999999997
21
-104.584423000000001
0
LINE
8
BLACK
6
CONTINUOUS
10
167.234499999999997
20
-104.584423000000001
11
167.234499999999997
21
-105.2992179999999962
0
LINE
8
BLACK
6
CONTINUOUS
10
167.234499999999997
20
-105.2992179999999962
11
167.2258549999999957
21
-105.3286579999999901
0
LINE
8
BLACK
6
CONTINUOUS
10
167.2258549999999957
20
-105.3286579999999901
11
167.2193319999999801
21
-105.3586449999999957
0
LINE
8
BLACK
6
CONTINUOUS
10
167.2193319999999801
20
-105.3586449999999957
11
167.2155769999999961
21
-105.3636599999999959
0
LINE
8
BLACK
6
CONTINUOUS
10
167.2155769999999961
20
-105.3636599999999959
11
167.2148149999999873
21
-105.3662569999999903
0
LINE
8
BLACK
6
CONTINUOUS
10
167.2148149999999873
20
-105.3662569999999903
11
167.1981810000000053
21
-105.3868989999999997
0
LINE
8
BLACK
6
CONTINUOUS
10
167.1981810000000053
20
-105.3868989999999997
11
167.1918990000000065
21
-105.3931809999999984
0
LINE
8
BLACK
6
CONTINUOUS
10
167.1918990000000065
20
-105.3931809999999984
11
167.1305759999999907
21
-105.4266659999999973
0
LINE
8
BLACK
6
CONTINUOUS
10
167.1305759999999907
20
-105.4266659999999973
11
167.104218000000003
21
-105.4294999999999902
0
LINE
8
BLACK
6
CONTINUOUS
10
167.104218000000003
20
-105.4294999999999902
11
166.570762000000002
21
-105.4294999999999902
0
LINE
8
BLACK
6
CONTINUOUS
10
166.570762000000002
20
-105.4294999999999902
11
166.5037229999999795
21
-105.4098149999999947
0
LINE
8
BLACK
6
CONTINUOUS
10
166.5037229999999795
20
-105.4098149999999947
11
166.4978959999999972
21
-105.4058319999999895
0
LINE
8
BLACK
6
CONTINUOUS
10
166.4978959999999972
20
-105.4058319999999895
11
166.4485459999999932
21
-105.3699769999999916
0
LINE
8
BLACK
6
CONTINUOUS
10
166.4485459999999932
20
-105.3699769999999916
11
166.4058819999999912
21
-105.3146479999999912
0
LINE
8
BLACK
6
CONTINUOUS
10
166.4058819999999912
20
-105.3146479999999912
11
166.3999029999999948
21
-105.2450339999999898
0
LINE
8
BLACK
6
CONTINUOUS
10
166.3999029999999948
20
-105.2450339999999898
11
166.4325089999999818
21
-105.1832390000000004
0
LINE
8
BLACK
6
CONTINUOUS
10
166.4325089999999818
20
-105.1832390000000004
11
166.4824260000000038
21
-105.151955000000001
0
LINE
8
BLACK
6
CONTINUOUS
10
166.4824260000000038
20
-105.151955000000001
11
166.5643340000000023
21
-105.1248140000000006
0
LINE
8
BLACK
6
CONTINUOUS
10
166.5643340000000023
20
-105.1248140000000006
11
166.7136559999999861
21
-105.0327119999999894
0
LINE
8
BLACK
6
CONTINUOUS
10
166.7136559999999861
20
-105.0327119999999894
11
166.837711999999982
21
-104.9086559999999935
0
LINE
8
BLACK
6
CONTINUOUS
10
166.837711999999982
20
-104.9086559999999935
11
166.9298139999999933
21
-104.7593339999999955
0
LINE
8
BLACK
6
CONTINUOUS
10
166.9298139999999933
20
-104.7593339999999955
11
166.9849989999999877
21
-104.5927969999999902
0
LINE
8
BLACK
6
CONTINUOUS
10
166.9849989999999877
20
-104.5927969999999902
11
166.9871420000000057
21
-104.5718209999999999
0
LINE
8
BLACK
6
CONTINUOUS
10
166.9871420000000057
20
-104.5718209999999999
11
167.0135379999999827
21
-104.5071289999999919
0
LINE
8
BLACK
6
CONTINUOUS
10
167.0135379999999827
20
-104.5071289999999919
11
167.0707189999999969
21
-104.466977
0
LINE
8
BLACK
6
CONTINUOUS
10
167.0707189999999969
20
-104.466977
11
167.1405299999999841
21
-104.464113999999995
0
LINE
8
BLACK
6
CONTINUOUS
10
167.1405299999999841
20
-104.464113999999995
11
167.2008069999999975
21
-104.499448000000001
0
LINE
8
BLACK
6
CONTINUOUS
10
140.5067899999999952
20
-95.2003929999999912
11
140.6709519999999998
21
-95.2537329999999969
0
LINE
8
BLACK
6
CONTINUOUS
10
140.6709519999999998
20
-95.2537329999999969
11
140.8247479999999996
21
-95.3320959999999928
0
LINE
8
BLACK
6
CONTINUOUS
10
140.8247479999999996
20
-95.3320959999999928
11
140.9643930000000012
21
-95.4335529999999892
0
LINE
8
BLACK
6
CONTINUOUS
10
140.9643930000000012
20
-95.4335529999999892
11
141.0864469999999926
21
-95.5556069999999949
0
LINE
8
BLACK
6
CONTINUOUS
10
141.0864469999999926
20
-95.5556069999999949
11
141.1879040000000032
21
-95.6952519999999964
0
LINE
8
BLACK
6
CONTINUOUS
10
141.1879040000000032
20
-95.6952519999999964
11
141.2662669999999991
21
-95.8490479999999963
0
LINE
8
BLACK
6
CONTINUOUS
10
141.2662669999999991
20
-95.8490479999999963
11
141.3196069999999906
21
-96.0132100000000008
0
LINE
8
BLACK
6
CONTINUOUS
10
141.3196069999999906
20
-96.0132100000000008
11
141.3466090000000008
21
-96.1836950000000002
0
LINE
8
BLACK
6
CONTINUOUS
10
141.3466090000000008
20
-96.1836950000000002
11
141.3466090000000008
21
-96.3563049999999919
0
LINE
8
BLACK
6
CONTINUOUS
10
141.3466090000000008
20
-96.3563049999999919
11
141.3196069999999906
21
-96.5267899999999912
0
LINE
8
BLACK
6
CONTINUOUS
10
141.3196069999999906
20
-96.5267899999999912
11
141.2662669999999991
21
-96.6909519999999958
0
LINE
8
BLACK
6
CONTINUOUS
10
141.2662669999999991
20
-96.6909519999999958
11
141.1879040000000032
21
-96.8447479999999956
0
LINE
8
BLACK
6
CONTINUOUS
10
141.1879040000000032
20
-96.8447479999999956
11
141.0864469999999926
21
-96.9843929999999972
0
LINE
8
BLACK
6
CONTINUOUS
10
141.0864469999999926
20
-96.9843929999999972
11
140.9643930000000012
21
-97.1064469999999886
0
LINE
8
BLACK
6
CONTINUOUS
10
140.9643930000000012
20
-97.1064469999999886
11
140.8247479999999996
21
-97.2079039999999992
0
LINE
8
BLACK
6
CONTINUOUS
10
140.8247479999999996
20
-97.2079039999999992
11
140.75
21
-97.2459899999999919
0
LINE
8
BLACK
6
CONTINUOUS
10
140.75
20
-97.2459899999999919
11
140.75
21
-100.34852699999999
0
LINE
8
BLACK
6
CONTINUOUS
10
140.75
20
-100.34852699999999
11
143.7914729999999963
21
-103.3900000000000006
0
LINE
8
BLACK
6
CONTINUOUS
10
143.7914729999999963
20
-103.3900000000000006
11
144.1640099999999904
21
-103.3900000000000006
0
LINE
8
BLACK
6
CONTINUOUS
10
144.1640099999999904
20
-103.3900000000000006
11
144.2020959999999832
21
-103.315252000000001
0
LINE
8
BLACK
6
CONTINUOUS
10
144.2020959999999832
20
-103.315252000000001
11
144.3035529999999937
21
-103.1756069999999994
0
LINE
8
BLACK
6
CONTINUOUS
10
144.3035529999999937
20
-103.1756069999999994
11
144.4256069999999852
21
-103.0535529999999937
0
LINE
8
BLACK
6
CONTINUOUS
10
144.4256069999999852
20
-103.0535529999999937
11
144.5652519999999868
21
-102.9520959999999974
0
LINE
8
BLACK
6
CONTINUOUS
10
144.5652519999999868
20
-102.9520959999999974
11
144.7190479999999866
21
-102.8737330000000014
0
LINE
8
BLACK
6
CONTINUOUS
10
144.7190479999999866
20
-102.8737330000000014
11
144.8832099999999912
21
-102.8203929999999957
0
LINE
8
BLACK
6
CONTINUOUS
10
144.8832099999999912
20
-102.8203929999999957
11
145.0536950000000047
21
-102.7933909999999997
0
LINE
8
BLACK
6
CONTINUOUS
10
145.0536950000000047
20
-102.7933909999999997
11
145.2263049999999964
21
-102.7933909999999997
0
LINE
8
BLACK
6
CONTINUOUS
10
145.2263049999999964
20
-102.7933909999999997
11
145.3967899999999815
21
-102.8203929999999957
0
LINE
8
BLACK
6
CONTINUOUS
10
145.3967899999999815
20
-102.8203929999999957
11
145.5609519999999861
21
-102.8737330000000014
0
LINE
8
BLACK
6
CONTINUOUS
10
145.5609519999999861
20
-102.8737330000000014
11
145.714747999999986
21
-102.9520959999999974
0
LINE
8
BLACK
6
CONTINUOUS
10
145.714747999999986
20
-102.9520959999999974
11
145.8543929999999875
21
-103.0535529999999937
0
LINE
8
BLACK
6
CONTINUOUS
10
145.8543929999999875
20
-103.0535529999999937
11
145.9764470000000074
21
-103.1756069999999994
0
LINE
8
BLACK
6
CONTINUOUS
10
145.9764470000000074
20
-103.1756069999999994
11
146.0779039999999895
21
-103.315252000000001
0
LINE
8
BLACK
6
CONTINUOUS
10
146.0779039999999895
20
-103.315252000000001
11
146.1562669999999855
21
-103.4690480000000008
0
LINE
8
BLACK
6
CONTINUOUS
10
146.1562669999999855
20
-103.4690480000000008
11
146.2096070000000054
21
-103.6332099999999912
0
LINE
8
BLACK
6
CONTINUOUS
10
146.2096070000000054
20
-103.6332099999999912
11
146.2366089999999872
21
-103.8036949999999905
0
LINE
8
BLACK
6
CONTINUOUS
10
146.2366089999999872
20
-103.8036949999999905
11
146.2366089999999872
21
-103.9763049999999964
0
LINE
8
BLACK
6
CONTINUOUS
10
146.2366089999999872
20
-103.9763049999999964
11
146.2096070000000054
21
-104.1467899999999958
0
LINE
8
BLACK
6
CONTINUOUS
10
146.2096070000000054
20
-104.1467899999999958
11
146.1562669999999855
21
-104.3109520000000003
0
LINE
8
BLACK
6
CONTINUOUS
10
146.1562669999999855
20
-104.3109520000000003
11
146.0779039999999895
21
-104.4647480000000002
0
LINE
8
BLACK
6
CONTINUOUS
10
146.0779039999999895
20
-104.4647480000000002
11
145.9764470000000074
21
-104.6043930000000017
0
LINE
8
BLACK
6
CONTINUOUS
10
145.9764470000000074
20
-104.6043930000000017
11
145.8543929999999875
21
-104.7264469999999932
0
LINE
8
BLACK
6
CONTINUOUS
10
145.8543929999999875
20
-104.7264469999999932
11
145.714747999999986
21
-104.8279039999999895
0
LINE
8
BLACK
6
CONTINUOUS
10
145.714747999999986
20
-104.8279039999999895
11
145.5609519999999861
21
-104.9062669999999997
0
LINE
8
BLACK
6
CONTINUOUS
10
145.5609519999999861
20
-104.9062669999999997
11
145.3967899999999815
21
-104.9596069999999912
0
LINE
8
BLACK
6
CONTINUOUS
10
145.3967899999999815
20
-104.9596069999999912
11
145.2263049999999964
21
-104.9866090000000014
0
LINE
8
BLACK
6
CONTINUOUS
10
145.2263049999999964
20
-104.9866090000000014
11
145.0536950000000047
21
-104.9866090000000014
0
LINE
8
BLACK
6
CONTINUOUS
10
145.0536950000000047
20
-104.9866090000000014
11
144.8832099999999912
21
-104.9596069999999912
0
LINE
8
BLACK
6
CONTINUOUS
10
144.8832099999999912
20
-104.9596069999999912
11
144.7190479999999866
21
-104.9062669999999997
0
LINE
8
BLACK
6
CONTINUOUS
10
144.7190479999999866
20
-104.9062669999999997
11
144.5652519999999868
21
-104.8279039999999895
0
LINE
8
BLACK
6
CONTINUOUS
10
144.5652519999999868
20
-104.8279039999999895
11
144.4256069999999852
21
-104.7264469999999932
0
LINE
8
BLACK
6
CONTINUOUS
10
144.4256069999999852
20
-104.7264469999999932
11
144.3035529999999937
21
-104.6043930000000017
0
LINE
8
BLACK
6
CONTINUOUS
10
144.3035529999999937
20
-104.6043930000000017
11
144.2020959999999832
21
-104.4647480000000002
0
LINE
8
BLACK
6
CONTINUOUS
10
144.2020959999999832
20
-104.4647480000000002
11
144.1640099999999904
21
-104.3900000000000006
0
LINE
8
BLACK
6
CONTINUOUS
10
144.1640099999999904
20
-104.3900000000000006
11
143.5843659999999886
21
-104.3900000000000006
0
LINE
8
BLACK
6
CONTINUOUS
10
143.5843659999999886
20
-104.3900000000000006
11
143.5191179999999918
21
-104.3857229999999987
0
LINE
8
BLACK
6
CONTINUOUS
10
143.5191179999999918
20
-104.3857229999999987
11
143.5191030000000012
21
-104.3857229999999987
0
LINE
8
BLACK
6
CONTINUOUS
10
143.5191030000000012
20
-104.3857229999999987
11
143.419667000000004
21
-104.3590789999999942
0
LINE
8
BLACK
6
CONTINUOUS
10
143.419667000000004
20
-104.3590789999999942
11
143.3930239999999969
21
-104.351939999999999
0
LINE
8
BLACK
6
CONTINUOUS
10
143.3930239999999969
20
-104.351939999999999
11
143.2799849999999822
21
-104.2866769999999974
0
LINE
8
BLACK
6
CONTINUOUS
10
143.2799849999999822
20
-104.2866769999999974
11
143.2799770000000024
21
-104.2866689999999892
0
LINE
8
BLACK
6
CONTINUOUS
10
143.2799770000000024
20
-104.2866689999999892
11
143.2308129999999835
21
-104.2435539999999889
0
LINE
8
BLACK
6
CONTINUOUS
10
143.2308129999999835
20
-104.2435539999999889
11
139.8964469999999949
21
-100.9091869999999886
0
LINE
8
BLACK
6
CONTINUOUS
10
139.8964469999999949
20
-100.9091869999999886
11
139.8533379999999795
21
-100.8600299999999947
0
LINE
8
BLACK
6
CONTINUOUS
10
139.8533379999999795
20
-100.8600299999999947
11
139.853322999999989
21
-100.86001499999999
0
LINE
8
BLACK
6
CONTINUOUS
10
139.853322999999989
20
-100.86001499999999
11
139.7880600000000015
21
-100.7469759999999894
0
LINE
8
BLACK
6
CONTINUOUS
10
139.7880600000000015
20
-100.7469759999999894
11
139.7542770000000019
21
-100.6208969999999994
0
LINE
8
BLACK
6
CONTINUOUS
10
139.7542770000000019
20
-100.6208969999999994
11
139.7542770000000019
21
-100.6208809999999971
0
LINE
8
BLACK
6
CONTINUOUS
10
139.7542770000000019
20
-100.6208809999999971
11
139.75
21
-100.5556339999999977
0
LINE
8
BLACK
6
CONTINUOUS
10
139.75
20
-100.5556339999999977
11
139.75
21
-97.2459899999999919
0
LINE
8
BLACK
6
CONTINUOUS
10
139.75
20
-97.2459899999999919
11
139.6752520000000004
21
-97.2079039999999992
0
LINE
8
BLACK
6
CONTINUOUS
10
139.6752520000000004
20
-97.2079039999999992
11
139.5356069999999988
21
-97.1064469999999886
0
LINE
8
BLACK
6
CONTINUOUS
10
139.5356069999999988
20
-97.1064469999999886
11
139.4135530000000074
21
-96.9843929999999972
0
LINE
8
BLACK
6
CONTINUOUS
10
139.4135530000000074
20
-96.9843929999999972
11
139.3120959999999968
21
-96.8447479999999956
0
LINE
8
BLACK
6
CONTINUOUS
10
139.3120959999999968
20
-96.8447479999999956
11
139.2337330000000009
21
-96.6909519999999958
0
LINE
8
BLACK
6
CONTINUOUS
10
139.2337330000000009
20
-96.6909519999999958
11
139.1803929999999809
21
-96.5267899999999912
0
LINE
8
BLACK
6
CONTINUOUS
10
139.1803929999999809
20
-96.5267899999999912
11
139.1533909999999992
21
-96.3563049999999919
0
LINE
8
BLACK
6
CONTINUOUS
10
139.1533909999999992
20
-96.3563049999999919
11
139.1533909999999992
21
-96.1836950000000002
0
LINE
8
BLACK
6
CONTINUOUS
10
139.1533909999999992
20
-96.1836950000000002
11
139.1803929999999809
21
-96.0132100000000008
0
LINE
8
BLACK
6
CONTINUOUS
10
139.1803929999999809
20
-96.0132100000000008
11
139.2337330000000009
21
-95.8490479999999963
0
LINE
8
BLACK
6
CONTINUOUS
10
139.2337330000000009
20
-95.8490479999999963
11
139.3120959999999968
21
-95.6952519999999964
0
LINE
8
BLACK
6
CONTINUOUS
10
139.3120959999999968
20
-95.6952519999999964
11
139.4135530000000074
21
-95.5556069999999949
0
LINE
8
BLACK
6
CONTINUOUS
10
139.4135530000000074
20
-95.5556069999999949
11
139.5356069999999988
21
-95.4335529999999892
0
LINE
8
BLACK
6
CONTINUOUS
10
139.5356069999999988
20
-95.4335529999999892
11
139.6752520000000004
21
-95.3320959999999928
0
LINE
8
BLACK
6
CONTINUOUS
10
139.6752520000000004
20
-95.3320959999999928
11
139.8290480000000002
21
-95.2537329999999969
0
LINE
8
BLACK
6
CONTINUOUS
10
139.8290480000000002
20
-95.2537329999999969
11
139.9932100000000048
21
-95.2003929999999912
0
LINE
8
BLACK
6
CONTINUOUS
10
139.9932100000000048
20
-95.2003929999999912
11
140.1636949999999899
21
-95.1733909999999952
0
LINE
8
BLACK
6
CONTINUOUS
10
140.1636949999999899
20
-95.1733909999999952
11
140.3363049999999816
21
-95.1733909999999952
0
LINE
8
BLACK
6
CONTINUOUS
10
140.3363049999999816
20
-95.1733909999999952
11
140.5067899999999952
21
-95.2003929999999912
0
LINE
8
BLACK
6
CONTINUOUS
10
166.5449999999999875
20
-98.3499999999999943
11
166.1949999999999932
21
-98.3499999999999943
0
LINE
8
BLACK
6
CONTINUOUS
10
166.1949999999999932
20
-98.3499999999999943
11
166.1949999999999932
21
-103.0899999999999892
0
LINE
8
BLACK
6
CONTINUOUS
10
166.1949999999999932
20
-103.0899999999999892
11
166.2450000000000045
21
-103.0899999999999892
0
LINE
8
BLACK
6
CONTINUOUS
10
166.2450000000000045
20
-103.0899999999999892
11
166.3406709999999862
21
-103.10902999999999
0
LINE
8
BLACK
6
CONTINUOUS
10
166.3406709999999862
20
-103.10902999999999
11
166.4217769999999916
21
-103.1632230000000021
0
LINE
8
BLACK
6
CONTINUOUS
10
166.4217769999999916
20
-103.1632230000000021
11
166.4759699999999896
21
-103.2443289999999934
0
LINE
8
BLACK
6
CONTINUOUS
10
166.4759699999999896
20
-103.2443289999999934
11
166.4950000000000045
21
-103.3399999999999892
0
LINE
8
BLACK
6
CONTINUOUS
10
166.4950000000000045
20
-103.3399999999999892
11
166.4950000000000045
21
-104.4399999999999977
0
LINE
8
BLACK
6
CONTINUOUS
10
166.4950000000000045
20
-104.4399999999999977
11
166.4759699999999896
21
-104.5356709999999936
0
LINE
8
BLACK
6
CONTINUOUS
10
166.4759699999999896
20
-104.5356709999999936
11
166.4217769999999916
21
-104.616776999999999
0
LINE
8
BLACK
6
CONTINUOUS
10
166.4217769999999916
20
-104.616776999999999
11
166.3406709999999862
21
-104.670969999999997
0
LINE
8
BLACK
6
CONTINUOUS
10
166.3406709999999862
20
-104.670969999999997
11
166.2450000000000045
21
-104.6899999999999977
0
LINE
8
BLACK
6
CONTINUOUS
10
166.2450000000000045
20
-104.6899999999999977
11
165.1449999999999818
21
-104.6899999999999977
0
LINE
8
BLACK
6
CONTINUOUS
10
165.1449999999999818
20
-104.6899999999999977
11
165.0493290000000002
21
-104.670969999999997
0
LINE
8
BLACK
6
CONTINUOUS
10
165.0493290000000002
20
-104.670969999999997
11
164.9682229999999947
21
-104.616776999999999
0
LINE
8
BLACK
6
CONTINUOUS
10
164.9682229999999947
20
-104.616776999999999
11
164.9140299999999968
21
-104.5356709999999936
0
LINE
8
BLACK
6
CONTINUOUS
10
164.9140299999999968
20
-104.5356709999999936
11
164.8949999999999818
21
-104.4399999999999977
0
LINE
8
BLACK
6
CONTINUOUS
10
164.8949999999999818
20
-104.4399999999999977
11
164.8949999999999818
21
-104.3900000000000006
0
LINE
8
BLACK
6
CONTINUOUS
10
164.8949999999999818
20
-104.3900000000000006
11
161.3559899999999914
21
-104.3900000000000006
0
LINE
8
BLACK
6
CONTINUOUS
10
161.3559899999999914
20
-104.3900000000000006
11
161.3179039999999986
21
-104.4647480000000002
0
LINE
8
BLACK
6
CONTINUOUS
10
161.3179039999999986
20
-104.4647480000000002
11
161.2164469999999881
21
-104.6043930000000017
0
LINE
8
BLACK
6
CONTINUOUS
10
161.2164469999999881
20
-104.6043930000000017
11
161.0943929999999966
21
-104.7264469999999932
0
LINE
8
BLACK
6
CONTINUOUS
10
161.0943929999999966
20
-104.7264469999999932
11
160.954747999999995
21
-104.8279039999999895
0
LINE
8
BLACK
6
CONTINUOUS
10
160.954747999999995
20
-104.8279039999999895
11
160.8009519999999952
21
-104.9062669999999997
0
LINE
8
BLACK
6
CONTINUOUS
10
160.8009519999999952
20
-104.9062669999999997
11
160.6367899999999906
21
-104.9596069999999912
0
LINE
8
BLACK
6
CONTINUOUS
10
160.6367899999999906
20
-104.9596069999999912
11
160.4663050000000055
21
-104.9866090000000014
0
LINE
8
BLACK
6
CONTINUOUS
10
160.4663050000000055
20
-104.9866090000000014
11
160.2936949999999854
21
-104.9866090000000014
0
LINE
8
BLACK
6
CONTINUOUS
10
160.2936949999999854
20
-104.9866090000000014
11
160.1232100000000003
21
-104.9596069999999912
0
LINE
8
BLACK
6
CONTINUOUS
10
160.1232100000000003
20
-104.9596069999999912
11
159.9590479999999957
21
-104.9062669999999997
0
LINE
8
BLACK
6
CONTINUOUS
10
159.9590479999999957
20
-104.9062669999999997
11
159.8052519999999959
21
-104.8279039999999895
0
LINE
8
BLACK
6
CONTINUOUS
10
159.8052519999999959
20
-104.8279039999999895
11
159.6656069999999943
21
-104.7264469999999932
0
LINE
8
BLACK
6
CONTINUOUS
10
159.6656069999999943
20
-104.7264469999999932
11
159.5435530000000028
21
-104.6043930000000017
0
LINE
8
BLACK
6
CONTINUOUS
10
159.5435530000000028
20
-104.6043930000000017
11
159.4420959999999923
21
-104.4647480000000002
0
LINE
8
BLACK
6
CONTINUOUS
10
159.4420959999999923
20
-104.4647480000000002
11
159.3637329999999963
21
-104.3109520000000003
0
LINE
8
BLACK
6
CONTINUOUS
10
159.3637329999999963
20
-104.3109520000000003
11
159.3103930000000048
21
-104.1467899999999958
0
LINE
8
BLACK
6
CONTINUOUS
10
159.3103930000000048
20
-104.1467899999999958
11
159.2833909999999946
21
-103.9763049999999964
0
LINE
8
BLACK
6
CONTINUOUS
10
159.2833909999999946
20
-103.9763049999999964
11
159.2833909999999946
21
-103.8036949999999905
0
LINE
8
BLACK
6
CONTINUOUS
10
159.2833909999999946
20
-103.8036949999999905
11
159.3103930000000048
21
-103.6332099999999912
0
LINE
8
BLACK
6
CONTINUOUS
10
159.3103930000000048
20
-103.6332099999999912
11
159.3637329999999963
21
-103.4690480000000008
0
LINE
8
BLACK
6
CONTINUOUS
10
159.3637329999999963
20
-103.4690480000000008
11
159.4420959999999923
21
-103.315252000000001
0
LINE
8
BLACK
6
CONTINUOUS
10
159.4420959999999923
20
-103.315252000000001
11
159.5435530000000028
21
-103.1756069999999994
0
LINE
8
BLACK
6
CONTINUOUS
10
159.5435530000000028
20
-103.1756069999999994
11
159.6656069999999943
21
-103.0535529999999937
0
LINE
8
BLACK
6
CONTINUOUS
10
159.6656069999999943
20
-103.0535529999999937
11
159.8052519999999959
21
-102.9520959999999974
0
LINE
8
BLACK
6
CONTINUOUS
10
159.8052519999999959
20
-102.9520959999999974
11
159.9590479999999957
21
-102.8737330000000014
0
LINE
8
BLACK
6
CONTINUOUS
10
159.9590479999999957
20
-102.8737330000000014
11
160.1232100000000003
21
-102.8203929999999957
0
LINE
8
BLACK
6
CONTINUOUS
10
160.1232100000000003
20
-102.8203929999999957
11
160.2936949999999854
21
-102.7933909999999997
0
LINE
8
BLACK
6
CONTINUOUS
10
160.2936949999999854
20
-102.7933909999999997
11
160.4663050000000055
21
-102.7933909999999997
0
LINE
8
BLACK
6
CONTINUOUS
10
160.4663050000000055
20
-102.7933909999999997
11
160.6367899999999906
21
-102.8203929999999957
0
LINE
8
BLACK
6
CONTINUOUS
10
160.6367899999999906
20
-102.8203929999999957
11
160.8009519999999952
21
-102.8737330000000014
0
LINE
8
BLACK
6
CONTINUOUS
10
160.8009519999999952
20
-102.8737330000000014
11
160.954747999999995
21
-102.9520959999999974
0
LINE
8
BLACK
6
CONTINUOUS
10
160.954747999999995
20
-102.9520959999999974
11
161.0943929999999966
21
-103.0535529999999937
0
LINE
8
BLACK
6
CONTINUOUS
10
161.0943929999999966
20
-103.0535529999999937
11
161.2164469999999881
21
-103.1756069999999994
0
LINE
8
BLACK
6
CONTINUOUS
10
161.2164469999999881
20
-103.1756069999999994
11
161.3179039999999986
21
-103.315252000000001
0
LINE
8
BLACK
6
CONTINUOUS
10
161.3179039999999986
20
-103.315252000000001
11
161.3559899999999914
21
-103.3900000000000006
0
LINE
8
BLACK
6
CONTINUOUS
10
161.3559899999999914
20
-103.3900000000000006
11
164.8949999999999818
21
-103.3900000000000006
0
LINE
8
BLACK
6
CONTINUOUS
10
164.8949999999999818
20
-103.3900000000000006
11
164.8949999999999818
21
-103.3399999999999892
0
LINE
8
BLACK
6
CONTINUOUS
10
164.8949999999999818
20
-103.3399999999999892
11
164.9140299999999968
21
-103.2443289999999934
0
LINE
8
BLACK
6
CONTINUOUS
10
164.9140299999999968
20
-103.2443289999999934
11
164.9682229999999947
21
-103.1632230000000021
0
LINE
8
BLACK
6
CONTINUOUS
10
164.9682229999999947
20
-103.1632230000000021
11
165.0493290000000002
21
-103.10902999999999
0
LINE
8
BLACK
6
CONTINUOUS
10
165.0493290000000002
20
-103.10902999999999
11
165.1449999999999818
21
-103.0899999999999892
0
LINE
8
BLACK
6
CONTINUOUS
10
165.1449999999999818
20
-103.0899999999999892
11
165.1949999999999932
21
-103.0899999999999892
0
LINE
8
BLACK
6
CONTINUOUS
10
165.1949999999999932
20
-103.0899999999999892
11
165.1949999999999932
21
-98.3499999999999943
0
LINE
8
BLACK
6
CONTINUOUS
10
165.1949999999999932
20
-98.3499999999999943
11
164.8449999999999989
21
-98.3499999999999943
0
LINE
8
BLACK
6
CONTINUOUS
10
164.8449999999999989
20
-98.3499999999999943
11
164.8449999999999989
21
-96.6499999999999915
0
LINE
8
BLACK
6
CONTINUOUS
10
164.8449999999999989
20
-96.6499999999999915
11
166.5449999999999875
21
-96.6499999999999915
0
LINE
8
BLACK
6
CONTINUOUS
10
166.5449999999999875
20
-96.6499999999999915
11
166.5449999999999875
21
-98.3499999999999943
0
LINE
8
BLACK
6
CONTINUOUS
10
167.1690079999999909
20
-98.5578229999999991
11
167.182391999999993
21
-98.5694189999999963
0
LINE
8
BLACK
6
CONTINUOUS
10
167.182391999999993
20
-98.5694189999999963
11
167.1981810000000053
21
-98.5852079999999944
0
LINE
8
BLACK
6
CONTINUOUS
10
167.1981810000000053
20
-98.5852079999999944
11
167.2316659999999899
21
-98.646530999999996
0
LINE
8
BLACK
6
CONTINUOUS
10
167.2316659999999899
20
-98.646530999999996
11
167.234499999999997
21
-98.6728889999999978
0
LINE
8
BLACK
6
CONTINUOUS
10
167.234499999999997
20
-98.6728889999999978
11
167.234499999999997
21
-103.1955799999999925
0
LINE
8
BLACK
6
CONTINUOUS
10
167.234499999999997
20
-103.1955799999999925
11
167.2148149999999873
21
-103.2626190000000008
0
LINE
8
BLACK
6
CONTINUOUS
10
167.2148149999999873
20
-103.2626190000000008
11
167.1620109999999784
21
-103.3083740000000006
0
LINE
8
BLACK
6
CONTINUOUS
10
167.1620109999999784
20
-103.3083740000000006
11
167.092852999999991
21
-103.3183179999999908
0
LINE
8
BLACK
6
CONTINUOUS
10
167.092852999999991
20
-103.3183179999999908
11
167.0292969999999855
21
-103.2892930000000007
0
LINE
8
BLACK
6
CONTINUOUS
10
167.0292969999999855
20
-103.2892930000000007
11
166.9915230000000008
21
-103.2305149999999969
0
LINE
8
BLACK
6
CONTINUOUS
10
166.9915230000000008
20
-103.2305149999999969
11
166.9871420000000057
21
-103.2081819999999936
0
LINE
8
BLACK
6
CONTINUOUS
10
166.9871420000000057
20
-103.2081819999999936
11
166.9849989999999877
21
-103.1872029999999967
0
LINE
8
BLACK
6
CONTINUOUS
10
166.9849989999999877
20
-103.1872029999999967
11
166.9298139999999933
21
-103.0206659999999914
0
LINE
8
BLACK
6
CONTINUOUS
10
166.9298139999999933
20
-103.0206659999999914
11
166.837711999999982
21
-102.8713439999999935
0
LINE
8
BLACK
6
CONTINUOUS
10
166.837711999999982
20
-102.8713439999999935
11
166.7318180000000041
21
-102.7654500000000013
0
LINE
8
BLACK
6
CONTINUOUS
10
166.7318180000000041
20
-102.7654500000000013
11
166.6983339999999885
21
-102.7041269999999997
0
LINE
8
BLACK
6
CONTINUOUS
10
166.6983339999999885
20
-102.7041269999999997
11
166.6954999999999814
21
-102.6777689999999978
0
LINE
8
BLACK
6
CONTINUOUS
10
166.6954999999999814
20
-102.6777689999999978
11
166.6954999999999814
21
-98.9141410000000008
0
LINE
8
BLACK
6
CONTINUOUS
10
166.6954999999999814
20
-98.9141410000000008
11
166.7151849999999911
21
-98.8471019999999925
0
LINE
8
BLACK
6
CONTINUOUS
10
166.7151849999999911
20
-98.8471019999999925
11
166.767989
21
-98.8013469999999927
0
LINE
8
BLACK
6
CONTINUOUS
10
166.767989
20
-98.8013469999999927
11
166.7761490000000038
21
-98.7979660000000024
0
LINE
8
BLACK
6
CONTINUOUS
10
166.7761490000000038
20
-98.7979660000000024
11
166.7873309999999947
21
-98.7937960000000004
0
LINE
8
BLACK
6
CONTINUOUS
10
166.7873309999999947
20
-98.7937960000000004
11
166.902546000000001
21
-98.7075459999999936
0
LINE
8
BLACK
6
CONTINUOUS
10
166.902546000000001
20
-98.7075459999999936
11
166.9786759999999788
21
-98.6058499999999896
0
LINE
8
BLACK
6
CONTINUOUS
10
166.9786759999999788
20
-98.6058499999999896
11
166.9941120000000012
21
-98.5852309999999932
0
LINE
8
BLACK
6
CONTINUOUS
10
166.9941120000000012
20
-98.5852309999999932
11
166.9965210000000013
21
-98.5870339999999885
0
LINE
8
BLACK
6
CONTINUOUS
10
166.9965210000000013
20
-98.5870339999999885
11
167.0352689999999996
21
-98.5482760000000013
0
LINE
8
BLACK
6
CONTINUOUS
10
167.0352689999999996
20
-98.5482760000000013
11
167.1035399999999811
21
-98.5334149999999909
0
LINE
8
BLACK
6
CONTINUOUS
10
167.1035399999999811
20
-98.5334149999999909
11
167.1690079999999909
21
-98.5578229999999991
0
LINE
8
BLACK
6
CONTINUOUS
10
171.5667839999999842
20
-88.41157299999999
11
171.5705009999999788
21
-88.4107190000000003
0
LINE
8
BLACK
6
CONTINUOUS
10
171.5705009999999788
20
-88.4107190000000003
11
171.6000530000000026
21
-88.4213419999999957
0
LINE
8
BLACK
6
CONTINUOUS
10
171.6000530000000026
20
-88.4213419999999957
11
171.6301660000000027
21
-88.4301849999999945
0
LINE
8
BLACK
6
CONTINUOUS
10
171.6301660000000027
20
-88.4301849999999945
11
171.6337039999999945
21
-88.4334399999999903
0
LINE
8
BLACK
6
CONTINUOUS
10
171.6337039999999945
20
-88.4334399999999903
11
171.6362519999999847
21
-88.434355999999994
0
LINE
8
BLACK
6
CONTINUOUS
10
171.6362519999999847
20
-88.434355999999994
11
171.661502999999982
21
-88.4590139999999963
0
LINE
8
BLACK
6
CONTINUOUS
10
171.661502999999982
20
-88.4590139999999963
11
171.7187509999999975
21
-88.533621999999994
0
LINE
8
BLACK
6
CONTINUOUS
10
171.7187509999999975
20
-88.533621999999994
11
171.7187569999999823
21
-88.5336289999999906
0
LINE
8
BLACK
6
CONTINUOUS
10
171.7187569999999823
20
-88.5336289999999906
11
171.8763739999999984
21
-88.6912459999999925
0
LINE
8
BLACK
6
CONTINUOUS
10
171.8763739999999984
20
-88.6912459999999925
11
172.0074719999999786
21
-88.7918399999999934
0
LINE
8
BLACK
6
CONTINUOUS
10
172.0074719999999786
20
-88.7918399999999934
11
172.0532259999999951
21
-88.8269480000000016
0
LINE
8
BLACK
6
CONTINUOUS
10
172.0532259999999951
20
-88.8269480000000016
11
172.2462739999999997
21
-88.938405000000003
0
LINE
8
BLACK
6
CONTINUOUS
10
172.2462739999999997
20
-88.938405000000003
11
172.3105500000000063
21
-88.9650290000000012
0
LINE
8
BLACK
6
CONTINUOUS
10
172.3105500000000063
20
-88.9650290000000012
11
172.403554999999983
21
-89.0035529999999966
0
LINE
8
BLACK
6
CONTINUOUS
10
172.403554999999983
20
-89.0035529999999966
11
172.4522189999999853
21
-89.0237099999999941
0
LINE
8
BLACK
6
CONTINUOUS
10
172.4522189999999853
20
-89.0237099999999941
11
172.6675369999999816
21
-89.081403999999992
0
LINE
8
BLACK
6
CONTINUOUS
10
172.6675369999999816
20
-89.081403999999992
11
172.8885429999999985
21
-89.1105000000000018
0
LINE
8
BLACK
6
CONTINUOUS
10
172.8885429999999985
20
-89.1105000000000018
11
172.8885499999999809
21
-89.1105000000000018
0
LINE
8
BLACK
6
CONTINUOUS
10
172.8885499999999809
20
-89.1105000000000018
11
173.1114499999999907
21
-89.1105000000000018
0
LINE
8
BLACK
6
CONTINUOUS
10
173.1114499999999907
20
-89.1105000000000018
11
173.1114570000000015
21
-89.1105000000000018
0
LINE
8
BLACK
6
CONTINUOUS
10
173.1114570000000015
20
-89.1105000000000018
11
173.33246299999999
21
-89.081403999999992
0
LINE
8
BLACK
6
CONTINUOUS
10
173.33246299999999
20
-89.081403999999992
11
173.5477809999999863
21
-89.0237099999999941
0
LINE
8
BLACK
6
CONTINUOUS
10
173.5477809999999863
20
-89.0237099999999941
11
173.7537260000000003
21
-88.938405000000003
0
LINE
8
BLACK
6
CONTINUOUS
10
173.7537260000000003
20
-88.938405000000003
11
173.9467740000000049
21
-88.8269480000000016
0
LINE
8
BLACK
6
CONTINUOUS
10
173.9467740000000049
20
-88.8269480000000016
11
174.0915919999999915
21
-88.7158259999999927
0
LINE
8
BLACK
6
CONTINUOUS
10
174.0915919999999915
20
-88.7158259999999927
11
174.1236260000000016
21
-88.6912459999999925
0
LINE
8
BLACK
6
CONTINUOUS
10
174.1236260000000016
20
-88.6912459999999925
11
174.123628999999994
21
-88.6912420000000026
0
LINE
8
BLACK
6
CONTINUOUS
10
174.123628999999994
20
-88.6912420000000026
11
174.2812419999999918
21
-88.5336289999999906
0
LINE
8
BLACK
6
CONTINUOUS
10
174.2812419999999918
20
-88.5336289999999906
11
174.2812469999999792
21
-88.533623999999989
0
LINE
8
BLACK
6
CONTINUOUS
10
174.2812469999999792
20
-88.533623999999989
11
174.3384969999999896
21
-88.4590129999999988
0
LINE
8
BLACK
6
CONTINUOUS
10
174.3384969999999896
20
-88.4590129999999988
11
174.3949240000000032
21
-88.4178110000000004
0
LINE
8
BLACK
6
CONTINUOUS
10
174.3949240000000032
20
-88.4178110000000004
11
174.4368729999999914
21
-88.410499999999999
0
LINE
8
BLACK
6
CONTINUOUS
10
174.4368729999999914
20
-88.410499999999999
11
175.5254999999999939
21
-88.410499999999999
0
LINE
8
BLACK
6
CONTINUOUS
10
175.5254999999999939
20
-88.410499999999999
11
175.5925389999999879
21
-88.4301849999999945
0
LINE
8
BLACK
6
CONTINUOUS
10
175.5925389999999879
20
-88.4301849999999945
11
175.6382940000000019
21
-88.4829889999999892
0
LINE
8
BLACK
6
CONTINUOUS
10
175.6382940000000019
20
-88.4829889999999892
11
175.6494999999999891
21
-88.5344999999999942
0
LINE
8
BLACK
6
CONTINUOUS
10
175.6494999999999891
20
-88.5344999999999942
11
175.6494999999999891
21
-88.6259620000000012
0
LINE
8
BLACK
6
CONTINUOUS
10
175.6494999999999891
20
-88.6259620000000012
11
175.6732569999999782
21
-88.7759590000000003
0
LINE
8
BLACK
6
CONTINUOUS
10
175.6732569999999782
20
-88.7759590000000003
11
175.6889099999999928
21
-88.8747850000000028
0
LINE
8
BLACK
6
CONTINUOUS
10
175.6889099999999928
20
-88.8747850000000028
11
175.766760000000005
21
-89.1143829999999895
0
LINE
8
BLACK
6
CONTINUOUS
10
175.766760000000005
20
-89.1143829999999895
11
175.8811319999999796
21
-89.3388479999999987
0
LINE
8
BLACK
6
CONTINUOUS
10
175.8811319999999796
20
-89.3388479999999987
11
176.0292010000000005
21
-89.5426489999999973
0
LINE
8
BLACK
6
CONTINUOUS
10
176.0292010000000005
20
-89.5426489999999973
11
176.0292049999999904
21
-89.5426539999999989
0
LINE
8
BLACK
6
CONTINUOUS
10
176.0292049999999904
20
-89.5426539999999989
11
176.2073450000000037
21
-89.7207939999999979
0
LINE
8
BLACK
6
CONTINUOUS
10
176.2073450000000037
20
-89.7207939999999979
11
176.207349999999991
21
-89.720798000000002
0
LINE
8
BLACK
6
CONTINUOUS
10
176.207349999999991
20
-89.720798000000002
11
176.371690000000001
21
-89.8401969999999892
0
LINE
8
BLACK
6
CONTINUOUS
10
176.371690000000001
20
-89.8401969999999892
11
176.4111549999999795
21
-89.8688700000000011
0
LINE
8
BLACK
6
CONTINUOUS
10
176.4111549999999795
20
-89.8688700000000011
11
176.5291569999999979
21
-89.9289950000000005
0
LINE
8
BLACK
6
CONTINUOUS
10
176.5291569999999979
20
-89.9289950000000005
11
176.6356159999999988
21
-89.9832389999999975
0
LINE
8
BLACK
6
CONTINUOUS
10
176.6356159999999988
20
-89.9832389999999975
11
176.6356179999999938
21
-89.9832389999999975
0
LINE
8
BLACK
6
CONTINUOUS
10
176.6356179999999938
20
-89.9832389999999975
11
176.6356209999999862
21
-89.9832409999999925
0
LINE
8
BLACK
6
CONTINUOUS
10
176.6356209999999862
20
-89.9832409999999925
11
176.8752149999999972
21
-90.061089999999993
0
LINE
8
BLACK
6
CONTINUOUS
10
176.8752149999999972
20
-90.061089999999993
11
177.1240379999999845
21
-90.1004999999999967
0
LINE
8
BLACK
6
CONTINUOUS
10
177.1240379999999845
20
-90.1004999999999967
11
177.124038999999982
21
-90.1004999999999967
0
LINE
8
BLACK
6
CONTINUOUS
10
177.124038999999982
20
-90.1004999999999967
11
177.3759609999999896
21
-90.1004999999999967
0
LINE
8
BLACK
6
CONTINUOUS
10
177.3759609999999896
20
-90.1004999999999967
11
177.375961999999987
21
-90.1004999999999967
0
LINE
8
BLACK
6
CONTINUOUS
10
177.375961999999987
20
-90.1004999999999967
11
177.6247850000000028
21
-90.061089999999993
0
LINE
8
BLACK
6
CONTINUOUS
10
177.6247850000000028
20
-90.061089999999993
11
177.8643789999999854
21
-89.9832409999999925
0
LINE
8
BLACK
6
CONTINUOUS
10
177.8643789999999854
20
-89.9832409999999925
11
178.0888449999999921
21
-89.8688700000000011
0
LINE
8
BLACK
6
CONTINUOUS
10
178.0888449999999921
20
-89.8688700000000011
11
178.2926559999999938
21
-89.7207930000000005
0
LINE
8
BLACK
6
CONTINUOUS
10
178.2926559999999938
20
-89.7207930000000005
11
178.2926689999999894
21
-89.7207789999999932
0
LINE
8
BLACK
6
CONTINUOUS
10
178.2926689999999894
20
-89.7207789999999932
11
178.2949590000000057
21
-89.7188249999999954
0
LINE
8
BLACK
6
CONTINUOUS
10
178.2949590000000057
20
-89.7188249999999954
11
178.2960209999999961
21
-89.7183479999999918
0
LINE
8
BLACK
6
CONTINUOUS
10
178.2960209999999961
20
-89.7183479999999918
11
178.2965979999999888
21
-89.7179299999999955
0
LINE
8
BLACK
6
CONTINUOUS
10
178.2965979999999888
20
-89.7179299999999955
11
178.2966849999999965
21
-89.7180510000000027
0
LINE
8
BLACK
6
CONTINUOUS
10
178.2966849999999965
20
-89.7180510000000027
11
178.3587179999999819
21
-89.6902489999999943
0
LINE
8
BLACK
6
CONTINUOUS
10
178.3587179999999819
20
-89.6902489999999943
11
178.427804999999978
21
-89.7006789999999938
0
LINE
8
BLACK
6
CONTINUOUS
10
178.427804999999978
20
-89.7006789999999938
11
178.4802849999999808
21
-89.7468049999999948
0
LINE
8
BLACK
6
CONTINUOUS
10
178.4802849999999808
20
-89.7468049999999948
11
178.4994999999999834
21
-89.8131079999999997
0
LINE
8
BLACK
6
CONTINUOUS
10
178.4994999999999834
20
-89.8131079999999997
11
178.4994999999999834
21
-97.2392179999999939
0
LINE
8
BLACK
6
CONTINUOUS
10
178.4994999999999834
20
-97.2392179999999939
11
178.4798150000000021
21
-97.3062570000000022
0
LINE
8
BLACK
6
CONTINUOUS
10
178.4798150000000021
20
-97.3062570000000022
11
178.4631809999999916
21
-97.3268989999999974
0
LINE
8
BLACK
6
CONTINUOUS
10
178.4631809999999916
20
-97.3268989999999974
11
173.4368989999999826
21
-102.3531809999999922
0
LINE
8
BLACK
6
CONTINUOUS
10
173.4368989999999826
20
-102.3531809999999922
11
173.3755759999999952
21
-102.3866659999999911
0
LINE
8
BLACK
6
CONTINUOUS
10
173.3755759999999952
20
-102.3866659999999911
11
173.3492179999999792
21
-102.3894999999999982
0
LINE
8
BLACK
6
CONTINUOUS
10
173.3492179999999792
20
-102.3894999999999982
11
173.1969029999999918
21
-102.3894999999999982
0
LINE
8
BLACK
6
CONTINUOUS
10
173.1969029999999918
20
-102.3894999999999982
11
172.9636309999999924
21
-102.4264459999999985
0
LINE
8
BLACK
6
CONTINUOUS
10
172.9636309999999924
20
-102.4264459999999985
11
172.7390029999999967
21
-102.4994329999999962
0
LINE
8
BLACK
6
CONTINUOUS
10
172.7390029999999967
20
-102.4994329999999962
11
172.5285659999999837
21
-102.6066569999999984
0
LINE
8
BLACK
6
CONTINUOUS
10
172.5285659999999837
20
-102.6066569999999984
11
172.438098999999994
21
-102.6723859999999888
0
LINE
8
BLACK
6
CONTINUOUS
10
172.438098999999994
20
-102.6723859999999888
11
172.3374900000000025
21
-102.745482999999993
0
LINE
8
BLACK
6
CONTINUOUS
10
172.3374900000000025
20
-102.745482999999993
11
172.3374879999999791
21
-102.7454850000000022
0
LINE
8
BLACK
6
CONTINUOUS
10
172.3374879999999791
20
-102.7454850000000022
11
172.3374869999999817
21
-102.7454850000000022
0
LINE
8
BLACK
6
CONTINUOUS
10
172.3374869999999817
20
-102.7454850000000022
11
172.1704849999999851
21
-102.9124869999999987
0
LINE
8
BLACK
6
CONTINUOUS
10
172.1704849999999851
20
-102.9124869999999987
11
172.1704849999999851
21
-102.9124879999999962
0
LINE
8
BLACK
6
CONTINUOUS
10
172.1704849999999851
20
-102.9124879999999962
11
172.1704829999999902
21
-102.9124899999999911
0
LINE
8
BLACK
6
CONTINUOUS
10
172.1704829999999902
20
-102.9124899999999911
11
172.1108619999999974
21
-102.9945499999999896
0
LINE
8
BLACK
6
CONTINUOUS
10
172.1108619999999974
20
-102.9945499999999896
11
172.0316569999999956
21
-103.1035660000000007
0
LINE
8
BLACK
6
CONTINUOUS
10
172.0316569999999956
20
-103.1035660000000007
11
171.9849849999999947
21
-103.1951660000000004
0
LINE
8
BLACK
6
CONTINUOUS
10
171.9849849999999947
20
-103.1951660000000004
11
171.9370099999999866
21
-103.2459619999999916
0
LINE
8
BLACK
6
CONTINUOUS
10
171.9370099999999866
20
-103.2459619999999916
11
171.8691890000000058
21
-103.2627569999999935
0
LINE
8
BLACK
6
CONTINUOUS
10
171.8691890000000058
20
-103.2627569999999935
11
171.803054000000003
21
-103.2402199999999937
0
LINE
8
BLACK
6
CONTINUOUS
10
171.803054000000003
20
-103.2402199999999937
11
171.7596029999999985
21
-103.1855039999999946
0
LINE
8
BLACK
6
CONTINUOUS
10
171.7596029999999985
20
-103.1855039999999946
11
171.7504999999999882
21
-103.1388709999999946
0
LINE
8
BLACK
6
CONTINUOUS
10
171.7504999999999882
20
-103.1388709999999946
11
171.7504999999999882
21
-91.401457999999991
0
LINE
8
BLACK
6
CONTINUOUS
10
171.7504999999999882
20
-91.401457999999991
11
171.7504989999999907
21
-91.4014569999999935
0
LINE
8
BLACK
6
CONTINUOUS
10
171.7504989999999907
20
-91.4014569999999935
11
171.7441209999999785
21
-91.3693889999999982
0
LINE
8
BLACK
6
CONTINUOUS
10
171.7441209999999785
20
-91.3693889999999982
11
171.7120519999999999
21
-91.2081649999999939
0
LINE
8
BLACK
6
CONTINUOUS
10
171.7120519999999999
20
-91.2081649999999939
11
171.6366319999999916
21
-91.0260859999999923
0
LINE
8
BLACK
6
CONTINUOUS
10
171.6366319999999916
20
-91.0260859999999923
11
171.6366309999999942
21
-91.0260849999999948
0
LINE
8
BLACK
6
CONTINUOUS
10
171.6366309999999942
20
-91.0260849999999948
11
171.6366280000000017
21
-91.0260789999999957
0
LINE
8
BLACK
6
CONTINUOUS
10
171.6366280000000017
20
-91.0260789999999957
11
171.5271400000000028
21
-90.8622189999999961
0
LINE
8
BLACK
6
CONTINUOUS
10
171.5271400000000028
20
-90.8622189999999961
11
171.527136999999982
21
-90.862214999999992
0
LINE
8
BLACK
6
CONTINUOUS
10
171.527136999999982
20
-90.862214999999992
11
169.2871009999999785
21
-88.6221809999999977
0
LINE
8
BLACK
6
CONTINUOUS
10
169.2871009999999785
20
-88.6221809999999977
11
169.2536159999999938
21
-88.5608579999999961
0
LINE
8
BLACK
6
CONTINUOUS
10
169.2536159999999938
20
-88.5608579999999961
11
169.2586000000000013
21
-88.4911659999999927
0
LINE
8
BLACK
6
CONTINUOUS
10
169.2586000000000013
20
-88.4911659999999927
11
169.300471999999985
21
-88.4352329999999967
0
LINE
8
BLACK
6
CONTINUOUS
10
169.300471999999985
20
-88.4352329999999967
11
169.3659360000000049
21
-88.410815999999997
0
LINE
8
BLACK
6
CONTINUOUS
10
169.3659360000000049
20
-88.410815999999997
11
169.374781999999982
21
-88.410499999999999
0
LINE
8
BLACK
6
CONTINUOUS
10
169.374781999999982
20
-88.410499999999999
11
171.5631269999999802
21
-88.410499999999999
0
LINE
8
BLACK
6
CONTINUOUS
10
171.5631269999999802
20
-88.410499999999999
11
171.5667839999999842
21
-88.41157299999999
0
LINE
8
BLACK
6
CONTINUOUS
10
169.3568909999999903
20
-78.7758189999999985
11
169.3775329999999997
21
-78.7924529999999947
0
LINE
8
BLACK
6
CONTINUOUS
10
169.3775329999999997
20
-78.7924529999999947
11
177.2728989999999953
21
-86.6878189999999904
0
LINE
8
BLACK
6
CONTINUOUS
10
177.2728989999999953
20
-86.6878189999999904
11
177.30638399999998
21
-86.749141999999992
0
LINE
8
BLACK
6
CONTINUOUS
10
177.30638399999998
20
-86.749141999999992
11
177.301400000000001
21
-86.8188339999999954
0
LINE
8
BLACK
6
CONTINUOUS
10
177.301400000000001
20
-86.8188339999999954
11
177.2595279999999889
21
-86.8747669999999914
0
LINE
8
BLACK
6
CONTINUOUS
10
177.2595279999999889
20
-86.8747669999999914
11
177.1940639999999973
21
-86.8991839999999911
0
LINE
8
BLACK
6
CONTINUOUS
10
177.1940639999999973
20
-86.8991839999999911
11
177.1852179999999919
21
-86.8994999999999891
0
LINE
8
BLACK
6
CONTINUOUS
10
177.1852179999999919
20
-86.8994999999999891
11
177.1191659999999786
21
-86.8994999999999891
0
LINE
8
BLACK
6
CONTINUOUS
10
177.1191659999999786
20
-86.8994999999999891
11
177.1191659999999786
21
-86.897987999999998
0
LINE
8
BLACK
6
CONTINUOUS
10
177.1191659999999786
20
-86.897987999999998
11
177.0573459999999955
21
-86.8849819999999937
0
LINE
8
BLACK
6
CONTINUOUS
10
177.0573459999999955
20
-86.8849819999999937
11
177.0283469999999966
21
-86.8634270000000015
0
LINE
8
BLACK
6
CONTINUOUS
10
177.0283469999999966
20
-86.8634270000000015
11
176.9414789999999869
21
-86.7765589999999918
0
LINE
8
BLACK
6
CONTINUOUS
10
176.9414789999999869
20
-86.7765589999999918
11
176.9414589999999805
21
-86.7765369999999905
0
LINE
8
BLACK
6
CONTINUOUS
10
176.9414589999999805
20
-86.7765369999999905
11
176.7977850000000046
21
-86.6328630000000004
0
LINE
8
BLACK
6
CONTINUOUS
10
176.7977850000000046
20
-86.6328630000000004
11
176.7977809999999863
21
-86.6328599999999938
0
LINE
8
BLACK
6
CONTINUOUS
10
176.7977809999999863
20
-86.6328599999999938
11
176.6339199999999892
21
-86.5233709999999974
0
LINE
8
BLACK
6
CONTINUOUS
10
176.6339199999999892
20
-86.5233709999999974
11
176.6339069999999936
21
-86.5233640000000008
0
LINE
8
BLACK
6
CONTINUOUS
10
176.6339069999999936
20
-86.5233640000000008
11
176.5091349999999863
21
-86.4716829999999987
0
LINE
8
BLACK
6
CONTINUOUS
10
176.5091349999999863
20
-86.4716829999999987
11
176.5091329999999914
21
-86.4716820000000013
0
LINE
8
BLACK
6
CONTINUOUS
10
176.5091329999999914
20
-86.4716820000000013
11
176.502096999999992
21
-86.4687679999999972
0
LINE
8
BLACK
6
CONTINUOUS
10
176.502096999999992
20
-86.4687679999999972
11
176.4518359999999859
21
-86.4479489999999942
0
LINE
8
BLACK
6
CONTINUOUS
10
176.4518359999999859
20
-86.4479489999999942
11
176.3551879999999983
21
-86.4287240000000025
0
LINE
8
BLACK
6
CONTINUOUS
10
176.3551879999999983
20
-86.4287240000000025
11
176.3506989999999917
21
-86.4278309999999976
0
LINE
8
BLACK
6
CONTINUOUS
10
176.3506989999999917
20
-86.4278309999999976
11
176.2585440000000006
21
-86.4094999999999942
0
LINE
8
BLACK
6
CONTINUOUS
10
176.2585440000000006
20
-86.4094999999999942
11
176.2585409999999797
21
-86.4094999999999942
0
LINE
8
BLACK
6
CONTINUOUS
10
176.2585409999999797
20
-86.4094999999999942
11
174.4368729999999914
21
-86.4094999999999942
0
LINE
8
BLACK
6
CONTINUOUS
10
174.4368729999999914
20
-86.4094999999999942
11
174.3698339999999973
21
-86.3898149999999987
0
LINE
8
BLACK
6
CONTINUOUS
10
174.3698339999999973
20
-86.3898149999999987
11
174.3384969999999896
21
-86.3609859999999969
0
LINE
8
BLACK
6
CONTINUOUS
10
174.3384969999999896
20
-86.3609859999999969
11
174.281248000000005
21
-86.2863770000000017
0
LINE
8
BLACK
6
CONTINUOUS
10
174.281248000000005
20
-86.2863770000000017
11
174.2812419999999918
21
-86.2863699999999909
0
LINE
8
BLACK
6
CONTINUOUS
10
174.2812419999999918
20
-86.2863699999999909
11
174.123628999999994
21
-86.1287569999999931
0
LINE
8
BLACK
6
CONTINUOUS
10
174.123628999999994
20
-86.1287569999999931
11
174.1236219999999832
21
-86.1287509999999941
0
LINE
8
BLACK
6
CONTINUOUS
10
174.1236219999999832
20
-86.1287509999999941
11
173.9467819999999847
21
-85.9930579999999907
0
LINE
8
BLACK
6
CONTINUOUS
10
173.9467819999999847
20
-85.9930579999999907
11
173.9467799999999897
21
-85.9930569999999932
0
LINE
8
BLACK
6
CONTINUOUS
10
173.9467799999999897
20
-85.9930569999999932
11
173.9467740000000049
21
-85.9930519999999916
0
LINE
8
BLACK
6
CONTINUOUS
10
173.9467740000000049
20
-85.9930519999999916
11
173.7537260000000003
21
-85.8815949999999901
0
LINE
8
BLACK
6
CONTINUOUS
10
173.7537260000000003
20
-85.8815949999999901
11
173.753721999999982
21
-85.8815929999999952
0
LINE
8
BLACK
6
CONTINUOUS
10
173.753721999999982
20
-85.8815929999999952
11
173.547789999999992
21
-85.7962929999999915
0
LINE
8
BLACK
6
CONTINUOUS
10
173.547789999999992
20
-85.7962929999999915
11
173.5477829999999813
21
-85.7962909999999965
0
LINE
8
BLACK
6
CONTINUOUS
10
173.5477829999999813
20
-85.7962909999999965
11
173.5477809999999863
21
-85.7962899999999991
0
LINE
8
BLACK
6
CONTINUOUS
10
173.5477809999999863
20
-85.7962899999999991
11
173.33246299999999
21
-85.7385960000000011
0
LINE
8
BLACK
6
CONTINUOUS
10
173.33246299999999
20
-85.7385960000000011
11
173.3324570000000051
21
-85.7385949999999895
0
LINE
8
BLACK
6
CONTINUOUS
10
173.3324570000000051
20
-85.7385949999999895
11
173.3324519999999893
21
-85.738593999999992
0
LINE
8
BLACK
6
CONTINUOUS
10
173.3324519999999893
20
-85.738593999999992
11
173.1114659999999787
21
-85.709501000000003
0
LINE
8
BLACK
6
CONTINUOUS
10
173.1114659999999787
20
-85.709501000000003
11
173.1114629999999863
21
-85.7094999999999914
0
LINE
8
BLACK
6
CONTINUOUS
10
173.1114629999999863
20
-85.7094999999999914
11
173.1114570000000015
21
-85.7094999999999914
0
LINE
8
BLACK
6
CONTINUOUS
10
173.1114570000000015
20
-85.7094999999999914
11
172.8885429999999985
21
-85.7094999999999914
0
LINE
8
BLACK
6
CONTINUOUS
10
172.8885429999999985
20
-85.7094999999999914
11
172.8885369999999853
21
-85.7094999999999914
0
LINE
8
BLACK
6
CONTINUOUS
10
172.8885369999999853
20
-85.7094999999999914
11
172.8885329999999954
21
-85.709501000000003
0
LINE
8
BLACK
6
CONTINUOUS
10
172.8885329999999954
20
-85.709501000000003
11
172.6675469999999848
21
-85.738593999999992
0
LINE
8
BLACK
6
CONTINUOUS
10
172.6675469999999848
20
-85.738593999999992
11
172.6675400000000025
21
-85.7385949999999895
0
LINE
8
BLACK
6
CONTINUOUS
10
172.6675400000000025
20
-85.7385949999999895
11
172.6675369999999816
21
-85.7385960000000011
0
LINE
8
BLACK
6
CONTINUOUS
10
172.6675369999999816
20
-85.7385960000000011
11
172.4657890000000009
21
-85.7926539999999989
0
LINE
8
BLACK
6
CONTINUOUS
10
172.4657890000000009
20
-85.7926539999999989
11
172.4522189999999853
21
-85.7962899999999991
0
LINE
8
BLACK
6
CONTINUOUS
10
172.4522189999999853
20
-85.7962899999999991
11
172.4522089999999821
21
-85.7962929999999915
0
LINE
8
BLACK
6
CONTINUOUS
10
172.4522089999999821
20
-85.7962929999999915
11
172.2462769999999921
21
-85.8815929999999952
0
LINE
8
BLACK
6
CONTINUOUS
10
172.2462769999999921
20
-85.8815929999999952
11
172.2462730000000022
21
-85.8815949999999901
0
LINE
8
BLACK
6
CONTINUOUS
10
172.2462730000000022
20
-85.8815949999999901
11
172.0532259999999951
21
-85.9930519999999916
0
LINE
8
BLACK
6
CONTINUOUS
10
172.0532259999999951
20
-85.9930519999999916
11
172.0532169999999894
21
-85.9930579999999907
0
LINE
8
BLACK
6
CONTINUOUS
10
172.0532169999999894
20
-85.9930579999999907
11
171.8763769999999909
21
-86.1287509999999941
0
LINE
8
BLACK
6
CONTINUOUS
10
171.8763769999999909
20
-86.1287509999999941
11
171.8763699999999801
21
-86.1287569999999931
0
LINE
8
BLACK
6
CONTINUOUS
10
171.8763699999999801
20
-86.1287569999999931
11
171.7187569999999823
21
-86.2863699999999909
0
LINE
8
BLACK
6
CONTINUOUS
10
171.7187569999999823
20
-86.2863699999999909
11
171.7187509999999975
21
-86.2863770000000017
0
LINE
8
BLACK
6
CONTINUOUS
10
171.7187509999999975
20
-86.2863770000000017
11
171.661502999999982
21
-86.3609859999999969
0
LINE
8
BLACK
6
CONTINUOUS
10
171.661502999999982
20
-86.3609859999999969
11
171.6050759999999968
21
-86.4021889999999928
0
LINE
8
BLACK
6
CONTINUOUS
10
171.6050759999999968
20
-86.4021889999999928
11
171.5631269999999802
21
-86.4094999999999942
0
LINE
8
BLACK
6
CONTINUOUS
10
171.5631269999999802
20
-86.4094999999999942
11
169.1868729999999914
21
-86.4094999999999942
0
LINE
8
BLACK
6
CONTINUOUS
10
169.1868729999999914
20
-86.4094999999999942
11
169.1198339999999973
21
-86.3898149999999987
0
LINE
8
BLACK
6
CONTINUOUS
10
169.1198339999999973
20
-86.3898149999999987
11
169.0884969999999896
21
-86.3609859999999969
0
LINE
8
BLACK
6
CONTINUOUS
10
169.0884969999999896
20
-86.3609859999999969
11
169.031248000000005
21
-86.2863770000000017
0
LINE
8
BLACK
6
CONTINUOUS
10
169.031248000000005
20
-86.2863770000000017
11
169.0312419999999918
21
-86.2863699999999909
0
LINE
8
BLACK
6
CONTINUOUS
10
169.0312419999999918
20
-86.2863699999999909
11
168.873628999999994
21
-86.1287569999999931
0
LINE
8
BLACK
6
CONTINUOUS
10
168.873628999999994
20
-86.1287569999999931
11
168.8736219999999832
21
-86.1287509999999941
0
LINE
8
BLACK
6
CONTINUOUS
10
168.8736219999999832
20
-86.1287509999999941
11
168.6967819999999847
21
-85.9930579999999907
0
LINE
8
BLACK
6
CONTINUOUS
10
168.6967819999999847
20
-85.9930579999999907
11
168.6967799999999897
21
-85.9930569999999932
0
LINE
8
BLACK
6
CONTINUOUS
10
168.6967799999999897
20
-85.9930569999999932
11
168.6967740000000049
21
-85.9930519999999916
0
LINE
8
BLACK
6
CONTINUOUS
10
168.6967740000000049
20
-85.9930519999999916
11
168.5037260000000003
21
-85.8815949999999901
0
LINE
8
BLACK
6
CONTINUOUS
10
168.5037260000000003
20
-85.8815949999999901
11
168.503721999999982
21
-85.8815929999999952
0
LINE
8
BLACK
6
CONTINUOUS
10
168.503721999999982
20
-85.8815929999999952
11
168.297789999999992
21
-85.7962929999999915
0
LINE
8
BLACK
6
CONTINUOUS
10
168.297789999999992
20
-85.7962929999999915
11
168.2977829999999813
21
-85.7962909999999965
0
LINE
8
BLACK
6
CONTINUOUS
10
168.2977829999999813
20
-85.7962909999999965
11
168.2977809999999863
21
-85.7962899999999991
0
LINE
8
BLACK
6
CONTINUOUS
10
168.2977809999999863
20
-85.7962899999999991
11
168.08246299999999
21
-85.7385960000000011
0
LINE
8
BLACK
6
CONTINUOUS
10
168.08246299999999
20
-85.7385960000000011
11
168.0824570000000051
21
-85.7385949999999895
0
LINE
8
BLACK
6
CONTINUOUS
10
168.0824570000000051
20
-85.7385949999999895
11
168.0824519999999893
21
-85.738593999999992
0
LINE
8
BLACK
6
CONTINUOUS
10
168.0824519999999893
20
-85.738593999999992
11
167.8614659999999787
21
-85.709501000000003
0
LINE
8
BLACK
6
CONTINUOUS
10
167.8614659999999787
20
-85.709501000000003
11
167.8614629999999863
21
-85.7094999999999914
0
LINE
8
BLACK
6
CONTINUOUS
10
167.8614629999999863
20
-85.7094999999999914
11
167.8614570000000015
21
-85.7094999999999914
0
LINE
8
BLACK
6
CONTINUOUS
10
167.8614570000000015
20
-85.7094999999999914
11
167.6385429999999985
21
-85.7094999999999914
0
LINE
8
BLACK
6
CONTINUOUS
10
167.6385429999999985
20
-85.7094999999999914
11
167.6385369999999853
21
-85.7094999999999914
0
LINE
8
BLACK
6
CONTINUOUS
10
167.6385369999999853
20
-85.7094999999999914
11
167.6385329999999954
21
-85.709501000000003
0
LINE
8
BLACK
6
CONTINUOUS
10
167.6385329999999954
20
-85.709501000000003
11
167.4175469999999848
21
-85.738593999999992
0
LINE
8
BLACK
6
CONTINUOUS
10
167.4175469999999848
20
-85.738593999999992
11
167.4175400000000025
21
-85.7385949999999895
0
LINE
8
BLACK
6
CONTINUOUS
10
167.4175400000000025
20
-85.7385949999999895
11
167.4175369999999816
21
-85.7385960000000011
0
LINE
8
BLACK
6
CONTINUOUS
10
167.4175369999999816
20
-85.7385960000000011
11
167.2157890000000009
21
-85.7926539999999989
0
LINE
8
BLACK
6
CONTINUOUS
10
167.2157890000000009
20
-85.7926539999999989
11
167.2022189999999853
21
-85.7962899999999991
0
LINE
8
BLACK
6
CONTINUOUS
10
167.2022189999999853
20
-85.7962899999999991
11
167.2022089999999821
21
-85.7962929999999915
0
LINE
8
BLACK
6
CONTINUOUS
10
167.2022089999999821
20
-85.7962929999999915
11
166.9962769999999921
21
-85.8815929999999952
0
LINE
8
BLACK
6
CONTINUOUS
10
166.9962769999999921
20
-85.8815929999999952
11
166.9962730000000022
21
-85.8815949999999901
0
LINE
8
BLACK
6
CONTINUOUS
10
166.9962730000000022
20
-85.8815949999999901
11
166.8032259999999951
21
-85.9930519999999916
0
LINE
8
BLACK
6
CONTINUOUS
10
166.8032259999999951
20
-85.9930519999999916
11
166.8032169999999894
21
-85.9930579999999907
0
LINE
8
BLACK
6
CONTINUOUS
10
166.8032169999999894
20
-85.9930579999999907
11
166.6263769999999909
21
-86.1287509999999941
0
LINE
8
BLACK
6
CONTINUOUS
10
166.6263769999999909
20
-86.1287509999999941
11
166.6263699999999801
21
-86.1287569999999931
0
LINE
8
BLACK
6
CONTINUOUS
10
166.6263699999999801
20
-86.1287569999999931
11
166.4687569999999823
21
-86.2863699999999909
0
LINE
8
BLACK
6
CONTINUOUS
10
166.4687569999999823
20
-86.2863699999999909
11
166.4687509999999975
21
-86.2863770000000017
0
LINE
8
BLACK
6
CONTINUOUS
10
166.4687509999999975
20
-86.2863770000000017
11
166.3330579999999941
21
-86.4632170000000002
0
LINE
8
BLACK
6
CONTINUOUS
10
166.3330579999999941
20
-86.4632170000000002
11
166.3330519999999808
21
-86.4632259999999917
0
LINE
8
BLACK
6
CONTINUOUS
10
166.3330519999999808
20
-86.4632259999999917
11
166.2215949999999793
21
-86.6562729999999988
0
LINE
8
BLACK
6
CONTINUOUS
10
166.2215949999999793
20
-86.6562729999999988
11
166.2215929999999844
21
-86.6562770000000029
0
LINE
8
BLACK
6
CONTINUOUS
10
166.2215929999999844
20
-86.6562770000000029
11
166.1362929999999949
21
-86.8622089999999929
0
LINE
8
BLACK
6
CONTINUOUS
10
166.1362929999999949
20
-86.8622089999999929
11
166.1362900000000025
21
-86.8622189999999961
0
LINE
8
BLACK
6
CONTINUOUS
10
166.1362900000000025
20
-86.8622189999999961
11
166.078597000000002
21
-87.077534
0
LINE
8
BLACK
6
CONTINUOUS
10
166.078597000000002
20
-87.077534
11
166.0785939999999812
21
-87.0775469999999956
0
LINE
8
BLACK
6
CONTINUOUS
10
166.0785939999999812
20
-87.0775469999999956
11
166.0495009999999922
21
-87.2985329999999919
0
LINE
8
BLACK
6
CONTINUOUS
10
166.0495009999999922
20
-87.2985329999999919
11
166.0494999999999948
21
-87.2985489999999942
0
LINE
8
BLACK
6
CONTINUOUS
10
166.0494999999999948
20
-87.2985489999999942
11
166.0494999999999948
21
-87.5214500000000015
0
LINE
8
BLACK
6
CONTINUOUS
10
166.0494999999999948
20
-87.5214500000000015
11
166.0495009999999922
21
-87.5214659999999895
0
LINE
8
BLACK
6
CONTINUOUS
10
166.0495009999999922
20
-87.5214659999999895
11
166.0785939999999812
21
-87.7424520000000001
0
LINE
8
BLACK
6
CONTINUOUS
10
166.0785939999999812
20
-87.7424520000000001
11
166.0785949999999787
21
-87.7424570000000017
0
LINE
8
BLACK
6
CONTINUOUS
10
166.0785949999999787
20
-87.7424570000000017
11
166.0785960000000046
21
-87.7424630000000008
0
LINE
8
BLACK
6
CONTINUOUS
10
166.0785960000000046
20
-87.7424630000000008
11
166.1272409999999979
21
-87.9240080000000006
0
LINE
8
BLACK
6
CONTINUOUS
10
166.1272409999999979
20
-87.9240080000000006
11
166.1362900000000025
21
-87.9577799999999996
0
LINE
8
BLACK
6
CONTINUOUS
10
166.1362900000000025
20
-87.9577799999999996
11
166.1362929999999949
21
-87.9577900000000028
0
LINE
8
BLACK
6
CONTINUOUS
10
166.1362929999999949
20
-87.9577900000000028
11
166.2215929999999844
21
-88.1637219999999928
0
LINE
8
BLACK
6
CONTINUOUS
10
166.2215929999999844
20
-88.1637219999999928
11
166.2215949999999793
21
-88.1637259999999969
0
LINE
8
BLACK
6
CONTINUOUS
10
166.2215949999999793
20
-88.1637259999999969
11
166.3330519999999808
21
-88.3567740000000015
0
LINE
8
BLACK
6
CONTINUOUS
10
166.3330519999999808
20
-88.3567740000000015
11
166.3330569999999966
21
-88.3567800000000005
0
LINE
8
BLACK
6
CONTINUOUS
10
166.3330569999999966
20
-88.3567800000000005
11
166.3330579999999941
21
-88.3567819999999955
0
LINE
8
BLACK
6
CONTINUOUS
10
166.3330579999999941
20
-88.3567819999999955
11
166.4687509999999975
21
-88.533621999999994
0
LINE
8
BLACK
6
CONTINUOUS
10
166.4687509999999975
20
-88.533621999999994
11
166.4687569999999823
21
-88.5336289999999906
0
LINE
8
BLACK
6
CONTINUOUS
10
166.4687569999999823
20
-88.5336289999999906
11
166.6263739999999984
21
-88.6912459999999925
0
LINE
8
BLACK
6
CONTINUOUS
10
166.6263739999999984
20
-88.6912459999999925
11
166.7757900000000006
21
-88.80589599999999
0
LINE
8
BLACK
6
CONTINUOUS
10
166.7757900000000006
20
-88.80589599999999
11
166.8148649999999975
21
-88.8568190000000016
0
LINE
8
BLACK
6
CONTINUOUS
10
166.8148649999999975
20
-88.8568190000000016
11
166.863365999999985
21
-88.9739099999999894
0
LINE
8
BLACK
6
CONTINUOUS
10
166.863365999999985
20
-88.9739099999999894
11
166.8633710000000008
21
-88.9739199999999926
0
LINE
8
BLACK
6
CONTINUOUS
10
166.8633710000000008
20
-88.9739199999999926
11
166.9728589999999997
21
-89.1377799999999922
0
LINE
8
BLACK
6
CONTINUOUS
10
166.9728589999999997
20
-89.1377799999999922
11
166.9728599999999972
21
-89.1377809999999897
0
LINE
8
BLACK
6
CONTINUOUS
10
166.9728599999999972
20
-89.1377809999999897
11
166.9728609999999946
21
-89.1377820000000014
0
LINE
8
BLACK
6
CONTINUOUS
10
166.9728609999999946
20
-89.1377820000000014
11
167.1122179999999844
21
-89.2771389999999911
0
LINE
8
BLACK
6
CONTINUOUS
10
167.1122179999999844
20
-89.2771389999999911
11
167.1122189999999819
21
-89.2771389999999911
0
LINE
8
BLACK
6
CONTINUOUS
10
167.1122189999999819
20
-89.2771389999999911
11
167.1192859999999882
21
-89.2842059999999975
0
LINE
8
BLACK
6
CONTINUOUS
10
167.1192859999999882
20
-89.2842059999999975
11
167.1192849999999908
21
-89.2842059999999975
0
LINE
8
BLACK
6
CONTINUOUS
10
167.1192849999999908
20
-89.2842059999999975
11
167.1192889999999807
21
-89.2842089999999899
0
LINE
8
BLACK
6
CONTINUOUS
10
167.1192889999999807
20
-89.2842089999999899
11
169.7131809999999916
21
-91.8781010000000009
0
LINE
8
BLACK
6
CONTINUOUS
10
169.7131809999999916
20
-91.8781010000000009
11
169.7466660000000047
21
-91.9394240000000025
0
LINE
8
BLACK
6
CONTINUOUS
10
169.7466660000000047
20
-91.9394240000000025
11
169.7494999999999834
21
-91.9657819999999901
0
LINE
8
BLACK
6
CONTINUOUS
10
169.7494999999999834
20
-91.9657819999999901
11
169.7494999999999834
21
-96.6511089999999911
0
LINE
8
BLACK
6
CONTINUOUS
10
169.7494999999999834
20
-96.6511089999999911
11
169.7298150000000021
21
-96.7181479999999993
0
LINE
8
BLACK
6
CONTINUOUS
10
169.7298150000000021
20
-96.7181479999999993
11
169.6770109999999931
21
-96.7639029999999991
0
LINE
8
BLACK
6
CONTINUOUS
10
169.6770109999999931
20
-96.7639029999999991
11
169.6078530000000057
21
-96.7738469999999893
0
LINE
8
BLACK
6
CONTINUOUS
10
169.6078530000000057
20
-96.7738469999999893
11
169.5442970000000003
21
-96.7448219999999992
0
LINE
8
BLACK
6
CONTINUOUS
10
169.5442970000000003
20
-96.7448219999999992
11
169.5197749999999814
21
-96.7159029999999973
0
LINE
8
BLACK
6
CONTINUOUS
10
169.5197749999999814
20
-96.7159029999999973
11
169.5183449999999823
21
-96.71356999999999
0
LINE
8
BLACK
6
CONTINUOUS
10
169.5183449999999823
20
-96.71356999999999
11
169.4729639999999904
21
-96.6511089999999911
0
LINE
8
BLACK
6
CONTINUOUS
10
169.4729639999999904
20
-96.6511089999999911
11
169.3795169999999928
21
-96.5224899999999906
0
LINE
8
BLACK
6
CONTINUOUS
10
169.3795169999999928
20
-96.5224899999999906
11
169.2125099999999804
21
-96.3554829999999924
0
LINE
8
BLACK
6
CONTINUOUS
10
169.2125099999999804
20
-96.3554829999999924
11
169.0214330000000018
21
-96.2166569999999979
0
LINE
8
BLACK
6
CONTINUOUS
10
169.0214330000000018
20
-96.2166569999999979
11
169.0009139999999945
21
-96.2062019999999904
0
LINE
8
BLACK
6
CONTINUOUS
10
169.0009139999999945
20
-96.2062019999999904
11
168.8109959999999887
21
-96.1094329999999957
0
LINE
8
BLACK
6
CONTINUOUS
10
168.8109959999999887
20
-96.1094329999999957
11
168.5863679999999931
21
-96.036445999999998
0
LINE
8
BLACK
6
CONTINUOUS
10
168.5863679999999931
20
-96.036445999999998
11
168.3530969999999911
21
-95.9994999999999976
0
LINE
8
BLACK
6
CONTINUOUS
10
168.3530969999999911
20
-95.9994999999999976
11
168.3530920000000037
21
-95.9994999999999976
0
LINE
8
BLACK
6
CONTINUOUS
10
168.3530920000000037
20
-95.9994999999999976
11
168.1169079999999951
21
-95.9994999999999976
0
LINE
8
BLACK
6
CONTINUOUS
10
168.1169079999999951
20
-95.9994999999999976
11
168.1169029999999793
21
-95.9994999999999976
0
LINE
8
BLACK
6
CONTINUOUS
10
168.1169029999999793
20
-95.9994999999999976
11
167.8836309999999798
21
-96.036445999999998
0
LINE
8
BLACK
6
CONTINUOUS
10
167.8836309999999798
20
-96.036445999999998
11
167.6590029999999842
21
-96.1094329999999957
0
LINE
8
BLACK
6
CONTINUOUS
10
167.6590029999999842
20
-96.1094329999999957
11
167.4485659999999996
21
-96.2166569999999979
0
LINE
8
BLACK
6
CONTINUOUS
10
167.4485659999999996
20
-96.2166569999999979
11
167.2574909999999875
21
-96.355481999999995
0
LINE
8
BLACK
6
CONTINUOUS
10
167.2574909999999875
20
-96.355481999999995
11
167.182391999999993
21
-96.4305809999999894
0
LINE
8
BLACK
6
CONTINUOUS
10
167.182391999999993
20
-96.4305809999999894
11
167.1210679999999797
21
-96.4640649999999908
0
LINE
8
BLACK
6
CONTINUOUS
10
167.1210679999999797
20
-96.4640649999999908
11
167.0513770000000022
21
-96.4590800000000002
0
LINE
8
BLACK
6
CONTINUOUS
10
167.0513770000000022
20
-96.4590800000000002
11
166.9954429999999945
21
-96.4172089999999997
0
LINE
8
BLACK
6
CONTINUOUS
10
166.9954429999999945
20
-96.4172089999999997
11
166.9924369999999954
21
-96.4125310000000013
0
LINE
8
BLACK
6
CONTINUOUS
10
166.9924369999999954
20
-96.4125310000000013
11
166.9025469999999984
21
-96.2924549999999897
0
LINE
8
BLACK
6
CONTINUOUS
10
166.9025469999999984
20
-96.2924549999999897
11
166.902544000000006
21
-96.2924519999999973
0
LINE
8
BLACK
6
CONTINUOUS
10
166.902544000000006
20
-96.2924519999999973
11
166.7873349999999846
21
-96.2062059999999946
0
LINE
8
BLACK
6
CONTINUOUS
10
166.7873349999999846
20
-96.2062059999999946
11
166.7873280000000022
21
-96.2062019999999904
0
LINE
8
BLACK
6
CONTINUOUS
10
166.7873280000000022
20
-96.2062019999999904
11
166.652481999999992
21
-96.1559079999999966
0
LINE
8
BLACK
6
CONTINUOUS
10
166.652481999999992
20
-96.1559079999999966
11
166.6524829999999895
21
-96.1559079999999966
0
LINE
8
BLACK
6
CONTINUOUS
10
166.6524829999999895
20
-96.1559079999999966
11
166.5928830000000005
21
-96.1495010000000008
0
LINE
8
BLACK
6
CONTINUOUS
10
166.5928830000000005
20
-96.1495010000000008
11
166.5928810000000055
21
-96.1494999999999891
0
LINE
8
BLACK
6
CONTINUOUS
10
166.5928810000000055
20
-96.1494999999999891
11
166.5928729999999973
21
-96.1494999999999891
0
LINE
8
BLACK
6
CONTINUOUS
10
166.5928729999999973
20
-96.1494999999999891
11
166.5928639999999916
21
-96.1494999999999891
0
LINE
8
BLACK
6
CONTINUOUS
10
166.5928639999999916
20
-96.1494999999999891
11
164.797128999999984
21
-96.1494999999999891
0
LINE
8
BLACK
6
CONTINUOUS
10
164.797128999999984
20
-96.1494999999999891
11
164.7971229999999991
21
-96.1495010000000008
0
LINE
8
BLACK
6
CONTINUOUS
10
164.7971229999999991
20
-96.1495010000000008
11
164.7375159999999994
21
-96.1559079999999966
0
LINE
8
BLACK
6
CONTINUOUS
10
164.7375159999999994
20
-96.1559079999999966
11
164.6026709999999866
21
-96.2062019999999904
0
LINE
8
BLACK
6
CONTINUOUS
10
164.6026709999999866
20
-96.2062019999999904
11
164.6026640000000043
21
-96.2062059999999946
0
LINE
8
BLACK
6
CONTINUOUS
10
164.6026640000000043
20
-96.2062059999999946
11
164.4874549999999829
21
-96.2924519999999973
0
LINE
8
BLACK
6
CONTINUOUS
10
164.4874549999999829
20
-96.2924519999999973
11
164.4874519999999904
21
-96.2924549999999897
0
LINE
8
BLACK
6
CONTINUOUS
10
164.4874519999999904
20
-96.2924549999999897
11
164.4012060000000019
21
-96.4076639999999969
0
LINE
8
BLACK
6
CONTINUOUS
10
164.4012060000000019
20
-96.4076639999999969
11
164.4012019999999836
21
-96.4076709999999935
0
LINE
8
BLACK
6
CONTINUOUS
10
164.4012019999999836
20
-96.4076709999999935
11
164.350908000000004
21
-96.5425169999999895
0
LINE
8
BLACK
6
CONTINUOUS
10
164.350908000000004
20
-96.5425169999999895
11
164.3445009999999797
21
-96.6021159999999952
0
LINE
8
BLACK
6
CONTINUOUS
10
164.3445009999999797
20
-96.6021159999999952
11
164.3444999999999823
21
-96.6021349999999899
0
LINE
8
BLACK
6
CONTINUOUS
10
164.3444999999999823
20
-96.6021349999999899
11
164.3444999999999823
21
-98.3978699999999975
0
LINE
8
BLACK
6
CONTINUOUS
10
164.3444999999999823
20
-98.3978699999999975
11
164.3445009999999797
21
-98.3978759999999966
0
LINE
8
BLACK
6
CONTINUOUS
10
164.3445009999999797
20
-98.3978759999999966
11
164.350908000000004
21
-98.4574829999999963
0
LINE
8
BLACK
6
CONTINUOUS
10
164.350908000000004
20
-98.4574829999999963
11
164.4012019999999836
21
-98.5923279999999949
0
LINE
8
BLACK
6
CONTINUOUS
10
164.4012019999999836
20
-98.5923279999999949
11
164.4012060000000019
21
-98.5923349999999914
0
LINE
8
BLACK
6
CONTINUOUS
10
164.4012060000000019
20
-98.5923349999999914
11
164.4874519999999904
21
-98.7075439999999986
0
LINE
8
BLACK
6
CONTINUOUS
10
164.4874519999999904
20
-98.7075439999999986
11
164.4874549999999829
21
-98.707546999999991
0
LINE
8
BLACK
6
CONTINUOUS
10
164.4874549999999829
20
-98.707546999999991
11
164.6026650000000018
21
-98.7937939999999912
0
LINE
8
BLACK
6
CONTINUOUS
10
164.6026650000000018
20
-98.7937939999999912
11
164.6026669999999967
21
-98.7937939999999912
0
LINE
8
BLACK
6
CONTINUOUS
10
164.6026669999999967
20
-98.7937939999999912
11
164.6026689999999917
21
-98.7937960000000004
0
LINE
8
BLACK
6
CONTINUOUS
10
164.6026689999999917
20
-98.7937960000000004
11
164.6138299999999788
21
-98.7979579999999942
0
LINE
8
BLACK
6
CONTINUOUS
10
164.6138299999999788
20
-98.7979579999999942
11
164.6697639999999865
21
-98.8398260000000022
0
LINE
8
BLACK
6
CONTINUOUS
10
164.6697639999999865
20
-98.8398260000000022
11
164.6941839999999786
21
-98.9052889999999962
0
LINE
8
BLACK
6
CONTINUOUS
10
164.6941839999999786
20
-98.9052889999999962
11
164.694500000000005
21
-98.9141410000000008
0
LINE
8
BLACK
6
CONTINUOUS
10
164.694500000000005
20
-98.9141410000000008
11
164.694500000000005
21
-102.6777689999999978
0
LINE
8
BLACK
6
CONTINUOUS
10
164.694500000000005
20
-102.6777689999999978
11
164.6858550000000037
21
-102.7072089999999918
0
LINE
8
BLACK
6
CONTINUOUS
10
164.6858550000000037
20
-102.7072089999999918
11
164.6793319999999881
21
-102.7371959999999973
0
LINE
8
BLACK
6
CONTINUOUS
10
164.6793319999999881
20
-102.7371959999999973
11
164.6755770000000041
21
-102.7422109999999975
0
LINE
8
BLACK
6
CONTINUOUS
10
164.6755770000000041
20
-102.7422109999999975
11
164.6748149999999953
21
-102.7448079999999919
0
LINE
8
BLACK
6
CONTINUOUS
10
164.6748149999999953
20
-102.7448079999999919
11
164.6581809999999848
21
-102.7654500000000013
0
LINE
8
BLACK
6
CONTINUOUS
10
164.6581809999999848
20
-102.7654500000000013
11
164.5704499999999939
21
-102.8531809999999922
0
LINE
8
BLACK
6
CONTINUOUS
10
164.5704499999999939
20
-102.8531809999999922
11
164.5091270000000065
21
-102.8866659999999911
0
LINE
8
BLACK
6
CONTINUOUS
10
164.5091270000000065
20
-102.8866659999999911
11
164.4827689999999905
21
-102.8894999999999982
0
LINE
8
BLACK
6
CONTINUOUS
10
164.4827689999999905
20
-102.8894999999999982
11
161.6939619999999991
21
-102.8894999999999982
0
LINE
8
BLACK
6
CONTINUOUS
10
161.6939619999999991
20
-102.8894999999999982
11
161.626923000000005
21
-102.8698149999999885
0
LINE
8
BLACK
6
CONTINUOUS
10
161.626923000000005
20
-102.8698149999999885
11
161.6046499999999924
21
-102.8503759999999971
0
LINE
8
BLACK
6
CONTINUOUS
10
161.6046499999999924
20
-102.8503759999999971
11
161.604237999999981
21
-102.8507889999999918
0
LINE
8
BLACK
6
CONTINUOUS
10
161.604237999999981
20
-102.8507889999999918
11
161.4611299999999972
21
-102.7076809999999938
0
LINE
8
BLACK
6
CONTINUOUS
10
161.4611299999999972
20
-102.7076809999999938
11
161.4276449999999841
21
-102.6463579999999922
0
LINE
8
BLACK
6
CONTINUOUS
10
161.4276449999999841
20
-102.6463579999999922
11
161.4326289999999915
21
-102.5766659999999888
0
LINE
8
BLACK
6
CONTINUOUS
10
161.4326289999999915
20
-102.5766659999999888
11
161.4611299999999972
21
-102.5323190000000011
0
LINE
8
BLACK
6
CONTINUOUS
10
161.4611299999999972
20
-102.5323190000000011
11
161.5192309999999907
21
-102.4742179999999934
0
LINE
8
BLACK
6
CONTINUOUS
10
161.5192309999999907
20
-102.4742179999999934
11
161.6007929999999817
21
-102.3926560000000023
0
LINE
8
BLACK
6
CONTINUOUS
10
161.6007929999999817
20
-102.3926560000000023
11
161.7488699999999824
21
-102.1888450000000006
0
LINE
8
BLACK
6
CONTINUOUS
10
161.7488699999999824
20
-102.1888450000000006
11
161.8632409999999879
21
-101.9643789999999939
0
LINE
8
BLACK
6
CONTINUOUS
10
161.8632409999999879
20
-101.9643789999999939
11
161.9410900000000026
21
-101.7247849999999971
0
LINE
8
BLACK
6
CONTINUOUS
10
161.9410900000000026
20
-101.7247849999999971
11
161.9805000000000064
21
-101.4759619999999956
0
LINE
8
BLACK
6
CONTINUOUS
10
161.9805000000000064
20
-101.4759619999999956
11
161.9805000000000064
21
-101.2240379999999931
0
LINE
8
BLACK
6
CONTINUOUS
10
161.9805000000000064
20
-101.2240379999999931
11
161.9410900000000026
21
-100.9752149999999915
0
LINE
8
BLACK
6
CONTINUOUS
10
161.9410900000000026
20
-100.9752149999999915
11
161.8632409999999879
21
-100.7356209999999948
0
LINE
8
BLACK
6
CONTINUOUS
10
161.8632409999999879
20
-100.7356209999999948
11
161.863238999999993
21
-100.7356180000000023
0
LINE
8
BLACK
6
CONTINUOUS
10
161.863238999999993
20
-100.7356180000000023
11
161.863238999999993
21
-100.7356159999999932
0
LINE
8
BLACK
6
CONTINUOUS
10
161.863238999999993
20
-100.7356159999999932
11
161.8217420000000004
21
-100.6541749999999951
0
LINE
8
BLACK
6
CONTINUOUS
10
161.8217420000000004
20
-100.6541749999999951
11
161.7488699999999824
21
-100.5111550000000022
0
LINE
8
BLACK
6
CONTINUOUS
10
161.7488699999999824
20
-100.5111550000000022
11
161.6284949999999867
21
-100.3454720000000009
0
LINE
8
BLACK
6
CONTINUOUS
10
161.6284949999999867
20
-100.3454720000000009
11
161.6007979999999975
21
-100.3073499999999996
0
LINE
8
BLACK
6
CONTINUOUS
10
161.6007979999999975
20
-100.3073499999999996
11
161.6007939999999792
21
-100.307344999999998
0
LINE
8
BLACK
6
CONTINUOUS
10
161.6007939999999792
20
-100.307344999999998
11
161.4611299999999972
21
-100.1676810000000017
0
LINE
8
BLACK
6
CONTINUOUS
10
161.4611299999999972
20
-100.1676810000000017
11
161.4276449999999841
21
-100.1063580000000002
0
LINE
8
BLACK
6
CONTINUOUS
10
161.4276449999999841
20
-100.1063580000000002
11
161.4326289999999915
21
-100.0366659999999968
0
LINE
8
BLACK
6
CONTINUOUS
10
161.4326289999999915
20
-100.0366659999999968
11
161.4611299999999972
21
-99.9923189999999948
0
LINE
8
BLACK
6
CONTINUOUS
10
161.4611299999999972
20
-99.9923189999999948
11
161.6007929999999817
21
-99.8526559999999961
0
LINE
8
BLACK
6
CONTINUOUS
10
161.6007929999999817
20
-99.8526559999999961
11
161.7488699999999824
21
-99.6488449999999943
0
LINE
8
BLACK
6
CONTINUOUS
10
161.7488699999999824
20
-99.6488449999999943
11
161.8632409999999879
21
-99.4243790000000018
0
LINE
8
BLACK
6
CONTINUOUS
10
161.8632409999999879
20
-99.4243790000000018
11
161.9410900000000026
21
-99.1847849999999909
0
LINE
8
BLACK
6
CONTINUOUS
10
161.9410900000000026
20
-99.1847849999999909
11
161.9805000000000064
21
-98.9359619999999893
0
LINE
8
BLACK
6
CONTINUOUS
10
161.9805000000000064
20
-98.9359619999999893
11
161.9805000000000064
21
-98.684038000000001
0
LINE
8
BLACK
6
CONTINUOUS
10
161.9805000000000064
20
-98.684038000000001
11
161.9410900000000026
21
-98.4352149999999995
0
LINE
8
BLACK
6
CONTINUOUS
10
161.9410900000000026
20
-98.4352149999999995
11
161.8632409999999879
21
-98.1956209999999885
0
LINE
8
BLACK
6
CONTINUOUS
10
161.8632409999999879
20
-98.1956209999999885
11
161.863238999999993
21
-98.1956179999999961
0
LINE
8
BLACK
6
CONTINUOUS
10
161.863238999999993
20
-98.1956179999999961
11
161.863238999999993
21
-98.1956160000000011
0
LINE
8
BLACK
6
CONTINUOUS
10
161.863238999999993
20
-98.1956160000000011
11
161.8022870000000069
21
-98.0759919999999994
0
LINE
8
BLACK
6
CONTINUOUS
10
161.8022870000000069
20
-98.0759919999999994
11
161.7488699999999824
21
-97.971154999999996
0
LINE
8
BLACK
6
CONTINUOUS
10
161.7488699999999824
20
-97.971154999999996
11
161.6618399999999838
21
-97.8513679999999937
0
LINE
8
BLACK
6
CONTINUOUS
10
161.6618399999999838
20
-97.8513679999999937
11
161.6007979999999975
21
-97.7673499999999933
0
LINE
8
BLACK
6
CONTINUOUS
10
161.6007979999999975
20
-97.7673499999999933
11
161.6007939999999792
21
-97.7673449999999917
0
LINE
8
BLACK
6
CONTINUOUS
10
161.6007939999999792
20
-97.7673449999999917
11
161.4611299999999972
21
-97.6276809999999955
0
LINE
8
BLACK
6
CONTINUOUS
10
161.4611299999999972
20
-97.6276809999999955
11
161.4276449999999841
21
-97.5663579999999939
0
LINE
8
BLACK
6
CONTINUOUS
10
161.4276449999999841
20
-97.5663579999999939
11
161.4326289999999915
21
-97.4966659999999905
0
LINE
8
BLACK
6
CONTINUOUS
10
161.4326289999999915
20
-97.4966659999999905
11
161.4611299999999972
21
-97.4523189999999886
0
LINE
8
BLACK
6
CONTINUOUS
10
161.4611299999999972
20
-97.4523189999999886
11
161.4875299999999925
21
-97.4259189999999933
0
LINE
8
BLACK
6
CONTINUOUS
10
161.4875299999999925
20
-97.4259189999999933
11
161.6007929999999817
21
-97.3126559999999898
0
LINE
8
BLACK
6
CONTINUOUS
10
161.6007929999999817
20
-97.3126559999999898
11
161.7488699999999824
21
-97.1088450000000023
0
LINE
8
BLACK
6
CONTINUOUS
10
161.7488699999999824
20
-97.1088450000000023
11
161.8632409999999879
21
-96.8843789999999956
0
LINE
8
BLACK
6
CONTINUOUS
10
161.8632409999999879
20
-96.8843789999999956
11
161.9410900000000026
21
-96.6447849999999988
0
LINE
8
BLACK
6
CONTINUOUS
10
161.9410900000000026
20
-96.6447849999999988
11
161.9805000000000064
21
-96.3959619999999973
0
LINE
8
BLACK
6
CONTINUOUS
10
161.9805000000000064
20
-96.3959619999999973
11
161.9805000000000064
21
-96.1440379999999948
0
LINE
8
BLACK
6
CONTINUOUS
10
161.9805000000000064
20
-96.1440379999999948
11
161.9410900000000026
21
-95.8952149999999932
0
LINE
8
BLACK
6
CONTINUOUS
10
161.9410900000000026
20
-95.8952149999999932
11
161.8632409999999879
21
-95.6556209999999965
0
LINE
8
BLACK
6
CONTINUOUS
10
161.8632409999999879
20
-95.6556209999999965
11
161.863238999999993
21
-95.6556179999999898
0
LINE
8
BLACK
6
CONTINUOUS
10
161.863238999999993
20
-95.6556179999999898
11
161.863238999999993
21
-95.6556159999999949
0
LINE
8
BLACK
6
CONTINUOUS
10
161.863238999999993
20
-95.6556159999999949
11
161.8217469999999878
21
-95.5741840000000025
0
LINE
8
BLACK
6
CONTINUOUS
10
161.8217469999999878
20
-95.5741840000000025
11
161.7488699999999824
21
-95.4311549999999897
0
LINE
8
BLACK
6
CONTINUOUS
10
161.7488699999999824
20
-95.4311549999999897
11
161.7299519999999973
21
-95.40511699999999
0
LINE
8
BLACK
6
CONTINUOUS
10
161.7299519999999973
20
-95.40511699999999
11
161.6007979999999975
21
-95.2273500000000013
0
LINE
8
BLACK
6
CONTINUOUS
10
161.6007979999999975
20
-95.2273500000000013
11
161.6007939999999792
21
-95.2273449999999997
0
LINE
8
BLACK
6
CONTINUOUS
10
161.6007939999999792
20
-95.2273449999999997
11
161.4611299999999972
21
-95.0876809999999892
0
LINE
8
BLACK
6
CONTINUOUS
10
161.4611299999999972
20
-95.0876809999999892
11
161.4276449999999841
21
-95.0263580000000019
0
LINE
8
BLACK
6
CONTINUOUS
10
161.4276449999999841
20
-95.0263580000000019
11
161.4326289999999915
21
-94.9566659999999985
0
LINE
8
BLACK
6
CONTINUOUS
10
161.4326289999999915
20
-94.9566659999999985
11
161.4611299999999972
21
-94.9123189999999965
0
LINE
8
BLACK
6
CONTINUOUS
10
161.4611299999999972
20
-94.9123189999999965
11
161.6007929999999817
21
-94.7726559999999978
0
LINE
8
BLACK
6
CONTINUOUS
10
161.6007929999999817
20
-94.7726559999999978
11
161.7488699999999824
21
-94.568844999999996
0
LINE
8
BLACK
6
CONTINUOUS
10
161.7488699999999824
20
-94.568844999999996
11
161.8632409999999879
21
-94.3443789999999893
0
LINE
8
BLACK
6
CONTINUOUS
10
161.8632409999999879
20
-94.3443789999999893
11
161.9410900000000026
21
-94.1047849999999926
0
LINE
8
BLACK
6
CONTINUOUS
10
161.9410900000000026
20
-94.1047849999999926
11
161.9805000000000064
21
-93.855961999999991
0
LINE
8
BLACK
6
CONTINUOUS
10
161.9805000000000064
20
-93.855961999999991
11
161.9805000000000064
21
-93.6040380000000027
0
LINE
8
BLACK
6
CONTINUOUS
10
161.9805000000000064
20
-93.6040380000000027
11
161.9410900000000026
21
-93.3552150000000012
0
LINE
8
BLACK
6
CONTINUOUS
10
161.9410900000000026
20
-93.3552150000000012
11
161.8632409999999879
21
-93.1156209999999902
0
LINE
8
BLACK
6
CONTINUOUS
10
161.8632409999999879
20
-93.1156209999999902
11
161.863238999999993
21
-93.1156179999999978
0
LINE
8
BLACK
6
CONTINUOUS
10
161.863238999999993
20
-93.1156179999999978
11
161.863238999999993
21
-93.1156160000000028
0
LINE
8
BLACK
6
CONTINUOUS
10
161.863238999999993
20
-93.1156160000000028
11
161.8217469999999878
21
-93.0341839999999962
0
LINE
8
BLACK
6
CONTINUOUS
10
161.8217469999999878
20
-93.0341839999999962
11
161.7488699999999824
21
-92.8911549999999977
0
LINE
8
BLACK
6
CONTINUOUS
10
161.7488699999999824
20
-92.8911549999999977
11
161.7299519999999973
21
-92.8651169999999979
0
LINE
8
BLACK
6
CONTINUOUS
10
161.7299519999999973
20
-92.8651169999999979
11
161.6007979999999975
21
-92.687349999999995
0
LINE
8
BLACK
6
CONTINUOUS
10
161.6007979999999975
20
-92.687349999999995
11
161.6007939999999792
21
-92.6873449999999934
0
LINE
8
BLACK
6
CONTINUOUS
10
161.6007939999999792
20
-92.6873449999999934
11
161.4611299999999972
21
-92.5476809999999972
0
LINE
8
BLACK
6
CONTINUOUS
10
161.4611299999999972
20
-92.5476809999999972
11
161.4276449999999841
21
-92.4863579999999956
0
LINE
8
BLACK
6
CONTINUOUS
10
161.4276449999999841
20
-92.4863579999999956
11
161.4326289999999915
21
-92.4166659999999922
0
LINE
8
BLACK
6
CONTINUOUS
10
161.4326289999999915
20
-92.4166659999999922
11
161.4611299999999972
21
-92.3723189999999903
0
LINE
8
BLACK
6
CONTINUOUS
10
161.4611299999999972
20
-92.3723189999999903
11
161.5205679999999973
21
-92.3128809999999902
0
LINE
8
BLACK
6
CONTINUOUS
10
161.5205679999999973
20
-92.3128809999999902
11
161.6007929999999817
21
-92.2326559999999915
0
LINE
8
BLACK
6
CONTINUOUS
10
161.6007929999999817
20
-92.2326559999999915
11
161.7488699999999824
21
-92.0288449999999898
0
LINE
8
BLACK
6
CONTINUOUS
10
161.7488699999999824
20
-92.0288449999999898
11
161.8632409999999879
21
-91.8043789999999973
0
LINE
8
BLACK
6
CONTINUOUS
10
161.8632409999999879
20
-91.8043789999999973
11
161.9410900000000026
21
-91.5647850000000005
0
LINE
8
BLACK
6
CONTINUOUS
10
161.9410900000000026
20
-91.5647850000000005
11
161.9805000000000064
21
-91.315961999999999
0
LINE
8
BLACK
6
CONTINUOUS
10
161.9805000000000064
20
-91.315961999999999
11
161.9805000000000064
21
-91.0640379999999965
0
LINE
8
BLACK
6
CONTINUOUS
10
161.9805000000000064
20
-91.0640379999999965
11
161.9410900000000026
21
-90.8152149999999949
0
LINE
8
BLACK
6
CONTINUOUS
10
161.9410900000000026
20
-90.8152149999999949
11
161.8632409999999879
21
-90.5756209999999982
0
LINE
8
BLACK
6
CONTINUOUS
10
161.8632409999999879
20
-90.5756209999999982
11
161.863238999999993
21
-90.5756179999999915
0
LINE
8
BLACK
6
CONTINUOUS
10
161.863238999999993
20
-90.5756179999999915
11
161.863238999999993
21
-90.5756159999999966
0
LINE
8
BLACK
6
CONTINUOUS
10
161.863238999999993
20
-90.5756159999999966
11
161.8217469999999878
21
-90.49418399999999
0
LINE
8
BLACK
6
CONTINUOUS
10
161.8217469999999878
20
-90.49418399999999
11
161.7488699999999824
21
-90.3511549999999914
0
LINE
8
BLACK
6
CONTINUOUS
10
161.7488699999999824
20
-90.3511549999999914
11
161.7002369999999871
21
-90.2842169999999982
0
LINE
8
BLACK
6
CONTINUOUS
10
161.7002369999999871
20
-90.2842169999999982
11
161.6007979999999975
21
-90.147350000000003
0
LINE
8
BLACK
6
CONTINUOUS
10
161.6007979999999975
20
-90.147350000000003
11
161.6007939999999792
21
-90.1473450000000014
0
LINE
8
BLACK
6
CONTINUOUS
10
161.6007939999999792
20
-90.1473450000000014
11
161.4611299999999972
21
-90.0076809999999909
0
LINE
8
BLACK
6
CONTINUOUS
10
161.4611299999999972
20
-90.0076809999999909
11
161.4276449999999841
21
-89.9463579999999894
0
LINE
8
BLACK
6
CONTINUOUS
10
161.4276449999999841
20
-89.9463579999999894
11
161.4326289999999915
21
-89.8766660000000002
0
LINE
8
BLACK
6
CONTINUOUS
10
161.4326289999999915
20
-89.8766660000000002
11
161.4611299999999972
21
-89.8323189999999983
0
LINE
8
BLACK
6
CONTINUOUS
10
161.4611299999999972
20
-89.8323189999999983
11
161.5163100000000043
21
-89.7771389999999911
0
LINE
8
BLACK
6
CONTINUOUS
10
161.5163100000000043
20
-89.7771389999999911
11
161.6007929999999817
21
-89.6926559999999995
0
LINE
8
BLACK
6
CONTINUOUS
10
161.6007929999999817
20
-89.6926559999999995
11
161.7488699999999824
21
-89.4888449999999978
0
LINE
8
BLACK
6
CONTINUOUS
10
161.7488699999999824
20
-89.4888449999999978
11
161.8632409999999879
21
-89.264378999999991
0
LINE
8
BLACK
6
CONTINUOUS
10
161.8632409999999879
20
-89.264378999999991
11
161.9410900000000026
21
-89.0247849999999943
0
LINE
8
BLACK
6
CONTINUOUS
10
161.9410900000000026
20
-89.0247849999999943
11
161.9805000000000064
21
-88.7759619999999927
0
LINE
8
BLACK
6
CONTINUOUS
10
161.9805000000000064
20
-88.7759619999999927
11
161.9805000000000064
21
-88.5240379999999902
0
LINE
8
BLACK
6
CONTINUOUS
10
161.9805000000000064
20
-88.5240379999999902
11
161.9410900000000026
21
-88.2752150000000029
0
LINE
8
BLACK
6
CONTINUOUS
10
161.9410900000000026
20
-88.2752150000000029
11
161.8632409999999879
21
-88.0356209999999919
0
LINE
8
BLACK
6
CONTINUOUS
10
161.8632409999999879
20
-88.0356209999999919
11
161.863238999999993
21
-88.0356179999999995
0
LINE
8
BLACK
6
CONTINUOUS
10
161.863238999999993
20
-88.0356179999999995
11
161.863238999999993
21
-88.0356159999999903
0
LINE
8
BLACK
6
CONTINUOUS
10
161.863238999999993
20
-88.0356159999999903
11
161.7868119999999976
21
-87.8856210000000004
0
LINE
8
BLACK
6
CONTINUOUS
10
161.7868119999999976
20
-87.8856210000000004
11
161.7488699999999824
21
-87.8111549999999994
0
LINE
8
BLACK
6
CONTINUOUS
10
161.7488699999999824
20
-87.8111549999999994
11
161.6989639999999895
21
-87.7424649999999957
0
LINE
8
BLACK
6
CONTINUOUS
10
161.6989639999999895
20
-87.7424649999999957
11
161.6007979999999975
21
-87.6073499999999967
0
LINE
8
BLACK
6
CONTINUOUS
10
161.6007979999999975
20
-87.6073499999999967
11
161.6007939999999792
21
-87.6073449999999951
0
LINE
8
BLACK
6
CONTINUOUS
10
161.6007939999999792
20
-87.6073449999999951
11
161.4611299999999972
21
-87.4676809999999989
0
LINE
8
BLACK
6
CONTINUOUS
10
161.4611299999999972
20
-87.4676809999999989
11
161.4276449999999841
21
-87.4063579999999973
0
LINE
8
BLACK
6
CONTINUOUS
10
161.4276449999999841
20
-87.4063579999999973
11
161.4326289999999915
21
-87.3366659999999939
0
LINE
8
BLACK
6
CONTINUOUS
10
161.4326289999999915
20
-87.3366659999999939
11
161.4611299999999972
21
-87.292318999999992
0
LINE
8
BLACK
6
CONTINUOUS
10
161.4611299999999972
20
-87.292318999999992
11
161.5292299999999841
21
-87.2242189999999908
0
LINE
8
BLACK
6
CONTINUOUS
10
161.5292299999999841
20
-87.2242189999999908
11
161.6007929999999817
21
-87.1526559999999932
0
LINE
8
BLACK
6
CONTINUOUS
10
161.6007929999999817
20
-87.1526559999999932
11
161.7488699999999824
21
-86.9488449999999915
0
LINE
8
BLACK
6
CONTINUOUS
10
161.7488699999999824
20
-86.9488449999999915
11
161.8632409999999879
21
-86.724378999999999
0
LINE
8
BLACK
6
CONTINUOUS
10
161.8632409999999879
20
-86.724378999999999
11
161.9410900000000026
21
-86.4847850000000022
0
LINE
8
BLACK
6
CONTINUOUS
10
161.9410900000000026
20
-86.4847850000000022
11
161.9805000000000064
21
-86.2359620000000007
0
LINE
8
BLACK
6
CONTINUOUS
10
161.9805000000000064
20
-86.2359620000000007
11
161.9805000000000064
21
-85.9840379999999982
0
LINE
8
BLACK
6
CONTINUOUS
10
161.9805000000000064
20
-85.9840379999999982
11
161.9410900000000026
21
-85.7352149999999966
0
LINE
8
BLACK
6
CONTINUOUS
10
161.9410900000000026
20
-85.7352149999999966
11
161.8632409999999879
21
-85.4956209999999999
0
LINE
8
BLACK
6
CONTINUOUS
10
161.8632409999999879
20
-85.4956209999999999
11
161.863238999999993
21
-85.4956179999999932
0
LINE
8
BLACK
6
CONTINUOUS
10
161.863238999999993
20
-85.4956179999999932
11
161.863238999999993
21
-85.4956159999999983
0
LINE
8
BLACK
6
CONTINUOUS
10
161.863238999999993
20
-85.4956159999999983
11
161.795267999999993
21
-85.3622170000000011
0
LINE
8
BLACK
6
CONTINUOUS
10
161.795267999999993
20
-85.3622170000000011
11
161.7488699999999824
21
-85.2711549999999932
0
LINE
8
BLACK
6
CONTINUOUS
10
161.7488699999999824
20
-85.2711549999999932
11
161.7299519999999973
21
-85.2451169999999934
0
LINE
8
BLACK
6
CONTINUOUS
10
161.7299519999999973
20
-85.2451169999999934
11
161.6007979999999975
21
-85.0673499999999905
0
LINE
8
BLACK
6
CONTINUOUS
10
161.6007979999999975
20
-85.0673499999999905
11
161.6007939999999792
21
-85.0673450000000031
0
LINE
8
BLACK
6
CONTINUOUS
10
161.6007939999999792
20
-85.0673450000000031
11
161.4611299999999972
21
-84.9276809999999927
0
LINE
8
BLACK
6
CONTINUOUS
10
161.4611299999999972
20
-84.9276809999999927
11
161.4568280000000016
21
-84.91980199999999
0
LINE
8
BLACK
6
CONTINUOUS
10
161.4568280000000016
20
-84.91980199999999
11
161.4496330000000057
21
-84.9144299999999959
0
LINE
8
BLACK
6
CONTINUOUS
10
161.4496330000000057
20
-84.9144299999999959
11
161.4403419999999869
21
-84.8896110000000022
0
LINE
8
BLACK
6
CONTINUOUS
10
161.4403419999999869
20
-84.8896110000000022
11
161.4276449999999841
21
-84.8663579999999911
0
LINE
8
BLACK
6
CONTINUOUS
10
161.4276449999999841
20
-84.8663579999999911
11
161.4282849999999883
21
-84.8574019999999933
0
LINE
8
BLACK
6
CONTINUOUS
10
161.4282849999999883
20
-84.8574019999999933
11
161.425138000000004
21
-84.8489950000000022
0
LINE
8
BLACK
6
CONTINUOUS
10
161.425138000000004
20
-84.8489950000000022
11
161.430737999999991
21
-84.8230989999999991
0
LINE
8
BLACK
6
CONTINUOUS
10
161.430737999999991
20
-84.8230989999999991
11
161.4326289999999915
21
-84.7966660000000019
0
LINE
8
BLACK
6
CONTINUOUS
10
161.4326289999999915
20
-84.7966660000000019
11
161.4384000000000015
21
-84.7876729999999981
0
LINE
8
BLACK
6
CONTINUOUS
10
161.4384000000000015
20
-84.7876729999999981
11
161.4399080000000026
21
-84.7807040000000001
0
LINE
8
BLACK
6
CONTINUOUS
10
161.4399080000000026
20
-84.7807040000000001
11
161.4608639999999866
21
-84.752673999999999
0
LINE
8
BLACK
6
CONTINUOUS
10
161.4608639999999866
20
-84.752673999999999
11
161.4610250000000065
21
-84.7524239999999907
0
LINE
8
BLACK
6
CONTINUOUS
10
161.4610250000000065
20
-84.7524239999999907
11
161.4611299999999972
21
-84.752319
0
LINE
8
BLACK
6
CONTINUOUS
10
161.4611299999999972
20
-84.752319
11
161.6007929999999817
21
-84.6126560000000012
0
LINE
8
BLACK
6
CONTINUOUS
10
161.6007929999999817
20
-84.6126560000000012
11
161.6016909999999882
21
-84.6114189999999979
0
LINE
8
BLACK
6
CONTINUOUS
10
161.6016909999999882
20
-84.6114189999999979
11
161.6061760000000049
21
-84.6069239999999922
0
LINE
8
BLACK
6
CONTINUOUS
10
161.6061760000000049
20
-84.6069239999999922
11
161.6327799999999968
21
-84.5923549999999977
0
LINE
8
BLACK
6
CONTINUOUS
10
161.6327799999999968
20
-84.5923549999999977
11
161.6581799999999873
21
-84.575774999999993
0
LINE
8
BLACK
6
CONTINUOUS
10
161.6581799999999873
20
-84.575774999999993
11
161.6648559999999861
21
-84.574789999999993
0
LINE
8
BLACK
6
CONTINUOUS
10
161.6648559999999861
20
-84.574789999999993
11
161.6674579999999821
21
-84.5733659999999929
0
LINE
8
BLACK
6
CONTINUOUS
10
161.6674579999999821
20
-84.5733659999999929
11
161.672239999999988
21
-84.5737019999999973
0
LINE
8
BLACK
6
CONTINUOUS
10
161.672239999999988
20
-84.5737019999999973
11
161.6939619999999991
21
-84.5704999999999956
0
LINE
8
BLACK
6
CONTINUOUS
10
161.6939619999999991
20
-84.5704999999999956
11
162.0341769999999997
21
-84.5704999999999956
0
LINE
8
BLACK
6
CONTINUOUS
10
162.0341769999999997
20
-84.5704999999999956
11
162.0604459999999847
21
-84.5652740000000023
0
LINE
8
BLACK
6
CONTINUOUS
10
162.0604459999999847
20
-84.5652740000000023
11
162.1427139999999838
21
-84.5489099999999922
0
LINE
8
BLACK
6
CONTINUOUS
10
162.1427139999999838
20
-84.5489099999999922
11
162.2274699999999825
21
-84.5320509999999956
0
LINE
8
BLACK
6
CONTINUOUS
10
162.2274699999999825
20
-84.5320509999999956
11
162.2819120000000055
21
-84.5095000000000027
0
LINE
8
BLACK
6
CONTINUOUS
10
162.2819120000000055
20
-84.5095000000000027
11
162.4095480000000009
21
-84.456631999999999
0
LINE
8
BLACK
6
CONTINUOUS
10
162.4095480000000009
20
-84.456631999999999
11
162.5734159999999804
21
-84.3471389999999985
0
LINE
8
BLACK
6
CONTINUOUS
10
162.5734159999999804
20
-84.3471389999999985
11
162.7127729999999985
21
-84.2077819999999946
0
LINE
8
BLACK
6
CONTINUOUS
10
162.7127729999999985
20
-84.2077819999999946
11
162.7127729999999985
21
-84.2077799999999996
0
LINE
8
BLACK
6
CONTINUOUS
10
162.7127729999999985
20
-84.2077799999999996
11
162.7229810000000043
21
-84.1975729999999913
0
LINE
8
BLACK
6
CONTINUOUS
10
162.7229810000000043
20
-84.1975729999999913
11
162.7229820000000018
21
-84.1975699999999989
0
LINE
8
BLACK
6
CONTINUOUS
10
162.7229820000000018
20
-84.1975699999999989
11
168.1281019999999842
21
-78.7924529999999947
0
LINE
8
BLACK
6
CONTINUOUS
10
168.1281019999999842
20
-78.7924529999999947
11
168.189425
21
-78.7589679999999959
0
LINE
8
BLACK
6
CONTINUOUS
10
168.189425
20
-78.7589679999999959
11
168.2157829999999876
21
-78.756134000000003
0
LINE
8
BLACK
6
CONTINUOUS
10
168.2157829999999876
20
-78.756134000000003
11
169.2898519999999962
21
-78.756134000000003
0
LINE
8
BLACK
6
CONTINUOUS
10
169.2898519999999962
20
-78.756134000000003
11
169.3568909999999903
21
-78.7758189999999985
0
LINE
8
BLACK
6
CONTINUOUS
10
143.8555409999999881
20
-94.7391629999999907
11
143.8855959999999925
21
-94.7457390000000004
0
LINE
8
BLACK
6
CONTINUOUS
10
143.8855959999999925
20
-94.7457390000000004
11
143.8905189999999834
21
-94.7494339999999937
0
LINE
8
BLACK
6
CONTINUOUS
10
143.8905189999999834
20
-94.7494339999999937
11
143.8930770000000052
21
-94.7501850000000019
0
LINE
8
BLACK
6
CONTINUOUS
10
143.8930770000000052
20
-94.7501850000000019
11
143.9026350000000036
21
-94.7585270000000008
0
LINE
8
BLACK
6
CONTINUOUS
10
143.9026350000000036
20
-94.7585270000000008
11
143.9138240000000053
21
-94.7669239999999888
0
LINE
8
BLACK
6
CONTINUOUS
10
143.9138240000000053
20
-94.7669239999999888
11
143.9183079999999961
21
-94.7714189999999945
0
LINE
8
BLACK
6
CONTINUOUS
10
143.9183079999999961
20
-94.7714189999999945
11
143.9192070000000001
21
-94.7726559999999978
0
LINE
8
BLACK
6
CONTINUOUS
10
143.9192070000000001
20
-94.7726559999999978
11
144.0588699999999847
21
-94.9123189999999965
0
LINE
8
BLACK
6
CONTINUOUS
10
144.0588699999999847
20
-94.9123189999999965
11
144.0589750000000038
21
-94.9124240000000015
0
LINE
8
BLACK
6
CONTINUOUS
10
144.0589750000000038
20
-94.9124240000000015
11
144.0757669999999848
21
-94.9432630000000017
0
LINE
8
BLACK
6
CONTINUOUS
10
144.0757669999999848
20
-94.9432630000000017
11
144.0923549999999977
21
-94.9736419999999981
0
LINE
8
BLACK
6
CONTINUOUS
10
144.0923549999999977
20
-94.9736419999999981
11
144.0923489999999845
21
-94.973717999999991
0
LINE
8
BLACK
6
CONTINUOUS
10
144.0923489999999845
20
-94.973717999999991
11
144.0923870000000022
21
-94.9737870000000015
0
LINE
8
BLACK
6
CONTINUOUS
10
144.0923870000000022
20
-94.9737870000000015
11
144.0898430000000019
21
-95.0087580000000003
0
LINE
8
BLACK
6
CONTINUOUS
10
144.0898430000000019
20
-95.0087580000000003
11
144.0873709999999903
21
-95.0433340000000015
0
LINE
8
BLACK
6
CONTINUOUS
10
144.0873709999999903
20
-95.0433340000000015
11
144.0873239999999953
21
-95.0433949999999896
0
LINE
8
BLACK
6
CONTINUOUS
10
144.0873239999999953
20
-95.0433949999999896
11
144.0873189999999795
21
-95.0434729999999917
0
LINE
8
BLACK
6
CONTINUOUS
10
144.0873189999999795
20
-95.0434729999999917
11
144.0588699999999847
21
-95.0876809999999892
0
LINE
8
BLACK
6
CONTINUOUS
10
144.0588699999999847
20
-95.0876809999999892
11
143.9192050000000052
21
-95.2273449999999997
0
LINE
8
BLACK
6
CONTINUOUS
10
143.9192050000000052
20
-95.2273449999999997
11
143.9192009999999868
21
-95.2273500000000013
0
LINE
8
BLACK
6
CONTINUOUS
10
143.9192009999999868
20
-95.2273500000000013
11
143.7711319999999944
21
-95.4311509999999998
0
LINE
8
BLACK
6
CONTINUOUS
10
143.7711319999999944
20
-95.4311509999999998
11
143.6567599999999914
21
-95.6556159999999949
0
LINE
8
BLACK
6
CONTINUOUS
10
143.6567599999999914
20
-95.6556159999999949
11
143.6505229999999926
21
-95.6748119999999886
0
LINE
8
BLACK
6
CONTINUOUS
10
143.6505229999999926
20
-95.6748119999999886
11
143.5789100000000076
21
-95.8952149999999932
0
LINE
8
BLACK
6
CONTINUOUS
10
143.5789100000000076
20
-95.8952149999999932
11
143.5395000000000039
21
-96.1440379999999948
0
LINE
8
BLACK
6
CONTINUOUS
10
143.5395000000000039
20
-96.1440379999999948
11
143.5395000000000039
21
-96.3959619999999973
0
LINE
8
BLACK
6
CONTINUOUS
10
143.5395000000000039
20
-96.3959619999999973
11
143.5413539999999841
21
-96.4076689999999985
0
LINE
8
BLACK
6
CONTINUOUS
10
143.5413539999999841
20
-96.4076689999999985
11
143.5789100000000076
21
-96.6447849999999988
0
LINE
8
BLACK
6
CONTINUOUS
10
143.5789100000000076
20
-96.6447849999999988
11
143.6567599999999914
21
-96.8843829999999997
0
LINE
8
BLACK
6
CONTINUOUS
10
143.6567599999999914
20
-96.8843829999999997
11
143.7354129999999941
21
-97.0387470000000008
0
LINE
8
BLACK
6
CONTINUOUS
10
143.7354129999999941
20
-97.0387470000000008
11
143.7577770000000044
21
-97.0826390000000004
0
LINE
8
BLACK
6
CONTINUOUS
10
143.7577770000000044
20
-97.0826390000000004
11
143.7711319999999944
21
-97.1088479999999947
0
LINE
8
BLACK
6
CONTINUOUS
10
143.7711319999999944
20
-97.1088479999999947
11
143.9192009999999868
21
-97.3126489999999933
0
LINE
8
BLACK
6
CONTINUOUS
10
143.9192009999999868
20
-97.3126489999999933
11
143.9192050000000052
21
-97.3126539999999949
0
LINE
8
BLACK
6
CONTINUOUS
10
143.9192050000000052
20
-97.3126539999999949
11
144.0588699999999847
21
-97.4523189999999886
0
LINE
8
BLACK
6
CONTINUOUS
10
144.0588699999999847
20
-97.4523189999999886
11
144.0923549999999977
21
-97.5136419999999902
0
LINE
8
BLACK
6
CONTINUOUS
10
144.0923549999999977
20
-97.5136419999999902
11
144.0873709999999903
21
-97.5833339999999936
0
LINE
8
BLACK
6
CONTINUOUS
10
144.0873709999999903
20
-97.5833339999999936
11
144.0588699999999847
21
-97.6276809999999955
0
LINE
8
BLACK
6
CONTINUOUS
10
144.0588699999999847
20
-97.6276809999999955
11
143.9192050000000052
21
-97.7673449999999917
0
LINE
8
BLACK
6
CONTINUOUS
10
143.9192050000000052
20
-97.7673449999999917
11
143.9192009999999868
21
-97.7673499999999933
0
LINE
8
BLACK
6
CONTINUOUS
10
143.9192009999999868
20
-97.7673499999999933
11
143.7711319999999944
21
-97.9711509999999919
0
LINE
8
BLACK
6
CONTINUOUS
10
143.7711319999999944
20
-97.9711509999999919
11
143.6567599999999914
21
-98.1956160000000011
0
LINE
8
BLACK
6
CONTINUOUS
10
143.6567599999999914
20
-98.1956160000000011
11
143.5789100000000076
21
-98.435214000000002
0
LINE
8
BLACK
6
CONTINUOUS
10
143.5789100000000076
20
-98.435214000000002
11
143.5395000000000039
21
-98.684038000000001
0
LINE
8
BLACK
6
CONTINUOUS
10
143.5395000000000039
20
-98.684038000000001
11
143.5395000000000039
21
-98.9359609999999918
0
LINE
8
BLACK
6
CONTINUOUS
10
143.5395000000000039
20
-98.9359609999999918
11
143.5789100000000076
21
-99.1847849999999909
0
LINE
8
BLACK
6
CONTINUOUS
10
143.5789100000000076
20
-99.1847849999999909
11
143.6567599999999914
21
-99.4243829999999917
0
LINE
8
BLACK
6
CONTINUOUS
10
143.6567599999999914
20
-99.4243829999999917
11
143.7711319999999944
21
-99.648848000000001
0
LINE
8
BLACK
6
CONTINUOUS
10
143.7711319999999944
20
-99.648848000000001
11
143.9192009999999868
21
-99.8526489999999995
0
LINE
8
BLACK
6
CONTINUOUS
10
143.9192009999999868
20
-99.8526489999999995
11
143.9192050000000052
21
-99.8526540000000011
0
LINE
8
BLACK
6
CONTINUOUS
10
143.9192050000000052
20
-99.8526540000000011
11
144.0588699999999847
21
-99.9923189999999948
0
LINE
8
BLACK
6
CONTINUOUS
10
144.0588699999999847
20
-99.9923189999999948
11
144.0923549999999977
21
-100.0536419999999964
0
LINE
8
BLACK
6
CONTINUOUS
10
144.0923549999999977
20
-100.0536419999999964
11
144.0873709999999903
21
-100.1233339999999998
0
LINE
8
BLACK
6
CONTINUOUS
10
144.0873709999999903
20
-100.1233339999999998
11
144.0588699999999847
21
-100.1676810000000017
0
LINE
8
BLACK
6
CONTINUOUS
10
144.0588699999999847
20
-100.1676810000000017
11
143.9192050000000052
21
-100.307344999999998
0
LINE
8
BLACK
6
CONTINUOUS
10
143.9192050000000052
20
-100.307344999999998
11
143.9192009999999868
21
-100.3073499999999996
0
LINE
8
BLACK
6
CONTINUOUS
10
143.9192009999999868
20
-100.3073499999999996
11
143.7711319999999944
21
-100.5111509999999981
0
LINE
8
BLACK
6
CONTINUOUS
10
143.7711319999999944
20
-100.5111509999999981
11
143.6567599999999914
21
-100.7356159999999932
0
LINE
8
BLACK
6
CONTINUOUS
10
143.6567599999999914
20
-100.7356159999999932
11
143.5789100000000076
21
-100.975213999999994
0
LINE
8
BLACK
6
CONTINUOUS
10
143.5789100000000076
20
-100.975213999999994
11
143.5395000000000039
21
-101.2240379999999931
0
LINE
8
BLACK
6
CONTINUOUS
10
143.5395000000000039
20
-101.2240379999999931
11
143.5395000000000039
21
-101.4759609999999981
0
LINE
8
BLACK
6
CONTINUOUS
10
143.5395000000000039
20
-101.4759609999999981
11
143.5789100000000076
21
-101.7247849999999971
0
LINE
8
BLACK
6
CONTINUOUS
10
143.5789100000000076
20
-101.7247849999999971
11
143.6567599999999914
21
-101.964382999999998
0
LINE
8
BLACK
6
CONTINUOUS
10
143.6567599999999914
20
-101.964382999999998
11
143.7711319999999944
21
-102.188847999999993
0
LINE
8
BLACK
6
CONTINUOUS
10
143.7711319999999944
20
-102.188847999999993
11
143.9192009999999868
21
-102.3926489999999916
0
LINE
8
BLACK
6
CONTINUOUS
10
143.9192009999999868
20
-102.3926489999999916
11
143.9192050000000052
21
-102.3926539999999932
0
LINE
8
BLACK
6
CONTINUOUS
10
143.9192050000000052
20
-102.3926539999999932
11
144.0588689999999872
21
-102.5323179999999894
0
LINE
8
BLACK
6
CONTINUOUS
10
144.0588689999999872
20
-102.5323179999999894
11
144.0632059999999797
21
-102.5402619999999985
0
LINE
8
BLACK
6
CONTINUOUS
10
144.0632059999999797
20
-102.5402619999999985
11
144.0704539999999838
21
-102.5456870000000009
0
LINE
8
BLACK
6
CONTINUOUS
10
144.0704539999999838
20
-102.5456870000000009
11
144.0796899999999994
21
-102.5704489999999964
0
LINE
8
BLACK
6
CONTINUOUS
10
144.0796899999999994
20
-102.5704489999999964
11
144.0923540000000003
21
-102.593640999999991
0
LINE
8
BLACK
6
CONTINUOUS
10
144.0923540000000003
20
-102.593640999999991
11
144.0917079999999828
21
-102.6026689999999917
0
LINE
8
BLACK
6
CONTINUOUS
10
144.0917079999999828
20
-102.6026689999999917
11
144.094871999999981
21
-102.6111509999999925
0
LINE
8
BLACK
6
CONTINUOUS
10
144.094871999999981
20
-102.6111509999999925
11
144.0892549999999801
21
-102.6369720000000001
0
LINE
8
BLACK
6
CONTINUOUS
10
144.0892549999999801
20
-102.6369720000000001
11
144.0873699999999928
21
-102.6633329999999944
0
LINE
8
BLACK
6
CONTINUOUS
10
144.0873699999999928
20
-102.6633329999999944
11
144.0815509999999904
21
-102.6723859999999888
0
LINE
8
BLACK
6
CONTINUOUS
10
144.0815509999999904
20
-102.6723859999999888
11
144.0800209999999879
21
-102.6794239999999974
0
LINE
8
BLACK
6
CONTINUOUS
10
144.0800209999999879
20
-102.6794239999999974
11
144.0588709999999821
21
-102.7076789999999988
0
LINE
8
BLACK
6
CONTINUOUS
10
144.0588709999999821
20
-102.7076789999999988
11
144.0256009999999947
21
-102.740949999999998
0
LINE
8
BLACK
6
CONTINUOUS
10
144.0256009999999947
20
-102.740949999999998
11
143.9642780000000073
21
-102.7744359999999944
0
LINE
8
BLACK
6
CONTINUOUS
10
143.9642780000000073
20
-102.7744359999999944
11
143.8945860000000039
21
-102.7694520000000011
0
LINE
8
BLACK
6
CONTINUOUS
10
143.8945860000000039
20
-102.7694520000000011
11
143.8502369999999928
21
-102.7409509999999955
0
LINE
8
BLACK
6
CONTINUOUS
10
143.8502369999999928
20
-102.7409509999999955
11
142.5852480000000071
21
-101.4759619999999956
0
LINE
8
BLACK
6
CONTINUOUS
10
142.5852480000000071
20
-101.4759619999999956
11
141.28681899999998
21
-100.1775319999999994
0
LINE
8
BLACK
6
CONTINUOUS
10
141.28681899999998
20
-100.1775319999999994
11
141.2533339999999953
21
-100.1162089999999978
0
LINE
8
BLACK
6
CONTINUOUS
10
141.2533339999999953
20
-100.1162089999999978
11
141.2504999999999882
21
-100.0898509999999959
0
LINE
8
BLACK
6
CONTINUOUS
10
141.2504999999999882
20
-100.0898509999999959
11
141.2504999999999882
21
-97.5839619999999996
0
LINE
8
BLACK
6
CONTINUOUS
10
141.2504999999999882
20
-97.5839619999999996
11
141.2701849999999979
21
-97.5169229999999914
0
LINE
8
BLACK
6
CONTINUOUS
10
141.2701849999999979
20
-97.5169229999999914
11
141.289623000000006
21
-97.4946499999999929
0
LINE
8
BLACK
6
CONTINUOUS
10
141.289623000000006
20
-97.4946499999999929
11
141.2892109999999946
21
-97.4942379999999957
0
LINE
8
BLACK
6
CONTINUOUS
10
141.2892109999999946
20
-97.4942379999999957
11
141.357529999999997
21
-97.4259189999999933
0
LINE
8
BLACK
6
CONTINUOUS
10
141.357529999999997
20
-97.4259189999999933
11
141.4707929999999863
21
-97.3126559999999898
0
LINE
8
BLACK
6
CONTINUOUS
10
141.4707929999999863
20
-97.3126559999999898
11
141.6188699999999869
21
-97.1088450000000023
0
LINE
8
BLACK
6
CONTINUOUS
10
141.6188699999999869
20
-97.1088450000000023
11
141.7332409999999925
21
-96.8843789999999956
0
LINE
8
BLACK
6
CONTINUOUS
10
141.7332409999999925
20
-96.8843789999999956
11
141.8110900000000072
21
-96.6447849999999988
0
LINE
8
BLACK
6
CONTINUOUS
10
141.8110900000000072
20
-96.6447849999999988
11
141.8504999999999825
21
-96.3959619999999973
0
LINE
8
BLACK
6
CONTINUOUS
10
141.8504999999999825
20
-96.3959619999999973
11
141.8504999999999825
21
-96.1440379999999948
0
LINE
8
BLACK
6
CONTINUOUS
10
141.8504999999999825
20
-96.1440379999999948
11
141.8110900000000072
21
-95.8952149999999932
0
LINE
8
BLACK
6
CONTINUOUS
10
141.8110900000000072
20
-95.8952149999999932
11
141.7332409999999925
21
-95.6556209999999965
0
LINE
8
BLACK
6
CONTINUOUS
10
141.7332409999999925
20
-95.6556209999999965
11
141.7332389999999975
21
-95.6556179999999898
0
LINE
8
BLACK
6
CONTINUOUS
10
141.7332389999999975
20
-95.6556179999999898
11
141.7332389999999975
21
-95.6556159999999949
0
LINE
8
BLACK
6
CONTINUOUS
10
141.7332389999999975
20
-95.6556159999999949
11
141.6917469999999923
21
-95.5741840000000025
0
LINE
8
BLACK
6
CONTINUOUS
10
141.6917469999999923
20
-95.5741840000000025
11
141.6188699999999869
21
-95.4311549999999897
0
LINE
8
BLACK
6
CONTINUOUS
10
141.6188699999999869
20
-95.4311549999999897
11
141.5999520000000018
21
-95.40511699999999
0
LINE
8
BLACK
6
CONTINUOUS
10
141.5999520000000018
20
-95.40511699999999
11
141.470798000000002
21
-95.2273500000000013
0
LINE
8
BLACK
6
CONTINUOUS
10
141.470798000000002
20
-95.2273500000000013
11
141.4707939999999837
21
-95.2273449999999997
0
LINE
8
BLACK
6
CONTINUOUS
10
141.4707939999999837
20
-95.2273449999999997
11
141.3311300000000017
21
-95.0876809999999892
0
LINE
8
BLACK
6
CONTINUOUS
10
141.3311300000000017
20
-95.0876809999999892
11
141.2976449999999886
21
-95.0263580000000019
0
LINE
8
BLACK
6
CONTINUOUS
10
141.2976449999999886
20
-95.0263580000000019
11
141.302628999999996
21
-94.9566659999999985
0
LINE
8
BLACK
6
CONTINUOUS
10
141.302628999999996
20
-94.9566659999999985
11
141.3311300000000017
21
-94.9123189999999965
0
LINE
8
BLACK
6
CONTINUOUS
10
141.3311300000000017
20
-94.9123189999999965
11
141.4742379999999855
21
-94.7692109999999985
0
LINE
8
BLACK
6
CONTINUOUS
10
141.4742379999999855
20
-94.7692109999999985
11
141.4753120000000024
21
-94.7702850000000012
0
LINE
8
BLACK
6
CONTINUOUS
10
141.4753120000000024
20
-94.7702850000000012
11
141.5281799999999919
21
-94.7357749999999896
0
LINE
8
BLACK
6
CONTINUOUS
10
141.5281799999999919
20
-94.7357749999999896
11
141.5639620000000036
21
-94.7304999999999922
0
LINE
8
BLACK
6
CONTINUOUS
10
141.5639620000000036
20
-94.7304999999999922
11
143.8260379999999827
21
-94.7304999999999922
0
LINE
8
BLACK
6
CONTINUOUS
10
143.8260379999999827
20
-94.7304999999999922
11
143.8555409999999881
21
-94.7391629999999907
0
LINE
8
BLACK
6
CONTINUOUS
10
145.3967899999999815
20
-100.2803929999999895
11
145.5609519999999861
21
-100.3337329999999952
0
LINE
8
BLACK
6
CONTINUOUS
10
145.5609519999999861
20
-100.3337329999999952
11
145.714747999999986
21
-100.4120959999999911
0
LINE
8
BLACK
6
CONTINUOUS
10
145.714747999999986
20
-100.4120959999999911
11
145.8543929999999875
21
-100.5135530000000017
0
LINE
8
BLACK
6
CONTINUOUS
10
145.8543929999999875
20
-100.5135530000000017
11
145.9764470000000074
21
-100.6356069999999931
0
LINE
8
BLACK
6
CONTINUOUS
10
145.9764470000000074
20
-100.6356069999999931
11
146.0779039999999895
21
-100.7752519999999947
0
LINE
8
BLACK
6
CONTINUOUS
10
146.0779039999999895
20
-100.7752519999999947
11
146.1562669999999855
21
-100.9290479999999945
0
LINE
8
BLACK
6
CONTINUOUS
10
146.1562669999999855
20
-100.9290479999999945
11
146.2096070000000054
21
-101.0932099999999991
0
LINE
8
BLACK
6
CONTINUOUS
10
146.2096070000000054
20
-101.0932099999999991
11
146.2366089999999872
21
-101.2636949999999985
0
LINE
8
BLACK
6
CONTINUOUS
10
146.2366089999999872
20
-101.2636949999999985
11
146.2366089999999872
21
-101.4363049999999902
0
LINE
8
BLACK
6
CONTINUOUS
10
146.2366089999999872
20
-101.4363049999999902
11
146.2096070000000054
21
-101.6067899999999895
0
LINE
8
BLACK
6
CONTINUOUS
10
146.2096070000000054
20
-101.6067899999999895
11
146.1562669999999855
21
-101.7709519999999941
0
LINE
8
BLACK
6
CONTINUOUS
10
146.1562669999999855
20
-101.7709519999999941
11
146.0779039999999895
21
-101.9247479999999939
0
LINE
8
BLACK
6
CONTINUOUS
10
146.0779039999999895
20
-101.9247479999999939
11
145.9764470000000074
21
-102.0643929999999955
0
LINE
8
BLACK
6
CONTINUOUS
10
145.9764470000000074
20
-102.0643929999999955
11
145.8543929999999875
21
-102.1864470000000011
0
LINE
8
BLACK
6
CONTINUOUS
10
145.8543929999999875
20
-102.1864470000000011
11
145.714747999999986
21
-102.2879039999999975
0
LINE
8
BLACK
6
CONTINUOUS
10
145.714747999999986
20
-102.2879039999999975
11
145.5609519999999861
21
-102.3662669999999935
0
LINE
8
BLACK
6
CONTINUOUS
10
145.5609519999999861
20
-102.3662669999999935
11
145.3967899999999815
21
-102.4196069999999992
0
LINE
8
BLACK
6
CONTINUOUS
10
145.3967899999999815
20
-102.4196069999999992
11
145.2263049999999964
21
-102.4466089999999951
0
LINE
8
BLACK
6
CONTINUOUS
10
145.2263049999999964
20
-102.4466089999999951
11
145.0536950000000047
21
-102.4466089999999951
0
LINE
8
BLACK
6
CONTINUOUS
10
145.0536950000000047
20
-102.4466089999999951
11
144.8832099999999912
21
-102.4196069999999992
0
LINE
8
BLACK
6
CONTINUOUS
10
144.8832099999999912
20
-102.4196069999999992
11
144.7190479999999866
21
-102.3662669999999935
0
LINE
8
BLACK
6
CONTINUOUS
10
144.7190479999999866
20
-102.3662669999999935
11
144.5652519999999868
21
-102.2879039999999975
0
LINE
8
BLACK
6
CONTINUOUS
10
144.5652519999999868
20
-102.2879039999999975
11
144.4256069999999852
21
-102.1864470000000011
0
LINE
8
BLACK
6
CONTINUOUS
10
144.4256069999999852
20
-102.1864470000000011
11
144.3035529999999937
21
-102.0643929999999955
0
LINE
8
BLACK
6
CONTINUOUS
10
144.3035529999999937
20
-102.0643929999999955
11
144.2020959999999832
21
-101.9247479999999939
0
LINE
8
BLACK
6
CONTINUOUS
10
144.2020959999999832
20
-101.9247479999999939
11
144.1237329999999872
21
-101.7709519999999941
0
LINE
8
BLACK
6
CONTINUOUS
10
144.1237329999999872
20
-101.7709519999999941
11
144.0703929999999957
21
-101.6067899999999895
0
LINE
8
BLACK
6
CONTINUOUS
10
144.0703929999999957
20
-101.6067899999999895
11
144.0433909999999855
21
-101.4363049999999902
0
LINE
8
BLACK
6
CONTINUOUS
10
144.0433909999999855
20
-101.4363049999999902
11
144.0433909999999855
21
-101.2636949999999985
0
LINE
8
BLACK
6
CONTINUOUS
10
144.0433909999999855
20
-101.2636949999999985
11
144.0703929999999957
21
-101.0932099999999991
0
LINE
8
BLACK
6
CONTINUOUS
10
144.0703929999999957
20
-101.0932099999999991
11
144.1237329999999872
21
-100.9290479999999945
0
LINE
8
BLACK
6
CONTINUOUS
10
144.1237329999999872
20
-100.9290479999999945
11
144.2020959999999832
21
-100.7752519999999947
0
LINE
8
BLACK
6
CONTINUOUS
10
144.2020959999999832
20
-100.7752519999999947
11
144.3035529999999937
21
-100.6356069999999931
0
LINE
8
BLACK
6
CONTINUOUS
10
144.3035529999999937
20
-100.6356069999999931
11
144.4256069999999852
21
-100.5135530000000017
0
LINE
8
BLACK
6
CONTINUOUS
10
144.4256069999999852
20
-100.5135530000000017
11
144.5652519999999868
21
-100.4120959999999911
0
LINE
8
BLACK
6
CONTINUOUS
10
144.5652519999999868
20
-100.4120959999999911
11
144.7190479999999866
21
-100.3337329999999952
0
LINE
8
BLACK
6
CONTINUOUS
10
144.7190479999999866
20
-100.3337329999999952
11
144.8832099999999912
21
-100.2803929999999895
0
LINE
8
BLACK
6
CONTINUOUS
10
144.8832099999999912
20
-100.2803929999999895
11
145.0536950000000047
21
-100.2533909999999935
0
LINE
8
BLACK
6
CONTINUOUS
10
145.0536950000000047
20
-100.2533909999999935
11
145.2263049999999964
21
-100.2533909999999935
0
LINE
8
BLACK
6
CONTINUOUS
10
145.2263049999999964
20
-100.2533909999999935
11
145.3967899999999815
21
-100.2803929999999895
0
LINE
8
BLACK
6
CONTINUOUS
10
160.6367899999999906
20
-100.2803929999999895
11
160.8009519999999952
21
-100.3337329999999952
0
LINE
8
BLACK
6
CONTINUOUS
10
160.8009519999999952
20
-100.3337329999999952
11
160.954747999999995
21
-100.4120959999999911
0
LINE
8
BLACK
6
CONTINUOUS
10
160.954747999999995
20
-100.4120959999999911
11
161.0943929999999966
21
-100.5135530000000017
0
LINE
8
BLACK
6
CONTINUOUS
10
161.0943929999999966
20
-100.5135530000000017
11
161.2164469999999881
21
-100.6356069999999931
0
LINE
8
BLACK
6
CONTINUOUS
10
161.2164469999999881
20
-100.6356069999999931
11
161.3179039999999986
21
-100.7752519999999947
0
LINE
8
BLACK
6
CONTINUOUS
10
161.3179039999999986
20
-100.7752519999999947
11
161.3962669999999946
21
-100.9290479999999945
0
LINE
8
BLACK
6
CONTINUOUS
10
161.3962669999999946
20
-100.9290479999999945
11
161.4496069999999861
21
-101.0932099999999991
0
LINE
8
BLACK
6
CONTINUOUS
10
161.4496069999999861
20
-101.0932099999999991
11
161.4766089999999963
21
-101.2636949999999985
0
LINE
8
BLACK
6
CONTINUOUS
10
161.4766089999999963
20
-101.2636949999999985
11
161.4766089999999963
21
-101.4363049999999902
0
LINE
8
BLACK
6
CONTINUOUS
10
161.4766089999999963
20
-101.4363049999999902
11
161.4496069999999861
21
-101.6067899999999895
0
LINE
8
BLACK
6
CONTINUOUS
10
161.4496069999999861
20
-101.6067899999999895
11
161.3962669999999946
21
-101.7709519999999941
0
LINE
8
BLACK
6
CONTINUOUS
10
161.3962669999999946
20
-101.7709519999999941
11
161.3179039999999986
21
-101.9247479999999939
0
LINE
8
BLACK
6
CONTINUOUS
10
161.3179039999999986
20
-101.9247479999999939
11
161.2164469999999881
21
-102.0643929999999955
0
LINE
8
BLACK
6
CONTINUOUS
10
161.2164469999999881
20
-102.0643929999999955
11
161.0943929999999966
21
-102.1864470000000011
0
LINE
8
BLACK
6
CONTINUOUS
10
161.0943929999999966
20
-102.1864470000000011
11
160.954747999999995
21
-102.2879039999999975
0
LINE
8
BLACK
6
CONTINUOUS
10
160.954747999999995
20
-102.2879039999999975
11
160.8009519999999952
21
-102.3662669999999935
0
LINE
8
BLACK
6
CONTINUOUS
10
160.8009519999999952
20
-102.3662669999999935
11
160.6367899999999906
21
-102.4196069999999992
0
LINE
8
BLACK
6
CONTINUOUS
10
160.6367899999999906
20
-102.4196069999999992
11
160.4663050000000055
21
-102.4466089999999951
0
LINE
8
BLACK
6
CONTINUOUS
10
160.4663050000000055
20
-102.4466089999999951
11
160.2936949999999854
21
-102.4466089999999951
0
LINE
8
BLACK
6
CONTINUOUS
10
160.2936949999999854
20
-102.4466089999999951
11
160.1232100000000003
21
-102.4196069999999992
0
LINE
8
BLACK
6
CONTINUOUS
10
160.1232100000000003
20
-102.4196069999999992
11
159.9590479999999957
21
-102.3662669999999935
0
LINE
8
BLACK
6
CONTINUOUS
10
159.9590479999999957
20
-102.3662669999999935
11
159.8052519999999959
21
-102.2879039999999975
0
LINE
8
BLACK
6
CONTINUOUS
10
159.8052519999999959
20
-102.2879039999999975
11
159.6656069999999943
21
-102.1864470000000011
0
LINE
8
BLACK
6
CONTINUOUS
10
159.6656069999999943
20
-102.1864470000000011
11
159.5435530000000028
21
-102.0643929999999955
0
LINE
8
BLACK
6
CONTINUOUS
10
159.5435530000000028
20
-102.0643929999999955
11
159.4420959999999923
21
-101.9247479999999939
0
LINE
8
BLACK
6
CONTINUOUS
10
159.4420959999999923
20
-101.9247479999999939
11
159.3637329999999963
21
-101.7709519999999941
0
LINE
8
BLACK
6
CONTINUOUS
10
159.3637329999999963
20
-101.7709519999999941
11
159.3103930000000048
21
-101.6067899999999895
0
LINE
8
BLACK
6
CONTINUOUS
10
159.3103930000000048
20
-101.6067899999999895
11
159.2833909999999946
21
-101.4363049999999902
0
LINE
8
BLACK
6
CONTINUOUS
10
159.2833909999999946
20
-101.4363049999999902
11
159.2833909999999946
21
-101.2636949999999985
0
LINE
8
BLACK
6
CONTINUOUS
10
159.2833909999999946
20
-101.2636949999999985
11
159.3103930000000048
21
-101.0932099999999991
0
LINE
8
BLACK
6
CONTINUOUS
10
159.3103930000000048
20
-101.0932099999999991
11
159.3637329999999963
21
-100.9290479999999945
0
LINE
8
BLACK
6
CONTINUOUS
10
159.3637329999999963
20
-100.9290479999999945
11
159.4420959999999923
21
-100.7752519999999947
0
LINE
8
BLACK
6
CONTINUOUS
10
159.4420959999999923
20
-100.7752519999999947
11
159.5435530000000028
21
-100.6356069999999931
0
LINE
8
BLACK
6
CONTINUOUS
10
159.5435530000000028
20
-100.6356069999999931
11
159.6656069999999943
21
-100.5135530000000017
0
LINE
8
BLACK
6
CONTINUOUS
10
159.6656069999999943
20
-100.5135530000000017
11
159.8052519999999959
21
-100.4120959999999911
0
LINE
8
BLACK
6
CONTINUOUS
10
159.8052519999999959
20
-100.4120959999999911
11
159.9590479999999957
21
-100.3337329999999952
0
LINE
8
BLACK
6
CONTINUOUS
10
159.9590479999999957
20
-100.3337329999999952
11
160.1232100000000003
21
-100.2803929999999895
0
LINE
8
BLACK
6
CONTINUOUS
10
160.1232100000000003
20
-100.2803929999999895
11
160.2936949999999854
21
-100.2533909999999935
0
LINE
8
BLACK
6
CONTINUOUS
10
160.2936949999999854
20
-100.2533909999999935
11
160.4663050000000055
21
-100.2533909999999935
0
LINE
8
BLACK
6
CONTINUOUS
10
160.4663050000000055
20
-100.2533909999999935
11
160.6367899999999906
21
-100.2803929999999895
0
LINE
8
BLACK
6
CONTINUOUS
10
145.3967899999999815
20
-97.7403929999999974
11
145.5609519999999861
21
-97.7937329999999889
0
LINE
8
BLACK
6
CONTINUOUS
10
145.5609519999999861
20
-97.7937329999999889
11
145.714747999999986
21
-97.8720959999999991
0
LINE
8
BLACK
6
CONTINUOUS
10
145.714747999999986
20
-97.8720959999999991
11
145.8543929999999875
21
-97.9735529999999954
0
LINE
8
BLACK
6
CONTINUOUS
10
145.8543929999999875
20
-97.9735529999999954
11
145.9764470000000074
21
-98.0956070000000011
0
LINE
8
BLACK
6
CONTINUOUS
10
145.9764470000000074
20
-98.0956070000000011
11
146.0779039999999895
21
-98.2352519999999885
0
LINE
8
BLACK
6
CONTINUOUS
10
146.0779039999999895
20
-98.2352519999999885
11
146.1562669999999855
21
-98.3890480000000025
0
LINE
8
BLACK
6
CONTINUOUS
10
146.1562669999999855
20
-98.3890480000000025
11
146.2096070000000054
21
-98.5532099999999929
0
LINE
8
BLACK
6
CONTINUOUS
10
146.2096070000000054
20
-98.5532099999999929
11
146.2366089999999872
21
-98.7236949999999922
0
LINE
8
BLACK
6
CONTINUOUS
10
146.2366089999999872
20
-98.7236949999999922
11
146.2366089999999872
21
-98.8963049999999981
0
LINE
8
BLACK
6
CONTINUOUS
10
146.2366089999999872
20
-98.8963049999999981
11
146.2096070000000054
21
-99.0667899999999975
0
LINE
8
BLACK
6
CONTINUOUS
10
146.2096070000000054
20
-99.0667899999999975
11
146.1562669999999855
21
-99.230952000000002
0
LINE
8
BLACK
6
CONTINUOUS
10
146.1562669999999855
20
-99.230952000000002
11
146.0779039999999895
21
-99.3847480000000019
0
LINE
8
BLACK
6
CONTINUOUS
10
146.0779039999999895
20
-99.3847480000000019
11
145.9764470000000074
21
-99.5243929999999892
0
LINE
8
BLACK
6
CONTINUOUS
10
145.9764470000000074
20
-99.5243929999999892
11
145.8543929999999875
21
-99.6464469999999949
0
LINE
8
BLACK
6
CONTINUOUS
10
145.8543929999999875
20
-99.6464469999999949
11
145.714747999999986
21
-99.7479039999999912
0
LINE
8
BLACK
6
CONTINUOUS
10
145.714747999999986
20
-99.7479039999999912
11
145.5609519999999861
21
-99.8262670000000014
0
LINE
8
BLACK
6
CONTINUOUS
10
145.5609519999999861
20
-99.8262670000000014
11
145.3967899999999815
21
-99.8796069999999929
0
LINE
8
BLACK
6
CONTINUOUS
10
145.3967899999999815
20
-99.8796069999999929
11
145.2263049999999964
21
-99.9066089999999889
0
LINE
8
BLACK
6
CONTINUOUS
10
145.2263049999999964
20
-99.9066089999999889
11
145.0536950000000047
21
-99.9066089999999889
0
LINE
8
BLACK
6
CONTINUOUS
10
145.0536950000000047
20
-99.9066089999999889
11
144.8832099999999912
21
-99.8796069999999929
0
LINE
8
BLACK
6
CONTINUOUS
10
144.8832099999999912
20
-99.8796069999999929
11
144.7190479999999866
21
-99.8262670000000014
0
LINE
8
BLACK
6
CONTINUOUS
10
144.7190479999999866
20
-99.8262670000000014
11
144.5652519999999868
21
-99.7479039999999912
0
LINE
8
BLACK
6
CONTINUOUS
10
144.5652519999999868
20
-99.7479039999999912
11
144.4256069999999852
21
-99.6464469999999949
0
LINE
8
BLACK
6
CONTINUOUS
10
144.4256069999999852
20
-99.6464469999999949
11
144.3035529999999937
21
-99.5243929999999892
0
LINE
8
BLACK
6
CONTINUOUS
10
144.3035529999999937
20
-99.5243929999999892
11
144.2020959999999832
21
-99.3847480000000019
0
LINE
8
BLACK
6
CONTINUOUS
10
144.2020959999999832
20
-99.3847480000000019
11
144.1237329999999872
21
-99.230952000000002
0
LINE
8
BLACK
6
CONTINUOUS
10
144.1237329999999872
20
-99.230952000000002
11
144.0703929999999957
21
-99.0667899999999975
0
LINE
8
BLACK
6
CONTINUOUS
10
144.0703929999999957
20
-99.0667899999999975
11
144.0433909999999855
21
-98.8963049999999981
0
LINE
8
BLACK
6
CONTINUOUS
10
144.0433909999999855
20
-98.8963049999999981
11
144.0433909999999855
21
-98.7236949999999922
0
LINE
8
BLACK
6
CONTINUOUS
10
144.0433909999999855
20
-98.7236949999999922
11
144.0703929999999957
21
-98.5532099999999929
0
LINE
8
BLACK
6
CONTINUOUS
10
144.0703929999999957
20
-98.5532099999999929
11
144.1237329999999872
21
-98.3890480000000025
0
LINE
8
BLACK
6
CONTINUOUS
10
144.1237329999999872
20
-98.3890480000000025
11
144.2020959999999832
21
-98.2352519999999885
0
LINE
8
BLACK
6
CONTINUOUS
10
144.2020959999999832
20
-98.2352519999999885
11
144.3035529999999937
21
-98.0956070000000011
0
LINE
8
BLACK
6
CONTINUOUS
10
144.3035529999999937
20
-98.0956070000000011
11
144.4256069999999852
21
-97.9735529999999954
0
LINE
8
BLACK
6
CONTINUOUS
10
144.4256069999999852
20
-97.9735529999999954
11
144.5652519999999868
21
-97.8720959999999991
0
LINE
8
BLACK
6
CONTINUOUS
10
144.5652519999999868
20
-97.8720959999999991
11
144.7190479999999866
21
-97.7937329999999889
0
LINE
8
BLACK
6
CONTINUOUS
10
144.7190479999999866
20
-97.7937329999999889
11
144.8832099999999912
21
-97.7403929999999974
0
LINE
8
BLACK
6
CONTINUOUS
10
144.8832099999999912
20
-97.7403929999999974
11
145.0536950000000047
21
-97.7133910000000014
0
LINE
8
BLACK
6
CONTINUOUS
10
145.0536950000000047
20
-97.7133910000000014
11
145.2263049999999964
21
-97.7133910000000014
0
LINE
8
BLACK
6
CONTINUOUS
10
145.2263049999999964
20
-97.7133910000000014
11
145.3967899999999815
21
-97.7403929999999974
0
LINE
8
BLACK
6
CONTINUOUS
10
160.6367899999999906
20
-97.7403929999999974
11
160.8009519999999952
21
-97.7937329999999889
0
LINE
8
BLACK
6
CONTINUOUS
10
160.8009519999999952
20
-97.7937329999999889
11
160.954747999999995
21
-97.8720959999999991
0
LINE
8
BLACK
6
CONTINUOUS
10
160.954747999999995
20
-97.8720959999999991
11
161.0943929999999966
21
-97.9735529999999954
0
LINE
8
BLACK
6
CONTINUOUS
10
161.0943929999999966
20
-97.9735529999999954
11
161.2164469999999881
21
-98.0956070000000011
0
LINE
8
BLACK
6
CONTINUOUS
10
161.2164469999999881
20
-98.0956070000000011
11
161.3179039999999986
21
-98.2352519999999885
0
LINE
8
BLACK
6
CONTINUOUS
10
161.3179039999999986
20
-98.2352519999999885
11
161.3962669999999946
21
-98.3890480000000025
0
LINE
8
BLACK
6
CONTINUOUS
10
161.3962669999999946
20
-98.3890480000000025
11
161.4496069999999861
21
-98.5532099999999929
0
LINE
8
BLACK
6
CONTINUOUS
10
161.4496069999999861
20
-98.5532099999999929
11
161.4766089999999963
21
-98.7236949999999922
0
LINE
8
BLACK
6
CONTINUOUS
10
161.4766089999999963
20
-98.7236949999999922
11
161.4766089999999963
21
-98.8963049999999981
0
LINE
8
BLACK
6
CONTINUOUS
10
161.4766089999999963
20
-98.8963049999999981
11
161.4496069999999861
21
-99.0667899999999975
0
LINE
8
BLACK
6
CONTINUOUS
10
161.4496069999999861
20
-99.0667899999999975
11
161.3962669999999946
21
-99.230952000000002
0
LINE
8
BLACK
6
CONTINUOUS
10
161.3962669999999946
20
-99.230952000000002
11
161.3179039999999986
21
-99.3847480000000019
0
LINE
8
BLACK
6
CONTINUOUS
10
161.3179039999999986
20
-99.3847480000000019
11
161.2164469999999881
21
-99.5243929999999892
0
LINE
8
BLACK
6
CONTINUOUS
10
161.2164469999999881
20
-99.5243929999999892
11
161.0943929999999966
21
-99.6464469999999949
0
LINE
8
BLACK
6
CONTINUOUS
10
161.0943929999999966
20
-99.6464469999999949
11
160.954747999999995
21
-99.7479039999999912
0
LINE
8
BLACK
6
CONTINUOUS
10
160.954747999999995
20
-99.7479039999999912
11
160.8009519999999952
21
-99.8262670000000014
0
LINE
8
BLACK
6
CONTINUOUS
10
160.8009519999999952
20
-99.8262670000000014
11
160.6367899999999906
21
-99.8796069999999929
0
LINE
8
BLACK
6
CONTINUOUS
10
160.6367899999999906
20
-99.8796069999999929
11
160.4663050000000055
21
-99.9066089999999889
0
LINE
8
BLACK
6
CONTINUOUS
10
160.4663050000000055
20
-99.9066089999999889
11
160.2936949999999854
21
-99.9066089999999889
0
LINE
8
BLACK
6
CONTINUOUS
10
160.2936949999999854
20
-99.9066089999999889
11
160.1232100000000003
21
-99.8796069999999929
0
LINE
8
BLACK
6
CONTINUOUS
10
160.1232100000000003
20
-99.8796069999999929
11
159.9590479999999957
21
-99.8262670000000014
0
LINE
8
BLACK
6
CONTINUOUS
10
159.9590479999999957
20
-99.8262670000000014
11
159.8052519999999959
21
-99.7479039999999912
0
LINE
8
BLACK
6
CONTINUOUS
10
159.8052519999999959
20
-99.7479039999999912
11
159.6656069999999943
21
-99.6464469999999949
0
LINE
8
BLACK
6
CONTINUOUS
10
159.6656069999999943
20
-99.6464469999999949
11
159.5435530000000028
21
-99.5243929999999892
0
LINE
8
BLACK
6
CONTINUOUS
10
159.5435530000000028
20
-99.5243929999999892
11
159.4420959999999923
21
-99.3847480000000019
0
LINE
8
BLACK
6
CONTINUOUS
10
159.4420959999999923
20
-99.3847480000000019
11
159.3637329999999963
21
-99.230952000000002
0
LINE
8
BLACK
6
CONTINUOUS
10
159.3637329999999963
20
-99.230952000000002
11
159.3103930000000048
21
-99.0667899999999975
0
LINE
8
BLACK
6
CONTINUOUS
10
159.3103930000000048
20
-99.0667899999999975
11
159.2833909999999946
21
-98.8963049999999981
0
LINE
8
BLACK
6
CONTINUOUS
10
159.2833909999999946
20
-98.8963049999999981
11
159.2833909999999946
21
-98.7236949999999922
0
LINE
8
BLACK
6
CONTINUOUS
10
159.2833909999999946
20
-98.7236949999999922
11
159.3103930000000048
21
-98.5532099999999929
0
LINE
8
BLACK
6
CONTINUOUS
10
159.3103930000000048
20
-98.5532099999999929
11
159.3637329999999963
21
-98.3890480000000025
0
LINE
8
BLACK
6
CONTINUOUS
10
159.3637329999999963
20
-98.3890480000000025
11
159.4420959999999923
21
-98.2352519999999885
0
LINE
8
BLACK
6
CONTINUOUS
10
159.4420959999999923
20
-98.2352519999999885
11
159.5435530000000028
21
-98.0956070000000011
0
LINE
8
BLACK
6
CONTINUOUS
10
159.5435530000000028
20
-98.0956070000000011
11
159.6656069999999943
21
-97.9735529999999954
0
LINE
8
BLACK
6
CONTINUOUS
10
159.6656069999999943
20
-97.9735529999999954
11
159.8052519999999959
21
-97.8720959999999991
0
LINE
8
BLACK
6
CONTINUOUS
10
159.8052519999999959
20
-97.8720959999999991
11
159.9590479999999957
21
-97.7937329999999889
0
LINE
8
BLACK
6
CONTINUOUS
10
159.9590479999999957
20
-97.7937329999999889
11
160.1232100000000003
21
-97.7403929999999974
0
LINE
8
BLACK
6
CONTINUOUS
10
160.1232100000000003
20
-97.7403929999999974
11
160.2936949999999854
21
-97.7133910000000014
0
LINE
8
BLACK
6
CONTINUOUS
10
160.2936949999999854
20
-97.7133910000000014
11
160.4663050000000055
21
-97.7133910000000014
0
LINE
8
BLACK
6
CONTINUOUS
10
160.4663050000000055
20
-97.7133910000000014
11
160.6367899999999906
21
-97.7403929999999974
0
LINE
8
BLACK
6
CONTINUOUS
10
145.3967899999999815
20
-95.2003929999999912
11
145.5609519999999861
21
-95.2537329999999969
0
LINE
8
BLACK
6
CONTINUOUS
10
145.5609519999999861
20
-95.2537329999999969
11
145.714747999999986
21
-95.3320959999999928
0
LINE
8
BLACK
6
CONTINUOUS
10
145.714747999999986
20
-95.3320959999999928
11
145.8543929999999875
21
-95.4335529999999892
0
LINE
8
BLACK
6
CONTINUOUS
10
145.8543929999999875
20
-95.4335529999999892
11
145.9764470000000074
21
-95.5556069999999949
0
LINE
8
BLACK
6
CONTINUOUS
10
145.9764470000000074
20
-95.5556069999999949
11
146.0779039999999895
21
-95.6952519999999964
0
LINE
8
BLACK
6
CONTINUOUS
10
146.0779039999999895
20
-95.6952519999999964
11
146.1562669999999855
21
-95.8490479999999963
0
LINE
8
BLACK
6
CONTINUOUS
10
146.1562669999999855
20
-95.8490479999999963
11
146.2096070000000054
21
-96.0132100000000008
0
LINE
8
BLACK
6
CONTINUOUS
10
146.2096070000000054
20
-96.0132100000000008
11
146.2366089999999872
21
-96.1836950000000002
0
LINE
8
BLACK
6
CONTINUOUS
10
146.2366089999999872
20
-96.1836950000000002
11
146.2366089999999872
21
-96.3563049999999919
0
LINE
8
BLACK
6
CONTINUOUS
10
146.2366089999999872
20
-96.3563049999999919
11
146.2096070000000054
21
-96.5267899999999912
0
LINE
8
BLACK
6
CONTINUOUS
10
146.2096070000000054
20
-96.5267899999999912
11
146.1562669999999855
21
-96.6909519999999958
0
LINE
8
BLACK
6
CONTINUOUS
10
146.1562669999999855
20
-96.6909519999999958
11
146.0779039999999895
21
-96.8447479999999956
0
LINE
8
BLACK
6
CONTINUOUS
10
146.0779039999999895
20
-96.8447479999999956
11
145.9764470000000074
21
-96.9843929999999972
0
LINE
8
BLACK
6
CONTINUOUS
10
145.9764470000000074
20
-96.9843929999999972
11
145.8543929999999875
21
-97.1064469999999886
0
LINE
8
BLACK
6
CONTINUOUS
10
145.8543929999999875
20
-97.1064469999999886
11
145.714747999999986
21
-97.2079039999999992
0
LINE
8
BLACK
6
CONTINUOUS
10
145.714747999999986
20
-97.2079039999999992
11
145.5609519999999861
21
-97.2862669999999952
0
LINE
8
BLACK
6
CONTINUOUS
10
145.5609519999999861
20
-97.2862669999999952
11
145.3967899999999815
21
-97.3396070000000009
0
LINE
8
BLACK
6
CONTINUOUS
10
145.3967899999999815
20
-97.3396070000000009
11
145.2263049999999964
21
-97.3666089999999969
0
LINE
8
BLACK
6
CONTINUOUS
10
145.2263049999999964
20
-97.3666089999999969
11
145.0536950000000047
21
-97.3666089999999969
0
LINE
8
BLACK
6
CONTINUOUS
10
145.0536950000000047
20
-97.3666089999999969
11
144.8832099999999912
21
-97.3396070000000009
0
LINE
8
BLACK
6
CONTINUOUS
10
144.8832099999999912
20
-97.3396070000000009
11
144.7190479999999866
21
-97.2862669999999952
0
LINE
8
BLACK
6
CONTINUOUS
10
144.7190479999999866
20
-97.2862669999999952
11
144.5652519999999868
21
-97.2079039999999992
0
LINE
8
BLACK
6
CONTINUOUS
10
144.5652519999999868
20
-97.2079039999999992
11
144.4256069999999852
21
-97.1064469999999886
0
LINE
8
BLACK
6
CONTINUOUS
10
144.4256069999999852
20
-97.1064469999999886
11
144.3035529999999937
21
-96.9843929999999972
0
LINE
8
BLACK
6
CONTINUOUS
10
144.3035529999999937
20
-96.9843929999999972
11
144.2020959999999832
21
-96.8447479999999956
0
LINE
8
BLACK
6
CONTINUOUS
10
144.2020959999999832
20
-96.8447479999999956
11
144.1237329999999872
21
-96.6909519999999958
0
LINE
8
BLACK
6
CONTINUOUS
10
144.1237329999999872
20
-96.6909519999999958
11
144.0703929999999957
21
-96.5267899999999912
0
LINE
8
BLACK
6
CONTINUOUS
10
144.0703929999999957
20
-96.5267899999999912
11
144.0433909999999855
21
-96.3563049999999919
0
LINE
8
BLACK
6
CONTINUOUS
10
144.0433909999999855
20
-96.3563049999999919
11
144.0433909999999855
21
-96.1836950000000002
0
LINE
8
BLACK
6
CONTINUOUS
10
144.0433909999999855
20
-96.1836950000000002
11
144.0703929999999957
21
-96.0132100000000008
0
LINE
8
BLACK
6
CONTINUOUS
10
144.0703929999999957
20
-96.0132100000000008
11
144.1237329999999872
21
-95.8490479999999963
0
LINE
8
BLACK
6
CONTINUOUS
10
144.1237329999999872
20
-95.8490479999999963
11
144.2020959999999832
21
-95.6952519999999964
0
LINE
8
BLACK
6
CONTINUOUS
10
144.2020959999999832
20
-95.6952519999999964
11
144.3035529999999937
21
-95.5556069999999949
0
LINE
8
BLACK
6
CONTINUOUS
10
144.3035529999999937
20
-95.5556069999999949
11
144.4256069999999852
21
-95.4335529999999892
0
LINE
8
BLACK
6
CONTINUOUS
10
144.4256069999999852
20
-95.4335529999999892
11
144.5652519999999868
21
-95.3320959999999928
0
LINE
8
BLACK
6
CONTINUOUS
10
144.5652519999999868
20
-95.3320959999999928
11
144.7190479999999866
21
-95.2537329999999969
0
LINE
8
BLACK
6
CONTINUOUS
10
144.7190479999999866
20
-95.2537329999999969
11
144.8832099999999912
21
-95.2003929999999912
0
LINE
8
BLACK
6
CONTINUOUS
10
144.8832099999999912
20
-95.2003929999999912
11
145.0536950000000047
21
-95.1733909999999952
0
LINE
8
BLACK
6
CONTINUOUS
10
145.0536950000000047
20
-95.1733909999999952
11
145.2263049999999964
21
-95.1733909999999952
0
LINE
8
BLACK
6
CONTINUOUS
10
145.2263049999999964
20
-95.1733909999999952
11
145.3967899999999815
21
-95.2003929999999912
0
LINE
8
BLACK
6
CONTINUOUS
10
160.6367899999999906
20
-95.2003929999999912
11
160.8009519999999952
21
-95.2537329999999969
0
LINE
8
BLACK
6
CONTINUOUS
10
160.8009519999999952
20
-95.2537329999999969
11
160.954747999999995
21
-95.3320959999999928
0
LINE
8
BLACK
6
CONTINUOUS
10
160.954747999999995
20
-95.3320959999999928
11
161.0943929999999966
21
-95.4335529999999892
0
LINE
8
BLACK
6
CONTINUOUS
10
161.0943929999999966
20
-95.4335529999999892
11
161.2164469999999881
21
-95.5556069999999949
0
LINE
8
BLACK
6
CONTINUOUS
10
161.2164469999999881
20
-95.5556069999999949
11
161.3179039999999986
21
-95.6952519999999964
0
LINE
8
BLACK
6
CONTINUOUS
10
161.3179039999999986
20
-95.6952519999999964
11
161.3962669999999946
21
-95.8490479999999963
0
LINE
8
BLACK
6
CONTINUOUS
10
161.3962669999999946
20
-95.8490479999999963
11
161.4496069999999861
21
-96.0132100000000008
0
LINE
8
BLACK
6
CONTINUOUS
10
161.4496069999999861
20
-96.0132100000000008
11
161.4766089999999963
21
-96.1836950000000002
0
LINE
8
BLACK
6
CONTINUOUS
10
161.4766089999999963
20
-96.1836950000000002
11
161.4766089999999963
21
-96.3563049999999919
0
LINE
8
BLACK
6
CONTINUOUS
10
161.4766089999999963
20
-96.3563049999999919
11
161.4496069999999861
21
-96.5267899999999912
0
LINE
8
BLACK
6
CONTINUOUS
10
161.4496069999999861
20
-96.5267899999999912
11
161.3962669999999946
21
-96.6909519999999958
0
LINE
8
BLACK
6
CONTINUOUS
10
161.3962669999999946
20
-96.6909519999999958
11
161.3179039999999986
21
-96.8447479999999956
0
LINE
8
BLACK
6
CONTINUOUS
10
161.3179039999999986
20
-96.8447479999999956
11
161.2164469999999881
21
-96.9843929999999972
0
LINE
8
BLACK
6
CONTINUOUS
10
161.2164469999999881
20
-96.9843929999999972
11
161.0943929999999966
21
-97.1064469999999886
0
LINE
8
BLACK
6
CONTINUOUS
10
161.0943929999999966
20
-97.1064469999999886
11
160.954747999999995
21
-97.2079039999999992
0
LINE
8
BLACK
6
CONTINUOUS
10
160.954747999999995
20
-97.2079039999999992
11
160.8009519999999952
21
-97.2862669999999952
0
LINE
8
BLACK
6
CONTINUOUS
10
160.8009519999999952
20
-97.2862669999999952
11
160.6367899999999906
21
-97.3396070000000009
0
LINE
8
BLACK
6
CONTINUOUS
10
160.6367899999999906
20
-97.3396070000000009
11
160.4663050000000055
21
-97.3666089999999969
0
LINE
8
BLACK
6
CONTINUOUS
10
160.4663050000000055
20
-97.3666089999999969
11
160.2936949999999854
21
-97.3666089999999969
0
LINE
8
BLACK
6
CONTINUOUS
10
160.2936949999999854
20
-97.3666089999999969
11
160.1232100000000003
21
-97.3396070000000009
0
LINE
8
BLACK
6
CONTINUOUS
10
160.1232100000000003
20
-97.3396070000000009
11
159.9590479999999957
21
-97.2862669999999952
0
LINE
8
BLACK
6
CONTINUOUS
10
159.9590479999999957
20
-97.2862669999999952
11
159.8052519999999959
21
-97.2079039999999992
0
LINE
8
BLACK
6
CONTINUOUS
10
159.8052519999999959
20
-97.2079039999999992
11
159.6656069999999943
21
-97.1064469999999886
0
LINE
8
BLACK
6
CONTINUOUS
10
159.6656069999999943
20
-97.1064469999999886
11
159.5435530000000028
21
-96.9843929999999972
0
LINE
8
BLACK
6
CONTINUOUS
10
159.5435530000000028
20
-96.9843929999999972
11
159.4420959999999923
21
-96.8447479999999956
0
LINE
8
BLACK
6
CONTINUOUS
10
159.4420959999999923
20
-96.8447479999999956
11
159.3637329999999963
21
-96.6909519999999958
0
LINE
8
BLACK
6
CONTINUOUS
10
159.3637329999999963
20
-96.6909519999999958
11
159.3103930000000048
21
-96.5267899999999912
0
LINE
8
BLACK
6
CONTINUOUS
10
159.3103930000000048
20
-96.5267899999999912
11
159.2833909999999946
21
-96.3563049999999919
0
LINE
8
BLACK
6
CONTINUOUS
10
159.2833909999999946
20
-96.3563049999999919
11
159.2833909999999946
21
-96.1836950000000002
0
LINE
8
BLACK
6
CONTINUOUS
10
159.2833909999999946
20
-96.1836950000000002
11
159.3103930000000048
21
-96.0132100000000008
0
LINE
8
BLACK
6
CONTINUOUS
10
159.3103930000000048
20
-96.0132100000000008
11
159.3637329999999963
21
-95.8490479999999963
0
LINE
8
BLACK
6
CONTINUOUS
10
159.3637329999999963
20
-95.8490479999999963
11
159.4420959999999923
21
-95.6952519999999964
0
LINE
8
BLACK
6
CONTINUOUS
10
159.4420959999999923
20
-95.6952519999999964
11
159.5435530000000028
21
-95.5556069999999949
0
LINE
8
BLACK
6
CONTINUOUS
10
159.5435530000000028
20
-95.5556069999999949
11
159.6656069999999943
21
-95.4335529999999892
0
LINE
8
BLACK
6
CONTINUOUS
10
159.6656069999999943
20
-95.4335529999999892
11
159.8052519999999959
21
-95.3320959999999928
0
LINE
8
BLACK
6
CONTINUOUS
10
159.8052519999999959
20
-95.3320959999999928
11
159.9590479999999957
21
-95.2537329999999969
0
LINE
8
BLACK
6
CONTINUOUS
10
159.9590479999999957
20
-95.2537329999999969
11
160.1232100000000003
21
-95.2003929999999912
0
LINE
8
BLACK
6
CONTINUOUS
10
160.1232100000000003
20
-95.2003929999999912
11
160.2936949999999854
21
-95.1733909999999952
0
LINE
8
BLACK
6
CONTINUOUS
10
160.2936949999999854
20
-95.1733909999999952
11
160.4663050000000055
21
-95.1733909999999952
0
LINE
8
BLACK
6
CONTINUOUS
10
160.4663050000000055
20
-95.1733909999999952
11
160.6367899999999906
21
-95.2003929999999912
0
LINE
8
BLACK
6
CONTINUOUS
10
160.0652479999999969
20
-62.7542769999999948
11
160.0652629999999874
21
-62.7542769999999948
0
LINE
8
BLACK
6
CONTINUOUS
10
160.0652629999999874
20
-62.7542769999999948
11
160.1913419999999917
21
-62.7880599999999944
0
LINE
8
BLACK
6
CONTINUOUS
10
160.1913419999999917
20
-62.7880599999999944
11
160.3043810000000065
21
-62.8533229999999961
0
LINE
8
BLACK
6
CONTINUOUS
10
160.3043810000000065
20
-62.8533229999999961
11
160.304395999999997
21
-62.8533379999999937
0
LINE
8
BLACK
6
CONTINUOUS
10
160.304395999999997
20
-62.8533379999999937
11
160.3535530000000051
21
-62.8964469999999949
0
LINE
8
BLACK
6
CONTINUOUS
10
160.3535530000000051
20
-62.8964469999999949
11
162.3535530000000051
21
-64.8964469999999949
0
LINE
8
BLACK
6
CONTINUOUS
10
162.3535530000000051
20
-64.8964469999999949
11
162.3966680000000053
21
-64.9456100000000021
0
LINE
8
BLACK
6
CONTINUOUS
10
162.3966680000000053
20
-64.9456100000000021
11
162.3966769999999826
21
-64.9456189999999935
0
LINE
8
BLACK
6
CONTINUOUS
10
162.3966769999999826
20
-64.9456189999999935
11
162.4619399999999985
21
-65.0586579999999941
0
LINE
8
BLACK
6
CONTINUOUS
10
162.4619399999999985
20
-65.0586579999999941
11
162.4957229999999981
21
-65.1847369999999984
0
LINE
8
BLACK
6
CONTINUOUS
10
162.4957229999999981
20
-65.1847369999999984
11
162.4957229999999981
21
-65.1847520000000031
0
LINE
8
BLACK
6
CONTINUOUS
10
162.4957229999999981
20
-65.1847520000000031
11
162.5
21
-65.25
0
LINE
8
BLACK
6
CONTINUOUS
10
162.5
20
-65.25
11
162.5
21
-74.3299999999999983
0
LINE
8
BLACK
6
CONTINUOUS
10
162.5
20
-74.3299999999999983
11
162.4957229999999981
21
-74.3952469999999977
0
LINE
8
BLACK
6
CONTINUOUS
10
162.4957229999999981
20
-74.3952469999999977
11
162.4957229999999981
21
-74.3952629999999999
0
LINE
8
BLACK
6
CONTINUOUS
10
162.4957229999999981
20
-74.3952629999999999
11
162.4868060000000014
21
-74.4285399999999981
0
LINE
8
BLACK
6
CONTINUOUS
10
162.4868060000000014
20
-74.4285399999999981
11
162.4619399999999985
21
-74.52134199999999
0
LINE
8
BLACK
6
CONTINUOUS
10
162.4619399999999985
20
-74.52134199999999
11
162.3966769999999826
21
-74.6343809999999905
0
LINE
8
BLACK
6
CONTINUOUS
10
162.3966769999999826
20
-74.6343809999999905
11
162.3966609999999946
21
-74.6343959999999953
0
LINE
8
BLACK
6
CONTINUOUS
10
162.3966609999999946
20
-74.6343959999999953
11
162.3535530000000051
21
-74.6835530000000034
0
LINE
8
BLACK
6
CONTINUOUS
10
162.3535530000000051
20
-74.6835530000000034
11
161.4236819999999852
21
-75.6134229999999974
0
LINE
8
BLACK
6
CONTINUOUS
10
161.4236819999999852
20
-75.6134229999999974
11
161.4496069999999861
21
-75.6932099999999934
0
LINE
8
BLACK
6
CONTINUOUS
10
161.4496069999999861
20
-75.6932099999999934
11
161.4766089999999963
21
-75.8636949999999928
0
LINE
8
BLACK
6
CONTINUOUS
10
161.4766089999999963
20
-75.8636949999999928
11
161.4766089999999963
21
-76.0363049999999987
0
LINE
8
BLACK
6
CONTINUOUS
10
161.4766089999999963
20
-76.0363049999999987
11
161.4496069999999861
21
-76.206789999999998
0
LINE
8
BLACK
6
CONTINUOUS
10
161.4496069999999861
20
-76.206789999999998
11
161.3962669999999946
21
-76.3709520000000026
0
LINE
8
BLACK
6
CONTINUOUS
10
161.3962669999999946
20
-76.3709520000000026
11
161.3179039999999986
21
-76.5247480000000024
0
LINE
8
BLACK
6
CONTINUOUS
10
161.3179039999999986
20
-76.5247480000000024
11
161.2164469999999881
21
-76.6643929999999898
0
LINE
8
BLACK
6
CONTINUOUS
10
161.2164469999999881
20
-76.6643929999999898
11
161.0943929999999966
21
-76.7864469999999955
0
LINE
8
BLACK
6
CONTINUOUS
10
161.0943929999999966
20
-76.7864469999999955
11
160.954747999999995
21
-76.8879039999999918
0
LINE
8
BLACK
6
CONTINUOUS
10
160.954747999999995
20
-76.8879039999999918
11
160.8009519999999952
21
-76.966267000000002
0
LINE
8
BLACK
6
CONTINUOUS
10
160.8009519999999952
20
-76.966267000000002
11
160.6367899999999906
21
-77.0196069999999935
0
LINE
8
BLACK
6
CONTINUOUS
10
160.6367899999999906
20
-77.0196069999999935
11
160.4663050000000055
21
-77.0466089999999895
0
LINE
8
BLACK
6
CONTINUOUS
10
160.4663050000000055
20
-77.0466089999999895
11
160.2936949999999854
21
-77.0466089999999895
0
LINE
8
BLACK
6
CONTINUOUS
10
160.2936949999999854
20
-77.0466089999999895
11
160.1232100000000003
21
-77.0196069999999935
0
LINE
8
BLACK
6
CONTINUOUS
10
160.1232100000000003
20
-77.0196069999999935
11
159.9590479999999957
21
-76.966267000000002
0
LINE
8
BLACK
6
CONTINUOUS
10
159.9590479999999957
20
-76.966267000000002
11
159.8052519999999959
21
-76.8879039999999918
0
LINE
8
BLACK
6
CONTINUOUS
10
159.8052519999999959
20
-76.8879039999999918
11
159.6656069999999943
21
-76.7864469999999955
0
LINE
8
BLACK
6
CONTINUOUS
10
159.6656069999999943
20
-76.7864469999999955
11
159.5435530000000028
21
-76.6643929999999898
0
LINE
8
BLACK
6
CONTINUOUS
10
159.5435530000000028
20
-76.6643929999999898
11
159.4420959999999923
21
-76.5247480000000024
0
LINE
8
BLACK
6
CONTINUOUS
10
159.4420959999999923
20
-76.5247480000000024
11
159.3637329999999963
21
-76.3709520000000026
0
LINE
8
BLACK
6
CONTINUOUS
10
159.3637329999999963
20
-76.3709520000000026
11
159.3103930000000048
21
-76.206789999999998
0
LINE
8
BLACK
6
CONTINUOUS
10
159.3103930000000048
20
-76.206789999999998
11
159.2833909999999946
21
-76.0363049999999987
0
LINE
8
BLACK
6
CONTINUOUS
10
159.2833909999999946
20
-76.0363049999999987
11
159.2833909999999946
21
-75.8636949999999928
0
LINE
8
BLACK
6
CONTINUOUS
10
159.2833909999999946
20
-75.8636949999999928
11
159.3103930000000048
21
-75.6932099999999934
0
LINE
8
BLACK
6
CONTINUOUS
10
159.3103930000000048
20
-75.6932099999999934
11
159.3637329999999963
21
-75.5290480000000031
0
LINE
8
BLACK
6
CONTINUOUS
10
159.3637329999999963
20
-75.5290480000000031
11
159.4420959999999923
21
-75.3752520000000032
0
LINE
8
BLACK
6
CONTINUOUS
10
159.4420959999999923
20
-75.3752520000000032
11
159.5435530000000028
21
-75.2356070000000017
0
LINE
8
BLACK
6
CONTINUOUS
10
159.5435530000000028
20
-75.2356070000000017
11
159.6656069999999943
21
-75.113552999999996
0
LINE
8
BLACK
6
CONTINUOUS
10
159.6656069999999943
20
-75.113552999999996
11
159.8052519999999959
21
-75.0120959999999997
0
LINE
8
BLACK
6
CONTINUOUS
10
159.8052519999999959
20
-75.0120959999999997
11
159.9590479999999957
21
-74.9337330000000037
0
LINE
8
BLACK
6
CONTINUOUS
10
159.9590479999999957
20
-74.9337330000000037
11
160.1232100000000003
21
-74.880392999999998
0
LINE
8
BLACK
6
CONTINUOUS
10
160.1232100000000003
20
-74.880392999999998
11
160.2936949999999854
21
-74.853391000000002
0
LINE
8
BLACK
6
CONTINUOUS
10
160.2936949999999854
20
-74.853391000000002
11
160.4663050000000055
21
-74.853391000000002
0
LINE
8
BLACK
6
CONTINUOUS
10
160.4663050000000055
20
-74.853391000000002
11
160.6367899999999906
21
-74.880392999999998
0
LINE
8
BLACK
6
CONTINUOUS
10
160.6367899999999906
20
-74.880392999999998
11
160.7165760000000034
21
-74.9063170000000014
0
LINE
8
BLACK
6
CONTINUOUS
10
160.7165760000000034
20
-74.9063170000000014
11
161.5
21
-74.1228940000000023
0
LINE
8
BLACK
6
CONTINUOUS
10
161.5
20
-74.1228940000000023
11
161.5
21
-65.457105999999996
0
LINE
8
BLACK
6
CONTINUOUS
10
161.5
20
-65.457105999999996
11
159.7928939999999898
21
-63.75
0
LINE
8
BLACK
6
CONTINUOUS
10
159.7928939999999898
20
-63.75
11
146.7071059999999818
21
-63.75
0
LINE
8
BLACK
6
CONTINUOUS
10
146.7071059999999818
20
-63.75
11
133.5
21
-76.957105999999996
0
LINE
8
BLACK
6
CONTINUOUS
10
133.5
20
-76.957105999999996
11
133.5
21
-90.5428929999999923
0
LINE
8
BLACK
6
CONTINUOUS
10
133.5
20
-90.5428929999999923
11
136.1871069999999975
21
-93.2299999999999898
0
LINE
8
BLACK
6
CONTINUOUS
10
136.1871069999999975
20
-93.2299999999999898
11
136.7340099999999836
21
-93.2299999999999898
0
LINE
8
BLACK
6
CONTINUOUS
10
136.7340099999999836
20
-93.2299999999999898
11
136.7720960000000048
21
-93.1552519999999902
0
LINE
8
BLACK
6
CONTINUOUS
10
136.7720960000000048
20
-93.1552519999999902
11
136.8735529999999869
21
-93.0156070000000028
0
LINE
8
BLACK
6
CONTINUOUS
10
136.8735529999999869
20
-93.0156070000000028
11
136.9956070000000068
21
-92.8935529999999972
0
LINE
8
BLACK
6
CONTINUOUS
10
136.9956070000000068
20
-92.8935529999999972
11
137.1352519999999799
21
-92.7920960000000008
0
LINE
8
BLACK
6
CONTINUOUS
10
137.1352519999999799
20
-92.7920960000000008
11
137.2890479999999798
21
-92.7137329999999906
0
LINE
8
BLACK
6
CONTINUOUS
10
137.2890479999999798
20
-92.7137329999999906
11
137.4532099999999843
21
-92.6603929999999991
0
LINE
8
BLACK
6
CONTINUOUS
10
137.4532099999999843
20
-92.6603929999999991
11
137.6236949999999979
21
-92.6333909999999889
0
LINE
8
BLACK
6
CONTINUOUS
10
137.6236949999999979
20
-92.6333909999999889
11
137.7963049999999896
21
-92.6333909999999889
0
LINE
8
BLACK
6
CONTINUOUS
10
137.7963049999999896
20
-92.6333909999999889
11
137.9667900000000031
21
-92.6603929999999991
0
LINE
8
BLACK
6
CONTINUOUS
10
137.9667900000000031
20
-92.6603929999999991
11
138.1309520000000077
21
-92.7137329999999906
0
LINE
8
BLACK
6
CONTINUOUS
10
138.1309520000000077
20
-92.7137329999999906
11
138.2847480000000076
21
-92.7920960000000008
0
LINE
8
BLACK
6
CONTINUOUS
10
138.2847480000000076
20
-92.7920960000000008
11
138.4243929999999807
21
-92.8935529999999972
0
LINE
8
BLACK
6
CONTINUOUS
10
138.4243929999999807
20
-92.8935529999999972
11
138.5464470000000006
21
-93.0156070000000028
0
LINE
8
BLACK
6
CONTINUOUS
10
138.5464470000000006
20
-93.0156070000000028
11
138.6479039999999827
21
-93.1552519999999902
0
LINE
8
BLACK
6
CONTINUOUS
10
138.6479039999999827
20
-93.1552519999999902
11
138.7262670000000071
21
-93.30904799999999
0
LINE
8
BLACK
6
CONTINUOUS
10
138.7262670000000071
20
-93.30904799999999
11
138.7796069999999986
21
-93.4732099999999946
0
LINE
8
BLACK
6
CONTINUOUS
10
138.7796069999999986
20
-93.4732099999999946
11
138.8066089999999804
21
-93.6436949999999939
0
LINE
8
BLACK
6
CONTINUOUS
10
138.8066089999999804
20
-93.6436949999999939
11
138.8066089999999804
21
-93.8163049999999998
0
LINE
8
BLACK
6
CONTINUOUS
10
138.8066089999999804
20
-93.8163049999999998
11
138.7796069999999986
21
-93.9867899999999992
0
LINE
8
BLACK
6
CONTINUOUS
10
138.7796069999999986
20
-93.9867899999999992
11
138.7262670000000071
21
-94.1509519999999895
0
LINE
8
BLACK
6
CONTINUOUS
10
138.7262670000000071
20
-94.1509519999999895
11
138.6479039999999827
21
-94.3047479999999894
0
LINE
8
BLACK
6
CONTINUOUS
10
138.6479039999999827
20
-94.3047479999999894
11
138.5464470000000006
21
-94.4443929999999909
0
LINE
8
BLACK
6
CONTINUOUS
10
138.5464470000000006
20
-94.4443929999999909
11
138.4243929999999807
21
-94.5664469999999966
0
LINE
8
BLACK
6
CONTINUOUS
10
138.4243929999999807
20
-94.5664469999999966
11
138.2847480000000076
21
-94.6679039999999929
0
LINE
8
BLACK
6
CONTINUOUS
10
138.2847480000000076
20
-94.6679039999999929
11
138.1309520000000077
21
-94.7462669999999889
0
LINE
8
BLACK
6
CONTINUOUS
10
138.1309520000000077
20
-94.7462669999999889
11
137.9667900000000031
21
-94.7996069999999946
0
LINE
8
BLACK
6
CONTINUOUS
10
137.9667900000000031
20
-94.7996069999999946
11
137.7963049999999896
21
-94.8266089999999906
0
LINE
8
BLACK
6
CONTINUOUS
10
137.7963049999999896
20
-94.8266089999999906
11
137.6236949999999979
21
-94.8266089999999906
0
LINE
8
BLACK
6
CONTINUOUS
10
137.6236949999999979
20
-94.8266089999999906
11
137.4532099999999843
21
-94.7996069999999946
0
LINE
8
BLACK
6
CONTINUOUS
10
137.4532099999999843
20
-94.7996069999999946
11
137.2890479999999798
21
-94.7462669999999889
0
LINE
8
BLACK
6
CONTINUOUS
10
137.2890479999999798
20
-94.7462669999999889
11
137.1352519999999799
21
-94.6679039999999929
0
LINE
8
BLACK
6
CONTINUOUS
10
137.1352519999999799
20
-94.6679039999999929
11
136.9956070000000068
21
-94.5664469999999966
0
LINE
8
BLACK
6
CONTINUOUS
10
136.9956070000000068
20
-94.5664469999999966
11
136.8735529999999869
21
-94.4443929999999909
0
LINE
8
BLACK
6
CONTINUOUS
10
136.8735529999999869
20
-94.4443929999999909
11
136.7720960000000048
21
-94.3047479999999894
0
LINE
8
BLACK
6
CONTINUOUS
10
136.7720960000000048
20
-94.3047479999999894
11
136.7340099999999836
21
-94.2299999999999898
0
LINE
8
BLACK
6
CONTINUOUS
10
136.7340099999999836
20
-94.2299999999999898
11
135.9799999999999898
21
-94.2299999999999898
0
LINE
8
BLACK
6
CONTINUOUS
10
135.9799999999999898
20
-94.2299999999999898
11
135.9147519999999929
21
-94.2257230000000021
0
LINE
8
BLACK
6
CONTINUOUS
10
135.9147519999999929
20
-94.2257230000000021
11
135.9147370000000024
21
-94.2257230000000021
0
LINE
8
BLACK
6
CONTINUOUS
10
135.9147370000000024
20
-94.2257230000000021
11
135.7886579999999981
21
-94.1919400000000024
0
LINE
8
BLACK
6
CONTINUOUS
10
135.7886579999999981
20
-94.1919400000000024
11
135.6756189999999833
21
-94.1266770000000008
0
LINE
8
BLACK
6
CONTINUOUS
10
135.6756189999999833
20
-94.1266770000000008
11
135.675610000000006
21
-94.1266679999999951
0
LINE
8
BLACK
6
CONTINUOUS
10
135.675610000000006
20
-94.1266679999999951
11
135.6264459999999872
21
-94.0835529999999949
0
LINE
8
BLACK
6
CONTINUOUS
10
135.6264459999999872
20
-94.0835529999999949
11
132.6464469999999949
21
-91.1035529999999909
0
LINE
8
BLACK
6
CONTINUOUS
10
132.6464469999999949
20
-91.1035529999999909
11
132.6033380000000079
21
-91.054395999999997
0
LINE
8
BLACK
6
CONTINUOUS
10
132.6033380000000079
20
-91.054395999999997
11
132.603322999999989
21
-91.0543809999999922
0
LINE
8
BLACK
6
CONTINUOUS
10
132.603322999999989
20
-91.0543809999999922
11
132.5380600000000015
21
-90.9413419999999917
0
LINE
8
BLACK
6
CONTINUOUS
10
132.5380600000000015
20
-90.9413419999999917
11
132.5231289999999831
21
-90.8856189999999913
0
LINE
8
BLACK
6
CONTINUOUS
10
132.5231289999999831
20
-90.8856189999999913
11
132.5042770000000019
21
-90.8152630000000016
0
LINE
8
BLACK
6
CONTINUOUS
10
132.5042770000000019
20
-90.8152630000000016
11
132.5042770000000019
21
-90.8152469999999994
0
LINE
8
BLACK
6
CONTINUOUS
10
132.5042770000000019
20
-90.8152469999999994
11
132.5
21
-90.75
0
LINE
8
BLACK
6
CONTINUOUS
10
132.5
20
-90.75
11
132.5
21
-76.75
0
LINE
8
BLACK
6
CONTINUOUS
10
132.5
20
-76.75
11
132.5042770000000019
21
-76.6847520000000031
0
LINE
8
BLACK
6
CONTINUOUS
10
132.5042770000000019
20
-76.6847520000000031
11
132.5042770000000019
21
-76.6847369999999984
0
LINE
8
BLACK
6
CONTINUOUS
10
132.5042770000000019
20
-76.6847369999999984
11
132.5380600000000015
21
-76.5586579999999941
0
LINE
8
BLACK
6
CONTINUOUS
10
132.5380600000000015
20
-76.5586579999999941
11
132.5576379999999972
21
-76.5247480000000024
0
LINE
8
BLACK
6
CONTINUOUS
10
132.5576379999999972
20
-76.5247480000000024
11
132.603322999999989
21
-76.4456189999999935
0
LINE
8
BLACK
6
CONTINUOUS
10
132.603322999999989
20
-76.4456189999999935
11
132.6033380000000079
21
-76.4456029999999913
0
LINE
8
BLACK
6
CONTINUOUS
10
132.6033380000000079
20
-76.4456029999999913
11
132.6464469999999949
21
-76.3964469999999949
0
LINE
8
BLACK
6
CONTINUOUS
10
132.6464469999999949
20
-76.3964469999999949
11
146.1464469999999949
21
-62.8964469999999949
0
LINE
8
BLACK
6
CONTINUOUS
10
146.1464469999999949
20
-62.8964469999999949
11
146.1956099999999878
21
-62.8533309999999972
0
LINE
8
BLACK
6
CONTINUOUS
10
146.1956099999999878
20
-62.8533309999999972
11
146.1956189999999935
21
-62.8533229999999961
0
LINE
8
BLACK
6
CONTINUOUS
10
146.1956189999999935
20
-62.8533229999999961
11
146.3086579999999799
21
-62.7880599999999944
0
LINE
8
BLACK
6
CONTINUOUS
10
146.3086579999999799
20
-62.7880599999999944
11
146.4347369999999842
21
-62.7542769999999948
0
LINE
8
BLACK
6
CONTINUOUS
10
146.4347369999999842
20
-62.7542769999999948
11
146.4347520000000031
21
-62.7542769999999948
0
LINE
8
BLACK
6
CONTINUOUS
10
146.4347520000000031
20
-62.7542769999999948
11
146.5
21
-62.75
0
LINE
8
BLACK
6
CONTINUOUS
10
146.5
20
-62.75
11
160.
21
-62.75
0
LINE
8
BLACK
6
CONTINUOUS
10
160.
20
-62.75
11
160.0652479999999969
21
-62.7542769999999948
0
LINE
8
BLACK
6
CONTINUOUS
10
140.5067899999999952
20
-92.6603929999999991
11
140.6709519999999998
21
-92.7137329999999906
0
LINE
8
BLACK
6
CONTINUOUS
10
140.6709519999999998
20
-92.7137329999999906
11
140.8247479999999996
21
-92.7920960000000008
0
LINE
8
BLACK
6
CONTINUOUS
10
140.8247479999999996
20
-92.7920960000000008
11
140.9643930000000012
21
-92.8935529999999972
0
LINE
8
BLACK
6
CONTINUOUS
10
140.9643930000000012
20
-92.8935529999999972
11
141.0864469999999926
21
-93.0156070000000028
0
LINE
8
BLACK
6
CONTINUOUS
10
141.0864469999999926
20
-93.0156070000000028
11
141.1879040000000032
21
-93.1552519999999902
0
LINE
8
BLACK
6
CONTINUOUS
10
141.1879040000000032
20
-93.1552519999999902
11
141.2259899999999959
21
-93.2299999999999898
0
LINE
8
BLACK
6
CONTINUOUS
10
141.2259899999999959
20
-93.2299999999999898
11
144.1640099999999904
21
-93.2299999999999898
0
LINE
8
BLACK
6
CONTINUOUS
10
144.1640099999999904
20
-93.2299999999999898
11
144.2020959999999832
21
-93.1552519999999902
0
LINE
8
BLACK
6
CONTINUOUS
10
144.2020959999999832
20
-93.1552519999999902
11
144.3035529999999937
21
-93.0156070000000028
0
LINE
8
BLACK
6
CONTINUOUS
10
144.3035529999999937
20
-93.0156070000000028
11
144.4256069999999852
21
-92.8935529999999972
0
LINE
8
BLACK
6
CONTINUOUS
10
144.4256069999999852
20
-92.8935529999999972
11
144.5652519999999868
21
-92.7920960000000008
0
LINE
8
BLACK
6
CONTINUOUS
10
144.5652519999999868
20
-92.7920960000000008
11
144.7190479999999866
21
-92.7137329999999906
0
LINE
8
BLACK
6
CONTINUOUS
10
144.7190479999999866
20
-92.7137329999999906
11
144.8832099999999912
21
-92.6603929999999991
0
LINE
8
BLACK
6
CONTINUOUS
10
144.8832099999999912
20
-92.6603929999999991
11
145.0536950000000047
21
-92.6333909999999889
0
LINE
8
BLACK
6
CONTINUOUS
10
145.0536950000000047
20
-92.6333909999999889
11
145.2263049999999964
21
-92.6333909999999889
0
LINE
8
BLACK
6
CONTINUOUS
10
145.2263049999999964
20
-92.6333909999999889
11
145.3967899999999815
21
-92.6603929999999991
0
LINE
8
BLACK
6
CONTINUOUS
10
145.3967899999999815
20
-92.6603929999999991
11
145.5609519999999861
21
-92.7137329999999906
0
LINE
8
BLACK
6
CONTINUOUS
10
145.5609519999999861
20
-92.7137329999999906
11
145.714747999999986
21
-92.7920960000000008
0
LINE
8
BLACK
6
CONTINUOUS
10
145.714747999999986
20
-92.7920960000000008
11
145.8543929999999875
21
-92.8935529999999972
0
LINE
8
BLACK
6
CONTINUOUS
10
145.8543929999999875
20
-92.8935529999999972
11
145.9764470000000074
21
-93.0156070000000028
0
LINE
8
BLACK
6
CONTINUOUS
10
145.9764470000000074
20
-93.0156070000000028
11
146.0779039999999895
21
-93.1552519999999902
0
LINE
8
BLACK
6
CONTINUOUS
10
146.0779039999999895
20
-93.1552519999999902
11
146.1562669999999855
21
-93.30904799999999
0
LINE
8
BLACK
6
CONTINUOUS
10
146.1562669999999855
20
-93.30904799999999
11
146.2096070000000054
21
-93.4732099999999946
0
LINE
8
BLACK
6
CONTINUOUS
10
146.2096070000000054
20
-93.4732099999999946
11
146.2366089999999872
21
-93.6436949999999939
0
LINE
8
BLACK
6
CONTINUOUS
10
146.2366089999999872
20
-93.6436949999999939
11
146.2366089999999872
21
-93.8163049999999998
0
LINE
8
BLACK
6
CONTINUOUS
10
146.2366089999999872
20
-93.8163049999999998
11
146.2096070000000054
21
-93.9867899999999992
0
LINE
8
BLACK
6
CONTINUOUS
10
146.2096070000000054
20
-93.9867899999999992
11
146.1562669999999855
21
-94.1509519999999895
0
LINE
8
BLACK
6
CONTINUOUS
10
146.1562669999999855
20
-94.1509519999999895
11
146.0779039999999895
21
-94.3047479999999894
0
LINE
8
BLACK
6
CONTINUOUS
10
146.0779039999999895
20
-94.3047479999999894
11
145.9764470000000074
21
-94.4443929999999909
0
LINE
8
BLACK
6
CONTINUOUS
10
145.9764470000000074
20
-94.4443929999999909
11
145.8543929999999875
21
-94.5664469999999966
0
LINE
8
BLACK
6
CONTINUOUS
10
145.8543929999999875
20
-94.5664469999999966
11
145.714747999999986
21
-94.6679039999999929
0
LINE
8
BLACK
6
CONTINUOUS
10
145.714747999999986
20
-94.6679039999999929
11
145.5609519999999861
21
-94.7462669999999889
0
LINE
8
BLACK
6
CONTINUOUS
10
145.5609519999999861
20
-94.7462669999999889
11
145.3967899999999815
21
-94.7996069999999946
0
LINE
8
BLACK
6
CONTINUOUS
10
145.3967899999999815
20
-94.7996069999999946
11
145.2263049999999964
21
-94.8266089999999906
0
LINE
8
BLACK
6
CONTINUOUS
10
145.2263049999999964
20
-94.8266089999999906
11
145.0536950000000047
21
-94.8266089999999906
0
LINE
8
BLACK
6
CONTINUOUS
10
145.0536950000000047
20
-94.8266089999999906
11
144.8832099999999912
21
-94.7996069999999946
0
LINE
8
BLACK
6
CONTINUOUS
10
144.8832099999999912
20
-94.7996069999999946
11
144.7190479999999866
21
-94.7462669999999889
0
LINE
8
BLACK
6
CONTINUOUS
10
144.7190479999999866
20
-94.7462669999999889
11
144.5652519999999868
21
-94.6679039999999929
0
LINE
8
BLACK
6
CONTINUOUS
10
144.5652519999999868
20
-94.6679039999999929
11
144.4256069999999852
21
-94.5664469999999966
0
LINE
8
BLACK
6
CONTINUOUS
10
144.4256069999999852
20
-94.5664469999999966
11
144.3035529999999937
21
-94.4443929999999909
0
LINE
8
BLACK
6
CONTINUOUS
10
144.3035529999999937
20
-94.4443929999999909
11
144.2020959999999832
21
-94.3047479999999894
0
LINE
8
BLACK
6
CONTINUOUS
10
144.2020959999999832
20
-94.3047479999999894
11
144.1640099999999904
21
-94.2299999999999898
0
LINE
8
BLACK
6
CONTINUOUS
10
144.1640099999999904
20
-94.2299999999999898
11
141.2259899999999959
21
-94.2299999999999898
0
LINE
8
BLACK
6
CONTINUOUS
10
141.2259899999999959
20
-94.2299999999999898
11
141.1879040000000032
21
-94.3047479999999894
0
LINE
8
BLACK
6
CONTINUOUS
10
141.1879040000000032
20
-94.3047479999999894
11
141.0864469999999926
21
-94.4443929999999909
0
LINE
8
BLACK
6
CONTINUOUS
10
141.0864469999999926
20
-94.4443929999999909
11
140.9643930000000012
21
-94.5664469999999966
0
LINE
8
BLACK
6
CONTINUOUS
10
140.9643930000000012
20
-94.5664469999999966
11
140.8247479999999996
21
-94.6679039999999929
0
LINE
8
BLACK
6
CONTINUOUS
10
140.8247479999999996
20
-94.6679039999999929
11
140.6709519999999998
21
-94.7462669999999889
0
LINE
8
BLACK
6
CONTINUOUS
10
140.6709519999999998
20
-94.7462669999999889
11
140.5067899999999952
21
-94.7996069999999946
0
LINE
8
BLACK
6
CONTINUOUS
10
140.5067899999999952
20
-94.7996069999999946
11
140.3363049999999816
21
-94.8266089999999906
0
LINE
8
BLACK
6
CONTINUOUS
10
140.3363049999999816
20
-94.8266089999999906
11
140.1636949999999899
21
-94.8266089999999906
0
LINE
8
BLACK
6
CONTINUOUS
10
140.1636949999999899
20
-94.8266089999999906
11
139.9932100000000048
21
-94.7996069999999946
0
LINE
8
BLACK
6
CONTINUOUS
10
139.9932100000000048
20
-94.7996069999999946
11
139.8290480000000002
21
-94.7462669999999889
0
LINE
8
BLACK
6
CONTINUOUS
10
139.8290480000000002
20
-94.7462669999999889
11
139.6752520000000004
21
-94.6679039999999929
0
LINE
8
BLACK
6
CONTINUOUS
10
139.6752520000000004
20
-94.6679039999999929
11
139.5356069999999988
21
-94.5664469999999966
0
LINE
8
BLACK
6
CONTINUOUS
10
139.5356069999999988
20
-94.5664469999999966
11
139.4135530000000074
21
-94.4443929999999909
0
LINE
8
BLACK
6
CONTINUOUS
10
139.4135530000000074
20
-94.4443929999999909
11
139.3120959999999968
21
-94.3047479999999894
0
LINE
8
BLACK
6
CONTINUOUS
10
139.3120959999999968
20
-94.3047479999999894
11
139.2337330000000009
21
-94.1509519999999895
0
LINE
8
BLACK
6
CONTINUOUS
10
139.2337330000000009
20
-94.1509519999999895
11
139.1803929999999809
21
-93.9867899999999992
0
LINE
8
BLACK
6
CONTINUOUS
10
139.1803929999999809
20
-93.9867899999999992
11
139.1533909999999992
21
-93.8163049999999998
0
LINE
8
BLACK
6
CONTINUOUS
10
139.1533909999999992
20
-93.8163049999999998
11
139.1533909999999992
21
-93.6436949999999939
0
LINE
8
BLACK
6
CONTINUOUS
10
139.1533909999999992
20
-93.6436949999999939
11
139.1803929999999809
21
-93.4732099999999946
0
LINE
8
BLACK
6
CONTINUOUS
10
139.1803929999999809
20
-93.4732099999999946
11
139.2337330000000009
21
-93.30904799999999
0
LINE
8
BLACK
6
CONTINUOUS
10
139.2337330000000009
20
-93.30904799999999
11
139.3120959999999968
21
-93.1552519999999902
0
LINE
8
BLACK
6
CONTINUOUS
10
139.3120959999999968
20
-93.1552519999999902
11
139.4135530000000074
21
-93.0156070000000028
0
LINE
8
BLACK
6
CONTINUOUS
10
139.4135530000000074
20
-93.0156070000000028
11
139.5356069999999988
21
-92.8935529999999972
0
LINE
8
BLACK
6
CONTINUOUS
10
139.5356069999999988
20
-92.8935529999999972
11
139.6752520000000004
21
-92.7920960000000008
0
LINE
8
BLACK
6
CONTINUOUS
10
139.6752520000000004
20
-92.7920960000000008
11
139.8290480000000002
21
-92.7137329999999906
0
LINE
8
BLACK
6
CONTINUOUS
10
139.8290480000000002
20
-92.7137329999999906
11
139.9932100000000048
21
-92.6603929999999991
0
LINE
8
BLACK
6
CONTINUOUS
10
139.9932100000000048
20
-92.6603929999999991
11
140.1636949999999899
21
-92.6333909999999889
0
LINE
8
BLACK
6
CONTINUOUS
10
140.1636949999999899
20
-92.6333909999999889
11
140.3363049999999816
21
-92.6333909999999889
0
LINE
8
BLACK
6
CONTINUOUS
10
140.3363049999999816
20
-92.6333909999999889
11
140.5067899999999952
21
-92.6603929999999991
0
LINE
8
BLACK
6
CONTINUOUS
10
154.3102849999999933
20
-67.043059999999997
11
154.4913970000000063
21
-67.1180789999999945
0
LINE
8
BLACK
6
CONTINUOUS
10
154.4913970000000063
20
-67.1180789999999945
11
154.6543929999999989
21
-67.2269900000000007
0
LINE
8
BLACK
6
CONTINUOUS
10
154.6543929999999989
20
-67.2269900000000007
11
154.7930099999999811
21
-67.3656069999999971
0
LINE
8
BLACK
6
CONTINUOUS
10
154.7930099999999811
20
-67.3656069999999971
11
154.9019209999999873
21
-67.5286030000000039
0
LINE
8
BLACK
6
CONTINUOUS
10
154.9019209999999873
20
-67.5286030000000039
11
154.9769399999999848
21
-67.7097150000000028
0
LINE
8
BLACK
6
CONTINUOUS
10
154.9769399999999848
20
-67.7097150000000028
11
155.0151850000000024
21
-67.9019830000000013
0
LINE
8
BLACK
6
CONTINUOUS
10
155.0151850000000024
20
-67.9019830000000013
11
155.0151850000000024
21
-68.0980169999999987
0
LINE
8
BLACK
6
CONTINUOUS
10
155.0151850000000024
20
-68.0980169999999987
11
154.9769399999999848
21
-68.2902849999999972
0
LINE
8
BLACK
6
CONTINUOUS
10
154.9769399999999848
20
-68.2902849999999972
11
154.9019209999999873
21
-68.4713969999999961
0
LINE
8
BLACK
6
CONTINUOUS
10
154.9019209999999873
20
-68.4713969999999961
11
154.7930099999999811
21
-68.6343930000000029
0
LINE
8
BLACK
6
CONTINUOUS
10
154.7930099999999811
20
-68.6343930000000029
11
154.6543929999999989
21
-68.7730099999999993
0
LINE
8
BLACK
6
CONTINUOUS
10
154.6543929999999989
20
-68.7730099999999993
11
154.4913970000000063
21
-68.8819209999999913
0
LINE
8
BLACK
6
CONTINUOUS
10
154.4913970000000063
20
-68.8819209999999913
11
154.3102849999999933
21
-68.956940000000003
0
LINE
8
BLACK
6
CONTINUOUS
10
154.3102849999999933
20
-68.956940000000003
11
154.1180169999999805
21
-68.9951849999999922
0
LINE
8
BLACK
6
CONTINUOUS
10
154.1180169999999805
20
-68.9951849999999922
11
153.9496389999999906
21
-68.9951849999999922
0
LINE
8
BLACK
6
CONTINUOUS
10
153.9496389999999906
20
-68.9951849999999922
11
153.9480959999999925
21
-69.0009399999999999
0
LINE
8
BLACK
6
CONTINUOUS
10
153.9480959999999925
20
-69.0009399999999999
11
153.942939999999993
21
-69.0201840000000004
0
LINE
8
BLACK
6
CONTINUOUS
10
153.942939999999993
20
-69.0201840000000004
11
153.8776770000000056
21
-69.133223000000001
0
LINE
8
BLACK
6
CONTINUOUS
10
153.8776770000000056
20
-69.133223000000001
11
153.8776679999999999
21
-69.133230999999995
0
LINE
8
BLACK
6
CONTINUOUS
10
153.8776679999999999
20
-69.133230999999995
11
153.8345529999999997
21
-69.1823959999999971
0
LINE
8
BLACK
6
CONTINUOUS
10
153.8345529999999997
20
-69.1823959999999971
11
153.75
21
-69.2669479999999993
0
LINE
8
BLACK
6
CONTINUOUS
10
153.75
20
-69.2669479999999993
11
153.75
21
-71.
0
LINE
8
BLACK
6
CONTINUOUS
10
153.75
20
-71.
11
153.7457229999999981
21
-71.0652469999999994
0
LINE
8
BLACK
6
CONTINUOUS
10
153.7457229999999981
20
-71.0652469999999994
11
153.7457229999999981
21
-71.0652630000000016
0
LINE
8
BLACK
6
CONTINUOUS
10
153.7457229999999981
20
-71.0652630000000016
11
153.7119399999999985
21
-71.1913419999999917
0
LINE
8
BLACK
6
CONTINUOUS
10
153.7119399999999985
20
-71.1913419999999917
11
153.6466769999999826
21
-71.3043809999999922
0
LINE
8
BLACK
6
CONTINUOUS
10
153.6466769999999826
20
-71.3043809999999922
11
153.6466680000000053
21
-71.3043890000000005
0
LINE
8
BLACK
6
CONTINUOUS
10
153.6466680000000053
20
-71.3043890000000005
11
153.6035530000000051
21
-71.3535540000000026
0
LINE
8
BLACK
6
CONTINUOUS
10
153.6035530000000051
20
-71.3535540000000026
11
153.
21
-71.957105999999996
0
LINE
8
BLACK
6
CONTINUOUS
10
153.
20
-71.957105999999996
11
153.
21
-88.7928939999999898
0
LINE
8
BLACK
6
CONTINUOUS
10
153.
20
-88.7928939999999898
11
157.437106
21
-93.2299999999999898
0
LINE
8
BLACK
6
CONTINUOUS
10
157.437106
20
-93.2299999999999898
11
159.4040099999999995
21
-93.2299999999999898
0
LINE
8
BLACK
6
CONTINUOUS
10
159.4040099999999995
20
-93.2299999999999898
11
159.4420959999999923
21
-93.1552519999999902
0
LINE
8
BLACK
6
CONTINUOUS
10
159.4420959999999923
20
-93.1552519999999902
11
159.5435530000000028
21
-93.0156070000000028
0
LINE
8
BLACK
6
CONTINUOUS
10
159.5435530000000028
20
-93.0156070000000028
11
159.6656069999999943
21
-92.8935529999999972
0
LINE
8
BLACK
6
CONTINUOUS
10
159.6656069999999943
20
-92.8935529999999972
11
159.8052519999999959
21
-92.7920960000000008
0
LINE
8
BLACK
6
CONTINUOUS
10
159.8052519999999959
20
-92.7920960000000008
11
159.9590479999999957
21
-92.7137329999999906
0
LINE
8
BLACK
6
CONTINUOUS
10
159.9590479999999957
20
-92.7137329999999906
11
160.1232100000000003
21
-92.6603929999999991
0
LINE
8
BLACK
6
CONTINUOUS
10
160.1232100000000003
20
-92.6603929999999991
11
160.2936949999999854
21
-92.6333909999999889
0
LINE
8
BLACK
6
CONTINUOUS
10
160.2936949999999854
20
-92.6333909999999889
11
160.4663050000000055
21
-92.6333909999999889
0
LINE
8
BLACK
6
CONTINUOUS
10
160.4663050000000055
20
-92.6333909999999889
11
160.6367899999999906
21
-92.6603929999999991
0
LINE
8
BLACK
6
CONTINUOUS
10
160.6367899999999906
20
-92.6603929999999991
11
160.8009519999999952
21
-92.7137329999999906
0
LINE
8
BLACK
6
CONTINUOUS
10
160.8009519999999952
20
-92.7137329999999906
11
160.954747999999995
21
-92.7920960000000008
0
LINE
8
BLACK
6
CONTINUOUS
10
160.954747999999995
20
-92.7920960000000008
11
161.0943929999999966
21
-92.8935529999999972
0
LINE
8
BLACK
6
CONTINUOUS
10
161.0943929999999966
20
-92.8935529999999972
11
161.2164469999999881
21
-93.0156070000000028
0
LINE
8
BLACK
6
CONTINUOUS
10
161.2164469999999881
20
-93.0156070000000028
11
161.3179039999999986
21
-93.1552519999999902
0
LINE
8
BLACK
6
CONTINUOUS
10
161.3179039999999986
20
-93.1552519999999902
11
161.3962669999999946
21
-93.30904799999999
0
LINE
8
BLACK
6
CONTINUOUS
10
161.3962669999999946
20
-93.30904799999999
11
161.4496069999999861
21
-93.4732099999999946
0
LINE
8
BLACK
6
CONTINUOUS
10
161.4496069999999861
20
-93.4732099999999946
11
161.4766089999999963
21
-93.6436949999999939
0
LINE
8
BLACK
6
CONTINUOUS
10
161.4766089999999963
20
-93.6436949999999939
11
161.4766089999999963
21
-93.8163049999999998
0
LINE
8
BLACK
6
CONTINUOUS
10
161.4766089999999963
20
-93.8163049999999998
11
161.4496069999999861
21
-93.9867899999999992
0
LINE
8
BLACK
6
CONTINUOUS
10
161.4496069999999861
20
-93.9867899999999992
11
161.3962669999999946
21
-94.1509519999999895
0
LINE
8
BLACK
6
CONTINUOUS
10
161.3962669999999946
20
-94.1509519999999895
11
161.3179039999999986
21
-94.3047479999999894
0
LINE
8
BLACK
6
CONTINUOUS
10
161.3179039999999986
20
-94.3047479999999894
11
161.2164469999999881
21
-94.4443929999999909
0
LINE
8
BLACK
6
CONTINUOUS
10
161.2164469999999881
20
-94.4443929999999909
11
161.0943929999999966
21
-94.5664469999999966
0
LINE
8
BLACK
6
CONTINUOUS
10
161.0943929999999966
20
-94.5664469999999966
11
160.954747999999995
21
-94.6679039999999929
0
LINE
8
BLACK
6
CONTINUOUS
10
160.954747999999995
20
-94.6679039999999929
11
160.8009519999999952
21
-94.7462669999999889
0
LINE
8
BLACK
6
CONTINUOUS
10
160.8009519999999952
20
-94.7462669999999889
11
160.6367899999999906
21
-94.7996069999999946
0
LINE
8
BLACK
6
CONTINUOUS
10
160.6367899999999906
20
-94.7996069999999946
11
160.4663050000000055
21
-94.8266089999999906
0
LINE
8
BLACK
6
CONTINUOUS
10
160.4663050000000055
20
-94.8266089999999906
11
160.2936949999999854
21
-94.8266089999999906
0
LINE
8
BLACK
6
CONTINUOUS
10
160.2936949999999854
20
-94.8266089999999906
11
160.1232100000000003
21
-94.7996069999999946
0
LINE
8
BLACK
6
CONTINUOUS
10
160.1232100000000003
20
-94.7996069999999946
11
159.9590479999999957
21
-94.7462669999999889
0
LINE
8
BLACK
6
CONTINUOUS
10
159.9590479999999957
20
-94.7462669999999889
11
159.8052519999999959
21
-94.6679039999999929
0
LINE
8
BLACK
6
CONTINUOUS
10
159.8052519999999959
20
-94.6679039999999929
11
159.6656069999999943
21
-94.5664469999999966
0
LINE
8
BLACK
6
CONTINUOUS
10
159.6656069999999943
20
-94.5664469999999966
11
159.5435530000000028
21
-94.4443929999999909
0
LINE
8
BLACK
6
CONTINUOUS
10
159.5435530000000028
20
-94.4443929999999909
11
159.4420959999999923
21
-94.3047479999999894
0
LINE
8
BLACK
6
CONTINUOUS
10
159.4420959999999923
20
-94.3047479999999894
11
159.4040099999999995
21
-94.2299999999999898
0
LINE
8
BLACK
6
CONTINUOUS
10
159.4040099999999995
20
-94.2299999999999898
11
157.2299999999999898
21
-94.2299999999999898
0
LINE
8
BLACK
6
CONTINUOUS
10
157.2299999999999898
20
-94.2299999999999898
11
157.1647519999999929
21
-94.2257230000000021
0
LINE
8
BLACK
6
CONTINUOUS
10
157.1647519999999929
20
-94.2257230000000021
11
157.1647370000000024
21
-94.2257230000000021
0
LINE
8
BLACK
6
CONTINUOUS
10
157.1647370000000024
20
-94.2257230000000021
11
157.0386579999999981
21
-94.1919400000000024
0
LINE
8
BLACK
6
CONTINUOUS
10
157.0386579999999981
20
-94.1919400000000024
11
156.9256189999999833
21
-94.1266770000000008
0
LINE
8
BLACK
6
CONTINUOUS
10
156.9256189999999833
20
-94.1266770000000008
11
156.925610000000006
21
-94.1266679999999951
0
LINE
8
BLACK
6
CONTINUOUS
10
156.925610000000006
20
-94.1266679999999951
11
156.8764469999999847
21
-94.0835529999999949
0
LINE
8
BLACK
6
CONTINUOUS
10
156.8764469999999847
20
-94.0835529999999949
11
152.1464469999999949
21
-89.3535529999999909
0
LINE
8
BLACK
6
CONTINUOUS
10
152.1464469999999949
20
-89.3535529999999909
11
152.1033379999999795
21
-89.304395999999997
0
LINE
8
BLACK
6
CONTINUOUS
10
152.1033379999999795
20
-89.304395999999997
11
152.103322999999989
21
-89.3043809999999922
0
LINE
8
BLACK
6
CONTINUOUS
10
152.103322999999989
20
-89.3043809999999922
11
152.0380600000000015
21
-89.1913419999999917
0
LINE
8
BLACK
6
CONTINUOUS
10
152.0380600000000015
20
-89.1913419999999917
11
152.0042770000000019
21
-89.0652630000000016
0
LINE
8
BLACK
6
CONTINUOUS
10
152.0042770000000019
20
-89.0652630000000016
11
152.0042770000000019
21
-89.0652469999999994
0
LINE
8
BLACK
6
CONTINUOUS
10
152.0042770000000019
20
-89.0652469999999994
11
152.
21
-89.
0
LINE
8
BLACK
6
CONTINUOUS
10
152.
20
-89.
11
152.
21
-71.75
0
LINE
8
BLACK
6
CONTINUOUS
10
152.
20
-71.75
11
152.0042770000000019
21
-71.6847520000000031
0
LINE
8
BLACK
6
CONTINUOUS
10
152.0042770000000019
20
-71.6847520000000031
11
152.0042770000000019
21
-71.6847369999999984
0
LINE
8
BLACK
6
CONTINUOUS
10
152.0042770000000019
20
-71.6847369999999984
11
152.0380600000000015
21
-71.5586579999999941
0
LINE
8
BLACK
6
CONTINUOUS
10
152.0380600000000015
20
-71.5586579999999941
11
152.103322999999989
21
-71.4456189999999935
0
LINE
8
BLACK
6
CONTINUOUS
10
152.103322999999989
20
-71.4456189999999935
11
152.1033379999999795
21
-71.4456029999999913
0
LINE
8
BLACK
6
CONTINUOUS
10
152.1033379999999795
20
-71.4456029999999913
11
152.1464469999999949
21
-71.3964469999999949
0
LINE
8
BLACK
6
CONTINUOUS
10
152.1464469999999949
20
-71.3964469999999949
11
152.75
21
-70.7928929999999923
0
LINE
8
BLACK
6
CONTINUOUS
10
152.75
20
-70.7928929999999923
11
152.75
21
-69.0598420000000033
0
LINE
8
BLACK
6
CONTINUOUS
10
152.75
20
-69.0598420000000033
11
152.7542770000000019
21
-68.9945939999999922
0
LINE
8
BLACK
6
CONTINUOUS
10
152.7542770000000019
20
-68.9945939999999922
11
152.7542770000000019
21
-68.9945790000000017
0
LINE
8
BLACK
6
CONTINUOUS
10
152.7542770000000019
20
-68.9945790000000017
11
152.7880600000000015
21
-68.8684999999999974
0
LINE
8
BLACK
6
CONTINUOUS
10
152.7880600000000015
20
-68.8684999999999974
11
152.8159029999999916
21
-68.8202749999999952
0
LINE
8
BLACK
6
CONTINUOUS
10
152.8159029999999916
20
-68.8202749999999952
11
152.853322999999989
21
-68.7554609999999968
0
LINE
8
BLACK
6
CONTINUOUS
10
152.853322999999989
20
-68.7554609999999968
11
152.8533379999999795
21
-68.7554449999999946
0
LINE
8
BLACK
6
CONTINUOUS
10
152.8533379999999795
20
-68.7554449999999946
11
152.8964469999999949
21
-68.7062889999999982
0
LINE
8
BLACK
6
CONTINUOUS
10
152.8964469999999949
20
-68.7062889999999982
11
152.9809999999999945
21
-68.621735000000001
0
LINE
8
BLACK
6
CONTINUOUS
10
152.9809999999999945
20
-68.621735000000001
11
152.9809999999999945
21
-68.5390000000000015
0
LINE
8
BLACK
6
CONTINUOUS
10
152.9809999999999945
20
-68.5390000000000015
11
152.9852769999999964
21
-68.4737519999999904
0
LINE
8
BLACK
6
CONTINUOUS
10
152.9852769999999964
20
-68.4737519999999904
11
152.9852769999999964
21
-68.4737369999999999
0
LINE
8
BLACK
6
CONTINUOUS
10
152.9852769999999964
20
-68.4737369999999999
11
153.0190599999999961
21
-68.3476579999999956
0
LINE
8
BLACK
6
CONTINUOUS
10
153.0190599999999961
20
-68.3476579999999956
11
153.0425299999999993
21
-68.3070069999999987
0
LINE
8
BLACK
6
CONTINUOUS
10
153.0425299999999993
20
-68.3070069999999987
11
153.0602729999999951
21
-68.2762740000000008
0
LINE
8
BLACK
6
CONTINUOUS
10
153.0602729999999951
20
-68.2762740000000008
11
153.0248149999999896
21
-68.0980169999999987
0
LINE
8
BLACK
6
CONTINUOUS
10
153.0248149999999896
20
-68.0980169999999987
11
153.0248149999999896
21
-67.9019830000000013
0
LINE
8
BLACK
6
CONTINUOUS
10
153.0248149999999896
20
-67.9019830000000013
11
153.0630600000000072
21
-67.7097150000000028
0
LINE
8
BLACK
6
CONTINUOUS
10
153.0630600000000072
20
-67.7097150000000028
11
153.1380790000000047
21
-67.5286030000000039
0
LINE
8
BLACK
6
CONTINUOUS
10
153.1380790000000047
20
-67.5286030000000039
11
153.2469899999999825
21
-67.3656069999999971
0
LINE
8
BLACK
6
CONTINUOUS
10
153.2469899999999825
20
-67.3656069999999971
11
153.3856069999999931
21
-67.2269900000000007
0
LINE
8
BLACK
6
CONTINUOUS
10
153.3856069999999931
20
-67.2269900000000007
11
153.5486029999999857
21
-67.1180789999999945
0
LINE
8
BLACK
6
CONTINUOUS
10
153.5486029999999857
20
-67.1180789999999945
11
153.7297149999999988
21
-67.043059999999997
0
LINE
8
BLACK
6
CONTINUOUS
10
153.7297149999999988
20
-67.043059999999997
11
153.9219829999999831
21
-67.0048149999999936
0
LINE
8
BLACK
6
CONTINUOUS
10
153.9219829999999831
20
-67.0048149999999936
11
154.1180169999999805
21
-67.0048149999999936
0
LINE
8
BLACK
6
CONTINUOUS
10
154.1180169999999805
20
-67.0048149999999936
11
154.3102849999999933
21
-67.043059999999997
0
LINE
8
BLACK
6
CONTINUOUS
10
143.8930770000000052
20
-89.6701849999999894
11
143.915348999999992
21
-89.6896229999999974
0
LINE
8
BLACK
6
CONTINUOUS
10
143.915348999999992
20
-89.6896229999999974
11
143.9157620000000009
21
-89.6892110000000002
0
LINE
8
BLACK
6
CONTINUOUS
10
143.9157620000000009
20
-89.6892110000000002
11
144.0588699999999847
21
-89.8323189999999983
0
LINE
8
BLACK
6
CONTINUOUS
10
144.0588699999999847
20
-89.8323189999999983
11
144.0923549999999977
21
-89.8936419999999998
0
LINE
8
BLACK
6
CONTINUOUS
10
144.0923549999999977
20
-89.8936419999999998
11
144.0873709999999903
21
-89.963333999999989
0
LINE
8
BLACK
6
CONTINUOUS
10
144.0873709999999903
20
-89.963333999999989
11
144.0588699999999847
21
-90.0076809999999909
0
LINE
8
BLACK
6
CONTINUOUS
10
144.0588699999999847
20
-90.0076809999999909
11
143.9192050000000052
21
-90.1473450000000014
0
LINE
8
BLACK
6
CONTINUOUS
10
143.9192050000000052
20
-90.1473450000000014
11
143.9192009999999868
21
-90.147350000000003
0
LINE
8
BLACK
6
CONTINUOUS
10
143.9192009999999868
20
-90.147350000000003
11
143.7711319999999944
21
-90.3511510000000015
0
LINE
8
BLACK
6
CONTINUOUS
10
143.7711319999999944
20
-90.3511510000000015
11
143.6567599999999914
21
-90.5756159999999966
0
LINE
8
BLACK
6
CONTINUOUS
10
143.6567599999999914
20
-90.5756159999999966
11
143.5789100000000076
21
-90.8152139999999974
0
LINE
8
BLACK
6
CONTINUOUS
10
143.5789100000000076
20
-90.8152139999999974
11
143.5395000000000039
21
-91.0640379999999965
0
LINE
8
BLACK
6
CONTINUOUS
10
143.5395000000000039
20
-91.0640379999999965
11
143.5395000000000039
21
-91.3159610000000015
0
LINE
8
BLACK
6
CONTINUOUS
10
143.5395000000000039
20
-91.3159610000000015
11
143.5789100000000076
21
-91.5647850000000005
0
LINE
8
BLACK
6
CONTINUOUS
10
143.5789100000000076
20
-91.5647850000000005
11
143.6567599999999914
21
-91.8043830000000014
0
LINE
8
BLACK
6
CONTINUOUS
10
143.6567599999999914
20
-91.8043830000000014
11
143.7711319999999944
21
-92.0288479999999964
0
LINE
8
BLACK
6
CONTINUOUS
10
143.7711319999999944
20
-92.0288479999999964
11
143.9192009999999868
21
-92.232648999999995
0
LINE
8
BLACK
6
CONTINUOUS
10
143.9192009999999868
20
-92.232648999999995
11
143.9192050000000052
21
-92.2326539999999966
0
LINE
8
BLACK
6
CONTINUOUS
10
143.9192050000000052
20
-92.2326539999999966
11
144.0588699999999847
21
-92.3723189999999903
0
LINE
8
BLACK
6
CONTINUOUS
10
144.0588699999999847
20
-92.3723189999999903
11
144.0631709999999828
21
-92.3801969999999955
0
LINE
8
BLACK
6
CONTINUOUS
10
144.0631709999999828
20
-92.3801969999999955
11
144.0703670000000045
21
-92.3855700000000013
0
LINE
8
BLACK
6
CONTINUOUS
10
144.0703670000000045
20
-92.3855700000000013
11
144.0796569999999974
21
-92.4103879999999975
0
LINE
8
BLACK
6
CONTINUOUS
10
144.0796569999999974
20
-92.4103879999999975
11
144.0923549999999977
21
-92.4336419999999919
0
LINE
8
BLACK
6
CONTINUOUS
10
144.0923549999999977
20
-92.4336419999999919
11
144.0917139999999961
21
-92.4425969999999921
0
LINE
8
BLACK
6
CONTINUOUS
10
144.0917139999999961
20
-92.4425969999999921
11
144.0948620000000062
21
-92.451004999999995
0
LINE
8
BLACK
6
CONTINUOUS
10
144.0948620000000062
20
-92.451004999999995
11
144.0892609999999934
21
-92.4769000000000005
0
LINE
8
BLACK
6
CONTINUOUS
10
144.0892609999999934
20
-92.4769000000000005
11
144.0873709999999903
21
-92.5033339999999953
0
LINE
8
BLACK
6
CONTINUOUS
10
144.0873709999999903
20
-92.5033339999999953
11
144.0815989999999829
21
-92.5123260000000016
0
LINE
8
BLACK
6
CONTINUOUS
10
144.0815989999999829
20
-92.5123260000000016
11
144.0800920000000076
21
-92.5192959999999971
0
LINE
8
BLACK
6
CONTINUOUS
10
144.0800920000000076
20
-92.5192959999999971
11
144.0591349999999977
21
-92.5473250000000007
0
LINE
8
BLACK
6
CONTINUOUS
10
144.0591349999999977
20
-92.5473250000000007
11
144.0589750000000038
21
-92.5475759999999923
0
LINE
8
BLACK
6
CONTINUOUS
10
144.0589750000000038
20
-92.5475759999999923
11
143.9192070000000001
21
-92.687343999999996
0
LINE
8
BLACK
6
CONTINUOUS
10
143.9192070000000001
20
-92.687343999999996
11
143.9183079999999961
21
-92.6885800000000017
0
LINE
8
BLACK
6
CONTINUOUS
10
143.9183079999999961
20
-92.6885800000000017
11
143.9138240000000053
21
-92.6930759999999907
0
LINE
8
BLACK
6
CONTINUOUS
10
143.9138240000000053
20
-92.6930759999999907
11
143.8872189999999875
21
-92.7076440000000019
0
LINE
8
BLACK
6
CONTINUOUS
10
143.8872189999999875
20
-92.7076440000000019
11
143.8618199999999945
21
-92.7242249999999899
0
LINE
8
BLACK
6
CONTINUOUS
10
143.8618199999999945
20
-92.7242249999999899
11
143.8551429999999982
21
-92.7252089999999924
0
LINE
8
BLACK
6
CONTINUOUS
10
143.8551429999999982
20
-92.7252089999999924
11
143.8525419999999997
21
-92.72663399999999
0
LINE
8
BLACK
6
CONTINUOUS
10
143.8525419999999997
20
-92.72663399999999
11
143.8477589999999964
21
-92.7262970000000024
0
LINE
8
BLACK
6
CONTINUOUS
10
143.8477589999999964
20
-92.7262970000000024
11
143.8260379999999827
21
-92.7295000000000016
0
LINE
8
BLACK
6
CONTINUOUS
10
143.8260379999999827
20
-92.7295000000000016
11
141.5639620000000036
21
-92.7295000000000016
0
LINE
8
BLACK
6
CONTINUOUS
10
141.5639620000000036
20
-92.7295000000000016
11
141.4969229999999811
21
-92.7098149999999919
0
LINE
8
BLACK
6
CONTINUOUS
10
141.4969229999999811
20
-92.7098149999999919
11
141.4746499999999969
21
-92.6903760000000005
0
LINE
8
BLACK
6
CONTINUOUS
10
141.4746499999999969
20
-92.6903760000000005
11
141.4742379999999855
21
-92.6907889999999952
0
LINE
8
BLACK
6
CONTINUOUS
10
141.4742379999999855
20
-92.6907889999999952
11
141.3311300000000017
21
-92.5476809999999972
0
LINE
8
BLACK
6
CONTINUOUS
10
141.3311300000000017
20
-92.5476809999999972
11
141.2976449999999886
21
-92.4863579999999956
0
LINE
8
BLACK
6
CONTINUOUS
10
141.2976449999999886
20
-92.4863579999999956
11
141.302628999999996
21
-92.4166659999999922
0
LINE
8
BLACK
6
CONTINUOUS
10
141.302628999999996
20
-92.4166659999999922
11
141.3311300000000017
21
-92.3723189999999903
0
LINE
8
BLACK
6
CONTINUOUS
10
141.3311300000000017
20
-92.3723189999999903
11
141.3905680000000018
21
-92.3128809999999902
0
LINE
8
BLACK
6
CONTINUOUS
10
141.3905680000000018
20
-92.3128809999999902
11
141.4707929999999863
21
-92.2326559999999915
0
LINE
8
BLACK
6
CONTINUOUS
10
141.4707929999999863
20
-92.2326559999999915
11
141.6188699999999869
21
-92.0288449999999898
0
LINE
8
BLACK
6
CONTINUOUS
10
141.6188699999999869
20
-92.0288449999999898
11
141.7332409999999925
21
-91.8043789999999973
0
LINE
8
BLACK
6
CONTINUOUS
10
141.7332409999999925
20
-91.8043789999999973
11
141.8110900000000072
21
-91.5647850000000005
0
LINE
8
BLACK
6
CONTINUOUS
10
141.8110900000000072
20
-91.5647850000000005
11
141.8504999999999825
21
-91.315961999999999
0
LINE
8
BLACK
6
CONTINUOUS
10
141.8504999999999825
20
-91.315961999999999
11
141.8504999999999825
21
-91.0640379999999965
0
LINE
8
BLACK
6
CONTINUOUS
10
141.8504999999999825
20
-91.0640379999999965
11
141.8110900000000072
21
-90.8152149999999949
0
LINE
8
BLACK
6
CONTINUOUS
10
141.8110900000000072
20
-90.8152149999999949
11
141.7332409999999925
21
-90.5756209999999982
0
LINE
8
BLACK
6
CONTINUOUS
10
141.7332409999999925
20
-90.5756209999999982
11
141.7332389999999975
21
-90.5756179999999915
0
LINE
8
BLACK
6
CONTINUOUS
10
141.7332389999999975
20
-90.5756179999999915
11
141.7332389999999975
21
-90.5756159999999966
0
LINE
8
BLACK
6
CONTINUOUS
10
141.7332389999999975
20
-90.5756159999999966
11
141.6917469999999923
21
-90.49418399999999
0
LINE
8
BLACK
6
CONTINUOUS
10
141.6917469999999923
20
-90.49418399999999
11
141.6188699999999869
21
-90.3511549999999914
0
LINE
8
BLACK
6
CONTINUOUS
10
141.6188699999999869
20
-90.3511549999999914
11
141.5702369999999917
21
-90.2842169999999982
0
LINE
8
BLACK
6
CONTINUOUS
10
141.5702369999999917
20
-90.2842169999999982
11
141.470798000000002
21
-90.147350000000003
0
LINE
8
BLACK
6
CONTINUOUS
10
141.470798000000002
20
-90.147350000000003
11
141.4707939999999837
21
-90.1473450000000014
0
LINE
8
BLACK
6
CONTINUOUS
10
141.4707939999999837
20
-90.1473450000000014
11
141.3311300000000017
21
-90.0076809999999909
0
LINE
8
BLACK
6
CONTINUOUS
10
141.3311300000000017
20
-90.0076809999999909
11
141.3268280000000061
21
-89.9998020000000025
0
LINE
8
BLACK
6
CONTINUOUS
10
141.3268280000000061
20
-89.9998020000000025
11
141.3196329999999818
21
-89.9944299999999942
0
LINE
8
BLACK
6
CONTINUOUS
10
141.3196329999999818
20
-89.9944299999999942
11
141.3103419999999915
21
-89.9696110000000004
0
LINE
8
BLACK
6
CONTINUOUS
10
141.3103419999999915
20
-89.9696110000000004
11
141.2976449999999886
21
-89.9463579999999894
0
LINE
8
BLACK
6
CONTINUOUS
10
141.2976449999999886
20
-89.9463579999999894
11
141.2982849999999928
21
-89.9374019999999916
0
LINE
8
BLACK
6
CONTINUOUS
10
141.2982849999999928
20
-89.9374019999999916
11
141.2951379999999801
21
-89.9289950000000005
0
LINE
8
BLACK
6
CONTINUOUS
10
141.2951379999999801
20
-89.9289950000000005
11
141.3007379999999955
21
-89.9030989999999974
0
LINE
8
BLACK
6
CONTINUOUS
10
141.3007379999999955
20
-89.9030989999999974
11
141.302628999999996
21
-89.8766660000000002
0
LINE
8
BLACK
6
CONTINUOUS
10
141.302628999999996
20
-89.8766660000000002
11
141.308400000000006
21
-89.8676729999999964
0
LINE
8
BLACK
6
CONTINUOUS
10
141.308400000000006
20
-89.8676729999999964
11
141.3099080000000072
21
-89.8607039999999984
0
LINE
8
BLACK
6
CONTINUOUS
10
141.3099080000000072
20
-89.8607039999999984
11
141.3308639999999912
21
-89.8326739999999972
0
LINE
8
BLACK
6
CONTINUOUS
10
141.3308639999999912
20
-89.8326739999999972
11
141.3310249999999826
21
-89.832423999999989
0
LINE
8
BLACK
6
CONTINUOUS
10
141.3310249999999826
20
-89.832423999999989
11
141.3311300000000017
21
-89.8323189999999983
0
LINE
8
BLACK
6
CONTINUOUS
10
141.3311300000000017
20
-89.8323189999999983
11
141.4707929999999863
21
-89.6926559999999995
0
LINE
8
BLACK
6
CONTINUOUS
10
141.4707929999999863
20
-89.6926559999999995
11
141.4716909999999928
21
-89.6914189999999962
0
LINE
8
BLACK
6
CONTINUOUS
10
141.4716909999999928
20
-89.6914189999999962
11
141.4761759999999811
21
-89.6869239999999905
0
LINE
8
BLACK
6
CONTINUOUS
10
141.4761759999999811
20
-89.6869239999999905
11
141.5027800000000013
21
-89.672354999999996
0
LINE
8
BLACK
6
CONTINUOUS
10
141.5027800000000013
20
-89.672354999999996
11
141.5281799999999919
21
-89.6557749999999913
0
LINE
8
BLACK
6
CONTINUOUS
10
141.5281799999999919
20
-89.6557749999999913
11
141.5348559999999907
21
-89.6547899999999913
0
LINE
8
BLACK
6
CONTINUOUS
10
141.5348559999999907
20
-89.6547899999999913
11
141.5374579999999867
21
-89.6533659999999912
0
LINE
8
BLACK
6
CONTINUOUS
10
141.5374579999999867
20
-89.6533659999999912
11
141.5422399999999925
21
-89.6537019999999956
0
LINE
8
BLACK
6
CONTINUOUS
10
141.5422399999999925
20
-89.6537019999999956
11
141.5639620000000036
21
-89.6504999999999939
0
LINE
8
BLACK
6
CONTINUOUS
10
141.5639620000000036
20
-89.6504999999999939
11
143.8260379999999827
21
-89.6504999999999939
0
LINE
8
BLACK
6
CONTINUOUS
10
143.8260379999999827
20
-89.6504999999999939
11
143.8930770000000052
21
-89.6701849999999894
0
LINE
8
BLACK
6
CONTINUOUS
10
154.1278889999999819
20
-71.5943060000000031
11
154.1572319999999934
21
-71.593519999999998
0
LINE
8
BLACK
6
CONTINUOUS
10
154.1572319999999934
20
-71.593519999999998
11
154.162351000000001
21
-71.5966189999999898
0
LINE
8
BLACK
6
CONTINUOUS
10
154.162351000000001
20
-71.5966189999999898
11
154.1683219999999892
21
-71.5970200000000006
0
LINE
8
BLACK
6
CONTINUOUS
10
154.1683219999999892
20
-71.5970200000000006
11
154.1918919999999957
21
-71.6145020000000017
0
LINE
8
BLACK
6
CONTINUOUS
10
154.1918919999999957
20
-71.6145020000000017
11
154.2170019999999795
21
-71.6297040000000038
0
LINE
8
BLACK
6
CONTINUOUS
10
154.2170019999999795
20
-71.6297040000000038
11
154.2196329999999875
21
-71.6350789999999904
0
LINE
8
BLACK
6
CONTINUOUS
10
154.2196329999999875
20
-71.6350789999999904
11
154.2244389999999896
21
-71.6386439999999993
0
LINE
8
BLACK
6
CONTINUOUS
10
154.2244389999999896
20
-71.6386439999999993
11
154.2348149999999976
21
-71.6660930000000036
0
LINE
8
BLACK
6
CONTINUOUS
10
154.2348149999999976
20
-71.6660930000000036
11
154.2477209999999843
21
-71.6924589999999995
0
LINE
8
BLACK
6
CONTINUOUS
10
154.2477209999999843
20
-71.6924589999999995
11
154.2485729999999933
21
-71.7024919999999923
0
LINE
8
BLACK
6
CONTINUOUS
10
154.2485729999999933
20
-71.7024919999999923
11
154.2491440000000011
21
-71.704000999999991
0
LINE
8
BLACK
6
CONTINUOUS
10
154.2491440000000011
20
-71.704000999999991
11
154.2488280000000032
21
-71.7054839999999984
0
LINE
8
BLACK
6
CONTINUOUS
10
154.2488280000000032
20
-71.7054839999999984
11
154.2494999999999834
21
-71.7133910000000014
0
LINE
8
BLACK
6
CONTINUOUS
10
154.2494999999999834
20
-71.7133910000000014
11
154.2494999999999834
21
-88.5985409999999973
0
LINE
8
BLACK
6
CONTINUOUS
10
154.2494999999999834
20
-88.5985409999999973
11
154.2494999999999834
21
-88.5985429999999923
0
LINE
8
BLACK
6
CONTINUOUS
10
154.2494999999999834
20
-88.5985429999999923
11
154.2494989999999859
21
-88.5985429999999923
0
LINE
8
BLACK
6
CONTINUOUS
10
154.2494989999999859
20
-88.5985429999999923
11
154.2679399999999816
21
-88.6912439999999975
0
LINE
8
BLACK
6
CONTINUOUS
10
154.2679399999999816
20
-88.6912439999999975
11
154.2679399999999816
21
-88.6912459999999925
0
LINE
8
BLACK
6
CONTINUOUS
10
154.2679399999999816
20
-88.6912459999999925
11
154.2679409999999791
21
-88.6912459999999925
0
LINE
8
BLACK
6
CONTINUOUS
10
154.2679409999999791
20
-88.6912459999999925
11
154.2679409999999791
21
-88.69124699999999
0
LINE
8
BLACK
6
CONTINUOUS
10
154.2679409999999791
20
-88.69124699999999
11
154.2847909999999843
21
-88.7759619999999927
0
LINE
8
BLACK
6
CONTINUOUS
10
154.2847909999999843
20
-88.7759619999999927
11
154.2847909999999843
21
-88.7759640000000019
0
LINE
8
BLACK
6
CONTINUOUS
10
154.2847909999999843
20
-88.7759640000000019
11
154.2879480000000001
21
-88.7918319999999994
0
LINE
8
BLACK
6
CONTINUOUS
10
154.2879480000000001
20
-88.7918319999999994
11
154.287949999999995
21
-88.7918399999999934
0
LINE
8
BLACK
6
CONTINUOUS
10
154.287949999999995
20
-88.7918399999999934
11
154.36336399999999
21
-88.973906999999997
0
LINE
8
BLACK
6
CONTINUOUS
10
154.36336399999999
20
-88.973906999999997
11
154.3633710000000008
21
-88.9739199999999926
0
LINE
8
BLACK
6
CONTINUOUS
10
154.3633710000000008
20
-88.9739199999999926
11
154.4728589999999997
21
-89.1377799999999922
0
LINE
8
BLACK
6
CONTINUOUS
10
154.4728589999999997
20
-89.1377799999999922
11
154.4728599999999972
21
-89.1377809999999897
0
LINE
8
BLACK
6
CONTINUOUS
10
154.4728599999999972
20
-89.1377809999999897
11
154.4728609999999946
21
-89.1377820000000014
0
LINE
8
BLACK
6
CONTINUOUS
10
154.4728609999999946
20
-89.1377820000000014
11
154.6122179999999844
21
-89.2771389999999911
0
LINE
8
BLACK
6
CONTINUOUS
10
154.6122179999999844
20
-89.2771389999999911
11
154.6122189999999819
21
-89.2771389999999911
0
LINE
8
BLACK
6
CONTINUOUS
10
154.6122189999999819
20
-89.2771389999999911
11
154.6192859999999882
21
-89.2842059999999975
0
LINE
8
BLACK
6
CONTINUOUS
10
154.6192859999999882
20
-89.2842059999999975
11
154.6192849999999908
21
-89.2842059999999975
0
LINE
8
BLACK
6
CONTINUOUS
10
154.6192849999999908
20
-89.2842059999999975
11
154.6192879999999832
21
-89.2842079999999925
0
LINE
8
BLACK
6
CONTINUOUS
10
154.6192879999999832
20
-89.2842079999999925
11
157.1628599999999949
21
-91.8277810000000017
0
LINE
8
BLACK
6
CONTINUOUS
10
157.1628599999999949
20
-91.8277810000000017
11
157.1628609999999924
21
-91.8277819999999991
0
LINE
8
BLACK
6
CONTINUOUS
10
157.1628609999999924
20
-91.8277819999999991
11
157.232894999999985
21
-91.8978159999999917
0
LINE
8
BLACK
6
CONTINUOUS
10
157.232894999999985
20
-91.8978159999999917
11
157.3022189999999796
21
-91.9671400000000006
0
LINE
8
BLACK
6
CONTINUOUS
10
157.3022189999999796
20
-91.9671400000000006
11
157.3945719999999824
21
-92.0288479999999964
0
LINE
8
BLACK
6
CONTINUOUS
10
157.3945719999999824
20
-92.0288479999999964
11
157.46608599999999
21
-92.0766319999999894
0
LINE
8
BLACK
6
CONTINUOUS
10
157.46608599999999
20
-92.0766319999999894
11
157.5727449999999976
21
-92.1208109999999891
0
LINE
8
BLACK
6
CONTINUOUS
10
157.5727449999999976
20
-92.1208109999999891
11
157.64816399999998
21
-92.1520510000000002
0
LINE
8
BLACK
6
CONTINUOUS
10
157.64816399999998
20
-92.1520510000000002
11
157.8414539999999988
21
-92.1904990000000026
0
LINE
8
BLACK
6
CONTINUOUS
10
157.8414539999999988
20
-92.1904990000000026
11
157.8414569999999912
21
-92.1905000000000001
0
LINE
8
BLACK
6
CONTINUOUS
10
157.8414569999999912
20
-92.1905000000000001
11
157.8414589999999862
21
-92.1905000000000001
0
LINE
8
BLACK
6
CONTINUOUS
10
157.8414589999999862
20
-92.1905000000000001
11
158.0385399999999834
21
-92.1905000000000001
0
LINE
8
BLACK
6
CONTINUOUS
10
158.0385399999999834
20
-92.1905000000000001
11
159.0660379999999918
21
-92.1905000000000001
0
LINE
8
BLACK
6
CONTINUOUS
10
159.0660379999999918
20
-92.1905000000000001
11
159.0955409999999972
21
-92.1991629999999986
0
LINE
8
BLACK
6
CONTINUOUS
10
159.0955409999999972
20
-92.1991629999999986
11
159.1255960000000016
21
-92.2057389999999941
0
LINE
8
BLACK
6
CONTINUOUS
10
159.1255960000000016
20
-92.2057389999999941
11
159.1299280000000067
21
-92.2092600000000004
0
LINE
8
BLACK
6
CONTINUOUS
10
159.1299280000000067
20
-92.2092600000000004
11
159.1330769999999859
21
-92.2101849999999956
0
LINE
8
BLACK
6
CONTINUOUS
10
159.1330769999999859
20
-92.2101849999999956
11
159.153823999999986
21
-92.2269239999999968
0
LINE
8
BLACK
6
CONTINUOUS
10
159.153823999999986
20
-92.2269239999999968
11
159.1583080000000052
21
-92.2314190000000025
0
LINE
8
BLACK
6
CONTINUOUS
10
159.1583080000000052
20
-92.2314190000000025
11
159.1592069999999808
21
-92.2326559999999915
0
LINE
8
BLACK
6
CONTINUOUS
10
159.1592069999999808
20
-92.2326559999999915
11
159.2988699999999938
21
-92.3723189999999903
0
LINE
8
BLACK
6
CONTINUOUS
10
159.2988699999999938
20
-92.3723189999999903
11
159.2989749999999844
21
-92.3724239999999952
0
LINE
8
BLACK
6
CONTINUOUS
10
159.2989749999999844
20
-92.3724239999999952
11
159.3157669999999939
21
-92.4032629999999955
0
LINE
8
BLACK
6
CONTINUOUS
10
159.3157669999999939
20
-92.4032629999999955
11
159.3323550000000068
21
-92.4336419999999919
0
LINE
8
BLACK
6
CONTINUOUS
10
159.3323550000000068
20
-92.4336419999999919
11
159.3323489999999936
21
-92.4337179999999989
0
LINE
8
BLACK
6
CONTINUOUS
10
159.3323489999999936
20
-92.4337179999999989
11
159.3323869999999829
21
-92.4337869999999953
0
LINE
8
BLACK
6
CONTINUOUS
10
159.3323869999999829
20
-92.4337869999999953
11
159.3298429999999826
21
-92.468757999999994
0
LINE
8
BLACK
6
CONTINUOUS
10
159.3298429999999826
20
-92.468757999999994
11
159.3273709999999994
21
-92.5033339999999953
0
LINE
8
BLACK
6
CONTINUOUS
10
159.3273709999999994
20
-92.5033339999999953
11
159.3273230000000069
21
-92.5034069999999957
0
LINE
8
BLACK
6
CONTINUOUS
10
159.3273230000000069
20
-92.5034069999999957
11
159.3273189999999886
21
-92.5034729999999996
0
LINE
8
BLACK
6
CONTINUOUS
10
159.3273189999999886
20
-92.5034729999999996
11
159.3270589999999913
21
-92.5038189999999929
0
LINE
8
BLACK
6
CONTINUOUS
10
159.3270589999999913
20
-92.5038189999999929
11
159.2988699999999938
21
-92.5476809999999972
0
LINE
8
BLACK
6
CONTINUOUS
10
159.2988699999999938
20
-92.5476809999999972
11
159.1557619999999815
21
-92.6907889999999952
0
LINE
8
BLACK
6
CONTINUOUS
10
159.1557619999999815
20
-92.6907889999999952
11
159.1546869999999956
21
-92.6897139999999951
0
LINE
8
BLACK
6
CONTINUOUS
10
159.1546869999999956
20
-92.6897139999999951
11
159.1018200000000036
21
-92.7242249999999899
0
LINE
8
BLACK
6
CONTINUOUS
10
159.1018200000000036
20
-92.7242249999999899
11
159.0660379999999918
21
-92.7295000000000016
0
LINE
8
BLACK
6
CONTINUOUS
10
159.0660379999999918
20
-92.7295000000000016
11
157.6957819999999799
21
-92.7295000000000016
0
LINE
8
BLACK
6
CONTINUOUS
10
157.6957819999999799
20
-92.7295000000000016
11
157.6287429999999858
21
-92.7098149999999919
0
LINE
8
BLACK
6
CONTINUOUS
10
157.6287429999999858
20
-92.7098149999999919
11
157.6081010000000049
21
-92.6931809999999956
0
LINE
8
BLACK
6
CONTINUOUS
10
157.6081010000000049
20
-92.6931809999999956
11
153.53681899999998
21
-88.6218989999999991
0
LINE
8
BLACK
6
CONTINUOUS
10
153.53681899999998
20
-88.6218989999999991
11
153.5033339999999953
21
-88.5605759999999975
0
LINE
8
BLACK
6
CONTINUOUS
10
153.5033339999999953
20
-88.5605759999999975
11
153.5004999999999882
21
-88.5342179999999956
0
LINE
8
BLACK
6
CONTINUOUS
10
153.5004999999999882
20
-88.5342179999999956
11
153.5004999999999882
21
-72.2157809999999927
0
LINE
8
BLACK
6
CONTINUOUS
10
153.5004999999999882
20
-72.2157809999999927
11
153.5201849999999979
21
-72.1487419999999986
0
LINE
8
BLACK
6
CONTINUOUS
10
153.5201849999999979
20
-72.1487419999999986
11
153.5368149999999901
21
-72.1281039999999933
0
LINE
8
BLACK
6
CONTINUOUS
10
153.5368149999999901
20
-72.1281039999999933
11
153.8877779999999973
21
-71.7771410000000003
0
LINE
8
BLACK
6
CONTINUOUS
10
153.8877779999999973
20
-71.7771410000000003
11
153.8877819999999872
21
-71.7771389999999911
0
LINE
8
BLACK
6
CONTINUOUS
10
153.8877819999999872
20
-71.7771389999999911
11
154.0271390000000054
21
-71.6377820000000014
0
LINE
8
BLACK
6
CONTINUOUS
10
154.0271390000000054
20
-71.6377820000000014
11
154.0298039999999844
21
-71.6337929999999972
0
LINE
8
BLACK
6
CONTINUOUS
10
154.0298039999999844
20
-71.6337929999999972
11
154.0374339999999904
21
-71.6260959999999898
0
LINE
8
BLACK
6
CONTINUOUS
10
154.0374339999999904
20
-71.6260959999999898
11
154.0631269999999802
21
-71.6119190000000003
0
LINE
8
BLACK
6
CONTINUOUS
10
154.0631269999999802
20
-71.6119190000000003
11
154.0873870000000068
21
-71.5953930000000014
0
LINE
8
BLACK
6
CONTINUOUS
10
154.0873870000000068
20
-71.5953930000000014
11
154.0933699999999931
21
-71.5952319999999958
0
LINE
8
BLACK
6
CONTINUOUS
10
154.0933699999999931
20
-71.5952319999999958
11
154.098608999999982
21
-71.5923420000000021
0
LINE
8
BLACK
6
CONTINUOUS
10
154.098608999999982
20
-71.5923420000000021
11
154.1278889999999819
21
-71.5943060000000031
0
LINE
8
BLACK
6
CONTINUOUS
10
138.8673689999999965
20
-92.0450400000000002
11
138.9233020000000067
21
-92.0869119999999981
0
LINE
8
BLACK
6
CONTINUOUS
10
138.9233020000000067
20
-92.0869119999999981
11
138.9243529999999964
21
-92.0883369999999957
0
LINE
8
BLACK
6
CONTINUOUS
10
138.9243529999999964
20
-92.0883369999999957
11
139.0292010000000005
21
-92.232648999999995
0
LINE
8
BLACK
6
CONTINUOUS
10
139.0292010000000005
20
-92.232648999999995
11
139.0292049999999904
21
-92.2326539999999966
0
LINE
8
BLACK
6
CONTINUOUS
10
139.0292049999999904
20
-92.2326539999999966
11
139.1688699999999983
21
-92.3723189999999903
0
LINE
8
BLACK
6
CONTINUOUS
10
139.1688699999999983
20
-92.3723189999999903
11
139.1732079999999883
21
-92.3802639999999968
0
LINE
8
BLACK
6
CONTINUOUS
10
139.1732079999999883
20
-92.3802639999999968
11
139.1804559999999924
21
-92.3856899999999968
0
LINE
8
BLACK
6
CONTINUOUS
10
139.1804559999999924
20
-92.3856899999999968
11
139.1896899999999846
21
-92.4104489999999998
0
LINE
8
BLACK
6
CONTINUOUS
10
139.1896899999999846
20
-92.4104489999999998
11
139.202354999999983
21
-92.4336419999999919
0
LINE
8
BLACK
6
CONTINUOUS
10
139.202354999999983
20
-92.4336419999999919
11
139.2017089999999939
21
-92.44267099999999
0
LINE
8
BLACK
6
CONTINUOUS
10
139.2017089999999939
20
-92.44267099999999
11
139.2048729999999921
21
-92.4511540000000025
0
LINE
8
BLACK
6
CONTINUOUS
10
139.2048729999999921
20
-92.4511540000000025
11
139.1992559999999912
21
-92.4769739999999985
0
LINE
8
BLACK
6
CONTINUOUS
10
139.1992559999999912
20
-92.4769739999999985
11
139.197371000000004
21
-92.5033339999999953
0
LINE
8
BLACK
6
CONTINUOUS
10
139.197371000000004
20
-92.5033339999999953
11
139.1915520000000015
21
-92.5123869999999897
0
LINE
8
BLACK
6
CONTINUOUS
10
139.1915520000000015
20
-92.5123869999999897
11
139.1900210000000015
21
-92.5194269999999932
0
LINE
8
BLACK
6
CONTINUOUS
10
139.1900210000000015
20
-92.5194269999999932
11
139.1688699999999983
21
-92.5476809999999972
0
LINE
8
BLACK
6
CONTINUOUS
10
139.1688699999999983
20
-92.5476809999999972
11
139.0676809999999932
21
-92.6488700000000023
0
LINE
8
BLACK
6
CONTINUOUS
10
139.0676809999999932
20
-92.6488700000000023
11
139.0063580000000059
21
-92.6823550000000012
0
LINE
8
BLACK
6
CONTINUOUS
10
139.0063580000000059
20
-92.6823550000000012
11
138.9366660000000024
21
-92.6773709999999937
0
LINE
8
BLACK
6
CONTINUOUS
10
138.9366660000000024
20
-92.6773709999999937
11
138.8923189999999863
21
-92.6488700000000023
0
LINE
8
BLACK
6
CONTINUOUS
10
138.8923189999999863
20
-92.6488700000000023
11
138.7526540000000068
21
-92.5092049999999944
0
LINE
8
BLACK
6
CONTINUOUS
10
138.7526540000000068
20
-92.5092049999999944
11
138.752648999999991
21
-92.5092009999999902
0
LINE
8
BLACK
6
CONTINUOUS
10
138.752648999999991
20
-92.5092009999999902
11
138.6083370000000059
21
-92.4043530000000004
0
LINE
8
BLACK
6
CONTINUOUS
10
138.6083370000000059
20
-92.4043530000000004
11
138.596919999999983
21
-92.3895479999999907
0
LINE
8
BLACK
6
CONTINUOUS
10
138.596919999999983
20
-92.3895479999999907
11
138.5819549999999936
21
-92.3783449999999959
0
LINE
8
BLACK
6
CONTINUOUS
10
138.5819549999999936
20
-92.3783449999999959
11
138.5760279999999796
21
-92.3624549999999971
0
LINE
8
BLACK
6
CONTINUOUS
10
138.5760279999999796
20
-92.3624549999999971
11
138.5656709999999805
21
-92.349024
0
LINE
8
BLACK
6
CONTINUOUS
10
138.5656709999999805
20
-92.349024
11
138.5640709999999842
21
-92.3303959999999933
0
LINE
8
BLACK
6
CONTINUOUS
10
138.5640709999999842
20
-92.3303959999999933
11
138.5575379999999939
21
-92.3128809999999902
0
LINE
8
BLACK
6
CONTINUOUS
10
138.5575379999999939
20
-92.3128809999999902
11
138.5611429999999871
21
-92.2963069999999988
0
LINE
8
BLACK
6
CONTINUOUS
10
138.5611429999999871
20
-92.2963069999999988
11
138.5596919999999841
21
-92.2794099999999986
0
LINE
8
BLACK
6
CONTINUOUS
10
138.5596919999999841
20
-92.2794099999999986
11
138.5684159999999849
21
-92.262874999999994
0
LINE
8
BLACK
6
CONTINUOUS
10
138.5684159999999849
20
-92.262874999999994
11
138.5723899999999844
21
-92.2446079999999995
0
LINE
8
BLACK
6
CONTINUOUS
10
138.5723899999999844
20
-92.2446079999999995
11
138.5915799999999933
21
-92.2189719999999937
0
LINE
8
BLACK
6
CONTINUOUS
10
138.5915799999999933
20
-92.2189719999999937
11
138.5922970000000021
21
-92.217614999999995
0
LINE
8
BLACK
6
CONTINUOUS
10
138.5922970000000021
20
-92.217614999999995
11
138.593467000000004
21
-92.2164279999999934
0
LINE
8
BLACK
6
CONTINUOUS
10
138.593467000000004
20
-92.2164279999999934
11
138.7363560000000007
21
-92.0735389999999967
0
LINE
8
BLACK
6
CONTINUOUS
10
138.7363560000000007
20
-92.0735389999999967
11
138.7976769999999931
21
-92.0400559999999928
0
LINE
8
BLACK
6
CONTINUOUS
10
138.7976769999999931
20
-92.0400559999999928
11
138.8673689999999965
21
-92.0450400000000002
0
LINE
8
BLACK
6
CONTINUOUS
10
140.5067899999999952
20
-90.1203929999999929
11
140.6709519999999998
21
-90.1737329999999986
0
LINE
8
BLACK
6
CONTINUOUS
10
140.6709519999999998
20
-90.1737329999999986
11
140.8247479999999996
21
-90.2520959999999945
0
LINE
8
BLACK
6
CONTINUOUS
10
140.8247479999999996
20
-90.2520959999999945
11
140.9643930000000012
21
-90.3535529999999909
0
LINE
8
BLACK
6
CONTINUOUS
10
140.9643930000000012
20
-90.3535529999999909
11
141.0864469999999926
21
-90.4756069999999966
0
LINE
8
BLACK
6
CONTINUOUS
10
141.0864469999999926
20
-90.4756069999999966
11
141.1879040000000032
21
-90.6152519999999981
0
LINE
8
BLACK
6
CONTINUOUS
10
141.1879040000000032
20
-90.6152519999999981
11
141.2662669999999991
21
-90.769047999999998
0
LINE
8
BLACK
6
CONTINUOUS
10
141.2662669999999991
20
-90.769047999999998
11
141.3196069999999906
21
-90.9332100000000025
0
LINE
8
BLACK
6
CONTINUOUS
10
141.3196069999999906
20
-90.9332100000000025
11
141.3466090000000008
21
-91.1036950000000019
0
LINE
8
BLACK
6
CONTINUOUS
10
141.3466090000000008
20
-91.1036950000000019
11
141.3466090000000008
21
-91.2763049999999936
0
LINE
8
BLACK
6
CONTINUOUS
10
141.3466090000000008
20
-91.2763049999999936
11
141.3196069999999906
21
-91.4467899999999929
0
LINE
8
BLACK
6
CONTINUOUS
10
141.3196069999999906
20
-91.4467899999999929
11
141.2662669999999991
21
-91.6109519999999975
0
LINE
8
BLACK
6
CONTINUOUS
10
141.2662669999999991
20
-91.6109519999999975
11
141.1879040000000032
21
-91.7647479999999973
0
LINE
8
BLACK
6
CONTINUOUS
10
141.1879040000000032
20
-91.7647479999999973
11
141.0864469999999926
21
-91.9043929999999989
0
LINE
8
BLACK
6
CONTINUOUS
10
141.0864469999999926
20
-91.9043929999999989
11
140.9643930000000012
21
-92.0264469999999903
0
LINE
8
BLACK
6
CONTINUOUS
10
140.9643930000000012
20
-92.0264469999999903
11
140.8247479999999996
21
-92.1279040000000009
0
LINE
8
BLACK
6
CONTINUOUS
10
140.8247479999999996
20
-92.1279040000000009
11
140.6709519999999998
21
-92.2062669999999969
0
LINE
8
BLACK
6
CONTINUOUS
10
140.6709519999999998
20
-92.2062669999999969
11
140.5067899999999952
21
-92.2596070000000026
0
LINE
8
BLACK
6
CONTINUOUS
10
140.5067899999999952
20
-92.2596070000000026
11
140.3363049999999816
21
-92.2866089999999986
0
LINE
8
BLACK
6
CONTINUOUS
10
140.3363049999999816
20
-92.2866089999999986
11
140.1636949999999899
21
-92.2866089999999986
0
LINE
8
BLACK
6
CONTINUOUS
10
140.1636949999999899
20
-92.2866089999999986
11
139.9932100000000048
21
-92.2596070000000026
0
LINE
8
BLACK
6
CONTINUOUS
10
139.9932100000000048
20
-92.2596070000000026
11
139.8290480000000002
21
-92.2062669999999969
0
LINE
8
BLACK
6
CONTINUOUS
10
139.8290480000000002
20
-92.2062669999999969
11
139.6752520000000004
21
-92.1279040000000009
0
LINE
8
BLACK
6
CONTINUOUS
10
139.6752520000000004
20
-92.1279040000000009
11
139.5356069999999988
21
-92.0264469999999903
0
LINE
8
BLACK
6
CONTINUOUS
10
139.5356069999999988
20
-92.0264469999999903
11
139.4135530000000074
21
-91.9043929999999989
0
LINE
8
BLACK
6
CONTINUOUS
10
139.4135530000000074
20
-91.9043929999999989
11
139.3120959999999968
21
-91.7647479999999973
0
LINE
8
BLACK
6
CONTINUOUS
10
139.3120959999999968
20
-91.7647479999999973
11
139.2337330000000009
21
-91.6109519999999975
0
LINE
8
BLACK
6
CONTINUOUS
10
139.2337330000000009
20
-91.6109519999999975
11
139.1803929999999809
21
-91.4467899999999929
0
LINE
8
BLACK
6
CONTINUOUS
10
139.1803929999999809
20
-91.4467899999999929
11
139.1533909999999992
21
-91.2763049999999936
0
LINE
8
BLACK
6
CONTINUOUS
10
139.1533909999999992
20
-91.2763049999999936
11
139.1533909999999992
21
-91.1036950000000019
0
LINE
8
BLACK
6
CONTINUOUS
10
139.1533909999999992
20
-91.1036950000000019
11
139.1803929999999809
21
-90.9332100000000025
0
LINE
8
BLACK
6
CONTINUOUS
10
139.1803929999999809
20
-90.9332100000000025
11
139.2337330000000009
21
-90.769047999999998
0
LINE
8
BLACK
6
CONTINUOUS
10
139.2337330000000009
20
-90.769047999999998
11
139.3120959999999968
21
-90.6152519999999981
0
LINE
8
BLACK
6
CONTINUOUS
10
139.3120959999999968
20
-90.6152519999999981
11
139.4135530000000074
21
-90.4756069999999966
0
LINE
8
BLACK
6
CONTINUOUS
10
139.4135530000000074
20
-90.4756069999999966
11
139.5356069999999988
21
-90.3535529999999909
0
LINE
8
BLACK
6
CONTINUOUS
10
139.5356069999999988
20
-90.3535529999999909
11
139.6752520000000004
21
-90.2520959999999945
0
LINE
8
BLACK
6
CONTINUOUS
10
139.6752520000000004
20
-90.2520959999999945
11
139.8290480000000002
21
-90.1737329999999986
0
LINE
8
BLACK
6
CONTINUOUS
10
139.8290480000000002
20
-90.1737329999999986
11
139.9932100000000048
21
-90.1203929999999929
0
LINE
8
BLACK
6
CONTINUOUS
10
139.9932100000000048
20
-90.1203929999999929
11
140.1636949999999899
21
-90.0933909999999969
0
LINE
8
BLACK
6
CONTINUOUS
10
140.1636949999999899
20
-90.0933909999999969
11
140.3363049999999816
21
-90.0933909999999969
0
LINE
8
BLACK
6
CONTINUOUS
10
140.3363049999999816
20
-90.0933909999999969
11
140.5067899999999952
21
-90.1203929999999929
0
LINE
8
BLACK
6
CONTINUOUS
10
145.3967899999999815
20
-90.1203929999999929
11
145.5609519999999861
21
-90.1737329999999986
0
LINE
8
BLACK
6
CONTINUOUS
10
145.5609519999999861
20
-90.1737329999999986
11
145.714747999999986
21
-90.2520959999999945
0
LINE
8
BLACK
6
CONTINUOUS
10
145.714747999999986
20
-90.2520959999999945
11
145.8543929999999875
21
-90.3535529999999909
0
LINE
8
BLACK
6
CONTINUOUS
10
145.8543929999999875
20
-90.3535529999999909
11
145.9764470000000074
21
-90.4756069999999966
0
LINE
8
BLACK
6
CONTINUOUS
10
145.9764470000000074
20
-90.4756069999999966
11
146.0779039999999895
21
-90.6152519999999981
0
LINE
8
BLACK
6
CONTINUOUS
10
146.0779039999999895
20
-90.6152519999999981
11
146.1562669999999855
21
-90.769047999999998
0
LINE
8
BLACK
6
CONTINUOUS
10
146.1562669999999855
20
-90.769047999999998
11
146.2096070000000054
21
-90.9332100000000025
0
LINE
8
BLACK
6
CONTINUOUS
10
146.2096070000000054
20
-90.9332100000000025
11
146.2366089999999872
21
-91.1036950000000019
0
LINE
8
BLACK
6
CONTINUOUS
10
146.2366089999999872
20
-91.1036950000000019
11
146.2366089999999872
21
-91.2763049999999936
0
LINE
8
BLACK
6
CONTINUOUS
10
146.2366089999999872
20
-91.2763049999999936
11
146.2096070000000054
21
-91.4467899999999929
0
LINE
8
BLACK
6
CONTINUOUS
10
146.2096070000000054
20
-91.4467899999999929
11
146.1562669999999855
21
-91.6109519999999975
0
LINE
8
BLACK
6
CONTINUOUS
10
146.1562669999999855
20
-91.6109519999999975
11
146.0779039999999895
21
-91.7647479999999973
0
LINE
8
BLACK
6
CONTINUOUS
10
146.0779039999999895
20
-91.7647479999999973
11
145.9764470000000074
21
-91.9043929999999989
0
LINE
8
BLACK
6
CONTINUOUS
10
145.9764470000000074
20
-91.9043929999999989
11
145.8543929999999875
21
-92.0264469999999903
0
LINE
8
BLACK
6
CONTINUOUS
10
145.8543929999999875
20
-92.0264469999999903
11
145.714747999999986
21
-92.1279040000000009
0
LINE
8
BLACK
6
CONTINUOUS
10
145.714747999999986
20
-92.1279040000000009
11
145.5609519999999861
21
-92.2062669999999969
0
LINE
8
BLACK
6
CONTINUOUS
10
145.5609519999999861
20
-92.2062669999999969
11
145.3967899999999815
21
-92.2596070000000026
0
LINE
8
BLACK
6
CONTINUOUS
10
145.3967899999999815
20
-92.2596070000000026
11
145.2263049999999964
21
-92.2866089999999986
0
LINE
8
BLACK
6
CONTINUOUS
10
145.2263049999999964
20
-92.2866089999999986
11
145.0536950000000047
21
-92.2866089999999986
0
LINE
8
BLACK
6
CONTINUOUS
10
145.0536950000000047
20
-92.2866089999999986
11
144.8832099999999912
21
-92.2596070000000026
0
LINE
8
BLACK
6
CONTINUOUS
10
144.8832099999999912
20
-92.2596070000000026
11
144.7190479999999866
21
-92.2062669999999969
0
LINE
8
BLACK
6
CONTINUOUS
10
144.7190479999999866
20
-92.2062669999999969
11
144.5652519999999868
21
-92.1279040000000009
0
LINE
8
BLACK
6
CONTINUOUS
10
144.5652519999999868
20
-92.1279040000000009
11
144.4256069999999852
21
-92.0264469999999903
0
LINE
8
BLACK
6
CONTINUOUS
10
144.4256069999999852
20
-92.0264469999999903
11
144.3035529999999937
21
-91.9043929999999989
0
LINE
8
BLACK
6
CONTINUOUS
10
144.3035529999999937
20
-91.9043929999999989
11
144.2020959999999832
21
-91.7647479999999973
0
LINE
8
BLACK
6
CONTINUOUS
10
144.2020959999999832
20
-91.7647479999999973
11
144.1237329999999872
21
-91.6109519999999975
0
LINE
8
BLACK
6
CONTINUOUS
10
144.1237329999999872
20
-91.6109519999999975
11
144.0703929999999957
21
-91.4467899999999929
0
LINE
8
BLACK
6
CONTINUOUS
10
144.0703929999999957
20
-91.4467899999999929
11
144.0433909999999855
21
-91.2763049999999936
0
LINE
8
BLACK
6
CONTINUOUS
10
144.0433909999999855
20
-91.2763049999999936
11
144.0433909999999855
21
-91.1036950000000019
0
LINE
8
BLACK
6
CONTINUOUS
10
144.0433909999999855
20
-91.1036950000000019
11
144.0703929999999957
21
-90.9332100000000025
0
LINE
8
BLACK
6
CONTINUOUS
10
144.0703929999999957
20
-90.9332100000000025
11
144.1237329999999872
21
-90.769047999999998
0
LINE
8
BLACK
6
CONTINUOUS
10
144.1237329999999872
20
-90.769047999999998
11
144.2020959999999832
21
-90.6152519999999981
0
LINE
8
BLACK
6
CONTINUOUS
10
144.2020959999999832
20
-90.6152519999999981
11
144.3035529999999937
21
-90.4756069999999966
0
LINE
8
BLACK
6
CONTINUOUS
10
144.3035529999999937
20
-90.4756069999999966
11
144.4256069999999852
21
-90.3535529999999909
0
LINE
8
BLACK
6
CONTINUOUS
10
144.4256069999999852
20
-90.3535529999999909
11
144.5652519999999868
21
-90.2520959999999945
0
LINE
8
BLACK
6
CONTINUOUS
10
144.5652519999999868
20
-90.2520959999999945
11
144.7190479999999866
21
-90.1737329999999986
0
LINE
8
BLACK
6
CONTINUOUS
10
144.7190479999999866
20
-90.1737329999999986
11
144.8832099999999912
21
-90.1203929999999929
0
LINE
8
BLACK
6
CONTINUOUS
10
144.8832099999999912
20
-90.1203929999999929
11
145.0536950000000047
21
-90.0933909999999969
0
LINE
8
BLACK
6
CONTINUOUS
10
145.0536950000000047
20
-90.0933909999999969
11
145.2263049999999964
21
-90.0933909999999969
0
LINE
8
BLACK
6
CONTINUOUS
10
145.2263049999999964
20
-90.0933909999999969
11
145.3967899999999815
21
-90.1203929999999929
0
LINE
8
BLACK
6
CONTINUOUS
10
156.8502849999999853
20
-67.043059999999997
11
157.0313969999999983
21
-67.1180789999999945
0
LINE
8
BLACK
6
CONTINUOUS
10
157.0313969999999983
20
-67.1180789999999945
11
157.1943929999999909
21
-67.2269900000000007
0
LINE
8
BLACK
6
CONTINUOUS
10
157.1943929999999909
20
-67.2269900000000007
11
157.3330100000000016
21
-67.3656069999999971
0
LINE
8
BLACK
6
CONTINUOUS
10
157.3330100000000016
20
-67.3656069999999971
11
157.4419209999999794
21
-67.5286030000000039
0
LINE
8
BLACK
6
CONTINUOUS
10
157.4419209999999794
20
-67.5286030000000039
11
157.5169400000000053
21
-67.7097150000000028
0
LINE
8
BLACK
6
CONTINUOUS
10
157.5169400000000053
20
-67.7097150000000028
11
157.5551849999999945
21
-67.9019830000000013
0
LINE
8
BLACK
6
CONTINUOUS
10
157.5551849999999945
20
-67.9019830000000013
11
157.5551849999999945
21
-68.0980169999999987
0
LINE
8
BLACK
6
CONTINUOUS
10
157.5551849999999945
20
-68.0980169999999987
11
157.5169400000000053
21
-68.2902849999999972
0
LINE
8
BLACK
6
CONTINUOUS
10
157.5169400000000053
20
-68.2902849999999972
11
157.4419209999999794
21
-68.4713969999999961
0
LINE
8
BLACK
6
CONTINUOUS
10
157.4419209999999794
20
-68.4713969999999961
11
157.3330100000000016
21
-68.6343930000000029
0
LINE
8
BLACK
6
CONTINUOUS
10
157.3330100000000016
20
-68.6343930000000029
11
157.1943929999999909
21
-68.7730099999999993
0
LINE
8
BLACK
6
CONTINUOUS
10
157.1943929999999909
20
-68.7730099999999993
11
157.0313969999999983
21
-68.8819209999999913
0
LINE
8
BLACK
6
CONTINUOUS
10
157.0313969999999983
20
-68.8819209999999913
11
156.8502849999999853
21
-68.956940000000003
0
LINE
8
BLACK
6
CONTINUOUS
10
156.8502849999999853
20
-68.956940000000003
11
156.658017000000001
21
-68.9951849999999922
0
LINE
8
BLACK
6
CONTINUOUS
10
156.658017000000001
20
-68.9951849999999922
11
156.5209999999999866
21
-68.9951849999999922
0
LINE
8
BLACK
6
CONTINUOUS
10
156.5209999999999866
20
-68.9951849999999922
11
156.5209999999999866
21
-69.2710000000000008
0
LINE
8
BLACK
6
CONTINUOUS
10
156.5209999999999866
20
-69.2710000000000008
11
156.5167229999999847
21
-69.3362470000000002
0
LINE
8
BLACK
6
CONTINUOUS
10
156.5167229999999847
20
-69.3362470000000002
11
156.5167229999999847
21
-69.3362630000000024
0
LINE
8
BLACK
6
CONTINUOUS
10
156.5167229999999847
20
-69.3362630000000024
11
156.4963510000000042
21
-69.4122919999999937
0
LINE
8
BLACK
6
CONTINUOUS
10
156.4963510000000042
20
-69.4122919999999937
11
156.482939999999985
21
-69.4623419999999925
0
LINE
8
BLACK
6
CONTINUOUS
10
156.482939999999985
20
-69.4623419999999925
11
156.4176769999999976
21
-69.575380999999993
0
LINE
8
BLACK
6
CONTINUOUS
10
156.4176769999999976
20
-69.575380999999993
11
156.4176689999999894
21
-69.5753880000000038
0
LINE
8
BLACK
6
CONTINUOUS
10
156.4176689999999894
20
-69.5753880000000038
11
156.3745539999999892
21
-69.6245529999999917
0
LINE
8
BLACK
6
CONTINUOUS
10
156.3745539999999892
20
-69.6245529999999917
11
155.75
21
-70.2491059999999976
0
LINE
8
BLACK
6
CONTINUOUS
10
155.75
20
-70.2491059999999976
11
155.75
21
-88.2928929999999923
0
LINE
8
BLACK
6
CONTINUOUS
10
155.75
20
-88.2928929999999923
11
158.1471070000000054
21
-90.6899999999999977
0
LINE
8
BLACK
6
CONTINUOUS
10
158.1471070000000054
20
-90.6899999999999977
11
159.4040099999999995
21
-90.6899999999999977
0
LINE
8
BLACK
6
CONTINUOUS
10
159.4040099999999995
20
-90.6899999999999977
11
159.4420959999999923
21
-90.6152519999999981
0
LINE
8
BLACK
6
CONTINUOUS
10
159.4420959999999923
20
-90.6152519999999981
11
159.5435530000000028
21
-90.4756069999999966
0
LINE
8
BLACK
6
CONTINUOUS
10
159.5435530000000028
20
-90.4756069999999966
11
159.6656069999999943
21
-90.3535529999999909
0
LINE
8
BLACK
6
CONTINUOUS
10
159.6656069999999943
20
-90.3535529999999909
11
159.8052519999999959
21
-90.2520959999999945
0
LINE
8
BLACK
6
CONTINUOUS
10
159.8052519999999959
20
-90.2520959999999945
11
159.9590479999999957
21
-90.1737329999999986
0
LINE
8
BLACK
6
CONTINUOUS
10
159.9590479999999957
20
-90.1737329999999986
11
160.1232100000000003
21
-90.1203929999999929
0
LINE
8
BLACK
6
CONTINUOUS
10
160.1232100000000003
20
-90.1203929999999929
11
160.2936949999999854
21
-90.0933909999999969
0
LINE
8
BLACK
6
CONTINUOUS
10
160.2936949999999854
20
-90.0933909999999969
11
160.4663050000000055
21
-90.0933909999999969
0
LINE
8
BLACK
6
CONTINUOUS
10
160.4663050000000055
20
-90.0933909999999969
11
160.6367899999999906
21
-90.1203929999999929
0
LINE
8
BLACK
6
CONTINUOUS
10
160.6367899999999906
20
-90.1203929999999929
11
160.8009519999999952
21
-90.1737329999999986
0
LINE
8
BLACK
6
CONTINUOUS
10
160.8009519999999952
20
-90.1737329999999986
11
160.954747999999995
21
-90.2520959999999945
0
LINE
8
BLACK
6
CONTINUOUS
10
160.954747999999995
20
-90.2520959999999945
11
161.0943929999999966
21
-90.3535529999999909
0
LINE
8
BLACK
6
CONTINUOUS
10
161.0943929999999966
20
-90.3535529999999909
11
161.2164469999999881
21
-90.4756069999999966
0
LINE
8
BLACK
6
CONTINUOUS
10
161.2164469999999881
20
-90.4756069999999966
11
161.3179039999999986
21
-90.6152519999999981
0
LINE
8
BLACK
6
CONTINUOUS
10
161.3179039999999986
20
-90.6152519999999981
11
161.3962669999999946
21
-90.769047999999998
0
LINE
8
BLACK
6
CONTINUOUS
10
161.3962669999999946
20
-90.769047999999998
11
161.4496069999999861
21
-90.9332100000000025
0
LINE
8
BLACK
6
CONTINUOUS
10
161.4496069999999861
20
-90.9332100000000025
11
161.4766089999999963
21
-91.1036950000000019
0
LINE
8
BLACK
6
CONTINUOUS
10
161.4766089999999963
20
-91.1036950000000019
11
161.4766089999999963
21
-91.2763049999999936
0
LINE
8
BLACK
6
CONTINUOUS
10
161.4766089999999963
20
-91.2763049999999936
11
161.4496069999999861
21
-91.4467899999999929
0
LINE
8
BLACK
6
CONTINUOUS
10
161.4496069999999861
20
-91.4467899999999929
11
161.3962669999999946
21
-91.6109519999999975
0
LINE
8
BLACK
6
CONTINUOUS
10
161.3962669999999946
20
-91.6109519999999975
11
161.3179039999999986
21
-91.7647479999999973
0
LINE
8
BLACK
6
CONTINUOUS
10
161.3179039999999986
20
-91.7647479999999973
11
161.2164469999999881
21
-91.9043929999999989
0
LINE
8
BLACK
6
CONTINUOUS
10
161.2164469999999881
20
-91.9043929999999989
11
161.0943929999999966
21
-92.0264469999999903
0
LINE
8
BLACK
6
CONTINUOUS
10
161.0943929999999966
20
-92.0264469999999903
11
160.954747999999995
21
-92.1279040000000009
0
LINE
8
BLACK
6
CONTINUOUS
10
160.954747999999995
20
-92.1279040000000009
11
160.8009519999999952
21
-92.2062669999999969
0
LINE
8
BLACK
6
CONTINUOUS
10
160.8009519999999952
20
-92.2062669999999969
11
160.6367899999999906
21
-92.2596070000000026
0
LINE
8
BLACK
6
CONTINUOUS
10
160.6367899999999906
20
-92.2596070000000026
11
160.4663050000000055
21
-92.2866089999999986
0
LINE
8
BLACK
6
CONTINUOUS
10
160.4663050000000055
20
-92.2866089999999986
11
160.2936949999999854
21
-92.2866089999999986
0
LINE
8
BLACK
6
CONTINUOUS
10
160.2936949999999854
20
-92.2866089999999986
11
160.1232100000000003
21
-92.2596070000000026
0
LINE
8
BLACK
6
CONTINUOUS
10
160.1232100000000003
20
-92.2596070000000026
11
159.9590479999999957
21
-92.2062669999999969
0
LINE
8
BLACK
6
CONTINUOUS
10
159.9590479999999957
20
-92.2062669999999969
11
159.8052519999999959
21
-92.1279040000000009
0
LINE
8
BLACK
6
CONTINUOUS
10
159.8052519999999959
20
-92.1279040000000009
11
159.6656069999999943
21
-92.0264469999999903
0
LINE
8
BLACK
6
CONTINUOUS
10
159.6656069999999943
20
-92.0264469999999903
11
159.5435530000000028
21
-91.9043929999999989
0
LINE
8
BLACK
6
CONTINUOUS
10
159.5435530000000028
20
-91.9043929999999989
11
159.4420959999999923
21
-91.7647479999999973
0
LINE
8
BLACK
6
CONTINUOUS
10
159.4420959999999923
20
-91.7647479999999973
11
159.4040099999999995
21
-91.6899999999999977
0
LINE
8
BLACK
6
CONTINUOUS
10
159.4040099999999995
20
-91.6899999999999977
11
157.9399999999999977
21
-91.6899999999999977
0
LINE
8
BLACK
6
CONTINUOUS
10
157.9399999999999977
20
-91.6899999999999977
11
157.8747520000000009
21
-91.6857229999999959
0
LINE
8
BLACK
6
CONTINUOUS
10
157.8747520000000009
20
-91.6857229999999959
11
157.8747369999999819
21
-91.6857229999999959
0
LINE
8
BLACK
6
CONTINUOUS
10
157.8747369999999819
20
-91.6857229999999959
11
157.748658000000006
21
-91.6519399999999962
0
LINE
8
BLACK
6
CONTINUOUS
10
157.748658000000006
20
-91.6519399999999962
11
157.6356189999999913
21
-91.5866769999999946
0
LINE
8
BLACK
6
CONTINUOUS
10
157.6356189999999913
20
-91.5866769999999946
11
157.6356099999999856
21
-91.5866679999999889
0
LINE
8
BLACK
6
CONTINUOUS
10
157.6356099999999856
20
-91.5866679999999889
11
157.5864459999999951
21
-91.5435530000000028
0
LINE
8
BLACK
6
CONTINUOUS
10
157.5864459999999951
20
-91.5435530000000028
11
154.8964469999999949
21
-88.8535529999999909
0
LINE
8
BLACK
6
CONTINUOUS
10
154.8964469999999949
20
-88.8535529999999909
11
154.8533379999999795
21
-88.804395999999997
0
LINE
8
BLACK
6
CONTINUOUS
10
154.8533379999999795
20
-88.804395999999997
11
154.853322999999989
21
-88.8043809999999922
0
LINE
8
BLACK
6
CONTINUOUS
10
154.853322999999989
20
-88.8043809999999922
11
154.7880600000000015
21
-88.6913419999999917
0
LINE
8
BLACK
6
CONTINUOUS
10
154.7880600000000015
20
-88.6913419999999917
11
154.7760920000000056
21
-88.6466769999999968
0
LINE
8
BLACK
6
CONTINUOUS
10
154.7760920000000056
20
-88.6466769999999968
11
154.7542770000000019
21
-88.5652630000000016
0
LINE
8
BLACK
6
CONTINUOUS
10
154.7542770000000019
20
-88.5652630000000016
11
154.7542770000000019
21
-88.5652469999999994
0
LINE
8
BLACK
6
CONTINUOUS
10
154.7542770000000019
20
-88.5652469999999994
11
154.75
21
-88.5
0
LINE
8
BLACK
6
CONTINUOUS
10
154.75
20
-88.5
11
154.75
21
-70.0420000000000016
0
LINE
8
BLACK
6
CONTINUOUS
10
154.75
20
-70.0420000000000016
11
154.7542770000000019
21
-69.9767519999999905
0
LINE
8
BLACK
6
CONTINUOUS
10
154.7542770000000019
20
-69.9767519999999905
11
154.7542770000000019
21
-69.976737
0
LINE
8
BLACK
6
CONTINUOUS
10
154.7542770000000019
20
-69.976737
11
154.7880600000000015
21
-69.8506579999999957
0
LINE
8
BLACK
6
CONTINUOUS
10
154.7880600000000015
20
-69.8506579999999957
11
154.7963469999999973
21
-69.8363049999999959
0
LINE
8
BLACK
6
CONTINUOUS
10
154.7963469999999973
20
-69.8363049999999959
11
154.853322999999989
21
-69.7376189999999951
0
LINE
8
BLACK
6
CONTINUOUS
10
154.853322999999989
20
-69.7376189999999951
11
154.8533379999999795
21
-69.7376029999999929
0
LINE
8
BLACK
6
CONTINUOUS
10
154.8533379999999795
20
-69.7376029999999929
11
154.8964469999999949
21
-69.6884469999999965
0
LINE
8
BLACK
6
CONTINUOUS
10
154.8964469999999949
20
-69.6884469999999965
11
155.5209999999999866
21
-69.0638929999999931
0
LINE
8
BLACK
6
CONTINUOUS
10
155.5209999999999866
20
-69.0638929999999931
11
155.5209999999999866
21
-68.5390000000000015
0
LINE
8
BLACK
6
CONTINUOUS
10
155.5209999999999866
20
-68.5390000000000015
11
155.5252769999999884
21
-68.4737519999999904
0
LINE
8
BLACK
6
CONTINUOUS
10
155.5252769999999884
20
-68.4737519999999904
11
155.5252769999999884
21
-68.4737369999999999
0
LINE
8
BLACK
6
CONTINUOUS
10
155.5252769999999884
20
-68.4737369999999999
11
155.5590599999999881
21
-68.3476579999999956
0
LINE
8
BLACK
6
CONTINUOUS
10
155.5590599999999881
20
-68.3476579999999956
11
155.5825299999999913
21
-68.3070069999999987
0
LINE
8
BLACK
6
CONTINUOUS
10
155.5825299999999913
20
-68.3070069999999987
11
155.6002729999999872
21
-68.2762740000000008
0
LINE
8
BLACK
6
CONTINUOUS
10
155.6002729999999872
20
-68.2762740000000008
11
155.5648149999999816
21
-68.0980169999999987
0
LINE
8
BLACK
6
CONTINUOUS
10
155.5648149999999816
20
-68.0980169999999987
11
155.5648149999999816
21
-67.9019830000000013
0
LINE
8
BLACK
6
CONTINUOUS
10
155.5648149999999816
20
-67.9019830000000013
11
155.6030599999999993
21
-67.7097150000000028
0
LINE
8
BLACK
6
CONTINUOUS
10
155.6030599999999993
20
-67.7097150000000028
11
155.6780789999999968
21
-67.5286030000000039
0
LINE
8
BLACK
6
CONTINUOUS
10
155.6780789999999968
20
-67.5286030000000039
11
155.786990000000003
21
-67.3656069999999971
0
LINE
8
BLACK
6
CONTINUOUS
10
155.786990000000003
20
-67.3656069999999971
11
155.9256069999999852
21
-67.2269900000000007
0
LINE
8
BLACK
6
CONTINUOUS
10
155.9256069999999852
20
-67.2269900000000007
11
156.0886030000000062
21
-67.1180789999999945
0
LINE
8
BLACK
6
CONTINUOUS
10
156.0886030000000062
20
-67.1180789999999945
11
156.2697149999999908
21
-67.043059999999997
0
LINE
8
BLACK
6
CONTINUOUS
10
156.2697149999999908
20
-67.043059999999997
11
156.4619830000000036
21
-67.0048149999999936
0
LINE
8
BLACK
6
CONTINUOUS
10
156.4619830000000036
20
-67.0048149999999936
11
156.658017000000001
21
-67.0048149999999936
0
LINE
8
BLACK
6
CONTINUOUS
10
156.658017000000001
20
-67.0048149999999936
11
156.8502849999999853
21
-67.043059999999997
0
LINE
8
BLACK
6
CONTINUOUS
10
137.9567419999999913
20
-90.3766009999999937
11
138.1106869999999844
21
-90.4403669999999948
0
LINE
8
BLACK
6
CONTINUOUS
10
138.1106869999999844
20
-90.4403669999999948
11
138.2492340000000013
21
-90.5329409999999939
0
LINE
8
BLACK
6
CONTINUOUS
10
138.2492340000000013
20
-90.5329409999999939
11
138.3670589999999834
21
-90.6507659999999902
0
LINE
8
BLACK
6
CONTINUOUS
10
138.3670589999999834
20
-90.6507659999999902
11
138.4596329999999966
21
-90.7893129999999928
0
LINE
8
BLACK
6
CONTINUOUS
10
138.4596329999999966
20
-90.7893129999999928
11
138.5233989999999835
21
-90.9432580000000002
0
LINE
8
BLACK
6
CONTINUOUS
10
138.5233989999999835
20
-90.9432580000000002
11
138.5559069999999906
21
-91.1066849999999988
0
LINE
8
BLACK
6
CONTINUOUS
10
138.5559069999999906
20
-91.1066849999999988
11
138.5559069999999906
21
-91.2733149999999966
0
LINE
8
BLACK
6
CONTINUOUS
10
138.5559069999999906
20
-91.2733149999999966
11
138.5233989999999835
21
-91.4367419999999953
0
LINE
8
BLACK
6
CONTINUOUS
10
138.5233989999999835
20
-91.4367419999999953
11
138.4596329999999966
21
-91.5906870000000026
0
LINE
8
BLACK
6
CONTINUOUS
10
138.4596329999999966
20
-91.5906870000000026
11
138.3670589999999834
21
-91.7292339999999911
0
LINE
8
BLACK
6
CONTINUOUS
10
138.3670589999999834
20
-91.7292339999999911
11
138.2492340000000013
21
-91.8470590000000016
0
LINE
8
BLACK
6
CONTINUOUS
10
138.2492340000000013
20
-91.8470590000000016
11
138.1106869999999844
21
-91.9396330000000006
0
LINE
8
BLACK
6
CONTINUOUS
10
138.1106869999999844
20
-91.9396330000000006
11
137.9567419999999913
21
-92.0033990000000017
0
LINE
8
BLACK
6
CONTINUOUS
10
137.9567419999999913
20
-92.0033990000000017
11
137.7933150000000069
21
-92.0359069999999946
0
LINE
8
BLACK
6
CONTINUOUS
10
137.7933150000000069
20
-92.0359069999999946
11
137.6266849999999806
21
-92.0359069999999946
0
LINE
8
BLACK
6
CONTINUOUS
10
137.6266849999999806
20
-92.0359069999999946
11
137.4632579999999962
21
-92.0033990000000017
0
LINE
8
BLACK
6
CONTINUOUS
10
137.4632579999999962
20
-92.0033990000000017
11
137.3093130000000031
21
-91.9396330000000006
0
LINE
8
BLACK
6
CONTINUOUS
10
137.3093130000000031
20
-91.9396330000000006
11
137.1707659999999862
21
-91.8470590000000016
0
LINE
8
BLACK
6
CONTINUOUS
10
137.1707659999999862
20
-91.8470590000000016
11
137.0529410000000041
21
-91.7292339999999911
0
LINE
8
BLACK
6
CONTINUOUS
10
137.0529410000000041
20
-91.7292339999999911
11
136.9603669999999909
21
-91.5906870000000026
0
LINE
8
BLACK
6
CONTINUOUS
10
136.9603669999999909
20
-91.5906870000000026
11
136.896601000000004
21
-91.4367419999999953
0
LINE
8
BLACK
6
CONTINUOUS
10
136.896601000000004
20
-91.4367419999999953
11
136.8640929999999969
21
-91.2733149999999966
0
LINE
8
BLACK
6
CONTINUOUS
10
136.8640929999999969
20
-91.2733149999999966
11
136.8640929999999969
21
-91.1066849999999988
0
LINE
8
BLACK
6
CONTINUOUS
10
136.8640929999999969
20
-91.1066849999999988
11
136.896601000000004
21
-90.9432580000000002
0
LINE
8
BLACK
6
CONTINUOUS
10
136.896601000000004
20
-90.9432580000000002
11
136.9603669999999909
21
-90.7893129999999928
0
LINE
8
BLACK
6
CONTINUOUS
10
136.9603669999999909
20
-90.7893129999999928
11
137.0529410000000041
21
-90.6507659999999902
0
LINE
8
BLACK
6
CONTINUOUS
10
137.0529410000000041
20
-90.6507659999999902
11
137.1707659999999862
21
-90.5329409999999939
0
LINE
8
BLACK
6
CONTINUOUS
10
137.1707659999999862
20
-90.5329409999999939
11
137.3093130000000031
21
-90.4403669999999948
0
LINE
8
BLACK
6
CONTINUOUS
10
137.3093130000000031
20
-90.4403669999999948
11
137.4632579999999962
21
-90.3766009999999937
0
LINE
8
BLACK
6
CONTINUOUS
10
137.4632579999999962
20
-90.3766009999999937
11
137.6266849999999806
21
-90.3440930000000009
0
LINE
8
BLACK
6
CONTINUOUS
10
137.6266849999999806
20
-90.3440930000000009
11
137.7933150000000069
21
-90.3440930000000009
0
LINE
8
BLACK
6
CONTINUOUS
10
137.7933150000000069
20
-90.3440930000000009
11
137.9567419999999913
21
-90.3766009999999937
0
LINE
8
BLACK
6
CONTINUOUS
10
140.5067899999999952
20
-87.5803930000000008
11
140.6709519999999998
21
-87.6337329999999923
0
LINE
8
BLACK
6
CONTINUOUS
10
140.6709519999999998
20
-87.6337329999999923
11
140.8247479999999996
21
-87.7120960000000025
0
LINE
8
BLACK
6
CONTINUOUS
10
140.8247479999999996
20
-87.7120960000000025
11
140.9643930000000012
21
-87.8135529999999989
0
LINE
8
BLACK
6
CONTINUOUS
10
140.9643930000000012
20
-87.8135529999999989
11
141.0864469999999926
21
-87.9356069999999903
0
LINE
8
BLACK
6
CONTINUOUS
10
141.0864469999999926
20
-87.9356069999999903
11
141.1879040000000032
21
-88.0752519999999919
0
LINE
8
BLACK
6
CONTINUOUS
10
141.1879040000000032
20
-88.0752519999999919
11
141.2259899999999959
21
-88.1499999999999915
0
LINE
8
BLACK
6
CONTINUOUS
10
141.2259899999999959
20
-88.1499999999999915
11
144.1640099999999904
21
-88.1499999999999915
0
LINE
8
BLACK
6
CONTINUOUS
10
144.1640099999999904
20
-88.1499999999999915
11
144.2020959999999832
21
-88.0752519999999919
0
LINE
8
BLACK
6
CONTINUOUS
10
144.2020959999999832
20
-88.0752519999999919
11
144.3035529999999937
21
-87.9356069999999903
0
LINE
8
BLACK
6
CONTINUOUS
10
144.3035529999999937
20
-87.9356069999999903
11
144.4256069999999852
21
-87.8135529999999989
0
LINE
8
BLACK
6
CONTINUOUS
10
144.4256069999999852
20
-87.8135529999999989
11
144.5652519999999868
21
-87.7120960000000025
0
LINE
8
BLACK
6
CONTINUOUS
10
144.5652519999999868
20
-87.7120960000000025
11
144.7190479999999866
21
-87.6337329999999923
0
LINE
8
BLACK
6
CONTINUOUS
10
144.7190479999999866
20
-87.6337329999999923
11
144.8832099999999912
21
-87.5803930000000008
0
LINE
8
BLACK
6
CONTINUOUS
10
144.8832099999999912
20
-87.5803930000000008
11
145.0536950000000047
21
-87.5533909999999906
0
LINE
8
BLACK
6
CONTINUOUS
10
145.0536950000000047
20
-87.5533909999999906
11
145.2263049999999964
21
-87.5533909999999906
0
LINE
8
BLACK
6
CONTINUOUS
10
145.2263049999999964
20
-87.5533909999999906
11
145.3967899999999815
21
-87.5803930000000008
0
LINE
8
BLACK
6
CONTINUOUS
10
145.3967899999999815
20
-87.5803930000000008
11
145.5609519999999861
21
-87.6337329999999923
0
LINE
8
BLACK
6
CONTINUOUS
10
145.5609519999999861
20
-87.6337329999999923
11
145.714747999999986
21
-87.7120960000000025
0
LINE
8
BLACK
6
CONTINUOUS
10
145.714747999999986
20
-87.7120960000000025
11
145.8543929999999875
21
-87.8135529999999989
0
LINE
8
BLACK
6
CONTINUOUS
10
145.8543929999999875
20
-87.8135529999999989
11
145.9764470000000074
21
-87.9356069999999903
0
LINE
8
BLACK
6
CONTINUOUS
10
145.9764470000000074
20
-87.9356069999999903
11
146.0779039999999895
21
-88.0752519999999919
0
LINE
8
BLACK
6
CONTINUOUS
10
146.0779039999999895
20
-88.0752519999999919
11
146.1562669999999855
21
-88.2290479999999917
0
LINE
8
BLACK
6
CONTINUOUS
10
146.1562669999999855
20
-88.2290479999999917
11
146.2096070000000054
21
-88.3932099999999963
0
LINE
8
BLACK
6
CONTINUOUS
10
146.2096070000000054
20
-88.3932099999999963
11
146.2366089999999872
21
-88.5636949999999956
0
LINE
8
BLACK
6
CONTINUOUS
10
146.2366089999999872
20
-88.5636949999999956
11
146.2366089999999872
21
-88.7363050000000015
0
LINE
8
BLACK
6
CONTINUOUS
10
146.2366089999999872
20
-88.7363050000000015
11
146.2096070000000054
21
-88.9067900000000009
0
LINE
8
BLACK
6
CONTINUOUS
10
146.2096070000000054
20
-88.9067900000000009
11
146.1562669999999855
21
-89.0709519999999912
0
LINE
8
BLACK
6
CONTINUOUS
10
146.1562669999999855
20
-89.0709519999999912
11
146.0779039999999895
21
-89.2247479999999911
0
LINE
8
BLACK
6
CONTINUOUS
10
146.0779039999999895
20
-89.2247479999999911
11
145.9764470000000074
21
-89.3643929999999926
0
LINE
8
BLACK
6
CONTINUOUS
10
145.9764470000000074
20
-89.3643929999999926
11
145.8543929999999875
21
-89.4864469999999983
0
LINE
8
BLACK
6
CONTINUOUS
10
145.8543929999999875
20
-89.4864469999999983
11
145.714747999999986
21
-89.5879039999999947
0
LINE
8
BLACK
6
CONTINUOUS
10
145.714747999999986
20
-89.5879039999999947
11
145.5609519999999861
21
-89.6662669999999906
0
LINE
8
BLACK
6
CONTINUOUS
10
145.5609519999999861
20
-89.6662669999999906
11
145.3967899999999815
21
-89.7196069999999963
0
LINE
8
BLACK
6
CONTINUOUS
10
145.3967899999999815
20
-89.7196069999999963
11
145.2263049999999964
21
-89.7466089999999923
0
LINE
8
BLACK
6
CONTINUOUS
10
145.2263049999999964
20
-89.7466089999999923
11
145.0536950000000047
21
-89.7466089999999923
0
LINE
8
BLACK
6
CONTINUOUS
10
145.0536950000000047
20
-89.7466089999999923
11
144.8832099999999912
21
-89.7196069999999963
0
LINE
8
BLACK
6
CONTINUOUS
10
144.8832099999999912
20
-89.7196069999999963
11
144.7190479999999866
21
-89.6662669999999906
0
LINE
8
BLACK
6
CONTINUOUS
10
144.7190479999999866
20
-89.6662669999999906
11
144.5652519999999868
21
-89.5879039999999947
0
LINE
8
BLACK
6
CONTINUOUS
10
144.5652519999999868
20
-89.5879039999999947
11
144.4256069999999852
21
-89.4864469999999983
0
LINE
8
BLACK
6
CONTINUOUS
10
144.4256069999999852
20
-89.4864469999999983
11
144.3035529999999937
21
-89.3643929999999926
0
LINE
8
BLACK
6
CONTINUOUS
10
144.3035529999999937
20
-89.3643929999999926
11
144.2020959999999832
21
-89.2247479999999911
0
LINE
8
BLACK
6
CONTINUOUS
10
144.2020959999999832
20
-89.2247479999999911
11
144.1640099999999904
21
-89.1499999999999915
0
LINE
8
BLACK
6
CONTINUOUS
10
144.1640099999999904
20
-89.1499999999999915
11
141.2259899999999959
21
-89.1499999999999915
0
LINE
8
BLACK
6
CONTINUOUS
10
141.2259899999999959
20
-89.1499999999999915
11
141.1879040000000032
21
-89.2247479999999911
0
LINE
8
BLACK
6
CONTINUOUS
10
141.1879040000000032
20
-89.2247479999999911
11
141.0864469999999926
21
-89.3643929999999926
0
LINE
8
BLACK
6
CONTINUOUS
10
141.0864469999999926
20
-89.3643929999999926
11
140.9643930000000012
21
-89.4864469999999983
0
LINE
8
BLACK
6
CONTINUOUS
10
140.9643930000000012
20
-89.4864469999999983
11
140.8247479999999996
21
-89.5879039999999947
0
LINE
8
BLACK
6
CONTINUOUS
10
140.8247479999999996
20
-89.5879039999999947
11
140.6709519999999998
21
-89.6662669999999906
0
LINE
8
BLACK
6
CONTINUOUS
10
140.6709519999999998
20
-89.6662669999999906
11
140.5067899999999952
21
-89.7196069999999963
0
LINE
8
BLACK
6
CONTINUOUS
10
140.5067899999999952
20
-89.7196069999999963
11
140.3363049999999816
21
-89.7466089999999923
0
LINE
8
BLACK
6
CONTINUOUS
10
140.3363049999999816
20
-89.7466089999999923
11
140.1636949999999899
21
-89.7466089999999923
0
LINE
8
BLACK
6
CONTINUOUS
10
140.1636949999999899
20
-89.7466089999999923
11
139.9932100000000048
21
-89.7196069999999963
0
LINE
8
BLACK
6
CONTINUOUS
10
139.9932100000000048
20
-89.7196069999999963
11
139.8290480000000002
21
-89.6662669999999906
0
LINE
8
BLACK
6
CONTINUOUS
10
139.8290480000000002
20
-89.6662669999999906
11
139.6752520000000004
21
-89.5879039999999947
0
LINE
8
BLACK
6
CONTINUOUS
10
139.6752520000000004
20
-89.5879039999999947
11
139.5356069999999988
21
-89.4864469999999983
0
LINE
8
BLACK
6
CONTINUOUS
10
139.5356069999999988
20
-89.4864469999999983
11
139.4135530000000074
21
-89.3643929999999926
0
LINE
8
BLACK
6
CONTINUOUS
10
139.4135530000000074
20
-89.3643929999999926
11
139.3120959999999968
21
-89.2247479999999911
0
LINE
8
BLACK
6
CONTINUOUS
10
139.3120959999999968
20
-89.2247479999999911
11
139.2337330000000009
21
-89.0709519999999912
0
LINE
8
BLACK
6
CONTINUOUS
10
139.2337330000000009
20
-89.0709519999999912
11
139.1803929999999809
21
-88.9067900000000009
0
LINE
8
BLACK
6
CONTINUOUS
10
139.1803929999999809
20
-88.9067900000000009
11
139.1533909999999992
21
-88.7363050000000015
0
LINE
8
BLACK
6
CONTINUOUS
10
139.1533909999999992
20
-88.7363050000000015
11
139.1533909999999992
21
-88.5636949999999956
0
LINE
8
BLACK
6
CONTINUOUS
10
139.1533909999999992
20
-88.5636949999999956
11
139.1803929999999809
21
-88.3932099999999963
0
LINE
8
BLACK
6
CONTINUOUS
10
139.1803929999999809
20
-88.3932099999999963
11
139.2337330000000009
21
-88.2290479999999917
0
LINE
8
BLACK
6
CONTINUOUS
10
139.2337330000000009
20
-88.2290479999999917
11
139.3120959999999968
21
-88.0752519999999919
0
LINE
8
BLACK
6
CONTINUOUS
10
139.3120959999999968
20
-88.0752519999999919
11
139.4135530000000074
21
-87.9356069999999903
0
LINE
8
BLACK
6
CONTINUOUS
10
139.4135530000000074
20
-87.9356069999999903
11
139.5356069999999988
21
-87.8135529999999989
0
LINE
8
BLACK
6
CONTINUOUS
10
139.5356069999999988
20
-87.8135529999999989
11
139.6752520000000004
21
-87.7120960000000025
0
LINE
8
BLACK
6
CONTINUOUS
10
139.6752520000000004
20
-87.7120960000000025
11
139.8290480000000002
21
-87.6337329999999923
0
LINE
8
BLACK
6
CONTINUOUS
10
139.8290480000000002
20
-87.6337329999999923
11
139.9932100000000048
21
-87.5803930000000008
0
LINE
8
BLACK
6
CONTINUOUS
10
139.9932100000000048
20
-87.5803930000000008
11
140.1636949999999899
21
-87.5533909999999906
0
LINE
8
BLACK
6
CONTINUOUS
10
140.1636949999999899
20
-87.5533909999999906
11
140.3363049999999816
21
-87.5533909999999906
0
LINE
8
BLACK
6
CONTINUOUS
10
140.3363049999999816
20
-87.5533909999999906
11
140.5067899999999952
21
-87.5803930000000008
0
LINE
8
BLACK
6
CONTINUOUS
10
160.6367899999999906
20
-87.5803930000000008
11
160.8009519999999952
21
-87.6337329999999923
0
LINE
8
BLACK
6
CONTINUOUS
10
160.8009519999999952
20
-87.6337329999999923
11
160.954747999999995
21
-87.7120960000000025
0
LINE
8
BLACK
6
CONTINUOUS
10
160.954747999999995
20
-87.7120960000000025
11
161.0943929999999966
21
-87.8135529999999989
0
LINE
8
BLACK
6
CONTINUOUS
10
161.0943929999999966
20
-87.8135529999999989
11
161.2164469999999881
21
-87.9356069999999903
0
LINE
8
BLACK
6
CONTINUOUS
10
161.2164469999999881
20
-87.9356069999999903
11
161.3179039999999986
21
-88.0752519999999919
0
LINE
8
BLACK
6
CONTINUOUS
10
161.3179039999999986
20
-88.0752519999999919
11
161.3962669999999946
21
-88.2290479999999917
0
LINE
8
BLACK
6
CONTINUOUS
10
161.3962669999999946
20
-88.2290479999999917
11
161.4496069999999861
21
-88.3932099999999963
0
LINE
8
BLACK
6
CONTINUOUS
10
161.4496069999999861
20
-88.3932099999999963
11
161.4766089999999963
21
-88.5636949999999956
0
LINE
8
BLACK
6
CONTINUOUS
10
161.4766089999999963
20
-88.5636949999999956
11
161.4766089999999963
21
-88.7363050000000015
0
LINE
8
BLACK
6
CONTINUOUS
10
161.4766089999999963
20
-88.7363050000000015
11
161.4496069999999861
21
-88.9067900000000009
0
LINE
8
BLACK
6
CONTINUOUS
10
161.4496069999999861
20
-88.9067900000000009
11
161.3962669999999946
21
-89.0709519999999912
0
LINE
8
BLACK
6
CONTINUOUS
10
161.3962669999999946
20
-89.0709519999999912
11
161.3179039999999986
21
-89.2247479999999911
0
LINE
8
BLACK
6
CONTINUOUS
10
161.3179039999999986
20
-89.2247479999999911
11
161.2164469999999881
21
-89.3643929999999926
0
LINE
8
BLACK
6
CONTINUOUS
10
161.2164469999999881
20
-89.3643929999999926
11
161.0943929999999966
21
-89.4864469999999983
0
LINE
8
BLACK
6
CONTINUOUS
10
161.0943929999999966
20
-89.4864469999999983
11
160.954747999999995
21
-89.5879039999999947
0
LINE
8
BLACK
6
CONTINUOUS
10
160.954747999999995
20
-89.5879039999999947
11
160.8009519999999952
21
-89.6662669999999906
0
LINE
8
BLACK
6
CONTINUOUS
10
160.8009519999999952
20
-89.6662669999999906
11
160.6367899999999906
21
-89.7196069999999963
0
LINE
8
BLACK
6
CONTINUOUS
10
160.6367899999999906
20
-89.7196069999999963
11
160.4663050000000055
21
-89.7466089999999923
0
LINE
8
BLACK
6
CONTINUOUS
10
160.4663050000000055
20
-89.7466089999999923
11
160.2936949999999854
21
-89.7466089999999923
0
LINE
8
BLACK
6
CONTINUOUS
10
160.2936949999999854
20
-89.7466089999999923
11
160.1232100000000003
21
-89.7196069999999963
0
LINE
8
BLACK
6
CONTINUOUS
10
160.1232100000000003
20
-89.7196069999999963
11
159.9590479999999957
21
-89.6662669999999906
0
LINE
8
BLACK
6
CONTINUOUS
10
159.9590479999999957
20
-89.6662669999999906
11
159.8052519999999959
21
-89.5879039999999947
0
LINE
8
BLACK
6
CONTINUOUS
10
159.8052519999999959
20
-89.5879039999999947
11
159.6656069999999943
21
-89.4864469999999983
0
LINE
8
BLACK
6
CONTINUOUS
10
159.6656069999999943
20
-89.4864469999999983
11
159.5435530000000028
21
-89.3643929999999926
0
LINE
8
BLACK
6
CONTINUOUS
10
159.5435530000000028
20
-89.3643929999999926
11
159.4420959999999923
21
-89.2247479999999911
0
LINE
8
BLACK
6
CONTINUOUS
10
159.4420959999999923
20
-89.2247479999999911
11
159.3637329999999963
21
-89.0709519999999912
0
LINE
8
BLACK
6
CONTINUOUS
10
159.3637329999999963
20
-89.0709519999999912
11
159.3103930000000048
21
-88.9067900000000009
0
LINE
8
BLACK
6
CONTINUOUS
10
159.3103930000000048
20
-88.9067900000000009
11
159.2833909999999946
21
-88.7363050000000015
0
LINE
8
BLACK
6
CONTINUOUS
10
159.2833909999999946
20
-88.7363050000000015
11
159.2833909999999946
21
-88.5636949999999956
0
LINE
8
BLACK
6
CONTINUOUS
10
159.2833909999999946
20
-88.5636949999999956
11
159.3103930000000048
21
-88.3932099999999963
0
LINE
8
BLACK
6
CONTINUOUS
10
159.3103930000000048
20
-88.3932099999999963
11
159.3637329999999963
21
-88.2290479999999917
0
LINE
8
BLACK
6
CONTINUOUS
10
159.3637329999999963
20
-88.2290479999999917
11
159.4420959999999923
21
-88.0752519999999919
0
LINE
8
BLACK
6
CONTINUOUS
10
159.4420959999999923
20
-88.0752519999999919
11
159.5435530000000028
21
-87.9356069999999903
0
LINE
8
BLACK
6
CONTINUOUS
10
159.5435530000000028
20
-87.9356069999999903
11
159.6656069999999943
21
-87.8135529999999989
0
LINE
8
BLACK
6
CONTINUOUS
10
159.6656069999999943
20
-87.8135529999999989
11
159.8052519999999959
21
-87.7120960000000025
0
LINE
8
BLACK
6
CONTINUOUS
10
159.8052519999999959
20
-87.7120960000000025
11
159.9590479999999957
21
-87.6337329999999923
0
LINE
8
BLACK
6
CONTINUOUS
10
159.9590479999999957
20
-87.6337329999999923
11
160.1232100000000003
21
-87.5803930000000008
0
LINE
8
BLACK
6
CONTINUOUS
10
160.1232100000000003
20
-87.5803930000000008
11
160.2936949999999854
21
-87.5533909999999906
0
LINE
8
BLACK
6
CONTINUOUS
10
160.2936949999999854
20
-87.5533909999999906
11
160.4663050000000055
21
-87.5533909999999906
0
LINE
8
BLACK
6
CONTINUOUS
10
160.4663050000000055
20
-87.5533909999999906
11
160.6367899999999906
21
-87.5803930000000008
0
LINE
8
BLACK
6
CONTINUOUS
10
181.5067899999999952
20
-83.6803929999999951
11
181.6709519999999998
21
-83.7337330000000009
0
LINE
8
BLACK
6
CONTINUOUS
10
181.6709519999999998
20
-83.7337330000000009
11
181.8247479999999996
21
-83.8120959999999968
0
LINE
8
BLACK
6
CONTINUOUS
10
181.8247479999999996
20
-83.8120959999999968
11
181.9643930000000012
21
-83.9135529999999932
0
LINE
8
BLACK
6
CONTINUOUS
10
181.9643930000000012
20
-83.9135529999999932
11
182.0864469999999926
21
-84.0356069999999988
0
LINE
8
BLACK
6
CONTINUOUS
10
182.0864469999999926
20
-84.0356069999999988
11
182.1879040000000032
21
-84.1752520000000004
0
LINE
8
BLACK
6
CONTINUOUS
10
182.1879040000000032
20
-84.1752520000000004
11
182.2662669999999991
21
-84.3290480000000002
0
LINE
8
BLACK
6
CONTINUOUS
10
182.2662669999999991
20
-84.3290480000000002
11
182.3196069999999906
21
-84.4932099999999906
0
LINE
8
BLACK
6
CONTINUOUS
10
182.3196069999999906
20
-84.4932099999999906
11
182.3466090000000008
21
-84.6636949999999899
0
LINE
8
BLACK
6
CONTINUOUS
10
182.3466090000000008
20
-84.6636949999999899
11
182.3466090000000008
21
-84.8363049999999959
0
LINE
8
BLACK
6
CONTINUOUS
10
182.3466090000000008
20
-84.8363049999999959
11
182.3196069999999906
21
-85.0067899999999952
0
LINE
8
BLACK
6
CONTINUOUS
10
182.3196069999999906
20
-85.0067899999999952
11
182.2936819999999898
21
-85.0865759999999938
0
LINE
8
BLACK
6
CONTINUOUS
10
182.2936819999999898
20
-85.0865759999999938
11
182.8535530000000051
21
-85.6464469999999949
0
LINE
8
BLACK
6
CONTINUOUS
10
182.8535530000000051
20
-85.6464469999999949
11
182.8966609999999946
21
-85.6956029999999913
0
LINE
8
BLACK
6
CONTINUOUS
10
182.8966609999999946
20
-85.6956029999999913
11
182.8966769999999826
21
-85.6956189999999935
0
LINE
8
BLACK
6
CONTINUOUS
10
182.8966769999999826
20
-85.6956189999999935
11
182.9526970000000006
21
-85.7926489999999973
0
LINE
8
BLACK
6
CONTINUOUS
10
182.9526970000000006
20
-85.7926489999999973
11
182.9619399999999985
21
-85.8086579999999941
0
LINE
8
BLACK
6
CONTINUOUS
10
182.9619399999999985
20
-85.8086579999999941
11
182.9957229999999981
21
-85.9347369999999984
0
LINE
8
BLACK
6
CONTINUOUS
10
182.9957229999999981
20
-85.9347369999999984
11
182.9957229999999981
21
-85.9347520000000031
0
LINE
8
BLACK
6
CONTINUOUS
10
182.9957229999999981
20
-85.9347520000000031
11
183.
21
-86.
0
LINE
8
BLACK
6
CONTINUOUS
10
183.
20
-86.
11
183.
21
-87.699159999999992
0
LINE
8
BLACK
6
CONTINUOUS
10
183.
20
-87.699159999999992
11
183.0864469999999926
21
-87.7856069999999988
0
LINE
8
BLACK
6
CONTINUOUS
10
183.0864469999999926
20
-87.7856069999999988
11
183.1879040000000032
21
-87.9252520000000004
0
LINE
8
BLACK
6
CONTINUOUS
10
183.1879040000000032
20
-87.9252520000000004
11
183.2259899999999959
21
-88.
0
LINE
8
BLACK
6
CONTINUOUS
10
183.2259899999999959
20
-88.
11
186.125
21
-88.
0
LINE
8
BLACK
6
CONTINUOUS
10
186.125
20
-88.
11
186.125
21
-87.6499999999999915
0
LINE
8
BLACK
6
CONTINUOUS
10
186.125
20
-87.6499999999999915
11
187.8249999999999886
21
-87.6499999999999915
0
LINE
8
BLACK
6
CONTINUOUS
10
187.8249999999999886
20
-87.6499999999999915
11
187.8249999999999886
21
-89.3499999999999943
0
LINE
8
BLACK
6
CONTINUOUS
10
187.8249999999999886
20
-89.3499999999999943
11
186.125
21
-89.3499999999999943
0
LINE
8
BLACK
6
CONTINUOUS
10
186.125
20
-89.3499999999999943
11
186.125
21
-89.
0
LINE
8
BLACK
6
CONTINUOUS
10
186.125
20
-89.
11
183.2259899999999959
21
-89.
0
LINE
8
BLACK
6
CONTINUOUS
10
183.2259899999999959
20
-89.
11
183.1879040000000032
21
-89.0747479999999996
0
LINE
8
BLACK
6
CONTINUOUS
10
183.1879040000000032
20
-89.0747479999999996
11
183.0864469999999926
21
-89.2143930000000012
0
LINE
8
BLACK
6
CONTINUOUS
10
183.0864469999999926
20
-89.2143930000000012
11
182.9643930000000012
21
-89.3364469999999926
0
LINE
8
BLACK
6
CONTINUOUS
10
182.9643930000000012
20
-89.3364469999999926
11
182.8247479999999996
21
-89.437903999999989
0
LINE
8
BLACK
6
CONTINUOUS
10
182.8247479999999996
20
-89.437903999999989
11
182.6709519999999998
21
-89.5162669999999991
0
LINE
8
BLACK
6
CONTINUOUS
10
182.6709519999999998
20
-89.5162669999999991
11
182.5067899999999952
21
-89.5696069999999906
0
LINE
8
BLACK
6
CONTINUOUS
10
182.5067899999999952
20
-89.5696069999999906
11
182.3363049999999816
21
-89.5966090000000008
0
LINE
8
BLACK
6
CONTINUOUS
10
182.3363049999999816
20
-89.5966090000000008
11
182.1636949999999899
21
-89.5966090000000008
0
LINE
8
BLACK
6
CONTINUOUS
10
182.1636949999999899
20
-89.5966090000000008
11
181.9932100000000048
21
-89.5696069999999906
0
LINE
8
BLACK
6
CONTINUOUS
10
181.9932100000000048
20
-89.5696069999999906
11
181.8290480000000002
21
-89.5162669999999991
0
LINE
8
BLACK
6
CONTINUOUS
10
181.8290480000000002
20
-89.5162669999999991
11
181.6752520000000004
21
-89.437903999999989
0
LINE
8
BLACK
6
CONTINUOUS
10
181.6752520000000004
20
-89.437903999999989
11
181.5356069999999988
21
-89.3364469999999926
0
LINE
8
BLACK
6
CONTINUOUS
10
181.5356069999999988
20
-89.3364469999999926
11
181.413552999999979
21
-89.2143930000000012
0
LINE
8
BLACK
6
CONTINUOUS
10
181.413552999999979
20
-89.2143930000000012
11
181.3120959999999968
21
-89.0747479999999996
0
LINE
8
BLACK
6
CONTINUOUS
10
181.3120959999999968
20
-89.0747479999999996
11
181.2337330000000009
21
-88.9209519999999998
0
LINE
8
BLACK
6
CONTINUOUS
10
181.2337330000000009
20
-88.9209519999999998
11
181.1803929999999809
21
-88.7567899999999952
0
LINE
8
BLACK
6
CONTINUOUS
10
181.1803929999999809
20
-88.7567899999999952
11
181.1533909999999992
21
-88.5863049999999959
0
LINE
8
BLACK
6
CONTINUOUS
10
181.1533909999999992
20
-88.5863049999999959
11
181.1533909999999992
21
-88.4136949999999899
0
LINE
8
BLACK
6
CONTINUOUS
10
181.1533909999999992
20
-88.4136949999999899
11
181.1803929999999809
21
-88.2432099999999906
0
LINE
8
BLACK
6
CONTINUOUS
10
181.1803929999999809
20
-88.2432099999999906
11
181.2337330000000009
21
-88.0790480000000002
0
LINE
8
BLACK
6
CONTINUOUS
10
181.2337330000000009
20
-88.0790480000000002
11
181.3120959999999968
21
-87.9252520000000004
0
LINE
8
BLACK
6
CONTINUOUS
10
181.3120959999999968
20
-87.9252520000000004
11
181.413552999999979
21
-87.7856069999999988
0
LINE
8
BLACK
6
CONTINUOUS
10
181.413552999999979
20
-87.7856069999999988
11
181.5356069999999988
21
-87.6635529999999932
0
LINE
8
BLACK
6
CONTINUOUS
10
181.5356069999999988
20
-87.6635529999999932
11
181.6752520000000004
21
-87.5620959999999968
0
LINE
8
BLACK
6
CONTINUOUS
10
181.6752520000000004
20
-87.5620959999999968
11
181.8290480000000002
21
-87.4837330000000009
0
LINE
8
BLACK
6
CONTINUOUS
10
181.8290480000000002
20
-87.4837330000000009
11
181.9932100000000048
21
-87.4303929999999951
0
LINE
8
BLACK
6
CONTINUOUS
10
181.9932100000000048
20
-87.4303929999999951
11
182.
21
-87.4293169999999975
0
LINE
8
BLACK
6
CONTINUOUS
10
182.
20
-87.4293169999999975
11
182.
21
-86.207105999999996
0
LINE
8
BLACK
6
CONTINUOUS
10
182.
20
-86.207105999999996
11
181.5865759999999796
21
-85.7936819999999898
0
LINE
8
BLACK
6
CONTINUOUS
10
181.5865759999999796
20
-85.7936819999999898
11
181.5067899999999952
21
-85.8196069999999906
0
LINE
8
BLACK
6
CONTINUOUS
10
181.5067899999999952
20
-85.8196069999999906
11
181.3363049999999816
21
-85.8466090000000008
0
LINE
8
BLACK
6
CONTINUOUS
10
181.3363049999999816
20
-85.8466090000000008
11
181.1636949999999899
21
-85.8466090000000008
0
LINE
8
BLACK
6
CONTINUOUS
10
181.1636949999999899
20
-85.8466090000000008
11
180.9932100000000048
21
-85.8196069999999906
0
LINE
8
BLACK
6
CONTINUOUS
10
180.9932100000000048
20
-85.8196069999999906
11
180.8290480000000002
21
-85.7662669999999991
0
LINE
8
BLACK
6
CONTINUOUS
10
180.8290480000000002
20
-85.7662669999999991
11
180.6752520000000004
21
-85.6879040000000032
0
LINE
8
BLACK
6
CONTINUOUS
10
180.6752520000000004
20
-85.6879040000000032
11
180.5356069999999988
21
-85.5864469999999926
0
LINE
8
BLACK
6
CONTINUOUS
10
180.5356069999999988
20
-85.5864469999999926
11
180.413552999999979
21
-85.4643930000000012
0
LINE
8
BLACK
6
CONTINUOUS
10
180.413552999999979
20
-85.4643930000000012
11
180.3120959999999968
21
-85.3247479999999996
0
LINE
8
BLACK
6
CONTINUOUS
10
180.3120959999999968
20
-85.3247479999999996
11
180.2337330000000009
21
-85.1709519999999998
0
LINE
8
BLACK
6
CONTINUOUS
10
180.2337330000000009
20
-85.1709519999999998
11
180.1803929999999809
21
-85.0067899999999952
0
LINE
8
BLACK
6
CONTINUOUS
10
180.1803929999999809
20
-85.0067899999999952
11
180.1533909999999992
21
-84.8363049999999959
0
LINE
8
BLACK
6
CONTINUOUS
10
180.1533909999999992
20
-84.8363049999999959
11
180.1533909999999992
21
-84.6636949999999899
0
LINE
8
BLACK
6
CONTINUOUS
10
180.1533909999999992
20
-84.6636949999999899
11
180.1803929999999809
21
-84.4932099999999906
0
LINE
8
BLACK
6
CONTINUOUS
10
180.1803929999999809
20
-84.4932099999999906
11
180.2337330000000009
21
-84.3290480000000002
0
LINE
8
BLACK
6
CONTINUOUS
10
180.2337330000000009
20
-84.3290480000000002
11
180.3120959999999968
21
-84.1752520000000004
0
LINE
8
BLACK
6
CONTINUOUS
10
180.3120959999999968
20
-84.1752520000000004
11
180.413552999999979
21
-84.0356069999999988
0
LINE
8
BLACK
6
CONTINUOUS
10
180.413552999999979
20
-84.0356069999999988
11
180.5356069999999988
21
-83.9135529999999932
0
LINE
8
BLACK
6
CONTINUOUS
10
180.5356069999999988
20
-83.9135529999999932
11
180.6752520000000004
21
-83.8120959999999968
0
LINE
8
BLACK
6
CONTINUOUS
10
180.6752520000000004
20
-83.8120959999999968
11
180.8290480000000002
21
-83.7337330000000009
0
LINE
8
BLACK
6
CONTINUOUS
10
180.8290480000000002
20
-83.7337330000000009
11
180.9932100000000048
21
-83.6803929999999951
0
LINE
8
BLACK
6
CONTINUOUS
10
180.9932100000000048
20
-83.6803929999999951
11
181.1636949999999899
21
-83.6533909999999992
0
LINE
8
BLACK
6
CONTINUOUS
10
181.1636949999999899
20
-83.6533909999999992
11
181.3363049999999816
21
-83.6533909999999992
0
LINE
8
BLACK
6
CONTINUOUS
10
181.3363049999999816
20
-83.6533909999999992
11
181.5067899999999952
21
-83.6803929999999951
0
LINE
8
BLACK
6
CONTINUOUS
10
189.8052849999999978
20
-87.543059999999997
11
189.9863969999999824
21
-87.6180789999999945
0
LINE
8
BLACK
6
CONTINUOUS
10
189.9863969999999824
20
-87.6180789999999945
11
190.1493930000000034
21
-87.7269900000000007
0
LINE
8
BLACK
6
CONTINUOUS
10
190.1493930000000034
20
-87.7269900000000007
11
190.2880099999999857
21
-87.8656069999999971
0
LINE
8
BLACK
6
CONTINUOUS
10
190.2880099999999857
20
-87.8656069999999971
11
190.3969209999999919
21
-88.0286029999999897
0
LINE
8
BLACK
6
CONTINUOUS
10
190.3969209999999919
20
-88.0286029999999897
11
190.4719399999999894
21
-88.2097150000000028
0
LINE
8
BLACK
6
CONTINUOUS
10
190.4719399999999894
20
-88.2097150000000028
11
190.5101849999999786
21
-88.4019830000000013
0
LINE
8
BLACK
6
CONTINUOUS
10
190.5101849999999786
20
-88.4019830000000013
11
190.5101849999999786
21
-88.5980169999999987
0
LINE
8
BLACK
6
CONTINUOUS
10
190.5101849999999786
20
-88.5980169999999987
11
190.4719399999999894
21
-88.7902849999999972
0
LINE
8
BLACK
6
CONTINUOUS
10
190.4719399999999894
20
-88.7902849999999972
11
190.3969209999999919
21
-88.9713969999999961
0
LINE
8
BLACK
6
CONTINUOUS
10
190.3969209999999919
20
-88.9713969999999961
11
190.2880099999999857
21
-89.1343930000000029
0
LINE
8
BLACK
6
CONTINUOUS
10
190.2880099999999857
20
-89.1343930000000029
11
190.1493930000000034
21
-89.2730099999999993
0
LINE
8
BLACK
6
CONTINUOUS
10
190.1493930000000034
20
-89.2730099999999993
11
189.9863969999999824
21
-89.3819209999999913
0
LINE
8
BLACK
6
CONTINUOUS
10
189.9863969999999824
20
-89.3819209999999913
11
189.8052849999999978
21
-89.456940000000003
0
LINE
8
BLACK
6
CONTINUOUS
10
189.8052849999999978
20
-89.456940000000003
11
189.613016999999985
21
-89.4951849999999922
0
LINE
8
BLACK
6
CONTINUOUS
10
189.613016999999985
20
-89.4951849999999922
11
189.4169829999999877
21
-89.4951849999999922
0
LINE
8
BLACK
6
CONTINUOUS
10
189.4169829999999877
20
-89.4951849999999922
11
189.2247150000000033
21
-89.456940000000003
0
LINE
8
BLACK
6
CONTINUOUS
10
189.2247150000000033
20
-89.456940000000003
11
189.0436029999999903
21
-89.3819209999999913
0
LINE
8
BLACK
6
CONTINUOUS
10
189.0436029999999903
20
-89.3819209999999913
11
188.8806069999999977
21
-89.2730099999999993
0
LINE
8
BLACK
6
CONTINUOUS
10
188.8806069999999977
20
-89.2730099999999993
11
188.741989999999987
21
-89.1343930000000029
0
LINE
8
BLACK
6
CONTINUOUS
10
188.741989999999987
20
-89.1343930000000029
11
188.6330789999999809
21
-88.9713969999999961
0
LINE
8
BLACK
6
CONTINUOUS
10
188.6330789999999809
20
-88.9713969999999961
11
188.5580599999999833
21
-88.7902849999999972
0
LINE
8
BLACK
6
CONTINUOUS
10
188.5580599999999833
20
-88.7902849999999972
11
188.5198149999999941
21
-88.5980169999999987
0
LINE
8
BLACK
6
CONTINUOUS
10
188.5198149999999941
20
-88.5980169999999987
11
188.5198149999999941
21
-88.4019830000000013
0
LINE
8
BLACK
6
CONTINUOUS
10
188.5198149999999941
20
-88.4019830000000013
11
188.5580599999999833
21
-88.2097150000000028
0
LINE
8
BLACK
6
CONTINUOUS
10
188.5580599999999833
20
-88.2097150000000028
11
188.6330789999999809
21
-88.0286029999999897
0
LINE
8
BLACK
6
CONTINUOUS
10
188.6330789999999809
20
-88.0286029999999897
11
188.741989999999987
21
-87.8656069999999971
0
LINE
8
BLACK
6
CONTINUOUS
10
188.741989999999987
20
-87.8656069999999971
11
188.8806069999999977
21
-87.7269900000000007
0
LINE
8
BLACK
6
CONTINUOUS
10
188.8806069999999977
20
-87.7269900000000007
11
189.0436029999999903
21
-87.6180789999999945
0
LINE
8
BLACK
6
CONTINUOUS
10
189.0436029999999903
20
-87.6180789999999945
11
189.2247150000000033
21
-87.543059999999997
0
LINE
8
BLACK
6
CONTINUOUS
10
189.2247150000000033
20
-87.543059999999997
11
189.4169829999999877
21
-87.5048149999999936
0
LINE
8
BLACK
6
CONTINUOUS
10
189.4169829999999877
20
-87.5048149999999936
11
189.613016999999985
21
-87.5048149999999936
0
LINE
8
BLACK
6
CONTINUOUS
10
189.613016999999985
20
-87.5048149999999936
11
189.8052849999999978
21
-87.543059999999997
0
LINE
8
BLACK
6
CONTINUOUS
10
143.8930770000000052
20
-87.1301849999999973
11
143.915348999999992
21
-87.1496229999999912
0
LINE
8
BLACK
6
CONTINUOUS
10
143.915348999999992
20
-87.1496229999999912
11
143.9157620000000009
21
-87.149210999999994
0
LINE
8
BLACK
6
CONTINUOUS
10
143.9157620000000009
20
-87.149210999999994
11
144.0588699999999847
21
-87.292318999999992
0
LINE
8
BLACK
6
CONTINUOUS
10
144.0588699999999847
20
-87.292318999999992
11
144.0923549999999977
21
-87.3536419999999936
0
LINE
8
BLACK
6
CONTINUOUS
10
144.0923549999999977
20
-87.3536419999999936
11
144.0873709999999903
21
-87.423333999999997
0
LINE
8
BLACK
6
CONTINUOUS
10
144.0873709999999903
20
-87.423333999999997
11
144.0588699999999847
21
-87.4676809999999989
0
LINE
8
BLACK
6
CONTINUOUS
10
144.0588699999999847
20
-87.4676809999999989
11
143.9157620000000009
21
-87.6107889999999969
0
LINE
8
BLACK
6
CONTINUOUS
10
143.9157620000000009
20
-87.6107889999999969
11
143.9146869999999865
21
-87.6097139999999968
0
LINE
8
BLACK
6
CONTINUOUS
10
143.9146869999999865
20
-87.6097139999999968
11
143.8618199999999945
21
-87.6442249999999916
0
LINE
8
BLACK
6
CONTINUOUS
10
143.8618199999999945
20
-87.6442249999999916
11
143.8260379999999827
21
-87.6494999999999891
0
LINE
8
BLACK
6
CONTINUOUS
10
143.8260379999999827
20
-87.6494999999999891
11
141.5639620000000036
21
-87.6494999999999891
0
LINE
8
BLACK
6
CONTINUOUS
10
141.5639620000000036
20
-87.6494999999999891
11
141.5344580000000008
21
-87.6408359999999931
0
LINE
8
BLACK
6
CONTINUOUS
10
141.5344580000000008
20
-87.6408359999999931
11
141.5044039999999939
21
-87.6342609999999951
0
LINE
8
BLACK
6
CONTINUOUS
10
141.5044039999999939
20
-87.6342609999999951
11
141.5000709999999913
21
-87.6307389999999913
0
LINE
8
BLACK
6
CONTINUOUS
10
141.5000709999999913
20
-87.6307389999999913
11
141.4969229999999811
21
-87.6298149999999936
0
LINE
8
BLACK
6
CONTINUOUS
10
141.4969229999999811
20
-87.6298149999999936
11
141.4761759999999811
21
-87.6130759999999924
0
LINE
8
BLACK
6
CONTINUOUS
10
141.4761759999999811
20
-87.6130759999999924
11
141.4716909999999928
21
-87.6085799999999892
0
LINE
8
BLACK
6
CONTINUOUS
10
141.4716909999999928
20
-87.6085799999999892
11
141.4707929999999863
21
-87.6073439999999977
0
LINE
8
BLACK
6
CONTINUOUS
10
141.4707929999999863
20
-87.6073439999999977
11
141.3310249999999826
21
-87.467575999999994
0
LINE
8
BLACK
6
CONTINUOUS
10
141.3310249999999826
20
-87.467575999999994
11
141.3142320000000041
21
-87.4367359999999962
0
LINE
8
BLACK
6
CONTINUOUS
10
141.3142320000000041
20
-87.4367359999999962
11
141.2976449999999886
21
-87.4063579999999973
0
LINE
8
BLACK
6
CONTINUOUS
10
141.2976449999999886
20
-87.4063579999999973
11
141.2976500000000044
21
-87.4062809999999928
0
LINE
8
BLACK
6
CONTINUOUS
10
141.2976500000000044
20
-87.4062809999999928
11
141.2976129999999841
21
-87.4062129999999939
0
LINE
8
BLACK
6
CONTINUOUS
10
141.2976129999999841
20
-87.4062129999999939
11
141.300155999999987
21
-87.3712409999999977
0
LINE
8
BLACK
6
CONTINUOUS
10
141.300155999999987
20
-87.3712409999999977
11
141.302628999999996
21
-87.3366659999999939
0
LINE
8
BLACK
6
CONTINUOUS
10
141.302628999999996
20
-87.3366659999999939
11
141.3026759999999911
21
-87.336591999999996
0
LINE
8
BLACK
6
CONTINUOUS
10
141.3026759999999911
20
-87.336591999999996
11
141.3026810000000069
21
-87.3365269999999896
0
LINE
8
BLACK
6
CONTINUOUS
10
141.3026810000000069
20
-87.3365269999999896
11
141.3029400000000066
21
-87.3361799999999988
0
LINE
8
BLACK
6
CONTINUOUS
10
141.3029400000000066
20
-87.3361799999999988
11
141.3311300000000017
21
-87.292318999999992
0
LINE
8
BLACK
6
CONTINUOUS
10
141.3311300000000017
20
-87.292318999999992
11
141.4742379999999855
21
-87.149210999999994
0
LINE
8
BLACK
6
CONTINUOUS
10
141.4742379999999855
20
-87.149210999999994
11
141.4753120000000024
21
-87.1502849999999967
0
LINE
8
BLACK
6
CONTINUOUS
10
141.4753120000000024
20
-87.1502849999999967
11
141.5281799999999919
21
-87.1157749999999993
0
LINE
8
BLACK
6
CONTINUOUS
10
141.5281799999999919
20
-87.1157749999999993
11
141.5639620000000036
21
-87.1105000000000018
0
LINE
8
BLACK
6
CONTINUOUS
10
141.5639620000000036
20
-87.1105000000000018
11
143.8260379999999827
21
-87.1105000000000018
0
LINE
8
BLACK
6
CONTINUOUS
10
143.8260379999999827
20
-87.1105000000000018
11
143.8930770000000052
21
-87.1301849999999973
0
LINE
8
BLACK
6
CONTINUOUS
10
140.5067899999999952
20
-85.0403929999999946
11
140.6709519999999998
21
-85.0937330000000003
0
LINE
8
BLACK
6
CONTINUOUS
10
140.6709519999999998
20
-85.0937330000000003
11
140.8247479999999996
21
-85.1720959999999963
0
LINE
8
BLACK
6
CONTINUOUS
10
140.8247479999999996
20
-85.1720959999999963
11
140.9643930000000012
21
-85.2735529999999926
0
LINE
8
BLACK
6
CONTINUOUS
10
140.9643930000000012
20
-85.2735529999999926
11
141.0864469999999926
21
-85.3956069999999983
0
LINE
8
BLACK
6
CONTINUOUS
10
141.0864469999999926
20
-85.3956069999999983
11
141.1879040000000032
21
-85.5352519999999998
0
LINE
8
BLACK
6
CONTINUOUS
10
141.1879040000000032
20
-85.5352519999999998
11
141.2259899999999959
21
-85.6099999999999994
0
LINE
8
BLACK
6
CONTINUOUS
10
141.2259899999999959
20
-85.6099999999999994
11
144.1640099999999904
21
-85.6099999999999994
0
LINE
8
BLACK
6
CONTINUOUS
10
144.1640099999999904
20
-85.6099999999999994
11
144.2020959999999832
21
-85.5352519999999998
0
LINE
8
BLACK
6
CONTINUOUS
10
144.2020959999999832
20
-85.5352519999999998
11
144.3035529999999937
21
-85.3956069999999983
0
LINE
8
BLACK
6
CONTINUOUS
10
144.3035529999999937
20
-85.3956069999999983
11
144.4256069999999852
21
-85.2735529999999926
0
LINE
8
BLACK
6
CONTINUOUS
10
144.4256069999999852
20
-85.2735529999999926
11
144.5652519999999868
21
-85.1720959999999963
0
LINE
8
BLACK
6
CONTINUOUS
10
144.5652519999999868
20
-85.1720959999999963
11
144.7190479999999866
21
-85.0937330000000003
0
LINE
8
BLACK
6
CONTINUOUS
10
144.7190479999999866
20
-85.0937330000000003
11
144.8832099999999912
21
-85.0403929999999946
0
LINE
8
BLACK
6
CONTINUOUS
10
144.8832099999999912
20
-85.0403929999999946
11
145.0536950000000047
21
-85.0133909999999986
0
LINE
8
BLACK
6
CONTINUOUS
10
145.0536950000000047
20
-85.0133909999999986
11
145.2263049999999964
21
-85.0133909999999986
0
LINE
8
BLACK
6
CONTINUOUS
10
145.2263049999999964
20
-85.0133909999999986
11
145.3967899999999815
21
-85.0403929999999946
0
LINE
8
BLACK
6
CONTINUOUS
10
145.3967899999999815
20
-85.0403929999999946
11
145.5609519999999861
21
-85.0937330000000003
0
LINE
8
BLACK
6
CONTINUOUS
10
145.5609519999999861
20
-85.0937330000000003
11
145.714747999999986
21
-85.1720959999999963
0
LINE
8
BLACK
6
CONTINUOUS
10
145.714747999999986
20
-85.1720959999999963
11
145.8543929999999875
21
-85.2735529999999926
0
LINE
8
BLACK
6
CONTINUOUS
10
145.8543929999999875
20
-85.2735529999999926
11
145.9764470000000074
21
-85.3956069999999983
0
LINE
8
BLACK
6
CONTINUOUS
10
145.9764470000000074
20
-85.3956069999999983
11
146.0779039999999895
21
-85.5352519999999998
0
LINE
8
BLACK
6
CONTINUOUS
10
146.0779039999999895
20
-85.5352519999999998
11
146.1562669999999855
21
-85.6890479999999997
0
LINE
8
BLACK
6
CONTINUOUS
10
146.1562669999999855
20
-85.6890479999999997
11
146.2096070000000054
21
-85.85320999999999
0
LINE
8
BLACK
6
CONTINUOUS
10
146.2096070000000054
20
-85.85320999999999
11
146.2366089999999872
21
-86.0236949999999894
0
LINE
8
BLACK
6
CONTINUOUS
10
146.2366089999999872
20
-86.0236949999999894
11
146.2366089999999872
21
-86.1963049999999953
0
LINE
8
BLACK
6
CONTINUOUS
10
146.2366089999999872
20
-86.1963049999999953
11
146.2096070000000054
21
-86.3667899999999946
0
LINE
8
BLACK
6
CONTINUOUS
10
146.2096070000000054
20
-86.3667899999999946
11
146.1562669999999855
21
-86.5309519999999992
0
LINE
8
BLACK
6
CONTINUOUS
10
146.1562669999999855
20
-86.5309519999999992
11
146.0779039999999895
21
-86.684747999999999
0
LINE
8
BLACK
6
CONTINUOUS
10
146.0779039999999895
20
-86.684747999999999
11
145.9764470000000074
21
-86.8243930000000006
0
LINE
8
BLACK
6
CONTINUOUS
10
145.9764470000000074
20
-86.8243930000000006
11
145.8543929999999875
21
-86.946446999999992
0
LINE
8
BLACK
6
CONTINUOUS
10
145.8543929999999875
20
-86.946446999999992
11
145.714747999999986
21
-87.0479040000000026
0
LINE
8
BLACK
6
CONTINUOUS
10
145.714747999999986
20
-87.0479040000000026
11
145.5609519999999861
21
-87.1262669999999986
0
LINE
8
BLACK
6
CONTINUOUS
10
145.5609519999999861
20
-87.1262669999999986
11
145.3967899999999815
21
-87.1796069999999901
0
LINE
8
BLACK
6
CONTINUOUS
10
145.3967899999999815
20
-87.1796069999999901
11
145.2263049999999964
21
-87.2066090000000003
0
LINE
8
BLACK
6
CONTINUOUS
10
145.2263049999999964
20
-87.2066090000000003
11
145.0536950000000047
21
-87.2066090000000003
0
LINE
8
BLACK
6
CONTINUOUS
10
145.0536950000000047
20
-87.2066090000000003
11
144.8832099999999912
21
-87.1796069999999901
0
LINE
8
BLACK
6
CONTINUOUS
10
144.8832099999999912
20
-87.1796069999999901
11
144.7190479999999866
21
-87.1262669999999986
0
LINE
8
BLACK
6
CONTINUOUS
10
144.7190479999999866
20
-87.1262669999999986
11
144.5652519999999868
21
-87.0479040000000026
0
LINE
8
BLACK
6
CONTINUOUS
10
144.5652519999999868
20
-87.0479040000000026
11
144.4256069999999852
21
-86.946446999999992
0
LINE
8
BLACK
6
CONTINUOUS
10
144.4256069999999852
20
-86.946446999999992
11
144.3035529999999937
21
-86.8243930000000006
0
LINE
8
BLACK
6
CONTINUOUS
10
144.3035529999999937
20
-86.8243930000000006
11
144.2020959999999832
21
-86.684747999999999
0
LINE
8
BLACK
6
CONTINUOUS
10
144.2020959999999832
20
-86.684747999999999
11
144.1640099999999904
21
-86.6099999999999994
0
LINE
8
BLACK
6
CONTINUOUS
10
144.1640099999999904
20
-86.6099999999999994
11
141.2259899999999959
21
-86.6099999999999994
0
LINE
8
BLACK
6
CONTINUOUS
10
141.2259899999999959
20
-86.6099999999999994
11
141.1879040000000032
21
-86.684747999999999
0
LINE
8
BLACK
6
CONTINUOUS
10
141.1879040000000032
20
-86.684747999999999
11
141.0864469999999926
21
-86.8243930000000006
0
LINE
8
BLACK
6
CONTINUOUS
10
141.0864469999999926
20
-86.8243930000000006
11
140.9643930000000012
21
-86.946446999999992
0
LINE
8
BLACK
6
CONTINUOUS
10
140.9643930000000012
20
-86.946446999999992
11
140.8247479999999996
21
-87.0479040000000026
0
LINE
8
BLACK
6
CONTINUOUS
10
140.8247479999999996
20
-87.0479040000000026
11
140.6709519999999998
21
-87.1262669999999986
0
LINE
8
BLACK
6
CONTINUOUS
10
140.6709519999999998
20
-87.1262669999999986
11
140.5067899999999952
21
-87.1796069999999901
0
LINE
8
BLACK
6
CONTINUOUS
10
140.5067899999999952
20
-87.1796069999999901
11
140.3363049999999816
21
-87.2066090000000003
0
LINE
8
BLACK
6
CONTINUOUS
10
140.3363049999999816
20
-87.2066090000000003
11
140.1636949999999899
21
-87.2066090000000003
0
LINE
8
BLACK
6
CONTINUOUS
10
140.1636949999999899
20
-87.2066090000000003
11
139.9932100000000048
21
-87.1796069999999901
0
LINE
8
BLACK
6
CONTINUOUS
10
139.9932100000000048
20
-87.1796069999999901
11
139.8290480000000002
21
-87.1262669999999986
0
LINE
8
BLACK
6
CONTINUOUS
10
139.8290480000000002
20
-87.1262669999999986
11
139.6752520000000004
21
-87.0479040000000026
0
LINE
8
BLACK
6
CONTINUOUS
10
139.6752520000000004
20
-87.0479040000000026
11
139.5356069999999988
21
-86.946446999999992
0
LINE
8
BLACK
6
CONTINUOUS
10
139.5356069999999988
20
-86.946446999999992
11
139.4135530000000074
21
-86.8243930000000006
0
LINE
8
BLACK
6
CONTINUOUS
10
139.4135530000000074
20
-86.8243930000000006
11
139.3120959999999968
21
-86.684747999999999
0
LINE
8
BLACK
6
CONTINUOUS
10
139.3120959999999968
20
-86.684747999999999
11
139.2337330000000009
21
-86.5309519999999992
0
LINE
8
BLACK
6
CONTINUOUS
10
139.2337330000000009
20
-86.5309519999999992
11
139.1803929999999809
21
-86.3667899999999946
0
LINE
8
BLACK
6
CONTINUOUS
10
139.1803929999999809
20
-86.3667899999999946
11
139.1533909999999992
21
-86.1963049999999953
0
LINE
8
BLACK
6
CONTINUOUS
10
139.1533909999999992
20
-86.1963049999999953
11
139.1533909999999992
21
-86.0236949999999894
0
LINE
8
BLACK
6
CONTINUOUS
10
139.1533909999999992
20
-86.0236949999999894
11
139.1803929999999809
21
-85.85320999999999
0
LINE
8
BLACK
6
CONTINUOUS
10
139.1803929999999809
20
-85.85320999999999
11
139.2337330000000009
21
-85.6890479999999997
0
LINE
8
BLACK
6
CONTINUOUS
10
139.2337330000000009
20
-85.6890479999999997
11
139.3120959999999968
21
-85.5352519999999998
0
LINE
8
BLACK
6
CONTINUOUS
10
139.3120959999999968
20
-85.5352519999999998
11
139.4135530000000074
21
-85.3956069999999983
0
LINE
8
BLACK
6
CONTINUOUS
10
139.4135530000000074
20
-85.3956069999999983
11
139.5356069999999988
21
-85.2735529999999926
0
LINE
8
BLACK
6
CONTINUOUS
10
139.5356069999999988
20
-85.2735529999999926
11
139.6752520000000004
21
-85.1720959999999963
0
LINE
8
BLACK
6
CONTINUOUS
10
139.6752520000000004
20
-85.1720959999999963
11
139.8290480000000002
21
-85.0937330000000003
0
LINE
8
BLACK
6
CONTINUOUS
10
139.8290480000000002
20
-85.0937330000000003
11
139.9932100000000048
21
-85.0403929999999946
0
LINE
8
BLACK
6
CONTINUOUS
10
139.9932100000000048
20
-85.0403929999999946
11
140.1636949999999899
21
-85.0133909999999986
0
LINE
8
BLACK
6
CONTINUOUS
10
140.1636949999999899
20
-85.0133909999999986
11
140.3363049999999816
21
-85.0133909999999986
0
LINE
8
BLACK
6
CONTINUOUS
10
140.3363049999999816
20
-85.0133909999999986
11
140.5067899999999952
21
-85.0403929999999946
0
LINE
8
BLACK
6
CONTINUOUS
10
160.6367899999999906
20
-85.0403929999999946
11
160.8009519999999952
21
-85.0937330000000003
0
LINE
8
BLACK
6
CONTINUOUS
10
160.8009519999999952
20
-85.0937330000000003
11
160.954747999999995
21
-85.1720959999999963
0
LINE
8
BLACK
6
CONTINUOUS
10
160.954747999999995
20
-85.1720959999999963
11
161.0943929999999966
21
-85.2735529999999926
0
LINE
8
BLACK
6
CONTINUOUS
10
161.0943929999999966
20
-85.2735529999999926
11
161.2164469999999881
21
-85.3956069999999983
0
LINE
8
BLACK
6
CONTINUOUS
10
161.2164469999999881
20
-85.3956069999999983
11
161.3179039999999986
21
-85.5352519999999998
0
LINE
8
BLACK
6
CONTINUOUS
10
161.3179039999999986
20
-85.5352519999999998
11
161.3962669999999946
21
-85.6890479999999997
0
LINE
8
BLACK
6
CONTINUOUS
10
161.3962669999999946
20
-85.6890479999999997
11
161.4496069999999861
21
-85.85320999999999
0
LINE
8
BLACK
6
CONTINUOUS
10
161.4496069999999861
20
-85.85320999999999
11
161.4766089999999963
21
-86.0236949999999894
0
LINE
8
BLACK
6
CONTINUOUS
10
161.4766089999999963
20
-86.0236949999999894
11
161.4766089999999963
21
-86.1963049999999953
0
LINE
8
BLACK
6
CONTINUOUS
10
161.4766089999999963
20
-86.1963049999999953
11
161.4496069999999861
21
-86.3667899999999946
0
LINE
8
BLACK
6
CONTINUOUS
10
161.4496069999999861
20
-86.3667899999999946
11
161.3962669999999946
21
-86.5309519999999992
0
LINE
8
BLACK
6
CONTINUOUS
10
161.3962669999999946
20
-86.5309519999999992
11
161.3179039999999986
21
-86.684747999999999
0
LINE
8
BLACK
6
CONTINUOUS
10
161.3179039999999986
20
-86.684747999999999
11
161.2164469999999881
21
-86.8243930000000006
0
LINE
8
BLACK
6
CONTINUOUS
10
161.2164469999999881
20
-86.8243930000000006
11
161.0943929999999966
21
-86.946446999999992
0
LINE
8
BLACK
6
CONTINUOUS
10
161.0943929999999966
20
-86.946446999999992
11
160.954747999999995
21
-87.0479040000000026
0
LINE
8
BLACK
6
CONTINUOUS
10
160.954747999999995
20
-87.0479040000000026
11
160.8009519999999952
21
-87.1262669999999986
0
LINE
8
BLACK
6
CONTINUOUS
10
160.8009519999999952
20
-87.1262669999999986
11
160.6367899999999906
21
-87.1796069999999901
0
LINE
8
BLACK
6
CONTINUOUS
10
160.6367899999999906
20
-87.1796069999999901
11
160.4663050000000055
21
-87.2066090000000003
0
LINE
8
BLACK
6
CONTINUOUS
10
160.4663050000000055
20
-87.2066090000000003
11
160.2936949999999854
21
-87.2066090000000003
0
LINE
8
BLACK
6
CONTINUOUS
10
160.2936949999999854
20
-87.2066090000000003
11
160.1232100000000003
21
-87.1796069999999901
0
LINE
8
BLACK
6
CONTINUOUS
10
160.1232100000000003
20
-87.1796069999999901
11
159.9590479999999957
21
-87.1262669999999986
0
LINE
8
BLACK
6
CONTINUOUS
10
159.9590479999999957
20
-87.1262669999999986
11
159.8052519999999959
21
-87.0479040000000026
0
LINE
8
BLACK
6
CONTINUOUS
10
159.8052519999999959
20
-87.0479040000000026
11
159.6656069999999943
21
-86.946446999999992
0
LINE
8
BLACK
6
CONTINUOUS
10
159.6656069999999943
20
-86.946446999999992
11
159.5435530000000028
21
-86.8243930000000006
0
LINE
8
BLACK
6
CONTINUOUS
10
159.5435530000000028
20
-86.8243930000000006
11
159.4420959999999923
21
-86.684747999999999
0
LINE
8
BLACK
6
CONTINUOUS
10
159.4420959999999923
20
-86.684747999999999
11
159.3637329999999963
21
-86.5309519999999992
0
LINE
8
BLACK
6
CONTINUOUS
10
159.3637329999999963
20
-86.5309519999999992
11
159.3103930000000048
21
-86.3667899999999946
0
LINE
8
BLACK
6
CONTINUOUS
10
159.3103930000000048
20
-86.3667899999999946
11
159.2833909999999946
21
-86.1963049999999953
0
LINE
8
BLACK
6
CONTINUOUS
10
159.2833909999999946
20
-86.1963049999999953
11
159.2833909999999946
21
-86.0236949999999894
0
LINE
8
BLACK
6
CONTINUOUS
10
159.2833909999999946
20
-86.0236949999999894
11
159.3103930000000048
21
-85.85320999999999
0
LINE
8
BLACK
6
CONTINUOUS
10
159.3103930000000048
20
-85.85320999999999
11
159.3637329999999963
21
-85.6890479999999997
0
LINE
8
BLACK
6
CONTINUOUS
10
159.3637329999999963
20
-85.6890479999999997
11
159.4420959999999923
21
-85.5352519999999998
0
LINE
8
BLACK
6
CONTINUOUS
10
159.4420959999999923
20
-85.5352519999999998
11
159.5435530000000028
21
-85.3956069999999983
0
LINE
8
BLACK
6
CONTINUOUS
10
159.5435530000000028
20
-85.3956069999999983
11
159.6656069999999943
21
-85.2735529999999926
0
LINE
8
BLACK
6
CONTINUOUS
10
159.6656069999999943
20
-85.2735529999999926
11
159.8052519999999959
21
-85.1720959999999963
0
LINE
8
BLACK
6
CONTINUOUS
10
159.8052519999999959
20
-85.1720959999999963
11
159.9590479999999957
21
-85.0937330000000003
0
LINE
8
BLACK
6
CONTINUOUS
10
159.9590479999999957
20
-85.0937330000000003
11
160.1232100000000003
21
-85.0403929999999946
0
LINE
8
BLACK
6
CONTINUOUS
10
160.1232100000000003
20
-85.0403929999999946
11
160.2936949999999854
21
-85.0133909999999986
0
LINE
8
BLACK
6
CONTINUOUS
10
160.2936949999999854
20
-85.0133909999999986
11
160.4663050000000055
21
-85.0133909999999986
0
LINE
8
BLACK
6
CONTINUOUS
10
160.4663050000000055
20
-85.0133909999999986
11
160.6367899999999906
21
-85.0403929999999946
0
LINE
8
BLACK
6
CONTINUOUS
10
160.6367899999999906
20
-79.9603929999999963
11
160.8009519999999952
21
-80.013733000000002
0
LINE
8
BLACK
6
CONTINUOUS
10
160.8009519999999952
20
-80.013733000000002
11
160.954747999999995
21
-80.092095999999998
0
LINE
8
BLACK
6
CONTINUOUS
10
160.954747999999995
20
-80.092095999999998
11
161.0943929999999966
21
-80.1935529999999943
0
LINE
8
BLACK
6
CONTINUOUS
10
161.0943929999999966
20
-80.1935529999999943
11
161.2164469999999881
21
-80.315607
0
LINE
8
BLACK
6
CONTINUOUS
10
161.2164469999999881
20
-80.315607
11
161.3179039999999986
21
-80.4552520000000015
0
LINE
8
BLACK
6
CONTINUOUS
10
161.3179039999999986
20
-80.4552520000000015
11
161.3962669999999946
21
-80.6090480000000014
0
LINE
8
BLACK
6
CONTINUOUS
10
161.3962669999999946
20
-80.6090480000000014
11
161.4496069999999861
21
-80.7732099999999917
0
LINE
8
BLACK
6
CONTINUOUS
10
161.4496069999999861
20
-80.7732099999999917
11
161.4766089999999963
21
-80.9436949999999911
0
LINE
8
BLACK
6
CONTINUOUS
10
161.4766089999999963
20
-80.9436949999999911
11
161.4766089999999963
21
-81.116304999999997
0
LINE
8
BLACK
6
CONTINUOUS
10
161.4766089999999963
20
-81.116304999999997
11
161.4496069999999861
21
-81.2867899999999963
0
LINE
8
BLACK
6
CONTINUOUS
10
161.4496069999999861
20
-81.2867899999999963
11
161.3962669999999946
21
-81.4509520000000009
0
LINE
8
BLACK
6
CONTINUOUS
10
161.3962669999999946
20
-81.4509520000000009
11
161.3179039999999986
21
-81.6047480000000007
0
LINE
8
BLACK
6
CONTINUOUS
10
161.3179039999999986
20
-81.6047480000000007
11
161.2164469999999881
21
-81.7443930000000023
0
LINE
8
BLACK
6
CONTINUOUS
10
161.2164469999999881
20
-81.7443930000000023
11
161.0943929999999966
21
-81.8664469999999937
0
LINE
8
BLACK
6
CONTINUOUS
10
161.0943929999999966
20
-81.8664469999999937
11
160.954747999999995
21
-81.9679039999999901
0
LINE
8
BLACK
6
CONTINUOUS
10
160.954747999999995
20
-81.9679039999999901
11
160.8009519999999952
21
-82.0462670000000003
0
LINE
8
BLACK
6
CONTINUOUS
10
160.8009519999999952
20
-82.0462670000000003
11
160.6367899999999906
21
-82.0996069999999918
0
LINE
8
BLACK
6
CONTINUOUS
10
160.6367899999999906
20
-82.0996069999999918
11
160.4663050000000055
21
-82.126609000000002
0
LINE
8
BLACK
6
CONTINUOUS
10
160.4663050000000055
20
-82.126609000000002
11
160.2936949999999854
21
-82.126609000000002
0
LINE
8
BLACK
6
CONTINUOUS
10
160.2936949999999854
20
-82.126609000000002
11
160.1232100000000003
21
-82.0996069999999918
0
LINE
8
BLACK
6
CONTINUOUS
10
160.1232100000000003
20
-82.0996069999999918
11
159.9590479999999957
21
-82.0462670000000003
0
LINE
8
BLACK
6
CONTINUOUS
10
159.9590479999999957
20
-82.0462670000000003
11
159.8052519999999959
21
-81.9679039999999901
0
LINE
8
BLACK
6
CONTINUOUS
10
159.8052519999999959
20
-81.9679039999999901
11
159.6656069999999943
21
-81.8664469999999937
0
LINE
8
BLACK
6
CONTINUOUS
10
159.6656069999999943
20
-81.8664469999999937
11
159.5435530000000028
21
-81.7443930000000023
0
LINE
8
BLACK
6
CONTINUOUS
10
159.5435530000000028
20
-81.7443930000000023
11
159.4420959999999923
21
-81.6047480000000007
0
LINE
8
BLACK
6
CONTINUOUS
10
159.4420959999999923
20
-81.6047480000000007
11
159.3637329999999963
21
-81.4509520000000009
0
LINE
8
BLACK
6
CONTINUOUS
10
159.3637329999999963
20
-81.4509520000000009
11
159.3103930000000048
21
-81.2867899999999963
0
LINE
8
BLACK
6
CONTINUOUS
10
159.3103930000000048
20
-81.2867899999999963
11
159.2833909999999946
21
-81.116304999999997
0
LINE
8
BLACK
6
CONTINUOUS
10
159.2833909999999946
20
-81.116304999999997
11
159.2833909999999946
21
-80.9436949999999911
0
LINE
8
BLACK
6
CONTINUOUS
10
159.2833909999999946
20
-80.9436949999999911
11
159.3103930000000048
21
-80.7732099999999917
0
LINE
8
BLACK
6
CONTINUOUS
10
159.3103930000000048
20
-80.7732099999999917
11
159.3637329999999963
21
-80.6090480000000014
0
LINE
8
BLACK
6
CONTINUOUS
10
159.3637329999999963
20
-80.6090480000000014
11
159.4420959999999923
21
-80.4552520000000015
0
LINE
8
BLACK
6
CONTINUOUS
10
159.4420959999999923
20
-80.4552520000000015
11
159.5435530000000028
21
-80.315607
0
LINE
8
BLACK
6
CONTINUOUS
10
159.5435530000000028
20
-80.315607
11
159.6656069999999943
21
-80.1935529999999943
0
LINE
8
BLACK
6
CONTINUOUS
10
159.6656069999999943
20
-80.1935529999999943
11
159.8052519999999959
21
-80.092095999999998
0
LINE
8
BLACK
6
CONTINUOUS
10
159.8052519999999959
20
-80.092095999999998
11
159.9590479999999957
21
-80.013733000000002
0
LINE
8
BLACK
6
CONTINUOUS
10
159.9590479999999957
20
-80.013733000000002
11
160.1232100000000003
21
-79.9603929999999963
0
LINE
8
BLACK
6
CONTINUOUS
10
160.1232100000000003
20
-79.9603929999999963
11
160.2936949999999854
21
-79.9333910000000003
0
LINE
8
BLACK
6
CONTINUOUS
10
160.2936949999999854
20
-79.9333910000000003
11
160.4663050000000055
21
-79.9333910000000003
0
LINE
8
BLACK
6
CONTINUOUS
10
160.4663050000000055
20
-79.9333910000000003
11
160.6367899999999906
21
-79.9603929999999963
0
LINE
8
BLACK
6
CONTINUOUS
10
189.3417900000000031
20
-110.1803929999999951
11
189.5059519999999793
21
-110.2337330000000009
0
LINE
8
BLACK
6
CONTINUOUS
10
189.5059519999999793
20
-110.2337330000000009
11
189.6597479999999791
21
-110.3120959999999968
0
LINE
8
BLACK
6
CONTINUOUS
10
189.6597479999999791
20
-110.3120959999999968
11
189.7993929999999807
21
-110.4135529999999932
0
LINE
8
BLACK
6
CONTINUOUS
10
189.7993929999999807
20
-110.4135529999999932
11
189.9214470000000006
21
-110.5356069999999988
0
LINE
8
BLACK
6
CONTINUOUS
10
189.9214470000000006
20
-110.5356069999999988
11
190.0229039999999827
21
-110.6752520000000004
0
LINE
8
BLACK
6
CONTINUOUS
10
190.0229039999999827
20
-110.6752520000000004
11
190.1012669999999787
21
-110.8290480000000002
0
LINE
8
BLACK
6
CONTINUOUS
10
190.1012669999999787
20
-110.8290480000000002
11
190.1546069999999986
21
-110.9932099999999906
0
LINE
8
BLACK
6
CONTINUOUS
10
190.1546069999999986
20
-110.9932099999999906
11
190.1816089999999804
21
-111.1636949999999899
0
LINE
8
BLACK
6
CONTINUOUS
10
190.1816089999999804
20
-111.1636949999999899
11
190.1816089999999804
21
-111.3363049999999959
0
LINE
8
BLACK
6
CONTINUOUS
10
190.1816089999999804
20
-111.3363049999999959
11
190.1546069999999986
21
-111.5067899999999952
0
LINE
8
BLACK
6
CONTINUOUS
10
190.1546069999999986
20
-111.5067899999999952
11
190.1012669999999787
21
-111.6709519999999998
0
LINE
8
BLACK
6
CONTINUOUS
10
190.1012669999999787
20
-111.6709519999999998
11
190.0229039999999827
21
-111.8247479999999996
0
LINE
8
BLACK
6
CONTINUOUS
10
190.0229039999999827
20
-111.8247479999999996
11
189.9214470000000006
21
-111.9643930000000012
0
LINE
8
BLACK
6
CONTINUOUS
10
189.9214470000000006
20
-111.9643930000000012
11
189.7993929999999807
21
-112.0864469999999926
0
LINE
8
BLACK
6
CONTINUOUS
10
189.7993929999999807
20
-112.0864469999999926
11
189.6597479999999791
21
-112.187903999999989
0
LINE
8
BLACK
6
CONTINUOUS
10
189.6597479999999791
20
-112.187903999999989
11
189.5849999999999795
21
-112.2259899999999959
0
LINE
8
BLACK
6
CONTINUOUS
10
189.5849999999999795
20
-112.2259899999999959
11
189.5849999999999795
21
-114.662122999999994
0
LINE
8
BLACK
6
CONTINUOUS
10
189.5849999999999795
20
-114.662122999999994
11
189.7119979999999941
21
-114.7268320000000017
0
LINE
8
BLACK
6
CONTINUOUS
10
189.7119979999999941
20
-114.7268320000000017
11
189.8643380000000036
21
-114.8375130000000013
0
LINE
8
BLACK
6
CONTINUOUS
10
189.8643380000000036
20
-114.8375130000000013
11
189.9974869999999783
21
-114.9706619999999901
0
LINE
8
BLACK
6
CONTINUOUS
10
189.9974869999999783
20
-114.9706619999999901
11
190.1081679999999778
21
-115.1230019999999996
0
LINE
8
BLACK
6
CONTINUOUS
10
190.1081679999999778
20
-115.1230019999999996
11
190.1936549999999784
21
-115.290779999999998
0
LINE
8
BLACK
6
CONTINUOUS
10
190.1936549999999784
20
-115.290779999999998
11
190.2518440000000055
21
-115.4698659999999961
0
LINE
8
BLACK
6
CONTINUOUS
10
190.2518440000000055
20
-115.4698659999999961
11
190.2813009999999849
21
-115.6558489999999892
0
LINE
8
BLACK
6
CONTINUOUS
10
190.2813009999999849
20
-115.6558489999999892
11
190.2813009999999849
21
-115.8441509999999965
0
LINE
8
BLACK
6
CONTINUOUS
10
190.2813009999999849
20
-115.8441509999999965
11
190.2518440000000055
21
-116.0301339999999897
0
LINE
8
BLACK
6
CONTINUOUS
10
190.2518440000000055
20
-116.0301339999999897
11
190.1936549999999784
21
-116.2092199999999877
0
LINE
8
BLACK
6
CONTINUOUS
10
190.1936549999999784
20
-116.2092199999999877
11
190.1081679999999778
21
-116.3769980000000004
0
LINE
8
BLACK
6
CONTINUOUS
10
190.1081679999999778
20
-116.3769980000000004
11
189.9974869999999783
21
-116.5293379999999956
0
LINE
8
BLACK
6
CONTINUOUS
10
189.9974869999999783
20
-116.5293379999999956
11
189.8643380000000036
21
-116.6624869999999987
0
LINE
8
BLACK
6
CONTINUOUS
10
189.8643380000000036
20
-116.6624869999999987
11
189.7119979999999941
21
-116.7731679999999983
0
LINE
8
BLACK
6
CONTINUOUS
10
189.7119979999999941
20
-116.7731679999999983
11
189.5442199999999957
21
-116.8586549999999988
0
LINE
8
BLACK
6
CONTINUOUS
10
189.5442199999999957
20
-116.8586549999999988
11
189.3651339999999834
21
-116.9168439999999975
0
LINE
8
BLACK
6
CONTINUOUS
10
189.3651339999999834
20
-116.9168439999999975
11
189.1791509999999903
21
-116.9463009999999912
0
LINE
8
BLACK
6
CONTINUOUS
10
189.1791509999999903
20
-116.9463009999999912
11
188.9908489999999972
21
-116.9463009999999912
0
LINE
8
BLACK
6
CONTINUOUS
10
188.9908489999999972
20
-116.9463009999999912
11
188.8048660000000041
21
-116.9168439999999975
0
LINE
8
BLACK
6
CONTINUOUS
10
188.8048660000000041
20
-116.9168439999999975
11
188.6257799999999918
21
-116.8586549999999988
0
LINE
8
BLACK
6
CONTINUOUS
10
188.6257799999999918
20
-116.8586549999999988
11
188.4580019999999934
21
-116.7731679999999983
0
LINE
8
BLACK
6
CONTINUOUS
10
188.4580019999999934
20
-116.7731679999999983
11
188.3056619999999839
21
-116.6624869999999987
0
LINE
8
BLACK
6
CONTINUOUS
10
188.3056619999999839
20
-116.6624869999999987
11
188.1725129999999808
21
-116.5293379999999956
0
LINE
8
BLACK
6
CONTINUOUS
10
188.1725129999999808
20
-116.5293379999999956
11
188.0618319999999812
21
-116.3769980000000004
0
LINE
8
BLACK
6
CONTINUOUS
10
188.0618319999999812
20
-116.3769980000000004
11
187.9763449999999807
21
-116.2092199999999877
0
LINE
8
BLACK
6
CONTINUOUS
10
187.9763449999999807
20
-116.2092199999999877
11
187.918155999999982
21
-116.0301339999999897
0
LINE
8
BLACK
6
CONTINUOUS
10
187.918155999999982
20
-116.0301339999999897
11
187.8886990000000026
21
-115.8441509999999965
0
LINE
8
BLACK
6
CONTINUOUS
10
187.8886990000000026
20
-115.8441509999999965
11
187.8886990000000026
21
-115.6558489999999892
0
LINE
8
BLACK
6
CONTINUOUS
10
187.8886990000000026
20
-115.6558489999999892
11
187.918155999999982
21
-115.4698659999999961
0
LINE
8
BLACK
6
CONTINUOUS
10
187.918155999999982
20
-115.4698659999999961
11
187.9763449999999807
21
-115.290779999999998
0
LINE
8
BLACK
6
CONTINUOUS
10
187.9763449999999807
20
-115.290779999999998
11
188.0618319999999812
21
-115.1230019999999996
0
LINE
8
BLACK
6
CONTINUOUS
10
188.0618319999999812
20
-115.1230019999999996
11
188.1725129999999808
21
-114.9706619999999901
0
LINE
8
BLACK
6
CONTINUOUS
10
188.1725129999999808
20
-114.9706619999999901
11
188.3056619999999839
21
-114.8375130000000013
0
LINE
8
BLACK
6
CONTINUOUS
10
188.3056619999999839
20
-114.8375130000000013
11
188.4580019999999934
21
-114.7268320000000017
0
LINE
8
BLACK
6
CONTINUOUS
10
188.4580019999999934
20
-114.7268320000000017
11
188.5849999999999795
21
-114.662122999999994
0
LINE
8
BLACK
6
CONTINUOUS
10
188.5849999999999795
20
-114.662122999999994
11
188.5849999999999795
21
-112.2259899999999959
0
LINE
8
BLACK
6
CONTINUOUS
10
188.5849999999999795
20
-112.2259899999999959
11
188.5102519999999799
21
-112.187903999999989
0
LINE
8
BLACK
6
CONTINUOUS
10
188.5102519999999799
20
-112.187903999999989
11
188.3706069999999784
21
-112.0864469999999926
0
LINE
8
BLACK
6
CONTINUOUS
10
188.3706069999999784
20
-112.0864469999999926
11
188.2485529999999869
21
-111.9643930000000012
0
LINE
8
BLACK
6
CONTINUOUS
10
188.2485529999999869
20
-111.9643930000000012
11
188.1470960000000048
21
-111.8247479999999996
0
LINE
8
BLACK
6
CONTINUOUS
10
188.1470960000000048
20
-111.8247479999999996
11
188.0687329999999804
21
-111.6709519999999998
0
LINE
8
BLACK
6
CONTINUOUS
10
188.0687329999999804
20
-111.6709519999999998
11
188.0153929999999889
21
-111.5067899999999952
0
LINE
8
BLACK
6
CONTINUOUS
10
188.0153929999999889
20
-111.5067899999999952
11
187.9883909999999787
21
-111.3363049999999959
0
LINE
8
BLACK
6
CONTINUOUS
10
187.9883909999999787
20
-111.3363049999999959
11
187.9883909999999787
21
-111.1636949999999899
0
LINE
8
BLACK
6
CONTINUOUS
10
187.9883909999999787
20
-111.1636949999999899
11
188.0153929999999889
21
-110.9932099999999906
0
LINE
8
BLACK
6
CONTINUOUS
10
188.0153929999999889
20
-110.9932099999999906
11
188.0687329999999804
21
-110.8290480000000002
0
LINE
8
BLACK
6
CONTINUOUS
10
188.0687329999999804
20
-110.8290480000000002
11
188.1470960000000048
21
-110.6752520000000004
0
LINE
8
BLACK
6
CONTINUOUS
10
188.1470960000000048
20
-110.6752520000000004
11
188.2485529999999869
21
-110.5356069999999988
0
LINE
8
BLACK
6
CONTINUOUS
10
188.2485529999999869
20
-110.5356069999999988
11
188.3706069999999784
21
-110.4135529999999932
0
LINE
8
BLACK
6
CONTINUOUS
10
188.3706069999999784
20
-110.4135529999999932
11
188.5102519999999799
21
-110.3120959999999968
0
LINE
8
BLACK
6
CONTINUOUS
10
188.5102519999999799
20
-110.3120959999999968
11
188.6640479999999798
21
-110.2337330000000009
0
LINE
8
BLACK
6
CONTINUOUS
10
188.6640479999999798
20
-110.2337330000000009
11
188.8282099999999843
21
-110.1803929999999951
0
LINE
8
BLACK
6
CONTINUOUS
10
188.8282099999999843
20
-110.1803929999999951
11
188.9986949999999979
21
-110.1533909999999992
0
LINE
8
BLACK
6
CONTINUOUS
10
188.9986949999999979
20
-110.1533909999999992
11
189.1713049999999896
21
-110.1533909999999992
0
LINE
8
BLACK
6
CONTINUOUS
10
189.1713049999999896
20
-110.1533909999999992
11
189.3417900000000031
21
-110.1803929999999951
0
LINE
8
BLACK
6
CONTINUOUS
10
145.3967899999999815
20
-79.9603929999999963
11
145.5609519999999861
21
-80.013733000000002
0
LINE
8
BLACK
6
CONTINUOUS
10
145.5609519999999861
20
-80.013733000000002
11
145.714747999999986
21
-80.092095999999998
0
LINE
8
BLACK
6
CONTINUOUS
10
145.714747999999986
20
-80.092095999999998
11
145.8543929999999875
21
-80.1935529999999943
0
LINE
8
BLACK
6
CONTINUOUS
10
145.8543929999999875
20
-80.1935529999999943
11
145.9764470000000074
21
-80.315607
0
LINE
8
BLACK
6
CONTINUOUS
10
145.9764470000000074
20
-80.315607
11
146.0779039999999895
21
-80.4552520000000015
0
LINE
8
BLACK
6
CONTINUOUS
10
146.0779039999999895
20
-80.4552520000000015
11
146.1562669999999855
21
-80.6090480000000014
0
LINE
8
BLACK
6
CONTINUOUS
10
146.1562669999999855
20
-80.6090480000000014
11
146.2096070000000054
21
-80.7732099999999917
0
LINE
8
BLACK
6
CONTINUOUS
10
146.2096070000000054
20
-80.7732099999999917
11
146.2366089999999872
21
-80.9436949999999911
0
LINE
8
BLACK
6
CONTINUOUS
10
146.2366089999999872
20
-80.9436949999999911
11
146.2366089999999872
21
-81.116304999999997
0
LINE
8
BLACK
6
CONTINUOUS
10
146.2366089999999872
20
-81.116304999999997
11
146.2096070000000054
21
-81.2867899999999963
0
LINE
8
BLACK
6
CONTINUOUS
10
146.2096070000000054
20
-81.2867899999999963
11
146.1562669999999855
21
-81.4509520000000009
0
LINE
8
BLACK
6
CONTINUOUS
10
146.1562669999999855
20
-81.4509520000000009
11
146.0779039999999895
21
-81.6047480000000007
0
LINE
8
BLACK
6
CONTINUOUS
10
146.0779039999999895
20
-81.6047480000000007
11
145.9764470000000074
21
-81.7443930000000023
0
LINE
8
BLACK
6
CONTINUOUS
10
145.9764470000000074
20
-81.7443930000000023
11
145.8543929999999875
21
-81.8664469999999937
0
LINE
8
BLACK
6
CONTINUOUS
10
145.8543929999999875
20
-81.8664469999999937
11
145.714747999999986
21
-81.9679039999999901
0
LINE
8
BLACK
6
CONTINUOUS
10
145.714747999999986
20
-81.9679039999999901
11
145.5609519999999861
21
-82.0462670000000003
0
LINE
8
BLACK
6
CONTINUOUS
10
145.5609519999999861
20
-82.0462670000000003
11
145.3967899999999815
21
-82.0996069999999918
0
LINE
8
BLACK
6
CONTINUOUS
10
145.3967899999999815
20
-82.0996069999999918
11
145.2263049999999964
21
-82.126609000000002
0
LINE
8
BLACK
6
CONTINUOUS
10
145.2263049999999964
20
-82.126609000000002
11
145.0536950000000047
21
-82.126609000000002
0
LINE
8
BLACK
6
CONTINUOUS
10
145.0536950000000047
20
-82.126609000000002
11
144.8832099999999912
21
-82.0996069999999918
0
LINE
8
BLACK
6
CONTINUOUS
10
144.8832099999999912
20
-82.0996069999999918
11
144.7190479999999866
21
-82.0462670000000003
0
LINE
8
BLACK
6
CONTINUOUS
10
144.7190479999999866
20
-82.0462670000000003
11
144.5652519999999868
21
-81.9679039999999901
0
LINE
8
BLACK
6
CONTINUOUS
10
144.5652519999999868
20
-81.9679039999999901
11
144.4256069999999852
21
-81.8664469999999937
0
LINE
8
BLACK
6
CONTINUOUS
10
144.4256069999999852
20
-81.8664469999999937
11
144.3035529999999937
21
-81.7443930000000023
0
LINE
8
BLACK
6
CONTINUOUS
10
144.3035529999999937
20
-81.7443930000000023
11
144.2020959999999832
21
-81.6047480000000007
0
LINE
8
BLACK
6
CONTINUOUS
10
144.2020959999999832
20
-81.6047480000000007
11
144.1237329999999872
21
-81.4509520000000009
0
LINE
8
BLACK
6
CONTINUOUS
10
144.1237329999999872
20
-81.4509520000000009
11
144.0703929999999957
21
-81.2867899999999963
0
LINE
8
BLACK
6
CONTINUOUS
10
144.0703929999999957
20
-81.2867899999999963
11
144.0433909999999855
21
-81.116304999999997
0
LINE
8
BLACK
6
CONTINUOUS
10
144.0433909999999855
20
-81.116304999999997
11
144.0433909999999855
21
-80.9436949999999911
0
LINE
8
BLACK
6
CONTINUOUS
10
144.0433909999999855
20
-80.9436949999999911
11
144.0703929999999957
21
-80.7732099999999917
0
LINE
8
BLACK
6
CONTINUOUS
10
144.0703929999999957
20
-80.7732099999999917
11
144.1237329999999872
21
-80.6090480000000014
0
LINE
8
BLACK
6
CONTINUOUS
10
144.1237329999999872
20
-80.6090480000000014
11
144.2020959999999832
21
-80.4552520000000015
0
LINE
8
BLACK
6
CONTINUOUS
10
144.2020959999999832
20
-80.4552520000000015
11
144.3035529999999937
21
-80.315607
0
LINE
8
BLACK
6
CONTINUOUS
10
144.3035529999999937
20
-80.315607
11
144.4256069999999852
21
-80.1935529999999943
0
LINE
8
BLACK
6
CONTINUOUS
10
144.4256069999999852
20
-80.1935529999999943
11
144.5652519999999868
21
-80.092095999999998
0
LINE
8
BLACK
6
CONTINUOUS
10
144.5652519999999868
20
-80.092095999999998
11
144.7190479999999866
21
-80.013733000000002
0
LINE
8
BLACK
6
CONTINUOUS
10
144.7190479999999866
20
-80.013733000000002
11
144.8832099999999912
21
-79.9603929999999963
0
LINE
8
BLACK
6
CONTINUOUS
10
144.8832099999999912
20
-79.9603929999999963
11
145.0536950000000047
21
-79.9333910000000003
0
LINE
8
BLACK
6
CONTINUOUS
10
145.0536950000000047
20
-79.9333910000000003
11
145.2263049999999964
21
-79.9333910000000003
0
LINE
8
BLACK
6
CONTINUOUS
10
145.2263049999999964
20
-79.9333910000000003
11
145.3967899999999815
21
-79.9603929999999963
0
LINE
8
BLACK
6
CONTINUOUS
10
145.3967899999999815
20
-77.42039299999999
11
145.5609519999999861
21
-77.4737329999999957
0
LINE
8
BLACK
6
CONTINUOUS
10
145.5609519999999861
20
-77.4737329999999957
11
145.714747999999986
21
-77.5520959999999917
0
LINE
8
BLACK
6
CONTINUOUS
10
145.714747999999986
20
-77.5520959999999917
11
145.8543929999999875
21
-77.6535530000000023
0
LINE
8
BLACK
6
CONTINUOUS
10
145.8543929999999875
20
-77.6535530000000023
11
145.9764470000000074
21
-77.7756069999999937
0
LINE
8
BLACK
6
CONTINUOUS
10
145.9764470000000074
20
-77.7756069999999937
11
146.0779039999999895
21
-77.9152519999999953
0
LINE
8
BLACK
6
CONTINUOUS
10
146.0779039999999895
20
-77.9152519999999953
11
146.1562669999999855
21
-78.0690479999999951
0
LINE
8
BLACK
6
CONTINUOUS
10
146.1562669999999855
20
-78.0690479999999951
11
146.2096070000000054
21
-78.2332099999999997
0
LINE
8
BLACK
6
CONTINUOUS
10
146.2096070000000054
20
-78.2332099999999997
11
146.2366089999999872
21
-78.403694999999999
0
LINE
8
BLACK
6
CONTINUOUS
10
146.2366089999999872
20
-78.403694999999999
11
146.2366089999999872
21
-78.5763049999999907
0
LINE
8
BLACK
6
CONTINUOUS
10
146.2366089999999872
20
-78.5763049999999907
11
146.2096070000000054
21
-78.7467899999999901
0
LINE
8
BLACK
6
CONTINUOUS
10
146.2096070000000054
20
-78.7467899999999901
11
146.1562669999999855
21
-78.9109519999999947
0
LINE
8
BLACK
6
CONTINUOUS
10
146.1562669999999855
20
-78.9109519999999947
11
146.0779039999999895
21
-79.0647479999999945
0
LINE
8
BLACK
6
CONTINUOUS
10
146.0779039999999895
20
-79.0647479999999945
11
145.9764470000000074
21
-79.2043929999999961
0
LINE
8
BLACK
6
CONTINUOUS
10
145.9764470000000074
20
-79.2043929999999961
11
145.8543929999999875
21
-79.3264470000000017
0
LINE
8
BLACK
6
CONTINUOUS
10
145.8543929999999875
20
-79.3264470000000017
11
145.714747999999986
21
-79.4279039999999981
0
LINE
8
BLACK
6
CONTINUOUS
10
145.714747999999986
20
-79.4279039999999981
11
145.5609519999999861
21
-79.506266999999994
0
LINE
8
BLACK
6
CONTINUOUS
10
145.5609519999999861
20
-79.506266999999994
11
145.3967899999999815
21
-79.5596069999999997
0
LINE
8
BLACK
6
CONTINUOUS
10
145.3967899999999815
20
-79.5596069999999997
11
145.2263049999999964
21
-79.5866089999999957
0
LINE
8
BLACK
6
CONTINUOUS
10
145.2263049999999964
20
-79.5866089999999957
11
145.0536950000000047
21
-79.5866089999999957
0
LINE
8
BLACK
6
CONTINUOUS
10
145.0536950000000047
20
-79.5866089999999957
11
144.8832099999999912
21
-79.5596069999999997
0
LINE
8
BLACK
6
CONTINUOUS
10
144.8832099999999912
20
-79.5596069999999997
11
144.7190479999999866
21
-79.506266999999994
0
LINE
8
BLACK
6
CONTINUOUS
10
144.7190479999999866
20
-79.506266999999994
11
144.5652519999999868
21
-79.4279039999999981
0
LINE
8
BLACK
6
CONTINUOUS
10
144.5652519999999868
20
-79.4279039999999981
11
144.4256069999999852
21
-79.3264470000000017
0
LINE
8
BLACK
6
CONTINUOUS
10
144.4256069999999852
20
-79.3264470000000017
11
144.3035529999999937
21
-79.2043929999999961
0
LINE
8
BLACK
6
CONTINUOUS
10
144.3035529999999937
20
-79.2043929999999961
11
144.2020959999999832
21
-79.0647479999999945
0
LINE
8
BLACK
6
CONTINUOUS
10
144.2020959999999832
20
-79.0647479999999945
11
144.1237329999999872
21
-78.9109519999999947
0
LINE
8
BLACK
6
CONTINUOUS
10
144.1237329999999872
20
-78.9109519999999947
11
144.0703929999999957
21
-78.7467899999999901
0
LINE
8
BLACK
6
CONTINUOUS
10
144.0703929999999957
20
-78.7467899999999901
11
144.0433909999999855
21
-78.5763049999999907
0
LINE
8
BLACK
6
CONTINUOUS
10
144.0433909999999855
20
-78.5763049999999907
11
144.0433909999999855
21
-78.403694999999999
0
LINE
8
BLACK
6
CONTINUOUS
10
144.0433909999999855
20
-78.403694999999999
11
144.0703929999999957
21
-78.2332099999999997
0
LINE
8
BLACK
6
CONTINUOUS
10
144.0703929999999957
20
-78.2332099999999997
11
144.1237329999999872
21
-78.0690479999999951
0
LINE
8
BLACK
6
CONTINUOUS
10
144.1237329999999872
20
-78.0690479999999951
11
144.2020959999999832
21
-77.9152519999999953
0
LINE
8
BLACK
6
CONTINUOUS
10
144.2020959999999832
20
-77.9152519999999953
11
144.3035529999999937
21
-77.7756069999999937
0
LINE
8
BLACK
6
CONTINUOUS
10
144.3035529999999937
20
-77.7756069999999937
11
144.4256069999999852
21
-77.6535530000000023
0
LINE
8
BLACK
6
CONTINUOUS
10
144.4256069999999852
20
-77.6535530000000023
11
144.5652519999999868
21
-77.5520959999999917
0
LINE
8
BLACK
6
CONTINUOUS
10
144.5652519999999868
20
-77.5520959999999917
11
144.7190479999999866
21
-77.4737329999999957
0
LINE
8
BLACK
6
CONTINUOUS
10
144.7190479999999866
20
-77.4737329999999957
11
144.8832099999999912
21
-77.42039299999999
0
LINE
8
BLACK
6
CONTINUOUS
10
144.8832099999999912
20
-77.42039299999999
11
145.0536950000000047
21
-77.3933909999999941
0
LINE
8
BLACK
6
CONTINUOUS
10
145.0536950000000047
20
-77.3933909999999941
11
145.2263049999999964
21
-77.3933909999999941
0
LINE
8
BLACK
6
CONTINUOUS
10
145.2263049999999964
20
-77.3933909999999941
11
145.3967899999999815
21
-77.42039299999999
0
LINE
8
BLACK
6
CONTINUOUS
10
145.9399999999999977
20
-76.75
11
144.3400000000000034
21
-76.75
0
LINE
8
BLACK
6
CONTINUOUS
10
144.3400000000000034
20
-76.75
11
144.3400000000000034
21
-75.1499999999999915
0
LINE
8
BLACK
6
CONTINUOUS
10
144.3400000000000034
20
-75.1499999999999915
11
145.9399999999999977
21
-75.1499999999999915
0
LINE
8
BLACK
6
CONTINUOUS
10
145.9399999999999977
20
-75.1499999999999915
11
145.9399999999999977
21
-76.75
0
LINE
8
BLACK
6
CONTINUOUS
10
193.4425389999999823
20
-60.5201849999999979
11
193.4882939999999962
21
-60.5729889999999997
0
LINE
8
BLACK
6
CONTINUOUS
10
193.4882939999999962
20
-60.5729889999999997
11
193.4994999999999834
21
-60.6244999999999976
0
LINE
8
BLACK
6
CONTINUOUS
10
193.4994999999999834
20
-60.6244999999999976
11
193.4994999999999834
21
-122.6254999999999882
0
LINE
8
BLACK
6
CONTINUOUS
10
193.4994999999999834
20
-122.6254999999999882
11
193.4798150000000021
21
-122.6925389999999965
0
LINE
8
BLACK
6
CONTINUOUS
10
193.4798150000000021
20
-122.6925389999999965
11
193.4270109999999931
21
-122.7382939999999962
0
LINE
8
BLACK
6
CONTINUOUS
10
193.4270109999999931
20
-122.7382939999999962
11
193.3754999999999882
21
-122.7494999999999976
0
LINE
8
BLACK
6
CONTINUOUS
10
193.3754999999999882
20
-122.7494999999999976
11
130.6244999999999834
21
-122.7494999999999976
0
LINE
8
BLACK
6
CONTINUOUS
10
130.6244999999999834
20
-122.7494999999999976
11
130.5574609999999893
21
-122.7298149999999879
0
LINE
8
BLACK
6
CONTINUOUS
10
130.5574609999999893
20
-122.7298149999999879
11
130.5117060000000038
21
-122.6770109999999931
0
LINE
8
BLACK
6
CONTINUOUS
10
130.5117060000000038
20
-122.6770109999999931
11
130.5004999999999882
21
-122.6254999999999882
0
LINE
8
BLACK
6
CONTINUOUS
10
130.5004999999999882
20
-122.6254999999999882
11
130.5004999999999882
21
-76.651455999999996
0
LINE
8
BLACK
6
CONTINUOUS
10
130.5004999999999882
20
-76.651455999999996
11
130.5004999999999882
21
-60.6244999999999976
0
LINE
8
BLACK
6
CONTINUOUS
10
130.5004999999999882
20
-60.6244999999999976
11
130.5201849999999979
21
-60.5574609999999964
0
LINE
8
BLACK
6
CONTINUOUS
10
130.5201849999999979
20
-60.5574609999999964
11
130.5729890000000069
21
-60.5117059999999967
0
LINE
8
BLACK
6
CONTINUOUS
10
130.5729890000000069
20
-60.5117059999999967
11
130.6244999999999834
21
-60.5004999999999953
0
LINE
8
BLACK
6
CONTINUOUS
10
130.6244999999999834
20
-60.5004999999999953
11
193.3754999999999882
21
-60.5004999999999953
0
LINE
8
BLACK
6
CONTINUOUS
10
193.3754999999999882
20
-60.5004999999999953
11
193.4425389999999823
21
-60.5201849999999979
0
LINE
8
BLACK
6
CONTINUOUS
10
131.9994999999999834
20
-90.8485439999999898
11
132.0379470000000026
21
-91.0418279999999953
0
LINE
8
BLACK
6
CONTINUOUS
10
132.0379470000000026
20
-91.0418279999999953
11
132.037949999999995
21
-91.0418399999999934
0
LINE
8
BLACK
6
CONTINUOUS
10
132.037949999999995
20
-91.0418399999999934
11
132.055295000000001
21
-91.0837129999999888
0
LINE
8
BLACK
6
CONTINUOUS
10
132.055295000000001
20
-91.0837129999999888
11
132.113365999999985
21
-91.2239110000000011
0
LINE
8
BLACK
6
CONTINUOUS
10
132.113365999999985
20
-91.2239110000000011
11
132.1133710000000008
21
-91.2239199999999926
0
LINE
8
BLACK
6
CONTINUOUS
10
132.1133710000000008
20
-91.2239199999999926
11
132.2228589999999997
21
-91.3877799999999922
0
LINE
8
BLACK
6
CONTINUOUS
10
132.2228589999999997
20
-91.3877799999999922
11
132.2228599999999972
21
-91.3877809999999897
0
LINE
8
BLACK
6
CONTINUOUS
10
132.2228599999999972
20
-91.3877809999999897
11
132.2228609999999946
21
-91.3877820000000014
0
LINE
8
BLACK
6
CONTINUOUS
10
132.2228609999999946
20
-91.3877820000000014
11
132.3622179999999844
21
-91.5271389999999911
0
LINE
8
BLACK
6
CONTINUOUS
10
132.3622179999999844
20
-91.5271389999999911
11
132.3622189999999819
21
-91.5271389999999911
0
LINE
8
BLACK
6
CONTINUOUS
10
132.3622189999999819
20
-91.5271389999999911
11
132.3692859999999882
21
-91.5342059999999975
0
LINE
8
BLACK
6
CONTINUOUS
10
132.3692859999999882
20
-91.5342059999999975
11
132.3692849999999908
21
-91.5342059999999975
0
LINE
8
BLACK
6
CONTINUOUS
10
132.3692849999999908
20
-91.5342059999999975
11
132.3692879999999832
21
-91.5342079999999925
0
LINE
8
BLACK
6
CONTINUOUS
10
132.3692879999999832
20
-91.5342079999999925
11
135.2028599999999869
21
-94.3677809999999937
0
LINE
8
BLACK
6
CONTINUOUS
10
135.2028599999999869
20
-94.3677809999999937
11
135.2028609999999844
21
-94.3677819999999912
0
LINE
8
BLACK
6
CONTINUOUS
10
135.2028609999999844
20
-94.3677819999999912
11
135.3422180000000026
21
-94.5071389999999951
0
LINE
8
BLACK
6
CONTINUOUS
10
135.3422180000000026
20
-94.5071389999999951
11
135.3422190000000001
21
-94.5071399999999926
0
LINE
8
BLACK
6
CONTINUOUS
10
135.3422190000000001
20
-94.5071399999999926
11
135.4345720000000028
21
-94.5688480000000027
0
LINE
8
BLACK
6
CONTINUOUS
10
135.4345720000000028
20
-94.5688480000000027
11
135.5060859999999821
21
-94.6166319999999956
0
LINE
8
BLACK
6
CONTINUOUS
10
135.5060859999999821
20
-94.6166319999999956
11
135.6127449999999897
21
-94.6608109999999954
0
LINE
8
BLACK
6
CONTINUOUS
10
135.6127449999999897
20
-94.6608109999999954
11
135.6881640000000004
21
-94.6920509999999922
0
LINE
8
BLACK
6
CONTINUOUS
10
135.6881640000000004
20
-94.6920509999999922
11
135.8814539999999909
21
-94.7304989999999947
0
LINE
8
BLACK
6
CONTINUOUS
10
135.8814539999999909
20
-94.7304989999999947
11
135.8814569999999833
21
-94.7304999999999922
0
LINE
8
BLACK
6
CONTINUOUS
10
135.8814569999999833
20
-94.7304999999999922
11
135.8814590000000067
21
-94.7304999999999922
0
LINE
8
BLACK
6
CONTINUOUS
10
135.8814590000000067
20
-94.7304999999999922
11
136.0785400000000038
21
-94.7304999999999922
0
LINE
8
BLACK
6
CONTINUOUS
10
136.0785400000000038
20
-94.7304999999999922
11
136.3960380000000043
21
-94.7304999999999922
0
LINE
8
BLACK
6
CONTINUOUS
10
136.3960380000000043
20
-94.7304999999999922
11
136.4630769999999984
21
-94.7501850000000019
0
LINE
8
BLACK
6
CONTINUOUS
10
136.4630769999999984
20
-94.7501850000000019
11
136.4853489999999852
21
-94.7696229999999957
0
LINE
8
BLACK
6
CONTINUOUS
10
136.4853489999999852
20
-94.7696229999999957
11
136.485761999999994
21
-94.7692109999999985
0
LINE
8
BLACK
6
CONTINUOUS
10
136.485761999999994
20
-94.7692109999999985
11
136.6642249999999876
21
-94.9476739999999921
0
LINE
8
BLACK
6
CONTINUOUS
10
136.6642249999999876
20
-94.9476739999999921
11
136.6977100000000007
21
-95.0089969999999937
0
LINE
8
BLACK
6
CONTINUOUS
10
136.6977100000000007
20
-95.0089969999999937
11
136.6927259999999933
21
-95.0786889999999971
0
LINE
8
BLACK
6
CONTINUOUS
10
136.6927259999999933
20
-95.0786889999999971
11
136.6642259999999851
21
-95.123035999999999
0
LINE
8
BLACK
6
CONTINUOUS
10
136.6642259999999851
20
-95.123035999999999
11
136.5273379999999861
21
-95.259923999999998
0
LINE
8
BLACK
6
CONTINUOUS
10
136.5273379999999861
20
-95.259923999999998
11
136.3838959999999929
21
-95.4573570000000018
0
LINE
8
BLACK
6
CONTINUOUS
10
136.3838959999999929
20
-95.4573570000000018
11
136.273097000000007
21
-95.6748119999999886
0
LINE
8
BLACK
6
CONTINUOUS
10
136.273097000000007
20
-95.6748119999999886
11
136.1976779999999962
21
-95.906926999999996
0
LINE
8
BLACK
6
CONTINUOUS
10
136.1976779999999962
20
-95.906926999999996
11
136.1830159999999807
21
-95.9994999999999976
0
LINE
8
BLACK
6
CONTINUOUS
10
136.1830159999999807
20
-95.9994999999999976
11
136.15949999999998
21
-96.1479729999999932
0
LINE
8
BLACK
6
CONTINUOUS
10
136.15949999999998
20
-96.1479729999999932
11
136.15949999999998
21
-96.3920269999999988
0
LINE
8
BLACK
6
CONTINUOUS
10
136.15949999999998
20
-96.3920269999999988
11
136.1701199999999972
21
-96.4590800000000002
0
LINE
8
BLACK
6
CONTINUOUS
10
136.1701199999999972
20
-96.4590800000000002
11
136.1833349999999996
21
-96.5425169999999895
0
LINE
8
BLACK
6
CONTINUOUS
10
136.1833349999999996
20
-96.5425169999999895
11
136.1976789999999937
21
-96.6330760000000026
0
LINE
8
BLACK
6
CONTINUOUS
10
136.1976789999999937
20
-96.6330760000000026
11
136.2434179999999913
21
-96.7738469999999893
0
LINE
8
BLACK
6
CONTINUOUS
10
136.2434179999999913
20
-96.7738469999999893
11
136.273097000000007
21
-96.8651869999999917
0
LINE
8
BLACK
6
CONTINUOUS
10
136.273097000000007
20
-96.8651869999999917
11
136.3838959999999929
21
-97.0826419999999928
0
LINE
8
BLACK
6
CONTINUOUS
10
136.3838959999999929
20
-97.0826419999999928
11
136.5273389999999836
21
-97.280075999999994
0
LINE
8
BLACK
6
CONTINUOUS
10
136.5273389999999836
20
-97.280075999999994
11
136.5273430000000019
21
-97.2800809999999956
0
LINE
8
BLACK
6
CONTINUOUS
10
136.5273430000000019
20
-97.2800809999999956
11
136.6731809999999996
21
-97.4259189999999933
0
LINE
8
BLACK
6
CONTINUOUS
10
136.6731809999999996
20
-97.4259189999999933
11
136.7066659999999843
21
-97.4872419999999948
0
LINE
8
BLACK
6
CONTINUOUS
10
136.7066659999999843
20
-97.4872419999999948
11
136.7094999999999914
21
-97.5135999999999967
0
LINE
8
BLACK
6
CONTINUOUS
10
136.7094999999999914
20
-97.5135999999999967
11
136.7094999999999914
21
-110.0585409999999911
0
LINE
8
BLACK
6
CONTINUOUS
10
136.7094999999999914
20
-110.0585409999999911
11
136.7191080000000056
21
-110.1068459999999902
0
LINE
8
BLACK
6
CONTINUOUS
10
136.7191080000000056
20
-110.1068459999999902
11
136.7216119999999933
21
-110.1194309999999916
0
LINE
8
BLACK
6
CONTINUOUS
10
136.7216119999999933
20
-110.1194309999999916
11
136.7216119999999933
21
-110.1194319999999891
0
LINE
8
BLACK
6
CONTINUOUS
10
136.7216119999999933
20
-110.1194319999999891
11
136.7479469999999822
21
-110.2518279999999891
0
LINE
8
BLACK
6
CONTINUOUS
10
136.7479469999999822
20
-110.2518279999999891
11
136.747950000000003
21
-110.2518400000000014
0
LINE
8
BLACK
6
CONTINUOUS
10
136.747950000000003
20
-110.2518400000000014
11
136.7556799999999839
21
-110.2705009999999959
0
LINE
8
BLACK
6
CONTINUOUS
10
136.7556799999999839
20
-110.2705009999999959
11
136.823363999999998
21
-110.4339069999999907
0
LINE
8
BLACK
6
CONTINUOUS
10
136.823363999999998
20
-110.4339069999999907
11
136.8233709999999803
21
-110.4339200000000005
0
LINE
8
BLACK
6
CONTINUOUS
10
136.8233709999999803
20
-110.4339200000000005
11
136.9328590000000077
21
-110.5977800000000002
0
LINE
8
BLACK
6
CONTINUOUS
10
136.9328590000000077
20
-110.5977800000000002
11
136.9328600000000051
21
-110.5977809999999977
0
LINE
8
BLACK
6
CONTINUOUS
10
136.9328600000000051
20
-110.5977809999999977
11
136.9328610000000026
21
-110.5977819999999952
0
LINE
8
BLACK
6
CONTINUOUS
10
136.9328610000000026
20
-110.5977819999999952
11
137.0722179999999923
21
-110.7371389999999991
0
LINE
8
BLACK
6
CONTINUOUS
10
137.0722179999999923
20
-110.7371389999999991
11
137.0722189999999898
21
-110.7371389999999991
0
LINE
8
BLACK
6
CONTINUOUS
10
137.0722189999999898
20
-110.7371389999999991
11
137.0792859999999962
21
-110.7442059999999913
0
LINE
8
BLACK
6
CONTINUOUS
10
137.0792859999999962
20
-110.7442059999999913
11
137.0792849999999987
21
-110.7442059999999913
0
LINE
8
BLACK
6
CONTINUOUS
10
137.0792849999999987
20
-110.7442059999999913
11
137.0792889999999886
21
-110.7442089999999979
0
LINE
8
BLACK
6
CONTINUOUS
10
137.0792889999999886
20
-110.7442089999999979
11
146.112214999999992
21
-119.7771369999999962
0
LINE
8
BLACK
6
CONTINUOUS
10
146.112214999999992
20
-119.7771369999999962
11
146.1122189999999819
21
-119.7771399999999886
0
LINE
8
BLACK
6
CONTINUOUS
10
146.1122189999999819
20
-119.7771399999999886
11
146.2760789999999815
21
-119.8866279999999875
0
LINE
8
BLACK
6
CONTINUOUS
10
146.2760789999999815
20
-119.8866279999999875
11
146.2760849999999948
21
-119.8866309999999942
0
LINE
8
BLACK
6
CONTINUOUS
10
146.2760849999999948
20
-119.8866309999999942
11
146.2760859999999923
21
-119.8866319999999916
0
LINE
8
BLACK
6
CONTINUOUS
10
146.2760859999999923
20
-119.8866319999999916
11
146.4581649999999797
21
-119.9620519999999999
0
LINE
8
BLACK
6
CONTINUOUS
10
146.4581649999999797
20
-119.9620519999999999
11
146.6514549999999986
21
-120.0004999999999882
0
LINE
8
BLACK
6
CONTINUOUS
10
146.6514549999999986
20
-120.0004999999999882
11
146.651457999999991
21
-120.0005009999999999
0
LINE
8
BLACK
6
CONTINUOUS
10
146.651457999999991
20
-120.0005009999999999
11
146.6514599999999859
21
-120.0005009999999999
0
LINE
8
BLACK
6
CONTINUOUS
10
146.6514599999999859
20
-120.0005009999999999
11
146.8546549999999797
21
-120.0005009999999999
0
LINE
8
BLACK
6
CONTINUOUS
10
146.8546549999999797
20
-120.0005009999999999
11
146.8546749999999861
21
-120.0004999999999882
0
LINE
8
BLACK
6
CONTINUOUS
10
146.8546749999999861
20
-120.0004999999999882
11
171.3485419999999806
21
-120.0004999999999882
0
LINE
8
BLACK
6
CONTINUOUS
10
171.3485419999999806
20
-120.0004999999999882
11
171.3795659999999828
21
-119.9943279999999959
0
LINE
8
BLACK
6
CONTINUOUS
10
171.3795659999999828
20
-119.9943279999999959
11
171.4451880000000017
21
-119.9812749999999966
0
LINE
8
BLACK
6
CONTINUOUS
10
171.4451880000000017
20
-119.9812749999999966
11
171.5418359999999893
21
-119.9620509999999882
0
LINE
8
BLACK
6
CONTINUOUS
10
171.5418359999999893
20
-119.9620509999999882
11
171.5951649999999802
21
-119.9399609999999967
0
LINE
8
BLACK
6
CONTINUOUS
10
171.5951649999999802
20
-119.9399609999999967
11
171.7239139999999793
21
-119.8866319999999916
0
LINE
8
BLACK
6
CONTINUOUS
10
171.7239139999999793
20
-119.8866319999999916
11
171.8877819999999872
21
-119.7771389999999911
0
LINE
8
BLACK
6
CONTINUOUS
10
171.8877819999999872
20
-119.7771389999999911
11
172.0271390000000054
21
-119.6377820000000014
0
LINE
8
BLACK
6
CONTINUOUS
10
172.0271390000000054
20
-119.6377820000000014
11
172.0271400000000028
21
-119.6377789999999948
0
LINE
8
BLACK
6
CONTINUOUS
10
172.0271400000000028
20
-119.6377789999999948
11
172.0342059999999833
21
-119.6307139999999976
0
LINE
8
BLACK
6
CONTINUOUS
10
172.0342059999999833
20
-119.6307139999999976
11
172.0342090000000042
21
-119.6307099999999934
0
LINE
8
BLACK
6
CONTINUOUS
10
172.0342090000000042
20
-119.6307099999999934
11
176.0263699999999858
21
-115.6385489999999976
0
LINE
8
BLACK
6
CONTINUOUS
10
176.0263699999999858
20
-115.6385489999999976
11
180.1377779999999973
21
-111.5271410000000003
0
LINE
8
BLACK
6
CONTINUOUS
10
180.1377779999999973
20
-111.5271410000000003
11
180.1377819999999872
21
-111.5271389999999911
0
LINE
8
BLACK
6
CONTINUOUS
10
180.1377819999999872
20
-111.5271389999999911
11
180.2771390000000054
21
-111.3877820000000014
0
LINE
8
BLACK
6
CONTINUOUS
10
180.2771390000000054
20
-111.3877820000000014
11
180.3866319999999916
21
-111.2239139999999935
0
LINE
8
BLACK
6
CONTINUOUS
10
180.3866319999999916
20
-111.2239139999999935
11
180.4136230000000012
21
-111.1587519999999927
0
LINE
8
BLACK
6
CONTINUOUS
10
180.4136230000000012
20
-111.1587519999999927
11
180.4247259999999926
21
-111.1319469999999967
0
LINE
8
BLACK
6
CONTINUOUS
10
180.4247259999999926
20
-111.1319469999999967
11
180.4463989999999853
21
-111.079622999999998
0
LINE
8
BLACK
6
CONTINUOUS
10
180.4463989999999853
20
-111.079622999999998
11
180.4463989999999853
21
-111.0796220000000005
0
LINE
8
BLACK
6
CONTINUOUS
10
180.4463989999999853
20
-111.0796220000000005
11
180.4620510000000024
21
-111.0418349999999919
0
LINE
8
BLACK
6
CONTINUOUS
10
180.4620510000000024
20
-111.0418349999999919
11
180.4834620000000029
21
-110.9341969999999975
0
LINE
8
BLACK
6
CONTINUOUS
10
180.4834620000000029
20
-110.9341969999999975
11
180.5004999999999882
21
-110.8485429999999923
0
LINE
8
BLACK
6
CONTINUOUS
10
180.5004999999999882
20
-110.8485429999999923
11
180.5004999999999882
21
-89.0778229999999951
0
LINE
8
BLACK
6
CONTINUOUS
10
180.5004999999999882
20
-89.0778229999999951
11
180.5201849999999979
21
-89.010784000000001
0
LINE
8
BLACK
6
CONTINUOUS
10
180.5201849999999979
20
-89.010784000000001
11
180.5729889999999784
21
-88.9650290000000012
0
LINE
8
BLACK
6
CONTINUOUS
10
180.5729889999999784
20
-88.9650290000000012
11
180.6421469999999943
21
-88.9550849999999969
0
LINE
8
BLACK
6
CONTINUOUS
10
180.6421469999999943
20
-88.9550849999999969
11
180.7057029999999997
21
-88.9841100000000012
0
LINE
8
BLACK
6
CONTINUOUS
10
180.7057029999999997
20
-88.9841100000000012
11
180.7424299999999846
21
-89.0395039999999938
0
LINE
8
BLACK
6
CONTINUOUS
10
180.7424299999999846
20
-89.0395039999999938
11
180.7667589999999791
21
-89.1143789999999996
0
LINE
8
BLACK
6
CONTINUOUS
10
180.7667589999999791
20
-89.1143789999999996
11
180.8571790000000021
21
-89.291838999999996
0
LINE
8
BLACK
6
CONTINUOUS
10
180.8571790000000021
20
-89.291838999999996
11
180.8811319999999796
21
-89.3388479999999987
0
LINE
8
BLACK
6
CONTINUOUS
10
180.8811319999999796
20
-89.3388479999999987
11
181.0292010000000005
21
-89.5426489999999973
0
LINE
8
BLACK
6
CONTINUOUS
10
181.0292010000000005
20
-89.5426489999999973
11
181.0292049999999904
21
-89.5426539999999989
0
LINE
8
BLACK
6
CONTINUOUS
10
181.0292049999999904
20
-89.5426539999999989
11
181.2073450000000037
21
-89.7207939999999979
0
LINE
8
BLACK
6
CONTINUOUS
10
181.2073450000000037
20
-89.7207939999999979
11
181.207349999999991
21
-89.720798000000002
0
LINE
8
BLACK
6
CONTINUOUS
10
181.207349999999991
20
-89.720798000000002
11
181.371690000000001
21
-89.8401969999999892
0
LINE
8
BLACK
6
CONTINUOUS
10
181.371690000000001
20
-89.8401969999999892
11
181.4111549999999795
21
-89.8688700000000011
0
LINE
8
BLACK
6
CONTINUOUS
10
181.4111549999999795
20
-89.8688700000000011
11
181.5291569999999979
21
-89.9289950000000005
0
LINE
8
BLACK
6
CONTINUOUS
10
181.5291569999999979
20
-89.9289950000000005
11
181.6356159999999988
21
-89.9832389999999975
0
LINE
8
BLACK
6
CONTINUOUS
10
181.6356159999999988
20
-89.9832389999999975
11
181.6356179999999938
21
-89.9832389999999975
0
LINE
8
BLACK
6
CONTINUOUS
10
181.6356179999999938
20
-89.9832389999999975
11
181.6356209999999862
21
-89.9832409999999925
0
LINE
8
BLACK
6
CONTINUOUS
10
181.6356209999999862
20
-89.9832409999999925
11
181.8752149999999972
21
-90.061089999999993
0
LINE
8
BLACK
6
CONTINUOUS
10
181.8752149999999972
20
-90.061089999999993
11
182.1240379999999845
21
-90.1004999999999967
0
LINE
8
BLACK
6
CONTINUOUS
10
182.1240379999999845
20
-90.1004999999999967
11
182.124038999999982
21
-90.1004999999999967
0
LINE
8
BLACK
6
CONTINUOUS
10
182.124038999999982
20
-90.1004999999999967
11
182.3759609999999896
21
-90.1004999999999967
0
LINE
8
BLACK
6
CONTINUOUS
10
182.3759609999999896
20
-90.1004999999999967
11
182.375961999999987
21
-90.1004999999999967
0
LINE
8
BLACK
6
CONTINUOUS
10
182.375961999999987
20
-90.1004999999999967
11
182.6247850000000028
21
-90.061089999999993
0
LINE
8
BLACK
6
CONTINUOUS
10
182.6247850000000028
20
-90.061089999999993
11
182.8643789999999854
21
-89.9832409999999925
0
LINE
8
BLACK
6
CONTINUOUS
10
182.8643789999999854
20
-89.9832409999999925
11
183.0888449999999921
21
-89.8688700000000011
0
LINE
8
BLACK
6
CONTINUOUS
10
183.0888449999999921
20
-89.8688700000000011
11
183.2926559999999938
21
-89.7207930000000005
0
LINE
8
BLACK
6
CONTINUOUS
10
183.2926559999999938
20
-89.7207930000000005
11
183.4707929999999863
21
-89.5426559999999938
0
LINE
8
BLACK
6
CONTINUOUS
10
183.4707929999999863
20
-89.5426559999999938
11
183.4707929999999863
21
-89.5426549999999963
0
LINE
8
BLACK
6
CONTINUOUS
10
183.4707929999999863
20
-89.5426549999999963
11
183.4742379999999855
21
-89.5392109999999946
0
LINE
8
BLACK
6
CONTINUOUS
10
183.4742379999999855
20
-89.5392109999999946
11
183.4753120000000024
21
-89.5402849999999972
0
LINE
8
BLACK
6
CONTINUOUS
10
183.4753120000000024
20
-89.5402849999999972
11
183.5281799999999919
21
-89.5057749999999999
0
LINE
8
BLACK
6
CONTINUOUS
10
183.5281799999999919
20
-89.5057749999999999
11
183.5639620000000036
21
-89.5005000000000024
0
LINE
8
BLACK
6
CONTINUOUS
10
183.5639620000000036
20
-89.5005000000000024
11
185.5608589999999936
21
-89.5005000000000024
0
LINE
8
BLACK
6
CONTINUOUS
10
185.5608589999999936
20
-89.5005000000000024
11
185.6278979999999876
21
-89.5201849999999979
0
LINE
8
BLACK
6
CONTINUOUS
10
185.6278979999999876
20
-89.5201849999999979
11
185.6736530000000016
21
-89.5729889999999926
0
LINE
8
BLACK
6
CONTINUOUS
10
185.6736530000000016
20
-89.5729889999999926
11
185.677030000000002
21
-89.5811399999999907
0
LINE
8
BLACK
6
CONTINUOUS
10
185.677030000000002
20
-89.5811399999999907
11
185.6812039999999797
21
-89.5923310000000015
0
LINE
8
BLACK
6
CONTINUOUS
10
185.6812039999999797
20
-89.5923310000000015
11
185.6812050000000056
21
-89.592331999999999
0
LINE
8
BLACK
6
CONTINUOUS
10
185.6812050000000056
20
-89.592331999999999
11
185.6812060000000031
21
-89.5923349999999914
0
LINE
8
BLACK
6
CONTINUOUS
10
185.6812060000000031
20
-89.5923349999999914
11
185.7674519999999916
21
-89.7075439999999986
0
LINE
8
BLACK
6
CONTINUOUS
10
185.7674519999999916
20
-89.7075439999999986
11
185.767454999999984
21
-89.707546999999991
0
LINE
8
BLACK
6
CONTINUOUS
10
185.767454999999984
20
-89.707546999999991
11
185.8826640000000054
21
-89.7937929999999938
0
LINE
8
BLACK
6
CONTINUOUS
10
185.8826640000000054
20
-89.7937929999999938
11
185.8826709999999878
21
-89.7937969999999979
0
LINE
8
BLACK
6
CONTINUOUS
10
185.8826709999999878
20
-89.7937969999999979
11
186.017516999999998
21
-89.8440909999999917
0
LINE
8
BLACK
6
CONTINUOUS
10
186.017516999999998
20
-89.8440909999999917
11
186.0175160000000005
21
-89.8440909999999917
0
LINE
8
BLACK
6
CONTINUOUS
10
186.0175160000000005
20
-89.8440909999999917
11
186.0244439999999884
21
-89.8448349999999891
0
LINE
8
BLACK
6
CONTINUOUS
10
186.0244439999999884
20
-89.8448349999999891
11
186.0771269999999902
21
-89.8504999999999967
0
LINE
8
BLACK
6
CONTINUOUS
10
186.0771269999999902
20
-89.8504999999999967
11
187.872872000000001
21
-89.8504989999999992
0
LINE
8
BLACK
6
CONTINUOUS
10
187.872872000000001
20
-89.8504989999999992
11
187.9324829999999906
21
-89.8440909999999917
0
LINE
8
BLACK
6
CONTINUOUS
10
187.9324829999999906
20
-89.8440909999999917
11
188.0673309999999958
21
-89.7937960000000004
0
LINE
8
BLACK
6
CONTINUOUS
10
188.0673309999999958
20
-89.7937960000000004
11
188.1825460000000021
21
-89.7075459999999936
0
LINE
8
BLACK
6
CONTINUOUS
10
188.1825460000000021
20
-89.7075459999999936
11
188.234769
21
-89.6377849999999938
0
LINE
8
BLACK
6
CONTINUOUS
10
188.234769
20
-89.6377849999999938
11
188.2741120000000024
21
-89.5852309999999932
0
LINE
8
BLACK
6
CONTINUOUS
10
188.2741120000000024
20
-89.5852309999999932
11
188.2765210000000025
21
-89.5870340000000027
0
LINE
8
BLACK
6
CONTINUOUS
10
188.2765210000000025
20
-89.5870340000000027
11
188.3152690000000007
21
-89.5482760000000013
0
LINE
8
BLACK
6
CONTINUOUS
10
188.3152690000000007
20
-89.5482760000000013
11
188.3835399999999822
21
-89.5334149999999909
0
LINE
8
BLACK
6
CONTINUOUS
10
188.3835399999999822
20
-89.5334149999999909
11
188.4490079999999921
21
-89.5578229999999991
0
LINE
8
BLACK
6
CONTINUOUS
10
188.4490079999999921
20
-89.5578229999999991
11
188.4623919999999941
21
-89.5694189999999963
0
LINE
8
BLACK
6
CONTINUOUS
10
188.4623919999999941
20
-89.5694189999999963
11
188.5374899999999911
21
-89.6445169999999933
0
LINE
8
BLACK
6
CONTINUOUS
10
188.5374899999999911
20
-89.6445169999999933
11
188.7285669999999982
21
-89.7833430000000021
0
LINE
8
BLACK
6
CONTINUOUS
10
188.7285669999999982
20
-89.7833430000000021
11
188.8246879999999805
21
-89.8323189999999983
0
LINE
8
BLACK
6
CONTINUOUS
10
188.8246879999999805
20
-89.8323189999999983
11
188.9390029999999854
21
-89.8905659999999926
0
LINE
8
BLACK
6
CONTINUOUS
10
188.9390029999999854
20
-89.8905659999999926
11
188.9390049999999803
21
-89.8905659999999926
0
LINE
8
BLACK
6
CONTINUOUS
10
188.9390049999999803
20
-89.8905659999999926
11
188.9390080000000012
21
-89.8905680000000018
0
LINE
8
BLACK
6
CONTINUOUS
10
188.9390080000000012
20
-89.8905680000000018
11
189.0295899999999847
21
-89.9200000000000017
0
LINE
8
BLACK
6
CONTINUOUS
10
189.0295899999999847
20
-89.9200000000000017
11
189.163630999999981
21
-89.9635529999999903
0
LINE
8
BLACK
6
CONTINUOUS
10
189.163630999999981
20
-89.9635529999999903
11
189.3969029999999805
21
-90.0005000000000024
0
LINE
8
BLACK
6
CONTINUOUS
10
189.3969029999999805
20
-90.0005000000000024
11
189.3969079999999963
21
-90.0005000000000024
0
LINE
8
BLACK
6
CONTINUOUS
10
189.3969079999999963
20
-90.0005000000000024
11
189.6330969999999922
21
-90.0005000000000024
0
LINE
8
BLACK
6
CONTINUOUS
10
189.6330969999999922
20
-90.0005000000000024
11
189.8663679999999943
21
-89.9635529999999903
0
LINE
8
BLACK
6
CONTINUOUS
10
189.8663679999999943
20
-89.9635529999999903
11
189.8670419999999979
21
-89.963333999999989
0
LINE
8
BLACK
6
CONTINUOUS
10
189.8670419999999979
20
-89.963333999999989
11
190.090992
21
-89.8905680000000018
0
LINE
8
BLACK
6
CONTINUOUS
10
190.090992
20
-89.8905680000000018
11
190.3014330000000029
21
-89.7833430000000021
0
LINE
8
BLACK
6
CONTINUOUS
10
190.3014330000000029
20
-89.7833430000000021
11
190.4925099999999816
21
-89.6445169999999933
0
LINE
8
BLACK
6
CONTINUOUS
10
190.4925099999999816
20
-89.6445169999999933
11
190.6595169999999939
21
-89.4775099999999952
0
LINE
8
BLACK
6
CONTINUOUS
10
190.6595169999999939
20
-89.4775099999999952
11
190.7983429999999885
21
-89.2864330000000024
0
LINE
8
BLACK
6
CONTINUOUS
10
190.7983429999999885
20
-89.2864330000000024
11
190.9055679999999882
21
-89.0759919999999994
0
LINE
8
BLACK
6
CONTINUOUS
10
190.9055679999999882
20
-89.0759919999999994
11
190.9785530000000051
21
-88.8513679999999937
0
LINE
8
BLACK
6
CONTINUOUS
10
190.9785530000000051
20
-88.8513679999999937
11
190.9904970000000048
21
-88.7759590000000003
0
LINE
8
BLACK
6
CONTINUOUS
10
190.9904970000000048
20
-88.7759590000000003
11
191.015500000000003
21
-88.6180969999999917
0
LINE
8
BLACK
6
CONTINUOUS
10
191.015500000000003
20
-88.6180969999999917
11
191.015500000000003
21
-88.3819019999999966
0
LINE
8
BLACK
6
CONTINUOUS
10
191.015500000000003
20
-88.3819019999999966
11
190.9785530000000051
21
-88.1486309999999946
0
LINE
8
BLACK
6
CONTINUOUS
10
190.9785530000000051
20
-88.1486309999999946
11
190.9165439999999876
21
-87.9577900000000028
0
LINE
8
BLACK
6
CONTINUOUS
10
190.9165439999999876
20
-87.9577900000000028
11
190.9055679999999882
21
-87.9240080000000006
0
LINE
8
BLACK
6
CONTINUOUS
10
190.9055679999999882
20
-87.9240080000000006
11
190.9055659999999932
21
-87.924004999999994
0
LINE
8
BLACK
6
CONTINUOUS
10
190.9055659999999932
20
-87.924004999999994
11
190.9055659999999932
21
-87.924002999999999
0
LINE
8
BLACK
6
CONTINUOUS
10
190.9055659999999932
20
-87.924002999999999
11
190.8130659999999921
21
-87.7424630000000008
0
LINE
8
BLACK
6
CONTINUOUS
10
190.8130659999999921
20
-87.7424630000000008
11
190.7983429999999885
21
-87.7135669999999976
0
LINE
8
BLACK
6
CONTINUOUS
10
190.7983429999999885
20
-87.7135669999999976
11
190.6595169999999939
21
-87.5224899999999906
0
LINE
8
BLACK
6
CONTINUOUS
10
190.6595169999999939
20
-87.5224899999999906
11
190.4925099999999816
21
-87.3554829999999924
0
LINE
8
BLACK
6
CONTINUOUS
10
190.4925099999999816
20
-87.3554829999999924
11
190.3014330000000029
21
-87.2166569999999979
0
LINE
8
BLACK
6
CONTINUOUS
10
190.3014330000000029
20
-87.2166569999999979
11
190.2728359999999839
21
-87.2020859999999942
0
LINE
8
BLACK
6
CONTINUOUS
10
190.2728359999999839
20
-87.2020859999999942
11
190.0909959999999899
21
-87.1094329999999957
0
LINE
8
BLACK
6
CONTINUOUS
10
190.0909959999999899
20
-87.1094329999999957
11
189.8663679999999943
21
-87.036445999999998
0
LINE
8
BLACK
6
CONTINUOUS
10
189.8663679999999943
20
-87.036445999999998
11
189.6330969999999922
21
-86.9994999999999976
0
LINE
8
BLACK
6
CONTINUOUS
10
189.6330969999999922
20
-86.9994999999999976
11
189.6330920000000049
21
-86.9994999999999976
0
LINE
8
BLACK
6
CONTINUOUS
10
189.6330920000000049
20
-86.9994999999999976
11
189.3969079999999963
21
-86.9994999999999976
0
LINE
8
BLACK
6
CONTINUOUS
10
189.3969079999999963
20
-86.9994999999999976
11
189.3969029999999805
21
-86.9994999999999976
0
LINE
8
BLACK
6
CONTINUOUS
10
189.3969029999999805
20
-86.9994999999999976
11
189.163630999999981
21
-87.036445999999998
0
LINE
8
BLACK
6
CONTINUOUS
10
189.163630999999981
20
-87.036445999999998
11
188.9390029999999854
21
-87.1094329999999957
0
LINE
8
BLACK
6
CONTINUOUS
10
188.9390029999999854
20
-87.1094329999999957
11
188.7285660000000007
21
-87.2166569999999979
0
LINE
8
BLACK
6
CONTINUOUS
10
188.7285660000000007
20
-87.2166569999999979
11
188.5374909999999886
21
-87.355481999999995
0
LINE
8
BLACK
6
CONTINUOUS
10
188.5374909999999886
20
-87.355481999999995
11
188.4623919999999941
21
-87.4305809999999894
0
LINE
8
BLACK
6
CONTINUOUS
10
188.4623919999999941
20
-87.4305809999999894
11
188.4010679999999809
21
-87.4640649999999908
0
LINE
8
BLACK
6
CONTINUOUS
10
188.4010679999999809
20
-87.4640649999999908
11
188.3313770000000034
21
-87.4590800000000002
0
LINE
8
BLACK
6
CONTINUOUS
10
188.3313770000000034
20
-87.4590800000000002
11
188.2754429999999957
21
-87.4172089999999997
0
LINE
8
BLACK
6
CONTINUOUS
10
188.2754429999999957
20
-87.4172089999999997
11
188.2724369999999965
21
-87.4125310000000013
0
LINE
8
BLACK
6
CONTINUOUS
10
188.2724369999999965
20
-87.4125310000000013
11
188.1825469999999996
21
-87.2924549999999897
0
LINE
8
BLACK
6
CONTINUOUS
10
188.1825469999999996
20
-87.2924549999999897
11
188.1825439999999787
21
-87.2924519999999973
0
LINE
8
BLACK
6
CONTINUOUS
10
188.1825439999999787
20
-87.2924519999999973
11
188.0673349999999857
21
-87.2062059999999946
0
LINE
8
BLACK
6
CONTINUOUS
10
188.0673349999999857
20
-87.2062059999999946
11
188.0673280000000034
21
-87.2062019999999904
0
LINE
8
BLACK
6
CONTINUOUS
10
188.0673280000000034
20
-87.2062019999999904
11
187.9324819999999931
21
-87.1559079999999966
0
LINE
8
BLACK
6
CONTINUOUS
10
187.9324819999999931
20
-87.1559079999999966
11
187.9324829999999906
21
-87.1559079999999966
0
LINE
8
BLACK
6
CONTINUOUS
10
187.9324829999999906
20
-87.1559079999999966
11
187.8728830000000016
21
-87.1495010000000008
0
LINE
8
BLACK
6
CONTINUOUS
10
187.8728830000000016
20
-87.1495010000000008
11
187.8728809999999783
21
-87.1494999999999891
0
LINE
8
BLACK
6
CONTINUOUS
10
187.8728809999999783
20
-87.1494999999999891
11
187.8728729999999985
21
-87.1494999999999891
0
LINE
8
BLACK
6
CONTINUOUS
10
187.8728729999999985
20
-87.1494999999999891
11
187.8728639999999928
21
-87.1494999999999891
0
LINE
8
BLACK
6
CONTINUOUS
10
187.8728639999999928
20
-87.1494999999999891
11
186.0771289999999851
21
-87.1494999999999891
0
LINE
8
BLACK
6
CONTINUOUS
10
186.0771289999999851
20
-87.1494999999999891
11
186.0771230000000003
21
-87.1495010000000008
0
LINE
8
BLACK
6
CONTINUOUS
10
186.0771230000000003
20
-87.1495010000000008
11
186.0175160000000005
21
-87.1559079999999966
0
LINE
8
BLACK
6
CONTINUOUS
10
186.0175160000000005
20
-87.1559079999999966
11
185.8826709999999878
21
-87.2062019999999904
0
LINE
8
BLACK
6
CONTINUOUS
10
185.8826709999999878
20
-87.2062019999999904
11
185.8826640000000054
21
-87.2062059999999946
0
LINE
8
BLACK
6
CONTINUOUS
10
185.8826640000000054
20
-87.2062059999999946
11
185.767454999999984
21
-87.2924519999999973
0
LINE
8
BLACK
6
CONTINUOUS
10
185.767454999999984
20
-87.2924519999999973
11
185.7674519999999916
21
-87.2924549999999897
0
LINE
8
BLACK
6
CONTINUOUS
10
185.7674519999999916
20
-87.2924549999999897
11
185.6812060000000031
21
-87.4076639999999969
0
LINE
8
BLACK
6
CONTINUOUS
10
185.6812060000000031
20
-87.4076639999999969
11
185.6812039999999797
21
-87.407668000000001
0
LINE
8
BLACK
6
CONTINUOUS
10
185.6812039999999797
20
-87.407668000000001
11
185.6812039999999797
21
-87.4076689999999985
0
LINE
8
BLACK
6
CONTINUOUS
10
185.6812039999999797
20
-87.4076689999999985
11
185.6770389999999793
21
-87.4188339999999897
0
LINE
8
BLACK
6
CONTINUOUS
10
185.6770389999999793
20
-87.4188339999999897
11
185.6351709999999855
21
-87.4747660000000025
0
LINE
8
BLACK
6
CONTINUOUS
10
185.6351709999999855
20
-87.4747660000000025
11
185.569706999999994
21
-87.4991839999999996
0
LINE
8
BLACK
6
CONTINUOUS
10
185.569706999999994
20
-87.4991839999999996
11
185.5608589999999936
21
-87.4994999999999976
0
LINE
8
BLACK
6
CONTINUOUS
10
185.5608589999999936
20
-87.4994999999999976
11
183.6244999999999834
21
-87.4994999999999976
0
LINE
8
BLACK
6
CONTINUOUS
10
183.6244999999999834
20
-87.4994999999999976
11
183.5574609999999893
21
-87.4798150000000021
0
LINE
8
BLACK
6
CONTINUOUS
10
183.5574609999999893
20
-87.4798150000000021
11
183.5117060000000038
21
-87.4270109999999931
0
LINE
8
BLACK
6
CONTINUOUS
10
183.5117060000000038
20
-87.4270109999999931
11
183.5004999999999882
21
-87.3755000000000024
0
LINE
8
BLACK
6
CONTINUOUS
10
183.5004999999999882
20
-87.3755000000000024
11
183.5004999999999882
21
-85.901455999999996
0
LINE
8
BLACK
6
CONTINUOUS
10
183.5004999999999882
20
-85.901455999999996
11
183.4795799999999986
21
-85.7962899999999991
0
LINE
8
BLACK
6
CONTINUOUS
10
183.4795799999999986
20
-85.7962899999999991
11
183.4620510000000024
21
-85.7081639999999965
0
LINE
8
BLACK
6
CONTINUOUS
10
183.4620510000000024
20
-85.7081639999999965
11
183.4031549999999982
21
-85.5659769999999895
0
LINE
8
BLACK
6
CONTINUOUS
10
183.4031549999999982
20
-85.5659769999999895
11
183.3866319999999916
21
-85.5260859999999923
0
LINE
8
BLACK
6
CONTINUOUS
10
183.3866319999999916
20
-85.5260859999999923
11
183.27858599999999
21
-85.3643829999999895
0
LINE
8
BLACK
6
CONTINUOUS
10
183.27858599999999
20
-85.3643829999999895
11
183.2771390000000054
21
-85.3622170000000011
0
LINE
8
BLACK
6
CONTINUOUS
10
183.2771390000000054
20
-85.3622170000000011
11
183.1346859999999879
21
-85.2197639999999978
0
LINE
8
BLACK
6
CONTINUOUS
10
183.1346859999999879
20
-85.2197639999999978
11
183.1346549999999809
21
-85.219735
0
LINE
8
BLACK
6
CONTINUOUS
10
183.1346549999999809
20
-85.219735
11
182.8865710000000036
21
-84.9716509999999943
0
LINE
8
BLACK
6
CONTINUOUS
10
182.8865710000000036
20
-84.9716509999999943
11
182.8530859999999905
21
-84.9103279999999927
0
LINE
8
BLACK
6
CONTINUOUS
10
182.8530859999999905
20
-84.9103279999999927
11
182.8510880000000043
21
-84.880833999999993
0
LINE
8
BLACK
6
CONTINUOUS
10
182.8510880000000043
20
-84.880833999999993
11
182.8504999999999825
21
-84.880833999999993
0
LINE
8
BLACK
6
CONTINUOUS
10
182.8504999999999825
20
-84.880833999999993
11
182.8504999999999825
21
-84.6240379999999988
0
LINE
8
BLACK
6
CONTINUOUS
10
182.8504999999999825
20
-84.6240379999999988
11
182.8386009999999828
21
-84.5489099999999922
0
LINE
8
BLACK
6
CONTINUOUS
10
182.8386009999999828
20
-84.5489099999999922
11
182.8110899999999788
21
-84.3752149999999972
0
LINE
8
BLACK
6
CONTINUOUS
10
182.8110899999999788
20
-84.3752149999999972
11
182.7332409999999925
21
-84.1356210000000004
0
LINE
8
BLACK
6
CONTINUOUS
10
182.7332409999999925
20
-84.1356210000000004
11
182.7332389999999975
21
-84.1356179999999938
0
LINE
8
BLACK
6
CONTINUOUS
10
182.7332389999999975
20
-84.1356179999999938
11
182.7332389999999975
21
-84.1356159999999988
0
LINE
8
BLACK
6
CONTINUOUS
10
182.7332389999999975
20
-84.1356159999999988
11
182.6360049999999831
21
-83.944784999999996
0
LINE
8
BLACK
6
CONTINUOUS
10
182.6360049999999831
20
-83.944784999999996
11
182.6188699999999869
21
-83.9111549999999937
0
LINE
8
BLACK
6
CONTINUOUS
10
182.6188699999999869
20
-83.9111549999999937
11
182.5526419999999916
21
-83.8199999999999932
0
LINE
8
BLACK
6
CONTINUOUS
10
182.5526419999999916
20
-83.8199999999999932
11
182.470798000000002
21
-83.707349999999991
0
LINE
8
BLACK
6
CONTINUOUS
10
182.470798000000002
20
-83.707349999999991
11
182.4707939999999837
21
-83.7073449999999895
0
LINE
8
BLACK
6
CONTINUOUS
10
182.4707939999999837
20
-83.7073449999999895
11
182.2926539999999989
21
-83.5292049999999904
0
LINE
8
BLACK
6
CONTINUOUS
10
182.2926539999999989
20
-83.5292049999999904
11
182.2926489999999831
21
-83.5292010000000005
0
LINE
8
BLACK
6
CONTINUOUS
10
182.2926489999999831
20
-83.5292010000000005
11
182.0888479999999845
21
-83.3811319999999938
0
LINE
8
BLACK
6
CONTINUOUS
10
182.0888479999999845
20
-83.3811319999999938
11
182.088846999999987
21
-83.3811309999999963
0
LINE
8
BLACK
6
CONTINUOUS
10
182.088846999999987
20
-83.3811309999999963
11
182.0888449999999921
21
-83.3811299999999989
0
LINE
8
BLACK
6
CONTINUOUS
10
182.0888449999999921
20
-83.3811299999999989
11
182.0187469999999905
21
-83.3454129999999935
0
LINE
8
BLACK
6
CONTINUOUS
10
182.0187469999999905
20
-83.3454129999999935
11
181.8643830000000037
21
-83.2667599999999908
0
LINE
8
BLACK
6
CONTINUOUS
10
181.8643830000000037
20
-83.2667599999999908
11
181.6247850000000028
21
-83.1889099999999928
0
LINE
8
BLACK
6
CONTINUOUS
10
181.6247850000000028
20
-83.1889099999999928
11
181.375961999999987
21
-83.1495000000000033
0
LINE
8
BLACK
6
CONTINUOUS
10
181.375961999999987
20
-83.1495000000000033
11
181.1240379999999845
21
-83.1495000000000033
0
LINE
8
BLACK
6
CONTINUOUS
10
181.1240379999999845
20
-83.1495000000000033
11
180.9996259999999779
21
-83.1692049999999909
0
LINE
8
BLACK
6
CONTINUOUS
10
180.9996259999999779
20
-83.1692049999999909
11
180.8752139999999997
21
-83.1889099999999928
0
LINE
8
BLACK
6
CONTINUOUS
10
180.8752139999999997
20
-83.1889099999999928
11
180.6356159999999988
21
-83.2667599999999908
0
LINE
8
BLACK
6
CONTINUOUS
10
180.6356159999999988
20
-83.2667599999999908
11
180.4111509999999896
21
-83.3811319999999938
0
LINE
8
BLACK
6
CONTINUOUS
10
180.4111509999999896
20
-83.3811319999999938
11
180.207349999999991
21
-83.5292010000000005
0
LINE
8
BLACK
6
CONTINUOUS
10
180.207349999999991
20
-83.5292010000000005
11
180.2073450000000037
21
-83.5292049999999904
0
LINE
8
BLACK
6
CONTINUOUS
10
180.2073450000000037
20
-83.5292049999999904
11
180.0292049999999904
21
-83.7073449999999895
0
LINE
8
BLACK
6
CONTINUOUS
10
180.0292049999999904
20
-83.7073449999999895
11
180.0292010000000005
21
-83.707349999999991
0
LINE
8
BLACK
6
CONTINUOUS
10
180.0292010000000005
20
-83.707349999999991
11
179.8811319999999796
21
-83.9111509999999896
0
LINE
8
BLACK
6
CONTINUOUS
10
179.8811319999999796
20
-83.9111509999999896
11
179.766760000000005
21
-84.1356159999999988
0
LINE
8
BLACK
6
CONTINUOUS
10
179.766760000000005
20
-84.1356159999999988
11
179.6889099999999928
21
-84.3752139999999997
0
LINE
8
BLACK
6
CONTINUOUS
10
179.6889099999999928
20
-84.3752139999999997
11
179.6572999999999922
21
-84.574789999999993
0
LINE
8
BLACK
6
CONTINUOUS
10
179.6572999999999922
20
-84.574789999999993
11
179.6494999999999891
21
-84.6240379999999988
0
LINE
8
BLACK
6
CONTINUOUS
10
179.6494999999999891
20
-84.6240379999999988
11
179.6494999999999891
21
-84.8759620000000012
0
LINE
8
BLACK
6
CONTINUOUS
10
179.6494999999999891
20
-84.8759620000000012
11
179.6576919999999973
21
-84.9276809999999927
0
LINE
8
BLACK
6
CONTINUOUS
10
179.6576919999999973
20
-84.9276809999999927
11
179.6889099999999928
21
-85.1247850000000028
0
LINE
8
BLACK
6
CONTINUOUS
10
179.6889099999999928
20
-85.1247850000000028
11
179.766760000000005
21
-85.3643829999999895
0
LINE
8
BLACK
6
CONTINUOUS
10
179.766760000000005
20
-85.3643829999999895
11
179.8336299999999994
21
-85.4956209999999999
0
LINE
8
BLACK
6
CONTINUOUS
10
179.8336299999999994
20
-85.4956209999999999
11
179.8694779999999867
21
-85.5659769999999895
0
LINE
8
BLACK
6
CONTINUOUS
10
179.8694779999999867
20
-85.5659769999999895
11
179.8811319999999796
21
-85.5888479999999987
0
LINE
8
BLACK
6
CONTINUOUS
10
179.8811319999999796
20
-85.5888479999999987
11
180.0292010000000005
21
-85.7926489999999973
0
LINE
8
BLACK
6
CONTINUOUS
10
180.0292010000000005
20
-85.7926489999999973
11
180.0292049999999904
21
-85.7926539999999989
0
LINE
8
BLACK
6
CONTINUOUS
10
180.0292049999999904
20
-85.7926539999999989
11
180.2073450000000037
21
-85.9707939999999979
0
LINE
8
BLACK
6
CONTINUOUS
10
180.2073450000000037
20
-85.9707939999999979
11
180.207349999999991
21
-85.970798000000002
0
LINE
8
BLACK
6
CONTINUOUS
10
180.207349999999991
20
-85.970798000000002
11
180.3205459999999789
21
-86.0530389999999983
0
LINE
8
BLACK
6
CONTINUOUS
10
180.3205459999999789
20
-86.0530389999999983
11
180.4111549999999795
21
-86.1188700000000011
0
LINE
8
BLACK
6
CONTINUOUS
10
180.4111549999999795
20
-86.1188700000000011
11
180.5229379999999821
21
-86.1758260000000007
0
LINE
8
BLACK
6
CONTINUOUS
10
180.5229379999999821
20
-86.1758260000000007
11
180.6356159999999988
21
-86.2332389999999975
0
LINE
8
BLACK
6
CONTINUOUS
10
180.6356159999999988
20
-86.2332389999999975
11
180.6356179999999938
21
-86.2332389999999975
0
LINE
8
BLACK
6
CONTINUOUS
10
180.6356179999999938
20
-86.2332389999999975
11
180.6356209999999862
21
-86.2332409999999925
0
LINE
8
BLACK
6
CONTINUOUS
10
180.6356209999999862
20
-86.2332409999999925
11
180.8752149999999972
21
-86.311089999999993
0
LINE
8
BLACK
6
CONTINUOUS
10
180.8752149999999972
20
-86.311089999999993
11
181.1240379999999845
21
-86.3504999999999967
0
LINE
8
BLACK
6
CONTINUOUS
10
181.1240379999999845
20
-86.3504999999999967
11
181.124038999999982
21
-86.3504999999999967
0
LINE
8
BLACK
6
CONTINUOUS
10
181.124038999999982
20
-86.3504999999999967
11
181.3754999999999882
21
-86.3504999999999967
0
LINE
8
BLACK
6
CONTINUOUS
10
181.3754999999999882
20
-86.3504999999999967
11
181.4425389999999823
21
-86.3701849999999922
0
LINE
8
BLACK
6
CONTINUOUS
10
181.4425389999999823
20
-86.3701849999999922
11
181.4882939999999962
21
-86.4229890000000012
0
LINE
8
BLACK
6
CONTINUOUS
10
181.4882939999999962
20
-86.4229890000000012
11
181.4994999999999834
21
-86.4744999999999919
0
LINE
8
BLACK
6
CONTINUOUS
10
181.4994999999999834
20
-86.4744999999999919
11
181.4994999999999834
21
-87.0101279999999946
0
LINE
8
BLACK
6
CONTINUOUS
10
181.4994999999999834
20
-87.0101279999999946
11
181.4798150000000021
21
-87.0771670000000029
0
LINE
8
BLACK
6
CONTINUOUS
10
181.4798150000000021
20
-87.0771670000000029
11
181.4317969999999889
21
-87.1206119999999942
0
LINE
8
BLACK
6
CONTINUOUS
10
181.4317969999999889
20
-87.1206119999999942
11
181.4111509999999896
21
-87.1311309999999963
0
LINE
8
BLACK
6
CONTINUOUS
10
181.4111509999999896
20
-87.1311309999999963
11
181.207349999999991
21
-87.2792010000000005
0
LINE
8
BLACK
6
CONTINUOUS
10
181.207349999999991
20
-87.2792010000000005
11
181.2073450000000037
21
-87.2792049999999904
0
LINE
8
BLACK
6
CONTINUOUS
10
181.2073450000000037
20
-87.2792049999999904
11
181.0292049999999904
21
-87.4573449999999895
0
LINE
8
BLACK
6
CONTINUOUS
10
181.0292049999999904
20
-87.4573449999999895
11
181.0292010000000005
21
-87.457349999999991
0
LINE
8
BLACK
6
CONTINUOUS
10
181.0292010000000005
20
-87.457349999999991
11
180.8811319999999796
21
-87.6611509999999896
0
LINE
8
BLACK
6
CONTINUOUS
10
180.8811319999999796
20
-87.6611509999999896
11
180.766760000000005
21
-87.8856159999999988
0
LINE
8
BLACK
6
CONTINUOUS
10
180.766760000000005
20
-87.8856159999999988
11
180.7424309999999821
21
-87.9604949999999945
0
LINE
8
BLACK
6
CONTINUOUS
10
180.7424309999999821
20
-87.9604949999999945
11
180.7029929999999922
21
-88.0181699999999978
0
LINE
8
BLACK
6
CONTINUOUS
10
180.7029929999999922
20
-88.0181699999999978
11
180.6386339999999961
21
-88.0453679999999963
0
LINE
8
BLACK
6
CONTINUOUS
10
180.6386339999999961
20
-88.0453679999999963
11
180.5697879999999884
21
-88.0334529999999944
0
LINE
8
BLACK
6
CONTINUOUS
10
180.5697879999999884
20
-88.0334529999999944
11
180.5183119999999803
21
-87.9862090000000023
0
LINE
8
BLACK
6
CONTINUOUS
10
180.5183119999999803
20
-87.9862090000000023
11
180.5004999999999882
21
-87.9221759999999932
0
LINE
8
BLACK
6
CONTINUOUS
10
180.5004999999999882
20
-87.9221759999999932
11
180.5004999999999882
21
-87.6046750000000003
0
LINE
8
BLACK
6
CONTINUOUS
10
180.5004999999999882
20
-87.6046750000000003
11
180.5005009999999857
21
-87.6046539999999965
0
LINE
8
BLACK
6
CONTINUOUS
10
180.5005009999999857
20
-87.6046539999999965
11
180.5005009999999857
21
-87.4014569999999935
0
LINE
8
BLACK
6
CONTINUOUS
10
180.5005009999999857
20
-87.4014569999999935
11
180.5004999999999882
21
-87.4014549999999986
0
LINE
8
BLACK
6
CONTINUOUS
10
180.5004999999999882
20
-87.4014549999999986
11
180.4913559999999961
21
-87.3554850000000016
0
LINE
8
BLACK
6
CONTINUOUS
10
180.4913559999999961
20
-87.3554850000000016
11
180.4620519999999999
21
-87.2081649999999939
0
LINE
8
BLACK
6
CONTINUOUS
10
180.4620519999999999
20
-87.2081649999999939
11
180.3866319999999916
21
-87.0260859999999923
0
LINE
8
BLACK
6
CONTINUOUS
10
180.3866319999999916
20
-87.0260859999999923
11
180.3866309999999942
21
-87.0260849999999948
0
LINE
8
BLACK
6
CONTINUOUS
10
180.3866309999999942
20
-87.0260849999999948
11
180.3866280000000017
21
-87.0260789999999957
0
LINE
8
BLACK
6
CONTINUOUS
10
180.3866280000000017
20
-87.0260789999999957
11
180.2771400000000028
21
-86.8622189999999961
0
LINE
8
BLACK
6
CONTINUOUS
10
180.2771400000000028
20
-86.8622189999999961
11
180.277136999999982
21
-86.862214999999992
0
LINE
8
BLACK
6
CONTINUOUS
10
180.277136999999982
20
-86.862214999999992
11
170.5398429999999905
21
-77.1249229999999955
0
LINE
8
BLACK
6
CONTINUOUS
10
170.5398429999999905
20
-77.1249229999999955
11
170.5398399999999981
21
-77.1249189999999913
0
LINE
8
BLACK
6
CONTINUOUS
10
170.5398399999999981
20
-77.1249189999999913
11
170.5398399999999981
21
-77.124920000000003
0
LINE
8
BLACK
6
CONTINUOUS
10
170.5398399999999981
20
-77.124920000000003
11
170.5327729999999917
21
-77.1178529999999967
0
LINE
8
BLACK
6
CONTINUOUS
10
170.5327729999999917
20
-77.1178529999999967
11
170.5327729999999917
21
-77.1178519999999992
0
LINE
8
BLACK
6
CONTINUOUS
10
170.5327729999999917
20
-77.1178519999999992
11
170.393416000000002
21
-76.9784949999999952
0
LINE
8
BLACK
6
CONTINUOUS
10
170.393416000000002
20
-76.9784949999999952
11
170.3934150000000045
21
-76.9784939999999978
0
LINE
8
BLACK
6
CONTINUOUS
10
170.3934150000000045
20
-76.9784939999999978
11
170.3934139999999786
21
-76.9784930000000003
0
LINE
8
BLACK
6
CONTINUOUS
10
170.3934139999999786
20
-76.9784930000000003
11
170.2295539999999789
21
-76.8690050000000014
0
LINE
8
BLACK
6
CONTINUOUS
10
170.2295539999999789
20
-76.8690050000000014
11
170.2295450000000017
21
-76.8689999999999998
0
LINE
8
BLACK
6
CONTINUOUS
10
170.2295450000000017
20
-76.8689999999999998
11
170.1569489999999973
21
-76.8389299999999906
0
LINE
8
BLACK
6
CONTINUOUS
10
170.1569489999999973
20
-76.8389299999999906
11
170.100798999999995
21
-76.8156719999999922
0
LINE
8
BLACK
6
CONTINUOUS
10
170.100798999999995
20
-76.8156719999999922
11
170.0474700000000041
21
-76.7935829999999982
0
LINE
8
BLACK
6
CONTINUOUS
10
170.0474700000000041
20
-76.7935829999999982
11
170.0474659999999858
21
-76.7935820000000007
0
LINE
8
BLACK
6
CONTINUOUS
10
170.0474659999999858
20
-76.7935820000000007
11
170.0474619999999959
21
-76.7935799999999915
0
LINE
8
BLACK
6
CONTINUOUS
10
170.0474619999999959
20
-76.7935799999999915
11
169.9508219999999881
21
-76.7743579999999923
0
LINE
8
BLACK
6
CONTINUOUS
10
169.9508219999999881
20
-76.7743579999999923
11
169.8541779999999903
21
-76.7551339999999982
0
LINE
8
BLACK
6
CONTINUOUS
10
169.8541779999999903
20
-76.7551339999999982
11
169.8541749999999979
21
-76.7551339999999982
0
LINE
8
BLACK
6
CONTINUOUS
10
169.8541749999999979
20
-76.7551339999999982
11
168.8744999999999834
21
-76.7551339999999982
0
LINE
8
BLACK
6
CONTINUOUS
10
168.8744999999999834
20
-76.7551339999999982
11
168.8074609999999893
21
-76.7354490000000027
0
LINE
8
BLACK
6
CONTINUOUS
10
168.8074609999999893
20
-76.7354490000000027
11
168.7617060000000038
21
-76.6826449999999937
0
LINE
8
BLACK
6
CONTINUOUS
10
168.7617060000000038
20
-76.6826449999999937
11
168.7504999999999882
21
-76.631134000000003
0
LINE
8
BLACK
6
CONTINUOUS
10
168.7504999999999882
20
-76.631134000000003
11
168.7504999999999882
21
-69.6240710000000007
0
LINE
8
BLACK
6
CONTINUOUS
10
168.7504999999999882
20
-69.6240710000000007
11
168.7504999999999882
21
-68.5268719999999973
0
LINE
8
BLACK
6
CONTINUOUS
10
168.7504999999999882
20
-68.5268719999999973
11
168.7505349999999851
21
-68.5267489999999952
0
LINE
8
BLACK
6
CONTINUOUS
10
168.7505349999999851
20
-68.5267489999999952
11
168.7504999999999882
21
-68.5266269999999906
0
LINE
8
BLACK
6
CONTINUOUS
10
168.7504999999999882
20
-68.5266269999999906
11
168.7604379999999935
21
-68.4930260000000004
0
LINE
8
BLACK
6
CONTINUOUS
10
168.7604379999999935
20
-68.4930260000000004
11
168.7701849999999979
21
-68.4598330000000033
0
LINE
8
BLACK
6
CONTINUOUS
10
168.7701849999999979
20
-68.4598330000000033
11
168.7702919999999835
21
-68.459707999999992
0
LINE
8
BLACK
6
CONTINUOUS
10
168.7702919999999835
20
-68.459707999999992
11
168.7703170000000057
21
-68.4596269999999976
0
LINE
8
BLACK
6
CONTINUOUS
10
168.7703170000000057
20
-68.4596269999999976
11
168.7711219999999912
21
-68.4587519999999898
0
LINE
8
BLACK
6
CONTINUOUS
10
168.7711219999999912
20
-68.4587519999999898
11
168.7934829999999806
21
-68.4329989999999952
0
LINE
8
BLACK
6
CONTINUOUS
10
168.7934829999999806
20
-68.4329989999999952
11
168.796182999999985
21
-68.4306679999999972
0
LINE
8
BLACK
6
CONTINUOUS
10
168.796182999999985
20
-68.4306679999999972
11
168.8736239999999782
21
-68.3712469999999968
0
LINE
8
BLACK
6
CONTINUOUS
10
168.8736239999999782
20
-68.3712469999999968
11
169.0312469999999792
21
-68.2136239999999958
0
LINE
8
BLACK
6
CONTINUOUS
10
169.0312469999999792
20
-68.2136239999999958
11
169.1669479999999908
21
-68.0367739999999941
0
LINE
8
BLACK
6
CONTINUOUS
10
169.1669479999999908
20
-68.0367739999999941
11
169.2784049999999922
21
-67.8437260000000038
0
LINE
8
BLACK
6
CONTINUOUS
10
169.2784049999999922
20
-67.8437260000000038
11
169.3637099999999975
21
-67.6377810000000039
0
LINE
8
BLACK
6
CONTINUOUS
10
169.3637099999999975
20
-67.6377810000000039
11
169.4214039999999954
21
-67.4224629999999934
0
LINE
8
BLACK
6
CONTINUOUS
10
169.4214039999999954
20
-67.4224629999999934
11
169.4505000000000052
21
-67.2014569999999907
0
LINE
8
BLACK
6
CONTINUOUS
10
169.4505000000000052
20
-67.2014569999999907
11
169.4505000000000052
21
-66.9785749999999922
0
LINE
8
BLACK
6
CONTINUOUS
10
169.4505000000000052
20
-66.9785749999999922
11
169.4505000000000052
21
-66.9785430000000019
0
LINE
8
BLACK
6
CONTINUOUS
10
169.4505000000000052
20
-66.9785430000000019
11
169.4214039999999954
21
-66.7575369999999992
0
LINE
8
BLACK
6
CONTINUOUS
10
169.4214039999999954
20
-66.7575369999999992
11
169.3637099999999975
21
-66.5422190000000029
0
LINE
8
BLACK
6
CONTINUOUS
10
169.3637099999999975
20
-66.5422190000000029
11
169.2784049999999922
21
-66.3362740000000031
0
LINE
8
BLACK
6
CONTINUOUS
10
169.2784049999999922
20
-66.3362740000000031
11
169.1669479999999908
21
-66.1432259999999985
0
LINE
8
BLACK
6
CONTINUOUS
10
169.1669479999999908
20
-66.1432259999999985
11
169.0312469999999792
21
-65.9663759999999968
0
LINE
8
BLACK
6
CONTINUOUS
10
169.0312469999999792
20
-65.9663759999999968
11
169.0312419999999918
21
-65.9663699999999977
0
LINE
8
BLACK
6
CONTINUOUS
10
169.0312419999999918
20
-65.9663699999999977
11
168.873628999999994
21
-65.8087569999999999
0
LINE
8
BLACK
6
CONTINUOUS
10
168.873628999999994
20
-65.8087569999999999
11
168.8736219999999832
21
-65.8087510000000009
0
LINE
8
BLACK
6
CONTINUOUS
10
168.8736219999999832
20
-65.8087510000000009
11
168.6967819999999847
21
-65.6730579999999975
0
LINE
8
BLACK
6
CONTINUOUS
10
168.6967819999999847
20
-65.6730579999999975
11
168.6967799999999897
21
-65.673057
0
LINE
8
BLACK
6
CONTINUOUS
10
168.6967799999999897
20
-65.673057
11
168.6967740000000049
21
-65.6730519999999984
0
LINE
8
BLACK
6
CONTINUOUS
10
168.6967740000000049
20
-65.6730519999999984
11
168.5037260000000003
21
-65.561594999999997
0
LINE
8
BLACK
6
CONTINUOUS
10
168.5037260000000003
20
-65.561594999999997
11
168.503721999999982
21
-65.561593000000002
0
LINE
8
BLACK
6
CONTINUOUS
10
168.503721999999982
20
-65.561593000000002
11
168.297789999999992
21
-65.4762929999999983
0
LINE
8
BLACK
6
CONTINUOUS
10
168.297789999999992
20
-65.4762929999999983
11
168.2977829999999813
21
-65.4762910000000034
0
LINE
8
BLACK
6
CONTINUOUS
10
168.2977829999999813
20
-65.4762910000000034
11
168.2977809999999863
21
-65.4762899999999917
0
LINE
8
BLACK
6
CONTINUOUS
10
168.2977809999999863
20
-65.4762899999999917
11
168.08246299999999
21
-65.4185959999999938
0
LINE
8
BLACK
6
CONTINUOUS
10
168.08246299999999
20
-65.4185959999999938
11
168.0824570000000051
21
-65.4185949999999963
0
LINE
8
BLACK
6
CONTINUOUS
10
168.0824570000000051
20
-65.4185949999999963
11
168.0824519999999893
21
-65.4185939999999988
0
LINE
8
BLACK
6
CONTINUOUS
10
168.0824519999999893
20
-65.4185939999999988
11
167.8614659999999787
21
-65.3895009999999957
0
LINE
8
BLACK
6
CONTINUOUS
10
167.8614659999999787
20
-65.3895009999999957
11
167.8614629999999863
21
-65.3894999999999982
0
LINE
8
BLACK
6
CONTINUOUS
10
167.8614629999999863
20
-65.3894999999999982
11
167.8614570000000015
21
-65.3894999999999982
0
LINE
8
BLACK
6
CONTINUOUS
10
167.8614570000000015
20
-65.3894999999999982
11
167.6385429999999985
21
-65.3894999999999982
0
LINE
8
BLACK
6
CONTINUOUS
10
167.6385429999999985
20
-65.3894999999999982
11
167.6385369999999853
21
-65.3894999999999982
0
LINE
8
BLACK
6
CONTINUOUS
10
167.6385369999999853
20
-65.3894999999999982
11
167.6385329999999954
21
-65.3895009999999957
0
LINE
8
BLACK
6
CONTINUOUS
10
167.6385329999999954
20
-65.3895009999999957
11
167.4175469999999848
21
-65.4185939999999988
0
LINE
8
BLACK
6
CONTINUOUS
10
167.4175469999999848
20
-65.4185939999999988
11
167.4175400000000025
21
-65.4185949999999963
0
LINE
8
BLACK
6
CONTINUOUS
10
167.4175400000000025
20
-65.4185949999999963
11
167.4175369999999816
21
-65.4185959999999938
0
LINE
8
BLACK
6
CONTINUOUS
10
167.4175369999999816
20
-65.4185959999999938
11
167.2022189999999853
21
-65.4762899999999917
0
LINE
8
BLACK
6
CONTINUOUS
10
167.2022189999999853
20
-65.4762899999999917
11
167.2022089999999821
21
-65.4762929999999983
0
LINE
8
BLACK
6
CONTINUOUS
10
167.2022089999999821
20
-65.4762929999999983
11
166.9962769999999921
21
-65.561593000000002
0
LINE
8
BLACK
6
CONTINUOUS
10
166.9962769999999921
20
-65.561593000000002
11
166.9962730000000022
21
-65.561594999999997
0
LINE
8
BLACK
6
CONTINUOUS
10
166.9962730000000022
20
-65.561594999999997
11
166.8032259999999951
21
-65.6730519999999984
0
LINE
8
BLACK
6
CONTINUOUS
10
166.8032259999999951
20
-65.6730519999999984
11
166.8032169999999894
21
-65.6730579999999975
0
LINE
8
BLACK
6
CONTINUOUS
10
166.8032169999999894
20
-65.6730579999999975
11
166.6263769999999909
21
-65.8087510000000009
0
LINE
8
BLACK
6
CONTINUOUS
10
166.6263769999999909
20
-65.8087510000000009
11
166.6263699999999801
21
-65.8087569999999999
0
LINE
8
BLACK
6
CONTINUOUS
10
166.6263699999999801
20
-65.8087569999999999
11
166.4687569999999823
21
-65.9663699999999977
0
LINE
8
BLACK
6
CONTINUOUS
10
166.4687569999999823
20
-65.9663699999999977
11
166.4687509999999975
21
-65.9663769999999943
0
LINE
8
BLACK
6
CONTINUOUS
10
166.4687509999999975
20
-65.9663769999999943
11
166.3330579999999941
21
-66.1432169999999928
0
LINE
8
BLACK
6
CONTINUOUS
10
166.3330579999999941
20
-66.1432169999999928
11
166.3330519999999808
21
-66.1432259999999985
0
LINE
8
BLACK
6
CONTINUOUS
10
166.3330519999999808
20
-66.1432259999999985
11
166.2215949999999793
21
-66.3362729999999914
0
LINE
8
BLACK
6
CONTINUOUS
10
166.2215949999999793
20
-66.3362729999999914
11
166.2215929999999844
21
-66.3362769999999955
0
LINE
8
BLACK
6
CONTINUOUS
10
166.2215929999999844
20
-66.3362769999999955
11
166.1362929999999949
21
-66.5422089999999997
0
LINE
8
BLACK
6
CONTINUOUS
10
166.1362929999999949
20
-66.5422089999999997
11
166.1362900000000025
21
-66.5422190000000029
0
LINE
8
BLACK
6
CONTINUOUS
10
166.1362900000000025
20
-66.5422190000000029
11
166.0882279999999867
21
-66.7215920000000011
0
LINE
8
BLACK
6
CONTINUOUS
10
166.0882279999999867
20
-66.7215920000000011
11
166.078597000000002
21
-66.7575339999999926
0
LINE
8
BLACK
6
CONTINUOUS
10
166.078597000000002
20
-66.7575339999999926
11
166.0785939999999812
21
-66.7575470000000024
0
LINE
8
BLACK
6
CONTINUOUS
10
166.0785939999999812
20
-66.7575470000000024
11
166.0495009999999922
21
-66.9785329999999988
0
LINE
8
BLACK
6
CONTINUOUS
10
166.0495009999999922
20
-66.9785329999999988
11
166.0494999999999948
21
-66.978549000000001
0
LINE
8
BLACK
6
CONTINUOUS
10
166.0494999999999948
20
-66.978549000000001
11
166.0494999999999948
21
-67.2014499999999941
0
LINE
8
BLACK
6
CONTINUOUS
10
166.0494999999999948
20
-67.2014499999999941
11
166.0495009999999922
21
-67.2014659999999964
0
LINE
8
BLACK
6
CONTINUOUS
10
166.0495009999999922
20
-67.2014659999999964
11
166.0785939999999812
21
-67.4224519999999927
0
LINE
8
BLACK
6
CONTINUOUS
10
166.0785939999999812
20
-67.4224519999999927
11
166.0785949999999787
21
-67.4224569999999943
0
LINE
8
BLACK
6
CONTINUOUS
10
166.0785949999999787
20
-67.4224569999999943
11
166.0785960000000046
21
-67.4224629999999934
0
LINE
8
BLACK
6
CONTINUOUS
10
166.0785960000000046
20
-67.4224629999999934
11
166.1362900000000025
21
-67.6377799999999922
0
LINE
8
BLACK
6
CONTINUOUS
10
166.1362900000000025
20
-67.6377799999999922
11
166.1362929999999949
21
-67.6377899999999954
0
LINE
8
BLACK
6
CONTINUOUS
10
166.1362929999999949
20
-67.6377899999999954
11
166.2215929999999844
21
-67.8437219999999996
0
LINE
8
BLACK
6
CONTINUOUS
10
166.2215929999999844
20
-67.8437219999999996
11
166.2215949999999793
21
-67.8437260000000038
0
LINE
8
BLACK
6
CONTINUOUS
10
166.2215949999999793
20
-67.8437260000000038
11
166.3330519999999808
21
-68.0367739999999941
0
LINE
8
BLACK
6
CONTINUOUS
10
166.3330519999999808
20
-68.0367739999999941
11
166.3330569999999966
21
-68.0367799999999932
0
LINE
8
BLACK
6
CONTINUOUS
10
166.3330569999999966
20
-68.0367799999999932
11
166.3330579999999941
21
-68.0367820000000023
0
LINE
8
BLACK
6
CONTINUOUS
10
166.3330579999999941
20
-68.0367820000000023
11
166.4687509999999975
21
-68.2136220000000009
0
LINE
8
BLACK
6
CONTINUOUS
10
166.4687509999999975
20
-68.2136220000000009
11
166.4687569999999823
21
-68.2136289999999974
0
LINE
8
BLACK
6
CONTINUOUS
10
166.4687569999999823
20
-68.2136289999999974
11
166.6263679999999852
21
-68.3712400000000002
0
LINE
8
BLACK
6
CONTINUOUS
10
166.6263679999999852
20
-68.3712400000000002
11
166.626373000000001
21
-68.3712439999999901
0
LINE
8
BLACK
6
CONTINUOUS
10
166.626373000000001
20
-68.3712439999999901
11
166.6263759999999934
21
-68.3712469999999968
0
LINE
8
BLACK
6
CONTINUOUS
10
166.6263759999999934
20
-68.3712469999999968
11
166.7009860000000003
21
-68.4284959999999955
0
LINE
8
BLACK
6
CONTINUOUS
10
166.7009860000000003
20
-68.4284959999999955
11
166.7421889999999962
21
-68.4849229999999949
0
LINE
8
BLACK
6
CONTINUOUS
10
166.7421889999999962
20
-68.4849229999999949
11
166.7494999999999834
21
-68.5268719999999973
0
LINE
8
BLACK
6
CONTINUOUS
10
166.7494999999999834
20
-68.5268719999999973
11
166.7494999999999834
21
-77.2898509999999987
0
LINE
8
BLACK
6
CONTINUOUS
10
166.7494999999999834
20
-77.2898509999999987
11
166.7298150000000021
21
-77.3568899999999928
0
LINE
8
BLACK
6
CONTINUOUS
10
166.7298150000000021
20
-77.3568899999999928
11
166.7131809999999916
21
-77.3775320000000022
0
LINE
8
BLACK
6
CONTINUOUS
10
166.7131809999999916
20
-77.3775320000000022
11
161.6697619999999915
21
-82.4209510000000023
0
LINE
8
BLACK
6
CONTINUOUS
10
161.6697619999999915
20
-82.4209510000000023
11
161.6618159999999875
21
-82.4252889999999923
0
LINE
8
BLACK
6
CONTINUOUS
10
161.6618159999999875
20
-82.4252889999999923
11
161.6563909999999851
21
-82.4325369999999964
0
LINE
8
BLACK
6
CONTINUOUS
10
161.6563909999999851
20
-82.4325369999999964
11
161.6316309999999987
21
-82.4417710000000028
0
LINE
8
BLACK
6
CONTINUOUS
10
161.6316309999999987
20
-82.4417710000000028
11
161.6084390000000042
21
-82.4544360000000012
0
LINE
8
BLACK
6
CONTINUOUS
10
161.6084390000000042
20
-82.4544360000000012
11
161.5994089999999801
21
-82.4537899999999979
0
LINE
8
BLACK
6
CONTINUOUS
10
161.5994089999999801
20
-82.4537899999999979
11
161.5909269999999935
21
-82.4569539999999961
0
LINE
8
BLACK
6
CONTINUOUS
10
161.5909269999999935
20
-82.4569539999999961
11
161.5651059999999859
21
-82.4513369999999952
0
LINE
8
BLACK
6
CONTINUOUS
10
161.5651059999999859
20
-82.4513369999999952
11
161.5387470000000008
21
-82.4494519999999937
0
LINE
8
BLACK
6
CONTINUOUS
10
161.5387470000000008
20
-82.4494519999999937
11
161.5296929999999804
21
-82.4436329999999913
0
LINE
8
BLACK
6
CONTINUOUS
10
161.5296929999999804
20
-82.4436329999999913
11
161.5226539999999886
21
-82.4421019999999913
0
LINE
8
BLACK
6
CONTINUOUS
10
161.5226539999999886
20
-82.4421019999999913
11
161.4943999999999846
21
-82.4209510000000023
0
LINE
8
BLACK
6
CONTINUOUS
10
161.4943999999999846
20
-82.4209510000000023
11
161.4611299999999972
21
-82.3876810000000006
0
LINE
8
BLACK
6
CONTINUOUS
10
161.4611299999999972
20
-82.3876810000000006
11
161.4276449999999841
21
-82.326357999999999
0
LINE
8
BLACK
6
CONTINUOUS
10
161.4276449999999841
20
-82.326357999999999
11
161.4326289999999915
21
-82.2566659999999956
0
LINE
8
BLACK
6
CONTINUOUS
10
161.4326289999999915
20
-82.2566659999999956
11
161.4611299999999972
21
-82.2123189999999937
0
LINE
8
BLACK
6
CONTINUOUS
10
161.4611299999999972
20
-82.2123189999999937
11
161.6007929999999817
21
-82.0726559999999949
0
LINE
8
BLACK
6
CONTINUOUS
10
161.6007929999999817
20
-82.0726559999999949
11
161.7488699999999824
21
-81.8688449999999932
0
LINE
8
BLACK
6
CONTINUOUS
10
161.7488699999999824
20
-81.8688449999999932
11
161.8632409999999879
21
-81.6443790000000007
0
LINE
8
BLACK
6
CONTINUOUS
10
161.8632409999999879
20
-81.6443790000000007
11
161.9410900000000026
21
-81.4047849999999897
0
LINE
8
BLACK
6
CONTINUOUS
10
161.9410900000000026
20
-81.4047849999999897
11
161.9805000000000064
21
-81.1559620000000024
0
LINE
8
BLACK
6
CONTINUOUS
10
161.9805000000000064
20
-81.1559620000000024
11
161.9805000000000064
21
-80.9040379999999999
0
LINE
8
BLACK
6
CONTINUOUS
10
161.9805000000000064
20
-80.9040379999999999
11
161.9410900000000026
21
-80.6552149999999983
0
LINE
8
BLACK
6
CONTINUOUS
10
161.9410900000000026
20
-80.6552149999999983
11
161.8632409999999879
21
-80.4156210000000016
0
LINE
8
BLACK
6
CONTINUOUS
10
161.8632409999999879
20
-80.4156210000000016
11
161.863238999999993
21
-80.4156179999999949
0
LINE
8
BLACK
6
CONTINUOUS
10
161.863238999999993
20
-80.4156179999999949
11
161.863238999999993
21
-80.415616
0
LINE
8
BLACK
6
CONTINUOUS
10
161.863238999999993
20
-80.415616
11
161.8217469999999878
21
-80.3341839999999934
0
LINE
8
BLACK
6
CONTINUOUS
10
161.8217469999999878
20
-80.3341839999999934
11
161.7488699999999824
21
-80.1911549999999949
0
LINE
8
BLACK
6
CONTINUOUS
10
161.7488699999999824
20
-80.1911549999999949
11
161.7299519999999973
21
-80.1651169999999951
0
LINE
8
BLACK
6
CONTINUOUS
10
161.7299519999999973
20
-80.1651169999999951
11
161.6007979999999975
21
-79.9873499999999922
0
LINE
8
BLACK
6
CONTINUOUS
10
161.6007979999999975
20
-79.9873499999999922
11
161.6007939999999792
21
-79.9873449999999906
0
LINE
8
BLACK
6
CONTINUOUS
10
161.6007939999999792
20
-79.9873449999999906
11
161.4607759999999814
21
-79.8473269999999928
0
LINE
8
BLACK
6
CONTINUOUS
10
161.4607759999999814
20
-79.8473269999999928
11
161.4272909999999968
21
-79.7860039999999913
0
LINE
8
BLACK
6
CONTINUOUS
10
161.4272909999999968
20
-79.7860039999999913
11
161.4322750000000042
21
-79.7163120000000021
0
LINE
8
BLACK
6
CONTINUOUS
10
161.4322750000000042
20
-79.7163120000000021
11
161.4607759999999814
21
-79.6719640000000027
0
LINE
8
BLACK
6
CONTINUOUS
10
161.4607759999999814
20
-79.6719640000000027
11
161.6004120000000057
21
-79.5323279999999926
0
LINE
8
BLACK
6
CONTINUOUS
10
161.6004120000000057
20
-79.5323279999999926
11
161.748441999999983
21
-79.3285829999999947
0
LINE
8
BLACK
6
CONTINUOUS
10
161.748441999999983
20
-79.3285829999999947
11
161.8627799999999866
21
-79.1041839999999894
0
LINE
8
BLACK
6
CONTINUOUS
10
161.8627799999999866
20
-79.1041839999999894
11
161.9406019999999842
21
-78.8646710000000013
0
LINE
8
BLACK
6
CONTINUOUS
10
161.9406019999999842
20
-78.8646710000000013
11
161.9406019999999842
21
-78.8646679999999947
0
LINE
8
BLACK
6
CONTINUOUS
10
161.9406019999999842
20
-78.8646679999999947
11
161.960347999999982
21
-78.7399999999999949
0
LINE
8
BLACK
6
CONTINUOUS
10
161.960347999999982
20
-78.7399999999999949
11
161.4506820000000005
21
-78.7399999999999949
0
LINE
8
BLACK
6
CONTINUOUS
10
161.4506820000000005
20
-78.7399999999999949
11
161.4496069999999861
21
-78.7467899999999901
0
LINE
8
BLACK
6
CONTINUOUS
10
161.4496069999999861
20
-78.7467899999999901
11
161.3962669999999946
21
-78.9109519999999947
0
LINE
8
BLACK
6
CONTINUOUS
10
161.3962669999999946
20
-78.9109519999999947
11
161.3179039999999986
21
-79.0647479999999945
0
LINE
8
BLACK
6
CONTINUOUS
10
161.3179039999999986
20
-79.0647479999999945
11
161.2164469999999881
21
-79.2043929999999961
0
LINE
8
BLACK
6
CONTINUOUS
10
161.2164469999999881
20
-79.2043929999999961
11
161.0943929999999966
21
-79.3264470000000017
0
LINE
8
BLACK
6
CONTINUOUS
10
161.0943929999999966
20
-79.3264470000000017
11
160.954747999999995
21
-79.4279039999999981
0
LINE
8
BLACK
6
CONTINUOUS
10
160.954747999999995
20
-79.4279039999999981
11
160.8009519999999952
21
-79.506266999999994
0
LINE
8
BLACK
6
CONTINUOUS
10
160.8009519999999952
20
-79.506266999999994
11
160.6367899999999906
21
-79.5596069999999997
0
LINE
8
BLACK
6
CONTINUOUS
10
160.6367899999999906
20
-79.5596069999999997
11
160.4663050000000055
21
-79.5866089999999957
0
LINE
8
BLACK
6
CONTINUOUS
10
160.4663050000000055
20
-79.5866089999999957
11
160.2936949999999854
21
-79.5866089999999957
0
LINE
8
BLACK
6
CONTINUOUS
10
160.2936949999999854
20
-79.5866089999999957
11
160.1232100000000003
21
-79.5596069999999997
0
LINE
8
BLACK
6
CONTINUOUS
10
160.1232100000000003
20
-79.5596069999999997
11
159.9590479999999957
21
-79.506266999999994
0
LINE
8
BLACK
6
CONTINUOUS
10
159.9590479999999957
20
-79.506266999999994
11
159.8052519999999959
21
-79.4279039999999981
0
LINE
8
BLACK
6
CONTINUOUS
10
159.8052519999999959
20
-79.4279039999999981
11
159.6656069999999943
21
-79.3264470000000017
0
LINE
8
BLACK
6
CONTINUOUS
10
159.6656069999999943
20
-79.3264470000000017
11
159.5435530000000028
21
-79.2043929999999961
0
LINE
8
BLACK
6
CONTINUOUS
10
159.5435530000000028
20
-79.2043929999999961
11
159.4420959999999923
21
-79.0647479999999945
0
LINE
8
BLACK
6
CONTINUOUS
10
159.4420959999999923
20
-79.0647479999999945
11
159.3637329999999963
21
-78.9109519999999947
0
LINE
8
BLACK
6
CONTINUOUS
10
159.3637329999999963
20
-78.9109519999999947
11
159.3103930000000048
21
-78.7467899999999901
0
LINE
8
BLACK
6
CONTINUOUS
10
159.3103930000000048
20
-78.7467899999999901
11
159.3093179999999904
21
-78.7399999999999949
0
LINE
8
BLACK
6
CONTINUOUS
10
159.3093179999999904
20
-78.7399999999999949
11
158.7996519999999805
21
-78.7399999999999949
0
LINE
8
BLACK
6
CONTINUOUS
10
158.7996519999999805
20
-78.7399999999999949
11
158.8193969999999808
21
-78.8646679999999947
0
LINE
8
BLACK
6
CONTINUOUS
10
158.8193969999999808
20
-78.8646679999999947
11
158.8193969999999808
21
-78.8646710000000013
0
LINE
8
BLACK
6
CONTINUOUS
10
158.8193969999999808
20
-78.8646710000000013
11
158.8972190000000069
21
-79.1041839999999894
0
LINE
8
BLACK
6
CONTINUOUS
10
158.8972190000000069
20
-79.1041839999999894
11
159.0115569999999821
21
-79.3285829999999947
0
LINE
8
BLACK
6
CONTINUOUS
10
159.0115569999999821
20
-79.3285829999999947
11
159.1595899999999801
21
-79.5323309999999992
0
LINE
8
BLACK
6
CONTINUOUS
10
159.1595899999999801
20
-79.5323309999999992
11
159.1595899999999801
21
-79.5323319999999967
0
LINE
8
BLACK
6
CONTINUOUS
10
159.1595899999999801
20
-79.5323319999999967
11
159.2992229999999836
21
-79.6719650000000001
0
LINE
8
BLACK
6
CONTINUOUS
10
159.2992229999999836
20
-79.6719650000000001
11
159.3327079999999967
21
-79.7332880000000017
0
LINE
8
BLACK
6
CONTINUOUS
10
159.3327079999999967
20
-79.7332880000000017
11
159.3277239999999892
21
-79.8029799999999909
0
LINE
8
BLACK
6
CONTINUOUS
10
159.3277239999999892
20
-79.8029799999999909
11
159.2992239999999811
21
-79.8473269999999928
0
LINE
8
BLACK
6
CONTINUOUS
10
159.2992239999999811
20
-79.8473269999999928
11
159.1591999999999985
21
-79.9873509999999897
0
LINE
8
BLACK
6
CONTINUOUS
10
159.1591999999999985
20
-79.9873509999999897
11
159.0111320000000035
21
-80.1911509999999907
0
LINE
8
BLACK
6
CONTINUOUS
10
159.0111320000000035
20
-80.1911509999999907
11
158.8967600000000004
21
-80.415616
0
LINE
8
BLACK
6
CONTINUOUS
10
158.8967600000000004
20
-80.415616
11
158.8189099999999883
21
-80.6552140000000009
0
LINE
8
BLACK
6
CONTINUOUS
10
158.8189099999999883
20
-80.6552140000000009
11
158.7794999999999845
21
-80.9040379999999999
0
LINE
8
BLACK
6
CONTINUOUS
10
158.7794999999999845
20
-80.9040379999999999
11
158.7794999999999845
21
-81.1559609999999907
0
LINE
8
BLACK
6
CONTINUOUS
10
158.7794999999999845
20
-81.1559609999999907
11
158.8189099999999883
21
-81.4047849999999897
0
LINE
8
BLACK
6
CONTINUOUS
10
158.8189099999999883
20
-81.4047849999999897
11
158.8967600000000004
21
-81.6443829999999906
0
LINE
8
BLACK
6
CONTINUOUS
10
158.8967600000000004
20
-81.6443829999999906
11
159.0111320000000035
21
-81.8688479999999998
0
LINE
8
BLACK
6
CONTINUOUS
10
159.0111320000000035
20
-81.8688479999999998
11
159.1592009999999959
21
-82.0726489999999984
0
LINE
8
BLACK
6
CONTINUOUS
10
159.1592009999999959
20
-82.0726489999999984
11
159.1592049999999858
21
-82.072654
0
LINE
8
BLACK
6
CONTINUOUS
10
159.1592049999999858
20
-82.072654
11
159.2988699999999938
21
-82.2123189999999937
0
LINE
8
BLACK
6
CONTINUOUS
10
159.2988699999999938
20
-82.2123189999999937
11
159.3323550000000068
21
-82.2736419999999953
0
LINE
8
BLACK
6
CONTINUOUS
10
159.3323550000000068
20
-82.2736419999999953
11
159.3273709999999994
21
-82.3433339999999987
0
LINE
8
BLACK
6
CONTINUOUS
10
159.3273709999999994
20
-82.3433339999999987
11
159.2988699999999938
21
-82.3876810000000006
0
LINE
8
BLACK
6
CONTINUOUS
10
159.2988699999999938
20
-82.3876810000000006
11
159.1592049999999858
21
-82.5273449999999968
0
LINE
8
BLACK
6
CONTINUOUS
10
159.1592049999999858
20
-82.5273449999999968
11
159.1592009999999959
21
-82.5273499999999984
0
LINE
8
BLACK
6
CONTINUOUS
10
159.1592009999999959
20
-82.5273499999999984
11
159.0111320000000035
21
-82.731150999999997
0
LINE
8
BLACK
6
CONTINUOUS
10
159.0111320000000035
20
-82.731150999999997
11
158.8967600000000004
21
-82.955615999999992
0
LINE
8
BLACK
6
CONTINUOUS
10
158.8967600000000004
20
-82.955615999999992
11
158.8189099999999883
21
-83.1952139999999929
0
LINE
8
BLACK
6
CONTINUOUS
10
158.8189099999999883
20
-83.1952139999999929
11
158.8081750000000056
21
-83.2629929999999945
0
LINE
8
BLACK
6
CONTINUOUS
10
158.8081750000000056
20
-83.2629929999999945
11
158.7794999999999845
21
-83.4440379999999919
0
LINE
8
BLACK
6
CONTINUOUS
10
158.7794999999999845
20
-83.4440379999999919
11
158.7794999999999845
21
-83.6959619999999944
0
LINE
8
BLACK
6
CONTINUOUS
10
158.7794999999999845
20
-83.6959619999999944
11
158.8188909999999794
21
-83.944667999999993
0
LINE
8
BLACK
6
CONTINUOUS
10
158.8188909999999794
20
-83.944667999999993
11
158.8189099999999883
21
-83.944784999999996
0
LINE
8
BLACK
6
CONTINUOUS
10
158.8189099999999883
20
-83.944784999999996
11
158.8967600000000004
21
-84.1843829999999969
0
LINE
8
BLACK
6
CONTINUOUS
10
158.8967600000000004
20
-84.1843829999999969
11
159.0111320000000035
21
-84.4088479999999919
0
LINE
8
BLACK
6
CONTINUOUS
10
159.0111320000000035
20
-84.4088479999999919
11
159.1592009999999959
21
-84.6126489999999905
0
LINE
8
BLACK
6
CONTINUOUS
10
159.1592009999999959
20
-84.6126489999999905
11
159.1592049999999858
21
-84.612653999999992
0
LINE
8
BLACK
6
CONTINUOUS
10
159.1592049999999858
20
-84.612653999999992
11
159.2988699999999938
21
-84.752319
0
LINE
8
BLACK
6
CONTINUOUS
10
159.2988699999999938
20
-84.752319
11
159.3323550000000068
21
-84.8136420000000015
0
LINE
8
BLACK
6
CONTINUOUS
10
159.3323550000000068
20
-84.8136420000000015
11
159.3273709999999994
21
-84.8833339999999907
0
LINE
8
BLACK
6
CONTINUOUS
10
159.3273709999999994
20
-84.8833339999999907
11
159.2988699999999938
21
-84.9276809999999927
0
LINE
8
BLACK
6
CONTINUOUS
10
159.2988699999999938
20
-84.9276809999999927
11
159.1592049999999858
21
-85.0673450000000031
0
LINE
8
BLACK
6
CONTINUOUS
10
159.1592049999999858
20
-85.0673450000000031
11
159.1592009999999959
21
-85.0673499999999905
0
LINE
8
BLACK
6
CONTINUOUS
10
159.1592009999999959
20
-85.0673499999999905
11
159.0111320000000035
21
-85.271150999999989
0
LINE
8
BLACK
6
CONTINUOUS
10
159.0111320000000035
20
-85.271150999999989
11
158.8967600000000004
21
-85.4956159999999983
0
LINE
8
BLACK
6
CONTINUOUS
10
158.8967600000000004
20
-85.4956159999999983
11
158.8189099999999883
21
-85.7352139999999991
0
LINE
8
BLACK
6
CONTINUOUS
10
158.8189099999999883
20
-85.7352139999999991
11
158.7794999999999845
21
-85.9840379999999982
0
LINE
8
BLACK
6
CONTINUOUS
10
158.7794999999999845
20
-85.9840379999999982
11
158.7794999999999845
21
-86.2359610000000032
0
LINE
8
BLACK
6
CONTINUOUS
10
158.7794999999999845
20
-86.2359610000000032
11
158.8189099999999883
21
-86.4847850000000022
0
LINE
8
BLACK
6
CONTINUOUS
10
158.8189099999999883
20
-86.4847850000000022
11
158.8967600000000004
21
-86.7243830000000031
0
LINE
8
BLACK
6
CONTINUOUS
10
158.8967600000000004
20
-86.7243830000000031
11
158.9448859999999968
21
-86.8188339999999954
0
LINE
8
BLACK
6
CONTINUOUS
10
158.9448859999999968
20
-86.8188339999999954
11
158.9859869999999944
21
-86.8994999999999891
0
LINE
8
BLACK
6
CONTINUOUS
10
158.9859869999999944
20
-86.8994999999999891
11
159.0111320000000035
21
-86.9488479999999981
0
LINE
8
BLACK
6
CONTINUOUS
10
159.0111320000000035
20
-86.9488479999999981
11
159.1592009999999959
21
-87.1526489999999967
0
LINE
8
BLACK
6
CONTINUOUS
10
159.1592009999999959
20
-87.1526489999999967
11
159.1592049999999858
21
-87.1526539999999983
0
LINE
8
BLACK
6
CONTINUOUS
10
159.1592049999999858
20
-87.1526539999999983
11
159.2988699999999938
21
-87.292318999999992
0
LINE
8
BLACK
6
CONTINUOUS
10
159.2988699999999938
20
-87.292318999999992
11
159.3323550000000068
21
-87.3536419999999936
0
LINE
8
BLACK
6
CONTINUOUS
10
159.3323550000000068
20
-87.3536419999999936
11
159.3273709999999994
21
-87.423333999999997
0
LINE
8
BLACK
6
CONTINUOUS
10
159.3273709999999994
20
-87.423333999999997
11
159.2988699999999938
21
-87.4676809999999989
0
LINE
8
BLACK
6
CONTINUOUS
10
159.2988699999999938
20
-87.4676809999999989
11
159.1592049999999858
21
-87.6073449999999951
0
LINE
8
BLACK
6
CONTINUOUS
10
159.1592049999999858
20
-87.6073449999999951
11
159.1592009999999959
21
-87.6073499999999967
0
LINE
8
BLACK
6
CONTINUOUS
10
159.1592009999999959
20
-87.6073499999999967
11
159.0111320000000035
21
-87.8111509999999953
0
LINE
8
BLACK
6
CONTINUOUS
10
159.0111320000000035
20
-87.8111509999999953
11
158.8967600000000004
21
-88.0356159999999903
0
LINE
8
BLACK
6
CONTINUOUS
10
158.8967600000000004
20
-88.0356159999999903
11
158.8189099999999883
21
-88.2752139999999912
0
LINE
8
BLACK
6
CONTINUOUS
10
158.8189099999999883
20
-88.2752139999999912
11
158.7794999999999845
21
-88.5240379999999902
0
LINE
8
BLACK
6
CONTINUOUS
10
158.7794999999999845
20
-88.5240379999999902
11
158.7794999999999845
21
-88.7759590000000003
0
LINE
8
BLACK
6
CONTINUOUS
10
158.7794999999999845
20
-88.7759590000000003
11
158.7794989999999871
21
-88.7759590000000003
0
LINE
8
BLACK
6
CONTINUOUS
10
158.7794989999999871
20
-88.7759590000000003
11
158.8189099999999883
21
-89.0247849999999943
0
LINE
8
BLACK
6
CONTINUOUS
10
158.8189099999999883
20
-89.0247849999999943
11
158.8967600000000004
21
-89.2643829999999951
0
LINE
8
BLACK
6
CONTINUOUS
10
158.8967600000000004
20
-89.2643829999999951
11
158.9726440000000025
21
-89.4133109999999931
0
LINE
8
BLACK
6
CONTINUOUS
10
158.9726440000000025
20
-89.4133109999999931
11
159.0035249999999962
21
-89.4739199999999926
0
LINE
8
BLACK
6
CONTINUOUS
10
159.0035249999999962
20
-89.4739199999999926
11
159.0111320000000035
21
-89.4888479999999902
0
LINE
8
BLACK
6
CONTINUOUS
10
159.0111320000000035
20
-89.4888479999999902
11
159.1592009999999959
21
-89.692649000000003
0
LINE
8
BLACK
6
CONTINUOUS
10
159.1592009999999959
20
-89.692649000000003
11
159.1592049999999858
21
-89.6926539999999903
0
LINE
8
BLACK
6
CONTINUOUS
10
159.1592049999999858
20
-89.6926539999999903
11
159.2988699999999938
21
-89.8323189999999983
0
LINE
8
BLACK
6
CONTINUOUS
10
159.2988699999999938
20
-89.8323189999999983
11
159.3031709999999919
21
-89.8401969999999892
0
LINE
8
BLACK
6
CONTINUOUS
10
159.3031709999999919
20
-89.8401969999999892
11
159.3103669999999852
21
-89.845569999999995
0
LINE
8
BLACK
6
CONTINUOUS
10
159.3103669999999852
20
-89.845569999999995
11
159.3196570000000065
21
-89.8703879999999913
0
LINE
8
BLACK
6
CONTINUOUS
10
159.3196570000000065
20
-89.8703879999999913
11
159.3323550000000068
21
-89.8936419999999998
0
LINE
8
BLACK
6
CONTINUOUS
10
159.3323550000000068
20
-89.8936419999999998
11
159.3317140000000052
21
-89.9025970000000001
0
LINE
8
BLACK
6
CONTINUOUS
10
159.3317140000000052
20
-89.9025970000000001
11
159.3348619999999869
21
-89.911005000000003
0
LINE
8
BLACK
6
CONTINUOUS
10
159.3348619999999869
20
-89.911005000000003
11
159.3292610000000025
21
-89.9368999999999943
0
LINE
8
BLACK
6
CONTINUOUS
10
159.3292610000000025
20
-89.9368999999999943
11
159.3273709999999994
21
-89.963333999999989
0
LINE
8
BLACK
6
CONTINUOUS
10
159.3273709999999994
20
-89.963333999999989
11
159.321598999999992
21
-89.9723259999999954
0
LINE
8
BLACK
6
CONTINUOUS
10
159.321598999999992
20
-89.9723259999999954
11
159.3200919999999883
21
-89.9792959999999908
0
LINE
8
BLACK
6
CONTINUOUS
10
159.3200919999999883
20
-89.9792959999999908
11
159.2991350000000068
21
-90.0073249999999945
0
LINE
8
BLACK
6
CONTINUOUS
10
159.2991350000000068
20
-90.0073249999999945
11
159.2989749999999844
21
-90.0075760000000002
0
LINE
8
BLACK
6
CONTINUOUS
10
159.2989749999999844
20
-90.0075760000000002
11
159.1592069999999808
21
-90.1473439999999897
0
LINE
8
BLACK
6
CONTINUOUS
10
159.1592069999999808
20
-90.1473439999999897
11
159.1583080000000052
21
-90.1485799999999955
0
LINE
8
BLACK
6
CONTINUOUS
10
159.1583080000000052
20
-90.1485799999999955
11
159.153823999999986
21
-90.1530759999999987
0
LINE
8
BLACK
6
CONTINUOUS
10
159.153823999999986
20
-90.1530759999999987
11
159.1272189999999966
21
-90.1676439999999957
0
LINE
8
BLACK
6
CONTINUOUS
10
159.1272189999999966
20
-90.1676439999999957
11
159.1018200000000036
21
-90.1842249999999979
0
LINE
8
BLACK
6
CONTINUOUS
10
159.1018200000000036
20
-90.1842249999999979
11
159.0951429999999789
21
-90.1852090000000004
0
LINE
8
BLACK
6
CONTINUOUS
10
159.0951429999999789
20
-90.1852090000000004
11
159.0925419999999804
21
-90.186633999999998
0
LINE
8
BLACK
6
CONTINUOUS
10
159.0925419999999804
20
-90.186633999999998
11
159.0877590000000055
21
-90.1862969999999962
0
LINE
8
BLACK
6
CONTINUOUS
10
159.0877590000000055
20
-90.1862969999999962
11
159.0660379999999918
21
-90.1894999999999953
0
LINE
8
BLACK
6
CONTINUOUS
10
159.0660379999999918
20
-90.1894999999999953
11
158.4057829999999853
21
-90.1894999999999953
0
LINE
8
BLACK
6
CONTINUOUS
10
158.4057829999999853
20
-90.1894999999999953
11
158.3387439999999913
21
-90.1698149999999998
0
LINE
8
BLACK
6
CONTINUOUS
10
158.3387439999999913
20
-90.1698149999999998
11
158.3181019999999819
21
-90.1531809999999894
0
LINE
8
BLACK
6
CONTINUOUS
10
158.3181019999999819
20
-90.1531809999999894
11
156.28681899999998
21
-88.1218980000000016
0
LINE
8
BLACK
6
CONTINUOUS
10
156.28681899999998
20
-88.1218980000000016
11
156.2533339999999953
21
-88.060575
0
LINE
8
BLACK
6
CONTINUOUS
10
156.2533339999999953
20
-88.060575
11
156.2504999999999882
21
-88.0342169999999982
0
LINE
8
BLACK
6
CONTINUOUS
10
156.2504999999999882
20
-88.0342169999999982
11
156.2504999999999882
21
-70.5077819999999917
0
LINE
8
BLACK
6
CONTINUOUS
10
156.2504999999999882
20
-70.5077819999999917
11
156.2701849999999979
21
-70.4407429999999977
0
LINE
8
BLACK
6
CONTINUOUS
10
156.2701849999999979
20
-70.4407429999999977
11
156.28681899999998
21
-70.4201010000000025
0
LINE
8
BLACK
6
CONTINUOUS
10
156.28681899999998
20
-70.4201010000000025
11
156.798136999999997
21
-69.9087839999999971
0
LINE
8
BLACK
6
CONTINUOUS
10
156.798136999999997
20
-69.9087839999999971
11
156.798136999999997
21
-69.9087829999999997
0
LINE
8
BLACK
6
CONTINUOUS
10
156.798136999999997
20
-69.9087829999999997
11
156.7981399999999894
21
-69.9087809999999905
0
LINE
8
BLACK
6
CONTINUOUS
10
156.7981399999999894
20
-69.9087809999999905
11
156.9076320000000067
21
-69.7449139999999943
0
LINE
8
BLACK
6
CONTINUOUS
10
156.9076320000000067
20
-69.7449139999999943
11
156.9830519999999865
21
-69.5628349999999926
0
LINE
8
BLACK
6
CONTINUOUS
10
156.9830519999999865
20
-69.5628349999999926
11
156.994938999999988
21
-69.5030709999999914
0
LINE
8
BLACK
6
CONTINUOUS
10
156.994938999999988
20
-69.5030709999999914
11
157.0273229999999955
21
-69.4411630000000031
0
LINE
8
BLACK
6
CONTINUOUS
10
157.0273229999999955
20
-69.4411630000000031
11
157.0782370000000014
21
-69.4093330000000037
0
LINE
8
BLACK
6
CONTINUOUS
10
157.0782370000000014
20
-69.4093330000000037
11
157.1359919999999875
21
-69.3905680000000018
0
LINE
8
BLACK
6
CONTINUOUS
10
157.1359919999999875
20
-69.3905680000000018
11
157.3464329999999904
21
-69.2833430000000021
0
LINE
8
BLACK
6
CONTINUOUS
10
157.3464329999999904
20
-69.2833430000000021
11
157.5375099999999975
21
-69.1445169999999933
0
LINE
8
BLACK
6
CONTINUOUS
10
157.5375099999999975
20
-69.1445169999999933
11
157.7045169999999814
21
-68.9775099999999952
0
LINE
8
BLACK
6
CONTINUOUS
10
157.7045169999999814
20
-68.9775099999999952
11
157.8433430000000044
21
-68.7864330000000024
0
LINE
8
BLACK
6
CONTINUOUS
10
157.8433430000000044
20
-68.7864330000000024
11
157.9505680000000041
21
-68.5759919999999994
0
LINE
8
BLACK
6
CONTINUOUS
10
157.9505680000000041
20
-68.5759919999999994
11
158.0235529999999926
21
-68.3513679999999937
0
LINE
8
BLACK
6
CONTINUOUS
10
158.0235529999999926
20
-68.3513679999999937
11
158.0453689999999938
21
-68.2136289999999974
0
LINE
8
BLACK
6
CONTINUOUS
10
158.0453689999999938
20
-68.2136289999999974
11
158.0604999999999905
21
-68.1180969999999917
0
LINE
8
BLACK
6
CONTINUOUS
10
158.0604999999999905
20
-68.1180969999999917
11
158.0604999999999905
21
-67.8819019999999966
0
LINE
8
BLACK
6
CONTINUOUS
10
158.0604999999999905
20
-67.8819019999999966
11
158.0235529999999926
21
-67.6486309999999946
0
LINE
8
BLACK
6
CONTINUOUS
10
158.0235529999999926
20
-67.6486309999999946
11
157.9617449999999792
21
-67.4584079999999915
0
LINE
8
BLACK
6
CONTINUOUS
10
157.9617449999999792
20
-67.4584079999999915
11
157.9505680000000041
21
-67.4240080000000006
0
LINE
8
BLACK
6
CONTINUOUS
10
157.9505680000000041
20
-67.4240080000000006
11
157.9505659999999807
21
-67.424004999999994
0
LINE
8
BLACK
6
CONTINUOUS
10
157.9505659999999807
20
-67.424004999999994
11
157.9505659999999807
21
-67.424002999999999
0
LINE
8
BLACK
6
CONTINUOUS
10
157.9505659999999807
20
-67.424002999999999
11
157.8433420000000069
21
-67.2135660000000001
0
LINE
8
BLACK
6
CONTINUOUS
10
157.8433420000000069
20
-67.2135660000000001
11
157.8345510000000047
21
-67.2014659999999964
0
LINE
8
BLACK
6
CONTINUOUS
10
157.8345510000000047
20
-67.2014659999999964
11
157.7045169999999814
21
-67.0224899999999906
0
LINE
8
BLACK
6
CONTINUOUS
10
157.7045169999999814
20
-67.0224899999999906
11
157.5375099999999975
21
-66.8554829999999924
0
LINE
8
BLACK
6
CONTINUOUS
10
157.5375099999999975
20
-66.8554829999999924
11
157.3464329999999904
21
-66.7166569999999979
0
LINE
8
BLACK
6
CONTINUOUS
10
157.3464329999999904
20
-66.7166569999999979
11
157.3259139999999832
21
-66.7062019999999904
0
LINE
8
BLACK
6
CONTINUOUS
10
157.3259139999999832
20
-66.7062019999999904
11
157.1359960000000058
21
-66.6094329999999957
0
LINE
8
BLACK
6
CONTINUOUS
10
157.1359960000000058
20
-66.6094329999999957
11
156.9113679999999817
21
-66.536445999999998
0
LINE
8
BLACK
6
CONTINUOUS
10
156.9113679999999817
20
-66.536445999999998
11
156.6780969999999797
21
-66.4994999999999976
0
LINE
8
BLACK
6
CONTINUOUS
10
156.6780969999999797
20
-66.4994999999999976
11
156.6780919999999924
21
-66.4994999999999976
0
LINE
8
BLACK
6
CONTINUOUS
10
156.6780919999999924
20
-66.4994999999999976
11
156.4419079999999838
21
-66.4994999999999976
0
LINE
8
BLACK
6
CONTINUOUS
10
156.4419079999999838
20
-66.4994999999999976
11
156.4419029999999964
21
-66.4994999999999976
0
LINE
8
BLACK
6
CONTINUOUS
10
156.4419029999999964
20
-66.4994999999999976
11
156.2086309999999969
21
-66.536445999999998
0
LINE
8
BLACK
6
CONTINUOUS
10
156.2086309999999969
20
-66.536445999999998
11
155.9840030000000013
21
-66.6094329999999957
0
LINE
8
BLACK
6
CONTINUOUS
10
155.9840030000000013
20
-66.6094329999999957
11
155.7735659999999882
21
-66.7166569999999979
0
LINE
8
BLACK
6
CONTINUOUS
10
155.7735659999999882
20
-66.7166569999999979
11
155.7171519999999987
21
-66.7576449999999966
0
LINE
8
BLACK
6
CONTINUOUS
10
155.7171519999999987
20
-66.7576449999999966
11
155.5824900000000071
21
-66.8554829999999924
0
LINE
8
BLACK
6
CONTINUOUS
10
155.5824900000000071
20
-66.8554829999999924
11
155.5824879999999837
21
-66.8554850000000016
0
LINE
8
BLACK
6
CONTINUOUS
10
155.5824879999999837
20
-66.8554850000000016
11
155.5824869999999862
21
-66.8554850000000016
0
LINE
8
BLACK
6
CONTINUOUS
10
155.5824869999999862
20
-66.8554850000000016
11
155.4154839999999922
21
-67.0224879999999956
0
LINE
8
BLACK
6
CONTINUOUS
10
155.4154839999999922
20
-67.0224879999999956
11
155.3903179999999793
21
-67.0571269999999942
0
LINE
8
BLACK
6
CONTINUOUS
10
155.3903179999999793
20
-67.0571269999999942
11
155.3349869999999839
21
-67.0997919999999937
0
LINE
8
BLACK
6
CONTINUOUS
10
155.3349869999999839
20
-67.0997919999999937
11
155.26537399999998
21
-67.1057709999999901
0
LINE
8
BLACK
6
CONTINUOUS
10
155.26537399999998
20
-67.1057709999999901
11
155.2035789999999906
21
-67.073165000000003
0
LINE
8
BLACK
6
CONTINUOUS
10
155.2035789999999906
20
-67.073165000000003
11
155.1896820000000048
21
-67.0571269999999942
0
LINE
8
BLACK
6
CONTINUOUS
10
155.1896820000000048
20
-67.0571269999999942
11
155.1645169999999894
21
-67.0224899999999906
0
LINE
8
BLACK
6
CONTINUOUS
10
155.1645169999999894
20
-67.0224899999999906
11
154.9975100000000054
21
-66.8554829999999924
0
LINE
8
BLACK
6
CONTINUOUS
10
154.9975100000000054
20
-66.8554829999999924
11
154.8064329999999984
21
-66.7166569999999979
0
LINE
8
BLACK
6
CONTINUOUS
10
154.8064329999999984
20
-66.7166569999999979
11
154.7859139999999911
21
-66.7062019999999904
0
LINE
8
BLACK
6
CONTINUOUS
10
154.7859139999999911
20
-66.7062019999999904
11
154.5959959999999853
21
-66.6094329999999957
0
LINE
8
BLACK
6
CONTINUOUS
10
154.5959959999999853
20
-66.6094329999999957
11
154.3713679999999897
21
-66.536445999999998
0
LINE
8
BLACK
6
CONTINUOUS
10
154.3713679999999897
20
-66.536445999999998
11
154.1380969999999877
21
-66.4994999999999976
0
LINE
8
BLACK
6
CONTINUOUS
10
154.1380969999999877
20
-66.4994999999999976
11
154.1380920000000003
21
-66.4994999999999976
0
LINE
8
BLACK
6
CONTINUOUS
10
154.1380920000000003
20
-66.4994999999999976
11
153.9019079999999917
21
-66.4994999999999976
0
LINE
8
BLACK
6
CONTINUOUS
10
153.9019079999999917
20
-66.4994999999999976
11
153.9019030000000043
21
-66.4994999999999976
0
LINE
8
BLACK
6
CONTINUOUS
10
153.9019030000000043
20
-66.4994999999999976
11
153.6686310000000049
21
-66.536445999999998
0
LINE
8
BLACK
6
CONTINUOUS
10
153.6686310000000049
20
-66.536445999999998
11
153.4440029999999808
21
-66.6094329999999957
0
LINE
8
BLACK
6
CONTINUOUS
10
153.4440029999999808
20
-66.6094329999999957
11
153.2335659999999962
21
-66.7166569999999979
0
LINE
8
BLACK
6
CONTINUOUS
10
153.2335659999999962
20
-66.7166569999999979
11
153.1771520000000066
21
-66.7576449999999966
0
LINE
8
BLACK
6
CONTINUOUS
10
153.1771520000000066
20
-66.7576449999999966
11
153.0424899999999866
21
-66.8554829999999924
0
LINE
8
BLACK
6
CONTINUOUS
10
153.0424899999999866
20
-66.8554829999999924
11
153.0424879999999916
21
-66.8554850000000016
0
LINE
8
BLACK
6
CONTINUOUS
10
153.0424879999999916
20
-66.8554850000000016
11
153.0424869999999942
21
-66.8554850000000016
0
LINE
8
BLACK
6
CONTINUOUS
10
153.0424869999999942
20
-66.8554850000000016
11
152.8754820000000052
21
-67.0224899999999906
0
LINE
8
BLACK
6
CONTINUOUS
10
152.8754820000000052
20
-67.0224899999999906
11
152.8324509999999918
21
-67.0817169999999976
0
LINE
8
BLACK
6
CONTINUOUS
10
152.8324509999999918
20
-67.0817169999999976
11
152.7771199999999965
21
-67.1243819999999971
0
LINE
8
BLACK
6
CONTINUOUS
10
152.7771199999999965
20
-67.1243819999999971
11
152.7224049999999806
21
-67.1324479999999966
0
LINE
8
BLACK
6
CONTINUOUS
10
152.7224049999999806
20
-67.1324479999999966
11
152.7026579999999853
21
-67.1308930000000004
0
LINE
8
BLACK
6
CONTINUOUS
10
152.7026579999999853
20
-67.1308930000000004
11
152.339100000000002
21
-67.4944500000000005
0
LINE
8
BLACK
6
CONTINUOUS
10
152.339100000000002
20
-67.4944500000000005
11
152.3619209999999953
21
-67.5286030000000039
0
LINE
8
BLACK
6
CONTINUOUS
10
152.3619209999999953
20
-67.5286030000000039
11
152.4369399999999928
21
-67.7097150000000028
0
LINE
8
BLACK
6
CONTINUOUS
10
152.4369399999999928
20
-67.7097150000000028
11
152.475184999999982
21
-67.9019830000000013
0
LINE
8
BLACK
6
CONTINUOUS
10
152.475184999999982
20
-67.9019830000000013
11
152.475184999999982
21
-68.0980169999999987
0
LINE
8
BLACK
6
CONTINUOUS
10
152.475184999999982
20
-68.0980169999999987
11
152.4369399999999928
21
-68.2902849999999972
0
LINE
8
BLACK
6
CONTINUOUS
10
152.4369399999999928
20
-68.2902849999999972
11
152.3619209999999953
21
-68.4713969999999961
0
LINE
8
BLACK
6
CONTINUOUS
10
152.3619209999999953
20
-68.4713969999999961
11
152.2530099999999891
21
-68.6343930000000029
0
LINE
8
BLACK
6
CONTINUOUS
10
152.2530099999999891
20
-68.6343930000000029
11
152.1143930000000069
21
-68.7730099999999993
0
LINE
8
BLACK
6
CONTINUOUS
10
152.1143930000000069
20
-68.7730099999999993
11
151.9513969999999858
21
-68.8819209999999913
0
LINE
8
BLACK
6
CONTINUOUS
10
151.9513969999999858
20
-68.8819209999999913
11
151.7702850000000012
21
-68.956940000000003
0
LINE
8
BLACK
6
CONTINUOUS
10
151.7702850000000012
20
-68.956940000000003
11
151.5780169999999885
21
-68.9951849999999922
0
LINE
8
BLACK
6
CONTINUOUS
10
151.5780169999999885
20
-68.9951849999999922
11
151.3819829999999911
21
-68.9951849999999922
0
LINE
8
BLACK
6
CONTINUOUS
10
151.3819829999999911
20
-68.9951849999999922
11
151.1897150000000067
21
-68.956940000000003
0
LINE
8
BLACK
6
CONTINUOUS
10
151.1897150000000067
20
-68.956940000000003
11
151.0086029999999937
21
-68.8819209999999913
0
LINE
8
BLACK
6
CONTINUOUS
10
151.0086029999999937
20
-68.8819209999999913
11
150.9744499999999903
21
-68.859099999999998
0
LINE
8
BLACK
6
CONTINUOUS
10
150.9744499999999903
20
-68.859099999999998
11
150.6108930000000043
21
-69.2226579999999956
0
LINE
8
BLACK
6
CONTINUOUS
10
150.6108930000000043
20
-69.2226579999999956
11
150.6938279999999963
21
-69.282913999999991
0
LINE
8
BLACK
6
CONTINUOUS
10
150.6938279999999963
20
-69.282913999999991
11
150.9041969999999822
21
-69.3901019999999988
0
LINE
8
BLACK
6
CONTINUOUS
10
150.9041969999999822
20
-69.3901019999999988
11
151.1287519999999915
21
-69.4630650000000003
0
LINE
8
BLACK
6
CONTINUOUS
10
151.1287519999999915
20
-69.4630650000000003
11
151.1287509999999941
21
-69.4630650000000003
0
LINE
8
BLACK
6
CONTINUOUS
10
151.1287509999999941
20
-69.4630650000000003
11
151.3619479999999839
21
-69.5
0
LINE
8
BLACK
6
CONTINUOUS
10
151.3619479999999839
20
-69.5
11
151.5980519999999956
21
-69.5
0
LINE
8
BLACK
6
CONTINUOUS
10
151.5980519999999956
20
-69.5
11
151.8312469999999905
21
-69.4630650000000003
0
LINE
8
BLACK
6
CONTINUOUS
10
151.8312469999999905
20
-69.4630650000000003
11
152.0558029999999974
21
-69.3901019999999988
0
LINE
8
BLACK
6
CONTINUOUS
10
152.0558029999999974
20
-69.3901019999999988
11
152.069199999999995
21
-69.3832759999999951
0
LINE
8
BLACK
6
CONTINUOUS
10
152.069199999999995
20
-69.3832759999999951
11
152.1378689999999949
21
-69.3703759999999932
0
LINE
8
BLACK
6
CONTINUOUS
10
152.1378689999999949
20
-69.3703759999999932
11
152.2026109999999903
21
-69.396649999999994
0
LINE
8
BLACK
6
CONTINUOUS
10
152.2026109999999903
20
-69.396649999999994
11
152.2428699999999822
21
-69.453755000000001
0
LINE
8
BLACK
6
CONTINUOUS
10
152.2428699999999822
20
-69.453755000000001
11
152.2494999999999834
21
-69.4937579999999997
0
LINE
8
BLACK
6
CONTINUOUS
10
152.2494999999999834
20
-69.4937579999999997
11
152.2494999999999834
21
-70.5342169999999982
0
LINE
8
BLACK
6
CONTINUOUS
10
152.2494999999999834
20
-70.5342169999999982
11
152.2298150000000021
21
-70.6012559999999922
0
LINE
8
BLACK
6
CONTINUOUS
10
152.2298150000000021
20
-70.6012559999999922
11
152.2131809999999916
21
-70.6218980000000016
0
LINE
8
BLACK
6
CONTINUOUS
10
152.2131809999999916
20
-70.6218980000000016
11
151.8622210000000052
21
-70.9728580000000022
0
LINE
8
BLACK
6
CONTINUOUS
10
151.8622210000000052
20
-70.9728580000000022
11
151.8622179999999844
21
-70.9728609999999946
0
LINE
8
BLACK
6
CONTINUOUS
10
151.8622179999999844
20
-70.9728609999999946
11
151.7925379999999791
21
-71.0425400000000025
0
LINE
8
BLACK
6
CONTINUOUS
10
151.7925379999999791
20
-71.0425400000000025
11
151.7228589999999997
21
-71.1122189999999961
0
LINE
8
BLACK
6
CONTINUOUS
10
151.7228589999999997
20
-71.1122189999999961
11
151.6133710000000008
21
-71.2760789999999957
0
LINE
8
BLACK
6
CONTINUOUS
10
151.6133710000000008
20
-71.2760789999999957
11
151.61336399999999
21
-71.2760919999999913
0
LINE
8
BLACK
6
CONTINUOUS
10
151.61336399999999
20
-71.2760919999999913
11
151.537949999999995
21
-71.4581599999999924
0
LINE
8
BLACK
6
CONTINUOUS
10
151.537949999999995
20
-71.4581599999999924
11
151.5379470000000026
21
-71.4581699999999955
0
LINE
8
BLACK
6
CONTINUOUS
10
151.5379470000000026
20
-71.4581699999999955
11
151.4994999999999834
21
-71.651455999999996
0
LINE
8
BLACK
6
CONTINUOUS
10
151.4994999999999834
20
-71.651455999999996
11
151.4994999999999834
21
-89.0985429999999923
0
LINE
8
BLACK
6
CONTINUOUS
10
151.4994999999999834
20
-89.0985429999999923
11
151.5073050000000023
21
-89.1377789999999948
0
LINE
8
BLACK
6
CONTINUOUS
10
151.5073050000000023
20
-89.1377789999999948
11
151.5073050000000023
21
-89.1377820000000014
0
LINE
8
BLACK
6
CONTINUOUS
10
151.5073050000000023
20
-89.1377820000000014
11
151.5324860000000058
21
-89.2643759999999986
0
LINE
8
BLACK
6
CONTINUOUS
10
151.5324860000000058
20
-89.2643759999999986
11
151.5324870000000033
21
-89.264378999999991
0
LINE
8
BLACK
6
CONTINUOUS
10
151.5324870000000033
20
-89.264378999999991
11
151.5379489999999976
21
-89.2918349999999919
0
LINE
8
BLACK
6
CONTINUOUS
10
151.5379489999999976
20
-89.2918349999999919
11
151.537949999999995
21
-89.291838999999996
0
LINE
8
BLACK
6
CONTINUOUS
10
151.537949999999995
20
-89.291838999999996
11
151.61336399999999
21
-89.473906999999997
0
LINE
8
BLACK
6
CONTINUOUS
10
151.61336399999999
20
-89.473906999999997
11
151.6133710000000008
21
-89.4739199999999926
0
LINE
8
BLACK
6
CONTINUOUS
10
151.6133710000000008
20
-89.4739199999999926
11
151.7228599999999972
21
-89.6377809999999897
0
LINE
8
BLACK
6
CONTINUOUS
10
151.7228599999999972
20
-89.6377809999999897
11
151.7228629999999896
21
-89.6377849999999938
0
LINE
8
BLACK
6
CONTINUOUS
10
151.7228629999999896
20
-89.6377849999999938
11
151.8665369999999939
21
-89.7814589999999981
0
LINE
8
BLACK
6
CONTINUOUS
10
151.8665369999999939
20
-89.7814589999999981
11
151.8665589999999952
21
-89.7814789999999903
0
LINE
8
BLACK
6
CONTINUOUS
10
151.8665589999999952
20
-89.7814789999999903
11
156.449735000000004
21
-94.3646549999999991
0
LINE
8
BLACK
6
CONTINUOUS
10
156.449735000000004
20
-94.3646549999999991
11
156.4497639999999876
21
-94.3646859999999919
0
LINE
8
BLACK
6
CONTINUOUS
10
156.4497639999999876
20
-94.3646859999999919
11
156.5922170000000051
21
-94.5071389999999951
0
LINE
8
BLACK
6
CONTINUOUS
10
156.5922170000000051
20
-94.5071389999999951
11
156.6845720000000028
21
-94.5688480000000027
0
LINE
8
BLACK
6
CONTINUOUS
10
156.6845720000000028
20
-94.5688480000000027
11
156.7560859999999821
21
-94.6166319999999956
0
LINE
8
BLACK
6
CONTINUOUS
10
156.7560859999999821
20
-94.6166319999999956
11
156.7560880000000054
21
-94.6166329999999931
0
LINE
8
BLACK
6
CONTINUOUS
10
156.7560880000000054
20
-94.6166329999999931
11
156.7560919999999953
21
-94.6166350000000023
0
LINE
8
BLACK
6
CONTINUOUS
10
156.7560919999999953
20
-94.6166350000000023
11
156.7972100000000069
21
-94.633665999999991
0
LINE
8
BLACK
6
CONTINUOUS
10
156.7972100000000069
20
-94.633665999999991
11
156.8837220000000059
21
-94.6694999999999993
0
LINE
8
BLACK
6
CONTINUOUS
10
156.8837220000000059
20
-94.6694999999999993
11
156.9381640000000004
21
-94.6920509999999922
0
LINE
8
BLACK
6
CONTINUOUS
10
156.9381640000000004
20
-94.6920509999999922
11
157.0229199999999992
21
-94.7089099999999888
0
LINE
8
BLACK
6
CONTINUOUS
10
157.0229199999999992
20
-94.7089099999999888
11
157.0920519999999954
21
-94.7226610000000022
0
LINE
8
BLACK
6
CONTINUOUS
10
157.0920519999999954
20
-94.7226610000000022
11
157.1314559999999858
21
-94.7304999999999922
0
LINE
8
BLACK
6
CONTINUOUS
10
157.1314559999999858
20
-94.7304999999999922
11
157.1314590000000067
21
-94.7304999999999922
0
LINE
8
BLACK
6
CONTINUOUS
10
157.1314590000000067
20
-94.7304999999999922
11
157.1314600000000041
21
-94.7304999999999922
0
LINE
8
BLACK
6
CONTINUOUS
10
157.1314600000000041
20
-94.7304999999999922
11
157.3285400000000038
21
-94.7304999999999922
0
LINE
8
BLACK
6
CONTINUOUS
10
157.3285400000000038
20
-94.7304999999999922
11
159.0660379999999918
21
-94.7304999999999922
0
LINE
8
BLACK
6
CONTINUOUS
10
159.0660379999999918
20
-94.7304999999999922
11
159.0955409999999972
21
-94.7391629999999907
0
LINE
8
BLACK
6
CONTINUOUS
10
159.0955409999999972
20
-94.7391629999999907
11
159.1255960000000016
21
-94.7457390000000004
0
LINE
8
BLACK
6
CONTINUOUS
10
159.1255960000000016
20
-94.7457390000000004
11
159.1299280000000067
21
-94.7492599999999925
0
LINE
8
BLACK
6
CONTINUOUS
10
159.1299280000000067
20
-94.7492599999999925
11
159.1330769999999859
21
-94.7501850000000019
0
LINE
8
BLACK
6
CONTINUOUS
10
159.1330769999999859
20
-94.7501850000000019
11
159.153823999999986
21
-94.7669239999999888
0
LINE
8
BLACK
6
CONTINUOUS
10
159.153823999999986
20
-94.7669239999999888
11
159.1583080000000052
21
-94.7714189999999945
0
LINE
8
BLACK
6
CONTINUOUS
10
159.1583080000000052
20
-94.7714189999999945
11
159.1592069999999808
21
-94.7726559999999978
0
LINE
8
BLACK
6
CONTINUOUS
10
159.1592069999999808
20
-94.7726559999999978
11
159.2988699999999938
21
-94.9123189999999965
0
LINE
8
BLACK
6
CONTINUOUS
10
159.2988699999999938
20
-94.9123189999999965
11
159.2989749999999844
21
-94.9124240000000015
0
LINE
8
BLACK
6
CONTINUOUS
10
159.2989749999999844
20
-94.9124240000000015
11
159.3157669999999939
21
-94.9432630000000017
0
LINE
8
BLACK
6
CONTINUOUS
10
159.3157669999999939
20
-94.9432630000000017
11
159.3323550000000068
21
-94.9736419999999981
0
LINE
8
BLACK
6
CONTINUOUS
10
159.3323550000000068
20
-94.9736419999999981
11
159.3323489999999936
21
-94.973717999999991
0
LINE
8
BLACK
6
CONTINUOUS
10
159.3323489999999936
20
-94.973717999999991
11
159.3323869999999829
21
-94.9737870000000015
0
LINE
8
BLACK
6
CONTINUOUS
10
159.3323869999999829
20
-94.9737870000000015
11
159.3298429999999826
21
-95.0087580000000003
0
LINE
8
BLACK
6
CONTINUOUS
10
159.3298429999999826
20
-95.0087580000000003
11
159.3273709999999994
21
-95.0433340000000015
0
LINE
8
BLACK
6
CONTINUOUS
10
159.3273709999999994
20
-95.0433340000000015
11
159.3273230000000069
21
-95.043407000000002
0
LINE
8
BLACK
6
CONTINUOUS
10
159.3273230000000069
20
-95.043407000000002
11
159.3273189999999886
21
-95.0434729999999917
0
LINE
8
BLACK
6
CONTINUOUS
10
159.3273189999999886
20
-95.0434729999999917
11
159.3270589999999913
21
-95.0438189999999992
0
LINE
8
BLACK
6
CONTINUOUS
10
159.3270589999999913
20
-95.0438189999999992
11
159.2988699999999938
21
-95.0876809999999892
0
LINE
8
BLACK
6
CONTINUOUS
10
159.2988699999999938
20
-95.0876809999999892
11
159.1592049999999858
21
-95.2273449999999997
0
LINE
8
BLACK
6
CONTINUOUS
10
159.1592049999999858
20
-95.2273449999999997
11
159.1592009999999959
21
-95.2273500000000013
0
LINE
8
BLACK
6
CONTINUOUS
10
159.1592009999999959
20
-95.2273500000000013
11
159.0111320000000035
21
-95.4311509999999998
0
LINE
8
BLACK
6
CONTINUOUS
10
159.0111320000000035
20
-95.4311509999999998
11
158.8967600000000004
21
-95.6556159999999949
0
LINE
8
BLACK
6
CONTINUOUS
10
158.8967600000000004
20
-95.6556159999999949
11
158.8905230000000017
21
-95.6748119999999886
0
LINE
8
BLACK
6
CONTINUOUS
10
158.8905230000000017
20
-95.6748119999999886
11
158.8189099999999883
21
-95.8952149999999932
0
LINE
8
BLACK
6
CONTINUOUS
10
158.8189099999999883
20
-95.8952149999999932
11
158.7794999999999845
21
-96.1440379999999948
0
LINE
8
BLACK
6
CONTINUOUS
10
158.7794999999999845
20
-96.1440379999999948
11
158.7794999999999845
21
-96.3959619999999973
0
LINE
8
BLACK
6
CONTINUOUS
10
158.7794999999999845
20
-96.3959619999999973
11
158.7813539999999932
21
-96.4076689999999985
0
LINE
8
BLACK
6
CONTINUOUS
10
158.7813539999999932
20
-96.4076689999999985
11
158.8189099999999883
21
-96.6447849999999988
0
LINE
8
BLACK
6
CONTINUOUS
10
158.8189099999999883
20
-96.6447849999999988
11
158.8967600000000004
21
-96.8843829999999997
0
LINE
8
BLACK
6
CONTINUOUS
10
158.8967600000000004
20
-96.8843829999999997
11
158.9754130000000032
21
-97.0387470000000008
0
LINE
8
BLACK
6
CONTINUOUS
10
158.9754130000000032
20
-97.0387470000000008
11
158.997776999999985
21
-97.0826390000000004
0
LINE
8
BLACK
6
CONTINUOUS
10
158.997776999999985
20
-97.0826390000000004
11
159.0111320000000035
21
-97.1088479999999947
0
LINE
8
BLACK
6
CONTINUOUS
10
159.0111320000000035
20
-97.1088479999999947
11
159.1592009999999959
21
-97.3126489999999933
0
LINE
8
BLACK
6
CONTINUOUS
10
159.1592009999999959
20
-97.3126489999999933
11
159.1592049999999858
21
-97.3126539999999949
0
LINE
8
BLACK
6
CONTINUOUS
10
159.1592049999999858
20
-97.3126539999999949
11
159.2988699999999938
21
-97.4523189999999886
0
LINE
8
BLACK
6
CONTINUOUS
10
159.2988699999999938
20
-97.4523189999999886
11
159.3323550000000068
21
-97.5136419999999902
0
LINE
8
BLACK
6
CONTINUOUS
10
159.3323550000000068
20
-97.5136419999999902
11
159.3273709999999994
21
-97.5833339999999936
0
LINE
8
BLACK
6
CONTINUOUS
10
159.3273709999999994
20
-97.5833339999999936
11
159.2988699999999938
21
-97.6276809999999955
0
LINE
8
BLACK
6
CONTINUOUS
10
159.2988699999999938
20
-97.6276809999999955
11
159.1592049999999858
21
-97.7673449999999917
0
LINE
8
BLACK
6
CONTINUOUS
10
159.1592049999999858
20
-97.7673449999999917
11
159.1592009999999959
21
-97.7673499999999933
0
LINE
8
BLACK
6
CONTINUOUS
10
159.1592009999999959
20
-97.7673499999999933
11
159.0111320000000035
21
-97.9711509999999919
0
LINE
8
BLACK
6
CONTINUOUS
10
159.0111320000000035
20
-97.9711509999999919
11
158.8967600000000004
21
-98.1956160000000011
0
LINE
8
BLACK
6
CONTINUOUS
10
158.8967600000000004
20
-98.1956160000000011
11
158.8189099999999883
21
-98.435214000000002
0
LINE
8
BLACK
6
CONTINUOUS
10
158.8189099999999883
20
-98.435214000000002
11
158.7794999999999845
21
-98.684038000000001
0
LINE
8
BLACK
6
CONTINUOUS
10
158.7794999999999845
20
-98.684038000000001
11
158.7794999999999845
21
-98.9359609999999918
0
LINE
8
BLACK
6
CONTINUOUS
10
158.7794999999999845
20
-98.9359609999999918
11
158.8189099999999883
21
-99.1847849999999909
0
LINE
8
BLACK
6
CONTINUOUS
10
158.8189099999999883
20
-99.1847849999999909
11
158.8967600000000004
21
-99.4243829999999917
0
LINE
8
BLACK
6
CONTINUOUS
10
158.8967600000000004
20
-99.4243829999999917
11
159.0111320000000035
21
-99.648848000000001
0
LINE
8
BLACK
6
CONTINUOUS
10
159.0111320000000035
20
-99.648848000000001
11
159.1592009999999959
21
-99.8526489999999995
0
LINE
8
BLACK
6
CONTINUOUS
10
159.1592009999999959
20
-99.8526489999999995
11
159.1592049999999858
21
-99.8526540000000011
0
LINE
8
BLACK
6
CONTINUOUS
10
159.1592049999999858
20
-99.8526540000000011
11
159.2988699999999938
21
-99.9923189999999948
0
LINE
8
BLACK
6
CONTINUOUS
10
159.2988699999999938
20
-99.9923189999999948
11
159.3323550000000068
21
-100.0536419999999964
0
LINE
8
BLACK
6
CONTINUOUS
10
159.3323550000000068
20
-100.0536419999999964
11
159.3273709999999994
21
-100.1233339999999998
0
LINE
8
BLACK
6
CONTINUOUS
10
159.3273709999999994
20
-100.1233339999999998
11
159.2988699999999938
21
-100.1676810000000017
0
LINE
8
BLACK
6
CONTINUOUS
10
159.2988699999999938
20
-100.1676810000000017
11
159.1592049999999858
21
-100.307344999999998
0
LINE
8
BLACK
6
CONTINUOUS
10
159.1592049999999858
20
-100.307344999999998
11
159.1592009999999959
21
-100.3073499999999996
0
LINE
8
BLACK
6
CONTINUOUS
10
159.1592009999999959
20
-100.3073499999999996
11
159.0111320000000035
21
-100.5111509999999981
0
LINE
8
BLACK
6
CONTINUOUS
10
159.0111320000000035
20
-100.5111509999999981
11
158.8967600000000004
21
-100.7356159999999932
0
LINE
8
BLACK
6
CONTINUOUS
10
158.8967600000000004
20
-100.7356159999999932
11
158.8189099999999883
21
-100.975213999999994
0
LINE
8
BLACK
6
CONTINUOUS
10
158.8189099999999883
20
-100.975213999999994
11
158.7794999999999845
21
-101.2240379999999931
0
LINE
8
BLACK
6
CONTINUOUS
10
158.7794999999999845
20
-101.2240379999999931
11
158.7794999999999845
21
-101.4759609999999981
0
LINE
8
BLACK
6
CONTINUOUS
10
158.7794999999999845
20
-101.4759609999999981
11
158.8189099999999883
21
-101.7247849999999971
0
LINE
8
BLACK
6
CONTINUOUS
10
158.8189099999999883
20
-101.7247849999999971
11
158.8967600000000004
21
-101.964382999999998
0
LINE
8
BLACK
6
CONTINUOUS
10
158.8967600000000004
20
-101.964382999999998
11
159.0111320000000035
21
-102.188847999999993
0
LINE
8
BLACK
6
CONTINUOUS
10
159.0111320000000035
20
-102.188847999999993
11
159.1592009999999959
21
-102.3926489999999916
0
LINE
8
BLACK
6
CONTINUOUS
10
159.1592009999999959
20
-102.3926489999999916
11
159.1592049999999858
21
-102.3926539999999932
0
LINE
8
BLACK
6
CONTINUOUS
10
159.1592049999999858
20
-102.3926539999999932
11
159.2988699999999938
21
-102.5323190000000011
0
LINE
8
BLACK
6
CONTINUOUS
10
159.2988699999999938
20
-102.5323190000000011
11
159.3323550000000068
21
-102.5936419999999885
0
LINE
8
BLACK
6
CONTINUOUS
10
159.3323550000000068
20
-102.5936419999999885
11
159.3273709999999994
21
-102.6633339999999919
0
LINE
8
BLACK
6
CONTINUOUS
10
159.3273709999999994
20
-102.6633339999999919
11
159.2988699999999938
21
-102.7076809999999938
0
LINE
8
BLACK
6
CONTINUOUS
10
159.2988699999999938
20
-102.7076809999999938
11
159.1592049999999858
21
-102.84734499999999
0
LINE
8
BLACK
6
CONTINUOUS
10
159.1592049999999858
20
-102.84734499999999
11
159.1592009999999959
21
-102.8473499999999916
0
LINE
8
BLACK
6
CONTINUOUS
10
159.1592009999999959
20
-102.8473499999999916
11
159.0111320000000035
21
-103.0511509999999902
0
LINE
8
BLACK
6
CONTINUOUS
10
159.0111320000000035
20
-103.0511509999999902
11
158.8967600000000004
21
-103.2756159999999994
0
LINE
8
BLACK
6
CONTINUOUS
10
158.8967600000000004
20
-103.2756159999999994
11
158.8189099999999883
21
-103.5152140000000003
0
LINE
8
BLACK
6
CONTINUOUS
10
158.8189099999999883
20
-103.5152140000000003
11
158.7794999999999845
21
-103.7640379999999993
0
LINE
8
BLACK
6
CONTINUOUS
10
158.7794999999999845
20
-103.7640379999999993
11
158.7794999999999845
21
-104.0159609999999901
0
LINE
8
BLACK
6
CONTINUOUS
10
158.7794999999999845
20
-104.0159609999999901
11
158.8189099999999883
21
-104.2647849999999892
0
LINE
8
BLACK
6
CONTINUOUS
10
158.8189099999999883
20
-104.2647849999999892
11
158.8967600000000004
21
-104.50438299999999
0
LINE
8
BLACK
6
CONTINUOUS
10
158.8967600000000004
20
-104.50438299999999
11
159.0111320000000035
21
-104.7288479999999993
0
LINE
8
BLACK
6
CONTINUOUS
10
159.0111320000000035
20
-104.7288479999999993
11
159.1592009999999959
21
-104.9326489999999978
0
LINE
8
BLACK
6
CONTINUOUS
10
159.1592009999999959
20
-104.9326489999999978
11
159.1592049999999858
21
-104.9326539999999994
0
LINE
8
BLACK
6
CONTINUOUS
10
159.1592049999999858
20
-104.9326539999999994
11
159.2988699999999938
21
-105.0723189999999931
0
LINE
8
BLACK
6
CONTINUOUS
10
159.2988699999999938
20
-105.0723189999999931
11
159.3323550000000068
21
-105.1336419999999947
0
LINE
8
BLACK
6
CONTINUOUS
10
159.3323550000000068
20
-105.1336419999999947
11
159.3273709999999994
21
-105.2033339999999981
0
LINE
8
BLACK
6
CONTINUOUS
10
159.3273709999999994
20
-105.2033339999999981
11
159.2988699999999938
21
-105.247681
0
LINE
8
BLACK
6
CONTINUOUS
10
159.2988699999999938
20
-105.247681
11
159.1592049999999858
21
-105.3873449999999963
0
LINE
8
BLACK
6
CONTINUOUS
10
159.1592049999999858
20
-105.3873449999999963
11
159.1592009999999959
21
-105.3873499999999979
0
LINE
8
BLACK
6
CONTINUOUS
10
159.1592009999999959
20
-105.3873499999999979
11
159.0111320000000035
21
-105.5911509999999964
0
LINE
8
BLACK
6
CONTINUOUS
10
159.0111320000000035
20
-105.5911509999999964
11
158.8967600000000004
21
-105.8156159999999915
0
LINE
8
BLACK
6
CONTINUOUS
10
158.8967600000000004
20
-105.8156159999999915
11
158.8189099999999883
21
-106.0552139999999923
0
LINE
8
BLACK
6
CONTINUOUS
10
158.8189099999999883
20
-106.0552139999999923
11
158.7898160000000018
21
-106.2389060000000001
0
LINE
8
BLACK
6
CONTINUOUS
10
158.7898160000000018
20
-106.2389060000000001
11
158.7794999999999845
21
-106.3040379999999914
0
LINE
8
BLACK
6
CONTINUOUS
10
158.7794999999999845
20
-106.3040379999999914
11
158.7794999999999845
21
-106.5559619999999938
0
LINE
8
BLACK
6
CONTINUOUS
10
158.7794999999999845
20
-106.5559619999999938
11
158.8143660000000068
21
-106.7760929999999888
0
LINE
8
BLACK
6
CONTINUOUS
10
158.8143660000000068
20
-106.7760929999999888
11
158.8189099999999883
21
-106.8047849999999954
0
LINE
8
BLACK
6
CONTINUOUS
10
158.8189099999999883
20
-106.8047849999999954
11
158.8967600000000004
21
-107.0443829999999963
0
LINE
8
BLACK
6
CONTINUOUS
10
158.8967600000000004
20
-107.0443829999999963
11
159.0111320000000035
21
-107.2688479999999913
0
LINE
8
BLACK
6
CONTINUOUS
10
159.0111320000000035
20
-107.2688479999999913
11
159.1592009999999959
21
-107.4726489999999899
0
LINE
8
BLACK
6
CONTINUOUS
10
159.1592009999999959
20
-107.4726489999999899
11
159.1592049999999858
21
-107.4726539999999915
0
LINE
8
BLACK
6
CONTINUOUS
10
159.1592049999999858
20
-107.4726539999999915
11
159.2988699999999938
21
-107.6123189999999994
0
LINE
8
BLACK
6
CONTINUOUS
10
159.2988699999999938
20
-107.6123189999999994
11
159.3031709999999919
21
-107.6201969999999903
0
LINE
8
BLACK
6
CONTINUOUS
10
159.3031709999999919
20
-107.6201969999999903
11
159.3103669999999852
21
-107.6255699999999962
0
LINE
8
BLACK
6
CONTINUOUS
10
159.3103669999999852
20
-107.6255699999999962
11
159.3196570000000065
21
-107.6503879999999924
0
LINE
8
BLACK
6
CONTINUOUS
10
159.3196570000000065
20
-107.6503879999999924
11
159.3323550000000068
21
-107.673642000000001
0
LINE
8
BLACK
6
CONTINUOUS
10
159.3323550000000068
20
-107.673642000000001
11
159.3317140000000052
21
-107.6825970000000012
0
LINE
8
BLACK
6
CONTINUOUS
10
159.3317140000000052
20
-107.6825970000000012
11
159.3348619999999869
21
-107.6910049999999899
0
LINE
8
BLACK
6
CONTINUOUS
10
159.3348619999999869
20
-107.6910049999999899
11
159.3292610000000025
21
-107.7168999999999954
0
LINE
8
BLACK
6
CONTINUOUS
10
159.3292610000000025
20
-107.7168999999999954
11
159.3273709999999994
21
-107.7433339999999902
0
LINE
8
BLACK
6
CONTINUOUS
10
159.3273709999999994
20
-107.7433339999999902
11
159.321598999999992
21
-107.7523259999999965
0
LINE
8
BLACK
6
CONTINUOUS
10
159.321598999999992
20
-107.7523259999999965
11
159.3200919999999883
21
-107.759295999999992
0
LINE
8
BLACK
6
CONTINUOUS
10
159.3200919999999883
20
-107.759295999999992
11
159.2991350000000068
21
-107.7873249999999956
0
LINE
8
BLACK
6
CONTINUOUS
10
159.2991350000000068
20
-107.7873249999999956
11
159.2989749999999844
21
-107.7875760000000014
0
LINE
8
BLACK
6
CONTINUOUS
10
159.2989749999999844
20
-107.7875760000000014
11
159.1592069999999808
21
-107.9273439999999908
0
LINE
8
BLACK
6
CONTINUOUS
10
159.1592069999999808
20
-107.9273439999999908
11
159.1583080000000052
21
-107.9285799999999966
0
LINE
8
BLACK
6
CONTINUOUS
10
159.1583080000000052
20
-107.9285799999999966
11
159.153823999999986
21
-107.9330759999999998
0
LINE
8
BLACK
6
CONTINUOUS
10
159.153823999999986
20
-107.9330759999999998
11
159.1272189999999966
21
-107.9476439999999968
0
LINE
8
BLACK
6
CONTINUOUS
10
159.1272189999999966
20
-107.9476439999999968
11
159.1018200000000036
21
-107.964224999999999
0
LINE
8
BLACK
6
CONTINUOUS
10
159.1018200000000036
20
-107.964224999999999
11
159.0951429999999789
21
-107.9652090000000015
0
LINE
8
BLACK
6
CONTINUOUS
10
159.0951429999999789
20
-107.9652090000000015
11
159.0925419999999804
21
-107.9666339999999991
0
LINE
8
BLACK
6
CONTINUOUS
10
159.0925419999999804
20
-107.9666339999999991
11
159.0877590000000055
21
-107.9662969999999973
0
LINE
8
BLACK
6
CONTINUOUS
10
159.0877590000000055
20
-107.9662969999999973
11
159.0660379999999918
21
-107.9694999999999965
0
LINE
8
BLACK
6
CONTINUOUS
10
159.0660379999999918
20
-107.9694999999999965
11
155.435781999999989
21
-107.9694999999999965
0
LINE
8
BLACK
6
CONTINUOUS
10
155.435781999999989
20
-107.9694999999999965
11
155.3687429999999949
21
-107.949815000000001
0
LINE
8
BLACK
6
CONTINUOUS
10
155.3687429999999949
20
-107.949815000000001
11
155.3481009999999856
21
-107.9331809999999905
0
LINE
8
BLACK
6
CONTINUOUS
10
155.3481009999999856
20
-107.9331809999999905
11
149.9768190000000061
21
-102.5618989999999968
0
LINE
8
BLACK
6
CONTINUOUS
10
149.9768190000000061
20
-102.5618989999999968
11
149.943333999999993
21
-102.5005759999999952
0
LINE
8
BLACK
6
CONTINUOUS
10
149.943333999999993
20
-102.5005759999999952
11
149.9404999999999859
21
-102.4742179999999934
0
LINE
8
BLACK
6
CONTINUOUS
10
149.9404999999999859
20
-102.4742179999999934
11
149.9404999999999859
21
-69.4141410000000008
0
LINE
8
BLACK
6
CONTINUOUS
10
149.9404999999999859
20
-69.4141410000000008
11
149.9601849999999956
21
-69.3471019999999925
0
LINE
8
BLACK
6
CONTINUOUS
10
149.9601849999999956
20
-69.3471019999999925
11
150.0129890000000046
21
-69.3013469999999927
0
LINE
8
BLACK
6
CONTINUOUS
10
150.0129890000000046
20
-69.3013469999999927
11
150.0211489999999799
21
-69.2979660000000024
0
LINE
8
BLACK
6
CONTINUOUS
10
150.0211489999999799
20
-69.2979660000000024
11
150.0323309999999992
21
-69.2937960000000004
0
LINE
8
BLACK
6
CONTINUOUS
10
150.0323309999999992
20
-69.2937960000000004
11
150.0462949999999864
21
-69.2833430000000021
0
LINE
8
BLACK
6
CONTINUOUS
10
150.0462949999999864
20
-69.2833430000000021
11
150.0704470000000015
21
-69.2652609999999953
0
LINE
8
BLACK
6
CONTINUOUS
10
150.0704470000000015
20
-69.2652609999999953
11
150.1475460000000055
21
-69.2075459999999936
0
LINE
8
BLACK
6
CONTINUOUS
10
150.1475460000000055
20
-69.2075459999999936
11
150.2337959999999839
21
-69.0923310000000015
0
LINE
8
BLACK
6
CONTINUOUS
10
150.2337959999999839
20
-69.0923310000000015
11
150.2840909999999894
21
-68.9574829999999963
0
LINE
8
BLACK
6
CONTINUOUS
10
150.2840909999999894
20
-68.9574829999999963
11
150.2890439999999899
21
-68.9114160000000027
0
LINE
8
BLACK
6
CONTINUOUS
10
150.2890439999999899
20
-68.9114160000000027
11
150.2904989999999827
21
-68.8978859999999997
0
LINE
8
BLACK
6
CONTINUOUS
10
150.2904989999999827
20
-68.8978859999999997
11
150.2904989999999827
21
-68.8978819999999956
0
LINE
8
BLACK
6
CONTINUOUS
10
150.2904989999999827
20
-68.8978819999999956
11
150.2904999999999802
21
-68.8978729999999899
0
LINE
8
BLACK
6
CONTINUOUS
10
150.2904999999999802
20
-68.8978729999999899
11
150.2904989999999827
21
-68.8873119999999943
0
LINE
8
BLACK
6
CONTINUOUS
10
150.2904989999999827
20
-68.8873119999999943
11
150.3101790000000051
21
-68.8202749999999952
0
LINE
8
BLACK
6
CONTINUOUS
10
150.3101790000000051
20
-68.8202749999999952
11
150.3268180000000029
21
-68.7996260000000035
0
LINE
8
BLACK
6
CONTINUOUS
10
150.3268180000000029
20
-68.7996260000000035
11
150.6208969999999852
21
-68.5055469999999929
0
LINE
8
BLACK
6
CONTINUOUS
10
150.6208969999999852
20
-68.5055469999999929
11
150.5980789999999843
21
-68.4713969999999961
0
LINE
8
BLACK
6
CONTINUOUS
10
150.5980789999999843
20
-68.4713969999999961
11
150.5230599999999868
21
-68.2902849999999972
0
LINE
8
BLACK
6
CONTINUOUS
10
150.5230599999999868
20
-68.2902849999999972
11
150.4848149999999976
21
-68.0980169999999987
0
LINE
8
BLACK
6
CONTINUOUS
10
150.4848149999999976
20
-68.0980169999999987
11
150.4848149999999976
21
-67.9019830000000013
0
LINE
8
BLACK
6
CONTINUOUS
10
150.4848149999999976
20
-67.9019830000000013
11
150.5230599999999868
21
-67.7097150000000028
0
LINE
8
BLACK
6
CONTINUOUS
10
150.5230599999999868
20
-67.7097150000000028
11
150.5980789999999843
21
-67.5286030000000039
0
LINE
8
BLACK
6
CONTINUOUS
10
150.5980789999999843
20
-67.5286030000000039
11
150.6208979999999826
21
-67.4944519999999955
0
LINE
8
BLACK
6
CONTINUOUS
10
150.6208979999999826
20
-67.4944519999999955
11
150.3268180000000029
21
-67.2003720000000015
0
LINE
8
BLACK
6
CONTINUOUS
10
150.3268180000000029
20
-67.2003720000000015
11
150.2933329999999899
21
-67.139049
0
LINE
8
BLACK
6
CONTINUOUS
10
150.2933329999999899
20
-67.139049
11
150.2904989999999827
21
-67.1126909999999981
0
LINE
8
BLACK
6
CONTINUOUS
10
150.2904989999999827
20
-67.1126909999999981
11
150.2904989999999827
21
-67.1021289999999908
0
LINE
8
BLACK
6
CONTINUOUS
10
150.2904989999999827
20
-67.1021289999999908
11
150.2904979999999853
21
-67.1021229999999917
0
LINE
8
BLACK
6
CONTINUOUS
10
150.2904979999999853
20
-67.1021229999999917
11
150.2904969999999878
21
-67.1021159999999952
0
LINE
8
BLACK
6
CONTINUOUS
10
150.2904969999999878
20
-67.1021159999999952
11
150.2840909999999894
21
-67.0425170000000037
0
LINE
8
BLACK
6
CONTINUOUS
10
150.2840909999999894
20
-67.0425170000000037
11
150.2766210000000058
21
-67.0224899999999906
0
LINE
8
BLACK
6
CONTINUOUS
10
150.2766210000000058
20
-67.0224899999999906
11
150.2337969999999814
21
-66.9076709999999935
0
LINE
8
BLACK
6
CONTINUOUS
10
150.2337969999999814
20
-66.9076709999999935
11
150.2337949999999864
21
-66.907668000000001
0
LINE
8
BLACK
6
CONTINUOUS
10
150.2337949999999864
20
-66.907668000000001
11
150.2272389999999973
21
-66.8989100000000008
0
LINE
8
BLACK
6
CONTINUOUS
10
150.2272389999999973
20
-66.8989100000000008
11
150.2272379999999998
21
-66.8989069999999941
0
LINE
8
BLACK
6
CONTINUOUS
10
150.2272379999999998
20
-66.8989069999999941
11
150.147547000000003
21
-66.7924550000000039
0
LINE
8
BLACK
6
CONTINUOUS
10
150.147547000000003
20
-66.7924550000000039
11
150.1475439999999821
21
-66.7924519999999973
0
LINE
8
BLACK
6
CONTINUOUS
10
150.1475439999999821
20
-66.7924519999999973
11
150.0323349999999891
21
-66.7062059999999946
0
LINE
8
BLACK
6
CONTINUOUS
10
150.0323349999999891
20
-66.7062059999999946
11
150.0323280000000068
21
-66.7062019999999904
0
LINE
8
BLACK
6
CONTINUOUS
10
150.0323280000000068
20
-66.7062019999999904
11
149.8974819999999966
21
-66.6559079999999966
0
LINE
8
BLACK
6
CONTINUOUS
10
149.8974819999999966
20
-66.6559079999999966
11
149.897482999999994
21
-66.6559079999999966
0
LINE
8
BLACK
6
CONTINUOUS
10
149.897482999999994
20
-66.6559079999999966
11
149.837883000000005
21
-66.6495010000000008
0
LINE
8
BLACK
6
CONTINUOUS
10
149.837883000000005
20
-66.6495010000000008
11
149.8378809999999817
21
-66.6495000000000033
0
LINE
8
BLACK
6
CONTINUOUS
10
149.8378809999999817
20
-66.6495000000000033
11
149.8378730000000019
21
-66.6495000000000033
0
LINE
8
BLACK
6
CONTINUOUS
10
149.8378730000000019
20
-66.6495000000000033
11
149.8378639999999962
21
-66.6495000000000033
0
LINE
8
BLACK
6
CONTINUOUS
10
149.8378639999999962
20
-66.6495000000000033
11
148.0421289999999885
21
-66.6495000000000033
0
LINE
8
BLACK
6
CONTINUOUS
10
148.0421289999999885
20
-66.6495000000000033
11
148.0421230000000037
21
-66.6495010000000008
0
LINE
8
BLACK
6
CONTINUOUS
10
148.0421230000000037
20
-66.6495010000000008
11
147.9825160000000039
21
-66.6559079999999966
0
LINE
8
BLACK
6
CONTINUOUS
10
147.9825160000000039
20
-66.6559079999999966
11
147.8476709999999912
21
-66.7062019999999904
0
LINE
8
BLACK
6
CONTINUOUS
10
147.8476709999999912
20
-66.7062019999999904
11
147.8476639999999804
21
-66.7062059999999946
0
LINE
8
BLACK
6
CONTINUOUS
10
147.8476639999999804
20
-66.7062059999999946
11
147.7324549999999874
21
-66.7924519999999973
0
LINE
8
BLACK
6
CONTINUOUS
10
147.7324549999999874
20
-66.7924519999999973
11
147.732451999999995
21
-66.7924550000000039
0
LINE
8
BLACK
6
CONTINUOUS
10
147.732451999999995
20
-66.7924550000000039
11
147.6462060000000065
21
-66.9076639999999969
0
LINE
8
BLACK
6
CONTINUOUS
10
147.6462060000000065
20
-66.9076639999999969
11
147.6462019999999882
21
-66.9076709999999935
0
LINE
8
BLACK
6
CONTINUOUS
10
147.6462019999999882
20
-66.9076709999999935
11
147.5959079999999801
21
-67.0425170000000037
0
LINE
8
BLACK
6
CONTINUOUS
10
147.5959079999999801
20
-67.0425170000000037
11
147.5897510000000068
21
-67.0997919999999937
0
LINE
8
BLACK
6
CONTINUOUS
10
147.5897510000000068
20
-67.0997919999999937
11
147.5895009999999843
21
-67.1021229999999917
0
LINE
8
BLACK
6
CONTINUOUS
10
147.5895009999999843
20
-67.1021229999999917
11
147.5894999999999868
21
-67.1021349999999899
0
LINE
8
BLACK
6
CONTINUOUS
10
147.5894999999999868
20
-67.1021349999999899
11
147.5894999999999868
21
-68.8978699999999975
0
LINE
8
BLACK
6
CONTINUOUS
10
147.5894999999999868
20
-68.8978699999999975
11
147.5895009999999843
21
-68.8978759999999966
0
LINE
8
BLACK
6
CONTINUOUS
10
147.5895009999999843
20
-68.8978759999999966
11
147.5959079999999801
21
-68.9574829999999963
0
LINE
8
BLACK
6
CONTINUOUS
10
147.5959079999999801
20
-68.9574829999999963
11
147.6462019999999882
21
-69.0923279999999949
0
LINE
8
BLACK
6
CONTINUOUS
10
147.6462019999999882
20
-69.0923279999999949
11
147.6462060000000065
21
-69.0923349999999914
0
LINE
8
BLACK
6
CONTINUOUS
10
147.6462060000000065
20
-69.0923349999999914
11
147.732451999999995
21
-69.2075439999999986
0
LINE
8
BLACK
6
CONTINUOUS
10
147.732451999999995
20
-69.2075439999999986
11
147.7324549999999874
21
-69.207546999999991
0
LINE
8
BLACK
6
CONTINUOUS
10
147.7324549999999874
20
-69.207546999999991
11
147.8476650000000063
21
-69.2937939999999912
0
LINE
8
BLACK
6
CONTINUOUS
10
147.8476650000000063
20
-69.2937939999999912
11
147.8476670000000013
21
-69.2937939999999912
0
LINE
8
BLACK
6
CONTINUOUS
10
147.8476670000000013
20
-69.2937939999999912
11
147.8476689999999962
21
-69.2937960000000004
0
LINE
8
BLACK
6
CONTINUOUS
10
147.8476689999999962
20
-69.2937960000000004
11
147.8588299999999833
21
-69.2979579999999942
0
LINE
8
BLACK
6
CONTINUOUS
10
147.8588299999999833
20
-69.2979579999999942
11
147.914763999999991
21
-69.3398260000000022
0
LINE
8
BLACK
6
CONTINUOUS
10
147.914763999999991
20
-69.3398260000000022
11
147.9391839999999831
21
-69.4052889999999962
0
LINE
8
BLACK
6
CONTINUOUS
10
147.9391839999999831
20
-69.4052889999999962
11
147.9394999999999811
21
-69.4141410000000008
0
LINE
8
BLACK
6
CONTINUOUS
10
147.9394999999999811
20
-69.4141410000000008
11
147.9394999999999811
21
-103.0385409999999951
0
LINE
8
BLACK
6
CONTINUOUS
10
147.9394999999999811
20
-103.0385409999999951
11
147.9394999999999811
21
-103.03854299999999
0
LINE
8
BLACK
6
CONTINUOUS
10
147.9394999999999811
20
-103.03854299999999
11
147.9394989999999837
21
-103.03854299999999
0
LINE
8
BLACK
6
CONTINUOUS
10
147.9394989999999837
20
-103.03854299999999
11
147.9779470000000003
21
-103.2318289999999905
0
LINE
8
BLACK
6
CONTINUOUS
10
147.9779470000000003
20
-103.2318289999999905
11
147.9779499999999928
21
-103.2318389999999937
0
LINE
8
BLACK
6
CONTINUOUS
10
147.9779499999999928
20
-103.2318389999999937
11
148.0533639999999878
21
-103.4139069999999947
0
LINE
8
BLACK
6
CONTINUOUS
10
148.0533639999999878
20
-103.4139069999999947
11
148.0533709999999985
21
-103.4139199999999903
0
LINE
8
BLACK
6
CONTINUOUS
10
148.0533709999999985
20
-103.4139199999999903
11
148.1628599999999949
21
-103.5777810000000017
0
LINE
8
BLACK
6
CONTINUOUS
10
148.1628599999999949
20
-103.5777810000000017
11
148.1628629999999873
21
-103.5777849999999916
0
LINE
8
BLACK
6
CONTINUOUS
10
148.1628629999999873
20
-103.5777849999999916
11
148.3065369999999916
21
-103.7214589999999959
0
LINE
8
BLACK
6
CONTINUOUS
10
148.3065369999999916
20
-103.7214589999999959
11
148.3065589999999929
21
-103.7214790000000022
0
LINE
8
BLACK
6
CONTINUOUS
10
148.3065589999999929
20
-103.7214790000000022
11
154.1897349999999847
21
-109.6046549999999939
0
LINE
8
BLACK
6
CONTINUOUS
10
154.1897349999999847
20
-109.6046549999999939
11
154.1897639999999967
21
-109.6046860000000009
0
LINE
8
BLACK
6
CONTINUOUS
10
154.1897639999999967
20
-109.6046860000000009
11
154.3322169999999858
21
-109.74713899999999
0
LINE
8
BLACK
6
CONTINUOUS
10
154.3322169999999858
20
-109.74713899999999
11
154.4245719999999835
21
-109.8088479999999976
0
LINE
8
BLACK
6
CONTINUOUS
10
154.4245719999999835
20
-109.8088479999999976
11
154.4960859999999911
21
-109.8566319999999905
0
LINE
8
BLACK
6
CONTINUOUS
10
154.4960859999999911
20
-109.8566319999999905
11
154.4960879999999861
21
-109.856632999999988
0
LINE
8
BLACK
6
CONTINUOUS
10
154.4960879999999861
20
-109.856632999999988
11
154.4960920000000044
21
-109.8566349999999971
0
LINE
8
BLACK
6
CONTINUOUS
10
154.4960920000000044
20
-109.8566349999999971
11
154.553607999999997
21
-109.8804579999999902
0
LINE
8
BLACK
6
CONTINUOUS
10
154.553607999999997
20
-109.8804579999999902
11
154.6237219999999866
21
-109.9094999999999942
0
LINE
8
BLACK
6
CONTINUOUS
10
154.6237219999999866
20
-109.9094999999999942
11
154.6781639999999811
21
-109.9320510000000013
0
LINE
8
BLACK
6
CONTINUOUS
10
154.6781639999999811
20
-109.9320510000000013
11
154.7558819999999855
21
-109.9475099999999941
0
LINE
8
BLACK
6
CONTINUOUS
10
154.7558819999999855
20
-109.9475099999999941
11
154.7611139999999921
21
-109.9485499999999973
0
LINE
8
BLACK
6
CONTINUOUS
10
154.7611139999999921
20
-109.9485499999999973
11
154.7611149999999895
21
-109.9485509999999948
0
LINE
8
BLACK
6
CONTINUOUS
10
154.7611149999999895
20
-109.9485509999999948
11
154.8714559999999949
21
-109.9705000000000013
0
LINE
8
BLACK
6
CONTINUOUS
10
154.8714559999999949
20
-109.9705000000000013
11
154.8714589999999873
21
-109.9705000000000013
0
LINE
8
BLACK
6
CONTINUOUS
10
154.8714589999999873
20
-109.9705000000000013
11
154.8714599999999848
21
-109.9705000000000013
0
LINE
8
BLACK
6
CONTINUOUS
10
154.8714599999999848
20
-109.9705000000000013
11
155.0685399999999845
21
-109.9705000000000013
0
LINE
8
BLACK
6
CONTINUOUS
10
155.0685399999999845
20
-109.9705000000000013
11
159.0660379999999918
21
-109.9705000000000013
0
LINE
8
BLACK
6
CONTINUOUS
10
159.0660379999999918
20
-109.9705000000000013
11
159.0955409999999972
21
-109.9791629999999998
0
LINE
8
BLACK
6
CONTINUOUS
10
159.0955409999999972
20
-109.9791629999999998
11
159.1255960000000016
21
-109.9857389999999953
0
LINE
8
BLACK
6
CONTINUOUS
10
159.1255960000000016
20
-109.9857389999999953
11
159.1299280000000067
21
-109.9892600000000016
0
LINE
8
BLACK
6
CONTINUOUS
10
159.1299280000000067
20
-109.9892600000000016
11
159.1330769999999859
21
-109.9901849999999968
0
LINE
8
BLACK
6
CONTINUOUS
10
159.1330769999999859
20
-109.9901849999999968
11
159.153823999999986
21
-110.0069239999999979
0
LINE
8
BLACK
6
CONTINUOUS
10
159.153823999999986
20
-110.0069239999999979
11
159.1583080000000052
21
-110.0114189999999894
0
LINE
8
BLACK
6
CONTINUOUS
10
159.1583080000000052
20
-110.0114189999999894
11
159.1592069999999808
21
-110.0126559999999927
0
LINE
8
BLACK
6
CONTINUOUS
10
159.1592069999999808
20
-110.0126559999999927
11
159.2988699999999938
21
-110.1523189999999914
0
LINE
8
BLACK
6
CONTINUOUS
10
159.2988699999999938
20
-110.1523189999999914
11
159.2989749999999844
21
-110.1524239999999963
0
LINE
8
BLACK
6
CONTINUOUS
10
159.2989749999999844
20
-110.1524239999999963
11
159.3157669999999939
21
-110.1832629999999966
0
LINE
8
BLACK
6
CONTINUOUS
10
159.3157669999999939
20
-110.1832629999999966
11
159.3323550000000068
21
-110.213641999999993
0
LINE
8
BLACK
6
CONTINUOUS
10
159.3323550000000068
20
-110.213641999999993
11
159.3323489999999936
21
-110.2137180000000001
0
LINE
8
BLACK
6
CONTINUOUS
10
159.3323489999999936
20
-110.2137180000000001
11
159.3323869999999829
21
-110.2137869999999964
0
LINE
8
BLACK
6
CONTINUOUS
10
159.3323869999999829
20
-110.2137869999999964
11
159.3298429999999826
21
-110.2487579999999951
0
LINE
8
BLACK
6
CONTINUOUS
10
159.3298429999999826
20
-110.2487579999999951
11
159.3273709999999994
21
-110.2833339999999964
0
LINE
8
BLACK
6
CONTINUOUS
10
159.3273709999999994
20
-110.2833339999999964
11
159.3273230000000069
21
-110.2834069999999969
0
LINE
8
BLACK
6
CONTINUOUS
10
159.3273230000000069
20
-110.2834069999999969
11
159.3273189999999886
21
-110.2834730000000008
0
LINE
8
BLACK
6
CONTINUOUS
10
159.3273189999999886
20
-110.2834730000000008
11
159.3270589999999913
21
-110.283818999999994
0
LINE
8
BLACK
6
CONTINUOUS
10
159.3270589999999913
20
-110.283818999999994
11
159.2988699999999938
21
-110.3276809999999983
0
LINE
8
BLACK
6
CONTINUOUS
10
159.2988699999999938
20
-110.3276809999999983
11
159.1592049999999858
21
-110.4673449999999946
0
LINE
8
BLACK
6
CONTINUOUS
10
159.1592049999999858
20
-110.4673449999999946
11
159.1592009999999959
21
-110.4673499999999962
0
LINE
8
BLACK
6
CONTINUOUS
10
159.1592009999999959
20
-110.4673499999999962
11
159.0111320000000035
21
-110.6711509999999947
0
LINE
8
BLACK
6
CONTINUOUS
10
159.0111320000000035
20
-110.6711509999999947
11
158.8967600000000004
21
-110.8956159999999898
0
LINE
8
BLACK
6
CONTINUOUS
10
158.8967600000000004
20
-110.8956159999999898
11
158.8189099999999883
21
-111.1352139999999906
0
LINE
8
BLACK
6
CONTINUOUS
10
158.8189099999999883
20
-111.1352139999999906
11
158.7984500000000025
21
-111.2643939999999958
0
LINE
8
BLACK
6
CONTINUOUS
10
158.7984500000000025
20
-111.2643939999999958
11
158.7794999999999845
21
-111.3840379999999897
0
LINE
8
BLACK
6
CONTINUOUS
10
158.7794999999999845
20
-111.3840379999999897
11
158.7794999999999845
21
-111.6359619999999921
0
LINE
8
BLACK
6
CONTINUOUS
10
158.7794999999999845
20
-111.6359619999999921
11
158.7840029999999842
21
-111.6643940000000015
0
LINE
8
BLACK
6
CONTINUOUS
10
158.7840029999999842
20
-111.6643940000000015
11
158.8189099999999883
21
-111.8847849999999937
0
LINE
8
BLACK
6
CONTINUOUS
10
158.8189099999999883
20
-111.8847849999999937
11
158.8967600000000004
21
-112.1243829999999946
0
LINE
8
BLACK
6
CONTINUOUS
10
158.8967600000000004
20
-112.1243829999999946
11
158.9754130000000032
21
-112.2787469999999956
0
LINE
8
BLACK
6
CONTINUOUS
10
158.9754130000000032
20
-112.2787469999999956
11
159.0079519999999889
21
-112.3426079999999985
0
LINE
8
BLACK
6
CONTINUOUS
10
159.0079519999999889
20
-112.3426079999999985
11
159.0111320000000035
21
-112.3488479999999896
0
LINE
8
BLACK
6
CONTINUOUS
10
159.0111320000000035
20
-112.3488479999999896
11
159.1592009999999959
21
-112.5526489999999882
0
LINE
8
BLACK
6
CONTINUOUS
10
159.1592009999999959
20
-112.5526489999999882
11
159.1592049999999858
21
-112.5526539999999898
0
LINE
8
BLACK
6
CONTINUOUS
10
159.1592049999999858
20
-112.5526539999999898
11
159.3373449999999991
21
-112.7307939999999888
0
LINE
8
BLACK
6
CONTINUOUS
10
159.3373449999999991
20
-112.7307939999999888
11
159.3373499999999865
21
-112.730797999999993
0
LINE
8
BLACK
6
CONTINUOUS
10
159.3373499999999865
20
-112.730797999999993
11
159.5151170000000036
21
-112.8599519999999927
0
LINE
8
BLACK
6
CONTINUOUS
10
159.5151170000000036
20
-112.8599519999999927
11
159.5411550000000034
21
-112.878869999999992
0
LINE
8
BLACK
6
CONTINUOUS
10
159.5411550000000034
20
-112.878869999999992
11
159.6841839999999877
21
-112.9517469999999975
0
LINE
8
BLACK
6
CONTINUOUS
10
159.6841839999999877
20
-112.9517469999999975
11
159.7656159999999943
21
-112.9932389999999884
0
LINE
8
BLACK
6
CONTINUOUS
10
159.7656159999999943
20
-112.9932389999999884
11
159.7656179999999893
21
-112.9932389999999884
0
LINE
8
BLACK
6
CONTINUOUS
10
159.7656179999999893
20
-112.9932389999999884
11
159.7656209999999817
21
-112.9932409999999976
0
LINE
8
BLACK
6
CONTINUOUS
10
159.7656209999999817
20
-112.9932409999999976
11
160.0052149999999926
21
-113.0710899999999981
0
LINE
8
BLACK
6
CONTINUOUS
10
160.0052149999999926
20
-113.0710899999999981
11
160.25403799999998
21
-113.1105000000000018
0
LINE
8
BLACK
6
CONTINUOUS
10
160.25403799999998
20
-113.1105000000000018
11
160.2540390000000059
21
-113.1105000000000018
0
LINE
8
BLACK
6
CONTINUOUS
10
160.2540390000000059
20
-113.1105000000000018
11
160.505960999999985
21
-113.1105000000000018
0
LINE
8
BLACK
6
CONTINUOUS
10
160.505960999999985
20
-113.1105000000000018
11
160.5059619999999825
21
-113.1105000000000018
0
LINE
8
BLACK
6
CONTINUOUS
10
160.5059619999999825
20
-113.1105000000000018
11
160.7547849999999983
21
-113.0710899999999981
0
LINE
8
BLACK
6
CONTINUOUS
10
160.7547849999999983
20
-113.0710899999999981
11
160.9943789999999808
21
-112.9932409999999976
0
LINE
8
BLACK
6
CONTINUOUS
10
160.9943789999999808
20
-112.9932409999999976
11
161.2188449999999875
21
-112.878869999999992
0
LINE
8
BLACK
6
CONTINUOUS
10
161.2188449999999875
20
-112.878869999999992
11
161.4226559999999893
21
-112.7307929999999914
0
LINE
8
BLACK
6
CONTINUOUS
10
161.4226559999999893
20
-112.7307929999999914
11
161.6007929999999817
21
-112.5526559999999989
0
LINE
8
BLACK
6
CONTINUOUS
10
161.6007929999999817
20
-112.5526559999999989
11
161.7488699999999824
21
-112.3488449999999972
0
LINE
8
BLACK
6
CONTINUOUS
10
161.7488699999999824
20
-112.3488449999999972
11
161.8632409999999879
21
-112.1243789999999905
0
LINE
8
BLACK
6
CONTINUOUS
10
161.8632409999999879
20
-112.1243789999999905
11
161.9410900000000026
21
-111.8847849999999937
0
LINE
8
BLACK
6
CONTINUOUS
10
161.9410900000000026
20
-111.8847849999999937
11
161.9805000000000064
21
-111.6359619999999921
0
LINE
8
BLACK
6
CONTINUOUS
10
161.9805000000000064
20
-111.6359619999999921
11
161.9805000000000064
21
-111.3840379999999897
0
LINE
8
BLACK
6
CONTINUOUS
10
161.9805000000000064
20
-111.3840379999999897
11
161.9410900000000026
21
-111.1352149999999881
0
LINE
8
BLACK
6
CONTINUOUS
10
161.9410900000000026
20
-111.1352149999999881
11
161.8632409999999879
21
-110.8956209999999913
0
LINE
8
BLACK
6
CONTINUOUS
10
161.8632409999999879
20
-110.8956209999999913
11
161.863238999999993
21
-110.8956179999999989
0
LINE
8
BLACK
6
CONTINUOUS
10
161.863238999999993
20
-110.8956179999999989
11
161.863238999999993
21
-110.8956159999999898
0
LINE
8
BLACK
6
CONTINUOUS
10
161.863238999999993
20
-110.8956159999999898
11
161.8217469999999878
21
-110.8141839999999974
0
LINE
8
BLACK
6
CONTINUOUS
10
161.8217469999999878
20
-110.8141839999999974
11
161.7488699999999824
21
-110.6711549999999988
0
LINE
8
BLACK
6
CONTINUOUS
10
161.7488699999999824
20
-110.6711549999999988
11
161.7230529999999931
21
-110.6356210000000004
0
LINE
8
BLACK
6
CONTINUOUS
10
161.7230529999999931
20
-110.6356210000000004
11
161.6007979999999975
21
-110.4673499999999962
0
LINE
8
BLACK
6
CONTINUOUS
10
161.6007979999999975
20
-110.4673499999999962
11
161.6007939999999792
21
-110.4673449999999946
0
LINE
8
BLACK
6
CONTINUOUS
10
161.6007939999999792
20
-110.4673449999999946
11
161.4611299999999972
21
-110.3276809999999983
0
LINE
8
BLACK
6
CONTINUOUS
10
161.4611299999999972
20
-110.3276809999999983
11
161.4276449999999841
21
-110.2663579999999968
0
LINE
8
BLACK
6
CONTINUOUS
10
161.4276449999999841
20
-110.2663579999999968
11
161.4326289999999915
21
-110.1966659999999933
0
LINE
8
BLACK
6
CONTINUOUS
10
161.4326289999999915
20
-110.1966659999999933
11
161.4611299999999972
21
-110.1523189999999914
0
LINE
8
BLACK
6
CONTINUOUS
10
161.4611299999999972
20
-110.1523189999999914
11
161.5066029999999841
21
-110.1068459999999902
0
LINE
8
BLACK
6
CONTINUOUS
10
161.5066029999999841
20
-110.1068459999999902
11
161.6007929999999817
21
-110.0126559999999927
0
LINE
8
BLACK
6
CONTINUOUS
10
161.6007929999999817
20
-110.0126559999999927
11
161.7488699999999824
21
-109.8088449999999909
0
LINE
8
BLACK
6
CONTINUOUS
10
161.7488699999999824
20
-109.8088449999999909
11
161.8632409999999879
21
-109.5843789999999984
0
LINE
8
BLACK
6
CONTINUOUS
10
161.8632409999999879
20
-109.5843789999999984
11
161.9410900000000026
21
-109.3447850000000017
0
LINE
8
BLACK
6
CONTINUOUS
10
161.9410900000000026
20
-109.3447850000000017
11
161.9805000000000064
21
-109.0959620000000001
0
LINE
8
BLACK
6
CONTINUOUS
10
161.9805000000000064
20
-109.0959620000000001
11
161.9805000000000064
21
-108.8440379999999976
0
LINE
8
BLACK
6
CONTINUOUS
10
161.9805000000000064
20
-108.8440379999999976
11
161.9410900000000026
21
-108.5952149999999961
0
LINE
8
BLACK
6
CONTINUOUS
10
161.9410900000000026
20
-108.5952149999999961
11
161.8632409999999879
21
-108.3556209999999993
0
LINE
8
BLACK
6
CONTINUOUS
10
161.8632409999999879
20
-108.3556209999999993
11
161.863238999999993
21
-108.3556179999999927
0
LINE
8
BLACK
6
CONTINUOUS
10
161.863238999999993
20
-108.3556179999999927
11
161.863238999999993
21
-108.3556159999999977
0
LINE
8
BLACK
6
CONTINUOUS
10
161.863238999999993
20
-108.3556159999999977
11
161.7755750000000035
21
-108.1835669999999965
0
LINE
8
BLACK
6
CONTINUOUS
10
161.7755750000000035
20
-108.1835669999999965
11
161.7488699999999824
21
-108.1311549999999926
0
LINE
8
BLACK
6
CONTINUOUS
10
161.7488699999999824
20
-108.1311549999999926
11
161.7299519999999973
21
-108.1051169999999928
0
LINE
8
BLACK
6
CONTINUOUS
10
161.7299519999999973
20
-108.1051169999999928
11
161.6007979999999975
21
-107.9273499999999899
0
LINE
8
BLACK
6
CONTINUOUS
10
161.6007979999999975
20
-107.9273499999999899
11
161.6007939999999792
21
-107.9273449999999883
0
LINE
8
BLACK
6
CONTINUOUS
10
161.6007939999999792
20
-107.9273449999999883
11
161.4611299999999972
21
-107.7876809999999921
0
LINE
8
BLACK
6
CONTINUOUS
10
161.4611299999999972
20
-107.7876809999999921
11
161.4276449999999841
21
-107.7263579999999905
0
LINE
8
BLACK
6
CONTINUOUS
10
161.4276449999999841
20
-107.7263579999999905
11
161.4326289999999915
21
-107.6566660000000013
0
LINE
8
BLACK
6
CONTINUOUS
10
161.4326289999999915
20
-107.6566660000000013
11
161.4611299999999972
21
-107.6123189999999994
0
LINE
8
BLACK
6
CONTINUOUS
10
161.4611299999999972
20
-107.6123189999999994
11
161.4989349999999888
21
-107.5745139999999935
0
LINE
8
BLACK
6
CONTINUOUS
10
161.4989349999999888
20
-107.5745139999999935
11
161.6007929999999817
21
-107.4726560000000006
0
LINE
8
BLACK
6
CONTINUOUS
10
161.6007929999999817
20
-107.4726560000000006
11
161.7488699999999824
21
-107.2688449999999989
0
LINE
8
BLACK
6
CONTINUOUS
10
161.7488699999999824
20
-107.2688449999999989
11
161.8632409999999879
21
-107.0443789999999922
0
LINE
8
BLACK
6
CONTINUOUS
10
161.8632409999999879
20
-107.0443789999999922
11
161.9410900000000026
21
-106.8047849999999954
0
LINE
8
BLACK
6
CONTINUOUS
10
161.9410900000000026
20
-106.8047849999999954
11
161.9805000000000064
21
-106.5559619999999938
0
LINE
8
BLACK
6
CONTINUOUS
10
161.9805000000000064
20
-106.5559619999999938
11
161.9805000000000064
21
-106.3040379999999914
0
LINE
8
BLACK
6
CONTINUOUS
10
161.9805000000000064
20
-106.3040379999999914
11
161.9410900000000026
21
-106.0552149999999898
0
LINE
8
BLACK
6
CONTINUOUS
10
161.9410900000000026
20
-106.0552149999999898
11
161.8632409999999879
21
-105.815620999999993
0
LINE
8
BLACK
6
CONTINUOUS
10
161.8632409999999879
20
-105.815620999999993
11
161.863238999999993
21
-105.8156180000000006
0
LINE
8
BLACK
6
CONTINUOUS
10
161.863238999999993
20
-105.8156180000000006
11
161.863238999999993
21
-105.8156159999999915
0
LINE
8
BLACK
6
CONTINUOUS
10
161.863238999999993
20
-105.8156159999999915
11
161.793563000000006
21
-105.6788710000000009
0
LINE
8
BLACK
6
CONTINUOUS
10
161.793563000000006
20
-105.6788710000000009
11
161.7488699999999824
21
-105.5911550000000005
0
LINE
8
BLACK
6
CONTINUOUS
10
161.7488699999999824
20
-105.5911550000000005
11
161.7141489999999919
21
-105.5433659999999918
0
LINE
8
BLACK
6
CONTINUOUS
10
161.7141489999999919
20
-105.5433659999999918
11
161.6007979999999975
21
-105.3873499999999979
0
LINE
8
BLACK
6
CONTINUOUS
10
161.6007979999999975
20
-105.3873499999999979
11
161.6007939999999792
21
-105.3873449999999963
0
LINE
8
BLACK
6
CONTINUOUS
10
161.6007939999999792
20
-105.3873449999999963
11
161.4611299999999972
21
-105.247681
0
LINE
8
BLACK
6
CONTINUOUS
10
161.4611299999999972
20
-105.247681
11
161.4568280000000016
21
-105.2398019999999974
0
LINE
8
BLACK
6
CONTINUOUS
10
161.4568280000000016
20
-105.2398019999999974
11
161.4496330000000057
21
-105.234429999999989
0
LINE
8
BLACK
6
CONTINUOUS
10
161.4496330000000057
20
-105.234429999999989
11
161.4403419999999869
21
-105.2096109999999953
0
LINE
8
BLACK
6
CONTINUOUS
10
161.4403419999999869
20
-105.2096109999999953
11
161.4276449999999841
21
-105.1863579999999985
0
LINE
8
BLACK
6
CONTINUOUS
10
161.4276449999999841
20
-105.1863579999999985
11
161.4282849999999883
21
-105.1774020000000007
0
LINE
8
BLACK
6
CONTINUOUS
10
161.4282849999999883
20
-105.1774020000000007
11
161.425138000000004
21
-105.1689949999999953
0
LINE
8
BLACK
6
CONTINUOUS
10
161.425138000000004
20
-105.1689949999999953
11
161.430737999999991
21
-105.1430989999999923
0
LINE
8
BLACK
6
CONTINUOUS
10
161.430737999999991
20
-105.1430989999999923
11
161.4326289999999915
21
-105.1166659999999951
0
LINE
8
BLACK
6
CONTINUOUS
10
161.4326289999999915
20
-105.1166659999999951
11
161.4384000000000015
21
-105.1076729999999912
0
LINE
8
BLACK
6
CONTINUOUS
10
161.4384000000000015
20
-105.1076729999999912
11
161.4399080000000026
21
-105.1007039999999932
0
LINE
8
BLACK
6
CONTINUOUS
10
161.4399080000000026
20
-105.1007039999999932
11
161.4608639999999866
21
-105.0726739999999921
0
LINE
8
BLACK
6
CONTINUOUS
10
161.4608639999999866
20
-105.0726739999999921
11
161.4610250000000065
21
-105.072423999999998
0
LINE
8
BLACK
6
CONTINUOUS
10
161.4610250000000065
20
-105.072423999999998
11
161.4611299999999972
21
-105.0723189999999931
0
LINE
8
BLACK
6
CONTINUOUS
10
161.4611299999999972
20
-105.0723189999999931
11
161.6007929999999817
21
-104.9326559999999944
0
LINE
8
BLACK
6
CONTINUOUS
10
161.6007929999999817
20
-104.9326559999999944
11
161.6016909999999882
21
-104.9314189999999911
0
LINE
8
BLACK
6
CONTINUOUS
10
161.6016909999999882
20
-104.9314189999999911
11
161.6061760000000049
21
-104.9269239999999996
0
LINE
8
BLACK
6
CONTINUOUS
10
161.6061760000000049
20
-104.9269239999999996
11
161.6327799999999968
21
-104.9123549999999909
0
LINE
8
BLACK
6
CONTINUOUS
10
161.6327799999999968
20
-104.9123549999999909
11
161.6581799999999873
21
-104.8957750000000004
0
LINE
8
BLACK
6
CONTINUOUS
10
161.6581799999999873
20
-104.8957750000000004
11
161.6648559999999861
21
-104.8947900000000004
0
LINE
8
BLACK
6
CONTINUOUS
10
161.6648559999999861
20
-104.8947900000000004
11
161.6674579999999821
21
-104.8933660000000003
0
LINE
8
BLACK
6
CONTINUOUS
10
161.6674579999999821
20
-104.8933660000000003
11
161.672239999999988
21
-104.8937019999999904
0
LINE
8
BLACK
6
CONTINUOUS
10
161.672239999999988
20
-104.8937019999999904
11
161.6939619999999991
21
-104.8904999999999887
0
LINE
8
BLACK
6
CONTINUOUS
10
161.6939619999999991
20
-104.8904999999999887
11
164.4827689999999905
21
-104.8904999999999887
0
LINE
8
BLACK
6
CONTINUOUS
10
164.4827689999999905
20
-104.8904999999999887
11
164.5498079999999845
21
-104.9101849999999985
0
LINE
8
BLACK
6
CONTINUOUS
10
164.5498079999999845
20
-104.9101849999999985
11
164.5704499999999939
21
-104.9268179999999973
0
LINE
8
BLACK
6
CONTINUOUS
10
164.5704499999999939
20
-104.9268179999999973
11
164.6763440000000003
21
-105.0327119999999894
0
LINE
8
BLACK
6
CONTINUOUS
10
164.6763440000000003
20
-105.0327119999999894
11
164.825665999999984
21
-105.1248140000000006
0
LINE
8
BLACK
6
CONTINUOUS
10
164.825665999999984
20
-105.1248140000000006
11
164.9075699999999927
21
-105.1519539999999893
0
LINE
8
BLACK
6
CONTINUOUS
10
164.9075699999999927
20
-105.1519539999999893
11
164.9176259999999843
21
-105.1589159999999907
0
LINE
8
BLACK
6
CONTINUOUS
10
164.9176259999999843
20
-105.1589159999999907
11
164.9295390000000054
21
-105.1616870000000006
0
LINE
8
BLACK
6
CONTINUOUS
10
164.9295390000000054
20
-105.1616870000000006
11
164.9458129999999869
21
-105.1784320000000008
0
LINE
8
BLACK
6
CONTINUOUS
10
164.9458129999999869
20
-105.1784320000000008
11
164.965014999999994
21
-105.1917270000000002
0
LINE
8
BLACK
6
CONTINUOUS
10
164.965014999999994
20
-105.1917270000000002
11
164.9697099999999921
21
-105.2030199999999951
0
LINE
8
BLACK
6
CONTINUOUS
10
164.9697099999999921
20
-105.2030199999999951
11
164.9782349999999838
21
-105.2117919999999884
0
LINE
8
BLACK
6
CONTINUOUS
10
164.9782349999999838
20
-105.2117919999999884
11
164.9828719999999862
21
-105.2346789999999999
0
LINE
8
BLACK
6
CONTINUOUS
10
164.9828719999999862
20
-105.2346789999999999
11
164.9918380000000013
21
-105.2562429999999978
0
LINE
8
BLACK
6
CONTINUOUS
10
164.9918380000000013
20
-105.2562429999999978
11
164.9896819999999877
21
-105.2682819999999992
0
LINE
8
BLACK
6
CONTINUOUS
10
164.9896819999999877
20
-105.2682819999999992
11
164.9921109999999942
21
-105.2802689999999899
0
LINE
8
BLACK
6
CONTINUOUS
10
164.9921109999999942
20
-105.2802689999999899
11
164.9836389999999824
21
-105.3020289999999903
0
LINE
8
BLACK
6
CONTINUOUS
10
164.9836389999999824
20
-105.3020289999999903
11
164.9795230000000004
21
-105.325018
0
LINE
8
BLACK
6
CONTINUOUS
10
164.9795230000000004
20
-105.325018
11
164.9705759999999941
21
-105.3355829999999997
0
LINE
8
BLACK
6
CONTINUOUS
10
164.9705759999999941
20
-105.3355829999999997
11
164.9667629999999861
21
-105.3453789999999941
0
LINE
8
BLACK
6
CONTINUOUS
10
164.9667629999999861
20
-105.3453789999999941
11
164.9414529999999957
21
-105.3699769999999916
0
LINE
8
BLACK
6
CONTINUOUS
10
164.9414529999999957
20
-105.3699769999999916
11
164.9181629999999927
21
-105.3868989999999997
0
LINE
8
BLACK
6
CONTINUOUS
10
164.9181629999999927
20
-105.3868989999999997
11
164.892122999999998
21
-105.405816999999999
0
LINE
8
BLACK
6
CONTINUOUS
10
164.892122999999998
20
-105.405816999999999
11
164.8263189999999838
21
-105.4292979999999886
0
LINE
8
BLACK
6
CONTINUOUS
10
164.8263189999999838
20
-105.4292979999999886
11
164.8192379999999844
21
-105.4294999999999902
0
LINE
8
BLACK
6
CONTINUOUS
10
164.8192379999999844
20
-105.4294999999999902
11
163.9714549999999917
21
-105.4294999999999902
0
LINE
8
BLACK
6
CONTINUOUS
10
163.9714549999999917
20
-105.4294999999999902
11
163.8748119999999915
21
-105.4487239999999986
0
LINE
8
BLACK
6
CONTINUOUS
10
163.8748119999999915
20
-105.4487239999999986
11
163.7781669999999963
21
-105.4679469999999952
0
LINE
8
BLACK
6
CONTINUOUS
10
163.7781669999999963
20
-105.4679469999999952
11
163.778160999999983
21
-105.4679489999999902
0
LINE
8
BLACK
6
CONTINUOUS
10
163.778160999999983
20
-105.4679489999999902
11
163.7248339999999871
21
-105.4900370000000009
0
LINE
8
BLACK
6
CONTINUOUS
10
163.7248339999999871
20
-105.4900370000000009
11
163.7248339999999871
21
-105.4900379999999984
0
LINE
8
BLACK
6
CONTINUOUS
10
163.7248339999999871
20
-105.4900379999999984
11
163.6793150000000026
21
-105.5088919999999888
0
LINE
8
BLACK
6
CONTINUOUS
10
163.6793150000000026
20
-105.5088919999999888
11
163.5960890000000063
21
-105.5433659999999918
0
LINE
8
BLACK
6
CONTINUOUS
10
163.5960890000000063
20
-105.5433659999999918
11
163.5960790000000031
21
-105.5433709999999934
0
LINE
8
BLACK
6
CONTINUOUS
10
163.5960790000000031
20
-105.5433709999999934
11
163.4322190000000035
21
-105.6528589999999923
0
LINE
8
BLACK
6
CONTINUOUS
10
163.4322190000000035
20
-105.6528589999999923
11
163.3625399999999956
21
-105.7225380000000001
0
LINE
8
BLACK
6
CONTINUOUS
10
163.3625399999999956
20
-105.7225380000000001
11
163.2928609999999878
21
-105.7922179999999912
0
LINE
8
BLACK
6
CONTINUOUS
10
163.2928609999999878
20
-105.7922179999999912
11
163.2928579999999954
21
-105.7922209999999978
0
LINE
8
BLACK
6
CONTINUOUS
10
163.2928579999999954
20
-105.7922209999999978
11
162.6122210000000052
21
-106.4728580000000022
0
LINE
8
BLACK
6
CONTINUOUS
10
162.6122210000000052
20
-106.4728580000000022
11
162.6122179999999844
21
-106.4728609999999946
0
LINE
8
BLACK
6
CONTINUOUS
10
162.6122179999999844
20
-106.4728609999999946
11
162.5429399999999873
21
-106.5421389999999917
0
LINE
8
BLACK
6
CONTINUOUS
10
162.5429399999999873
20
-106.5421389999999917
11
162.4728589999999997
21
-106.6122189999999961
0
LINE
8
BLACK
6
CONTINUOUS
10
162.4728589999999997
20
-106.6122189999999961
11
162.3633710000000008
21
-106.7760799999999932
0
LINE
8
BLACK
6
CONTINUOUS
10
162.3633710000000008
20
-106.7760799999999932
11
162.36336399999999
21
-106.7760929999999888
0
LINE
8
BLACK
6
CONTINUOUS
10
162.36336399999999
20
-106.7760929999999888
11
162.3298499999999933
21
-106.8570039999999892
0
LINE
8
BLACK
6
CONTINUOUS
10
162.3298499999999933
20
-106.8570039999999892
11
162.3298460000000034
21
-106.8570139999999924
0
LINE
8
BLACK
6
CONTINUOUS
10
162.3298460000000034
20
-106.8570139999999924
11
162.3276909999999873
21
-106.8622189999999961
0
LINE
8
BLACK
6
CONTINUOUS
10
162.3276909999999873
20
-106.8622189999999961
11
162.2879489999999976
21
-106.9581639999999965
0
LINE
8
BLACK
6
CONTINUOUS
10
162.2879489999999976
20
-106.9581639999999965
11
162.2707999999999799
21
-107.0443789999999922
0
LINE
8
BLACK
6
CONTINUOUS
10
162.2707999999999799
20
-107.0443789999999922
11
162.2695229999999924
21
-107.0507929999999988
0
LINE
8
BLACK
6
CONTINUOUS
10
162.2695229999999924
20
-107.0507929999999988
11
162.2695229999999924
21
-107.0507969999999887
0
LINE
8
BLACK
6
CONTINUOUS
10
162.2695229999999924
20
-107.0507969999999887
11
162.2494999999999834
21
-107.151455999999996
0
LINE
8
BLACK
6
CONTINUOUS
10
162.2494999999999834
20
-107.151455999999996
11
162.2494999999999834
21
-107.1514589999999885
0
LINE
8
BLACK
6
CONTINUOUS
10
162.2494999999999834
20
-107.1514589999999885
11
162.2494999999999834
21
-114.5985409999999973
0
LINE
8
BLACK
6
CONTINUOUS
10
162.2494999999999834
20
-114.5985409999999973
11
162.2494999999999834
21
-114.5985429999999923
0
LINE
8
BLACK
6
CONTINUOUS
10
162.2494999999999834
20
-114.5985429999999923
11
162.2494989999999859
21
-114.5985429999999923
0
LINE
8
BLACK
6
CONTINUOUS
10
162.2494989999999859
20
-114.5985429999999923
11
162.2879470000000026
21
-114.7918289999999928
0
LINE
8
BLACK
6
CONTINUOUS
10
162.2879470000000026
20
-114.7918289999999928
11
162.287949999999995
21
-114.791838999999996
0
LINE
8
BLACK
6
CONTINUOUS
10
162.287949999999995
20
-114.791838999999996
11
162.36336399999999
21
-114.973906999999997
0
LINE
8
BLACK
6
CONTINUOUS
10
162.36336399999999
20
-114.973906999999997
11
162.3633710000000008
21
-114.9739199999999926
0
LINE
8
BLACK
6
CONTINUOUS
10
162.3633710000000008
20
-114.9739199999999926
11
162.4728599999999972
21
-115.1377809999999897
0
LINE
8
BLACK
6
CONTINUOUS
10
162.4728599999999972
20
-115.1377809999999897
11
162.4728629999999896
21
-115.1377849999999938
0
LINE
8
BLACK
6
CONTINUOUS
10
162.4728629999999896
20
-115.1377849999999938
11
162.6165369999999939
21
-115.2814589999999981
0
LINE
8
BLACK
6
CONTINUOUS
10
162.6165369999999939
20
-115.2814589999999981
11
162.6165589999999952
21
-115.2814789999999903
0
LINE
8
BLACK
6
CONTINUOUS
10
162.6165589999999952
20
-115.2814789999999903
11
163.7197349999999858
21
-116.3846549999999951
0
LINE
8
BLACK
6
CONTINUOUS
10
163.7197349999999858
20
-116.3846549999999951
11
163.7197639999999978
21
-116.3846859999999879
0
LINE
8
BLACK
6
CONTINUOUS
10
163.7197639999999978
20
-116.3846859999999879
11
163.8622139999999945
21
-116.5271359999999987
0
LINE
8
BLACK
6
CONTINUOUS
10
163.8622139999999945
20
-116.5271359999999987
11
163.8622179999999844
21
-116.5271389999999911
0
LINE
8
BLACK
6
CONTINUOUS
10
163.8622179999999844
20
-116.5271389999999911
11
164.0260789999999815
21
-116.6366280000000017
0
LINE
8
BLACK
6
CONTINUOUS
10
164.0260789999999815
20
-116.6366280000000017
11
164.0260920000000056
21
-116.6366349999999983
0
LINE
8
BLACK
6
CONTINUOUS
10
164.0260920000000056
20
-116.6366349999999983
11
164.1548329999999964
21
-116.6899609999999967
0
LINE
8
BLACK
6
CONTINUOUS
10
164.1548329999999964
20
-116.6899609999999967
11
164.1713009999999997
21
-116.6967819999999989
0
LINE
8
BLACK
6
CONTINUOUS
10
164.1713009999999997
20
-116.6967819999999989
11
164.2081639999999823
21
-116.7120509999999882
0
LINE
8
BLACK
6
CONTINUOUS
10
164.2081639999999823
20
-116.7120509999999882
11
164.3048119999999983
21
-116.7312749999999966
0
LINE
8
BLACK
6
CONTINUOUS
10
164.3048119999999983
20
-116.7312749999999966
11
164.3531349999999804
21
-116.7408870000000007
0
LINE
8
BLACK
6
CONTINUOUS
10
164.3531349999999804
20
-116.7408870000000007
11
164.401457999999991
21
-116.7504999999999882
0
LINE
8
BLACK
6
CONTINUOUS
10
164.401457999999991
20
-116.7504999999999882
11
164.4014589999999885
21
-116.7504999999999882
0
LINE
8
BLACK
6
CONTINUOUS
10
164.4014589999999885
20
-116.7504999999999882
11
164.4014599999999859
21
-116.7504999999999882
0
LINE
8
BLACK
6
CONTINUOUS
10
164.4014599999999859
20
-116.7504999999999882
11
164.5985399999999856
21
-116.7504999999999882
0
LINE
8
BLACK
6
CONTINUOUS
10
164.5985399999999856
20
-116.7504999999999882
11
167.328126999999995
21
-116.7504999999999882
0
LINE
8
BLACK
6
CONTINUOUS
10
167.328126999999995
20
-116.7504999999999882
11
167.395165999999989
21
-116.7701849999999979
0
LINE
8
BLACK
6
CONTINUOUS
10
167.395165999999989
20
-116.7701849999999979
11
167.4265029999999967
21
-116.7990139999999997
0
LINE
8
BLACK
6
CONTINUOUS
10
167.4265029999999967
20
-116.7990139999999997
11
167.4837509999999838
21
-116.8736219999999975
0
LINE
8
BLACK
6
CONTINUOUS
10
167.4837509999999838
20
-116.8736219999999975
11
167.4837569999999971
21
-116.873628999999994
0
LINE
8
BLACK
6
CONTINUOUS
10
167.4837569999999971
20
-116.873628999999994
11
167.6413699999999949
21
-117.0312419999999918
0
LINE
8
BLACK
6
CONTINUOUS
10
167.6413699999999949
20
-117.0312419999999918
11
167.6413759999999797
21
-117.0312469999999934
0
LINE
8
BLACK
6
CONTINUOUS
10
167.6413759999999797
20
-117.0312469999999934
11
167.8182259999999815
21
-117.1669479999999908
0
LINE
8
BLACK
6
CONTINUOUS
10
167.8182259999999815
20
-117.1669479999999908
11
168.011273999999986
21
-117.2784049999999922
0
LINE
8
BLACK
6
CONTINUOUS
10
168.011273999999986
20
-117.2784049999999922
11
168.2172190000000001
21
-117.3637099999999975
0
LINE
8
BLACK
6
CONTINUOUS
10
168.2172190000000001
20
-117.3637099999999975
11
168.4325369999999964
21
-117.4214039999999954
0
LINE
8
BLACK
6
CONTINUOUS
10
168.4325369999999964
20
-117.4214039999999954
11
168.6535429999999849
21
-117.450499999999991
0
LINE
8
BLACK
6
CONTINUOUS
10
168.6535429999999849
20
-117.450499999999991
11
168.6535499999999956
21
-117.450499999999991
0
LINE
8
BLACK
6
CONTINUOUS
10
168.6535499999999956
20
-117.450499999999991
11
168.8764500000000055
21
-117.450499999999991
0
LINE
8
BLACK
6
CONTINUOUS
10
168.8764500000000055
20
-117.450499999999991
11
168.8764569999999878
21
-117.450499999999991
0
LINE
8
BLACK
6
CONTINUOUS
10
168.8764569999999878
20
-117.450499999999991
11
169.0974630000000047
21
-117.4214039999999954
0
LINE
8
BLACK
6
CONTINUOUS
10
169.0974630000000047
20
-117.4214039999999954
11
169.3127810000000011
21
-117.3637099999999975
0
LINE
8
BLACK
6
CONTINUOUS
10
169.3127810000000011
20
-117.3637099999999975
11
169.5187259999999867
21
-117.2784049999999922
0
LINE
8
BLACK
6
CONTINUOUS
10
169.5187259999999867
20
-117.2784049999999922
11
169.7117739999999912
21
-117.1669479999999908
0
LINE
8
BLACK
6
CONTINUOUS
10
169.7117739999999912
20
-117.1669479999999908
11
169.888623999999993
21
-117.0312469999999934
0
LINE
8
BLACK
6
CONTINUOUS
10
169.888623999999993
20
-117.0312469999999934
11
170.0462469999999939
21
-116.8736239999999924
0
LINE
8
BLACK
6
CONTINUOUS
10
170.0462469999999939
20
-116.8736239999999924
11
170.1819480000000055
21
-116.6967739999999907
0
LINE
8
BLACK
6
CONTINUOUS
10
170.1819480000000055
20
-116.6967739999999907
11
170.2934049999999786
21
-116.5037260000000003
0
LINE
8
BLACK
6
CONTINUOUS
10
170.2934049999999786
20
-116.5037260000000003
11
170.3787099999999839
21
-116.2977810000000005
0
LINE
8
BLACK
6
CONTINUOUS
10
170.3787099999999839
20
-116.2977810000000005
11
170.4364039999999818
21
-116.08246299999999
0
LINE
8
BLACK
6
CONTINUOUS
10
170.4364039999999818
20
-116.08246299999999
11
170.4654999999999916
21
-115.8614570000000015
0
LINE
8
BLACK
6
CONTINUOUS
10
170.4654999999999916
20
-115.8614570000000015
11
170.4654999999999916
21
-115.6385429999999985
0
LINE
8
BLACK
6
CONTINUOUS
10
170.4654999999999916
20
-115.6385429999999985
11
170.4364039999999818
21
-115.4175369999999958
0
LINE
8
BLACK
6
CONTINUOUS
10
170.4364039999999818
20
-115.4175369999999958
11
170.3787099999999839
21
-115.2022189999999995
0
LINE
8
BLACK
6
CONTINUOUS
10
170.3787099999999839
20
-115.2022189999999995
11
170.2934049999999786
21
-114.9962739999999997
0
LINE
8
BLACK
6
CONTINUOUS
10
170.2934049999999786
20
-114.9962739999999997
11
170.1819480000000055
21
-114.8032259999999951
0
LINE
8
BLACK
6
CONTINUOUS
10
170.1819480000000055
20
-114.8032259999999951
11
170.1256180000000029
21
-114.7298149999999879
0
LINE
8
BLACK
6
CONTINUOUS
10
170.1256180000000029
20
-114.7298149999999879
11
170.0462479999999914
21
-114.6263769999999909
0
LINE
8
BLACK
6
CONTINUOUS
10
170.0462479999999914
20
-114.6263769999999909
11
170.0462419999999781
21
-114.6263699999999943
0
LINE
8
BLACK
6
CONTINUOUS
10
170.0462419999999781
20
-114.6263699999999943
11
169.8886289999999804
21
-114.4687569999999965
0
LINE
8
BLACK
6
CONTINUOUS
10
169.8886289999999804
20
-114.4687569999999965
11
169.888621999999998
21
-114.4687509999999975
0
LINE
8
BLACK
6
CONTINUOUS
10
169.888621999999998
20
-114.4687509999999975
11
169.7117819999999995
21
-114.3330579999999941
0
LINE
8
BLACK
6
CONTINUOUS
10
169.7117819999999995
20
-114.3330579999999941
11
169.7117800000000045
21
-114.3330569999999966
0
LINE
8
BLACK
6
CONTINUOUS
10
169.7117800000000045
20
-114.3330569999999966
11
169.7117739999999912
21
-114.333051999999995
0
LINE
8
BLACK
6
CONTINUOUS
10
169.7117739999999912
20
-114.333051999999995
11
169.5187259999999867
21
-114.2215949999999935
0
LINE
8
BLACK
6
CONTINUOUS
10
169.5187259999999867
20
-114.2215949999999935
11
169.5187219999999968
21
-114.2215929999999986
0
LINE
8
BLACK
6
CONTINUOUS
10
169.5187219999999968
20
-114.2215929999999986
11
169.3127899999999784
21
-114.1362929999999949
0
LINE
8
BLACK
6
CONTINUOUS
10
169.3127899999999784
20
-114.1362929999999949
11
169.312782999999996
21
-114.1362909999999999
0
LINE
8
BLACK
6
CONTINUOUS
10
169.312782999999996
20
-114.1362909999999999
11
169.3127810000000011
21
-114.1362899999999883
0
LINE
8
BLACK
6
CONTINUOUS
10
169.3127810000000011
20
-114.1362899999999883
11
169.0974630000000047
21
-114.0785959999999903
0
LINE
8
BLACK
6
CONTINUOUS
10
169.0974630000000047
20
-114.0785959999999903
11
169.0974569999999915
21
-114.0785949999999929
0
LINE
8
BLACK
6
CONTINUOUS
10
169.0974569999999915
20
-114.0785949999999929
11
169.0974520000000041
21
-114.0785939999999954
0
LINE
8
BLACK
6
CONTINUOUS
10
169.0974520000000041
20
-114.0785939999999954
11
168.8764659999999935
21
-114.0495009999999922
0
LINE
8
BLACK
6
CONTINUOUS
10
168.8764659999999935
20
-114.0495009999999922
11
168.8764630000000011
21
-114.0494999999999948
0
LINE
8
BLACK
6
CONTINUOUS
10
168.8764630000000011
20
-114.0494999999999948
11
168.8764569999999878
21
-114.0494999999999948
0
LINE
8
BLACK
6
CONTINUOUS
10
168.8764569999999878
20
-114.0494999999999948
11
168.6535429999999849
21
-114.0494999999999948
0
LINE
8
BLACK
6
CONTINUOUS
10
168.6535429999999849
20
-114.0494999999999948
11
168.653537
21
-114.0494999999999948
0
LINE
8
BLACK
6
CONTINUOUS
10
168.653537
20
-114.0494999999999948
11
168.6535329999999817
21
-114.0495009999999922
0
LINE
8
BLACK
6
CONTINUOUS
10
168.6535329999999817
20
-114.0495009999999922
11
168.4325469999999996
21
-114.0785939999999954
0
LINE
8
BLACK
6
CONTINUOUS
10
168.4325469999999996
20
-114.0785939999999954
11
168.4325399999999888
21
-114.0785949999999929
0
LINE
8
BLACK
6
CONTINUOUS
10
168.4325399999999888
20
-114.0785949999999929
11
168.4325369999999964
21
-114.0785959999999903
0
LINE
8
BLACK
6
CONTINUOUS
10
168.4325369999999964
20
-114.0785959999999903
11
168.2709270000000004
21
-114.1218989999999991
0
LINE
8
BLACK
6
CONTINUOUS
10
168.2709270000000004
20
-114.1218989999999991
11
168.2172190000000001
21
-114.1362899999999883
0
LINE
8
BLACK
6
CONTINUOUS
10
168.2172190000000001
20
-114.1362899999999883
11
168.2172089999999969
21
-114.1362929999999949
0
LINE
8
BLACK
6
CONTINUOUS
10
168.2172089999999969
20
-114.1362929999999949
11
168.0112769999999784
21
-114.2215929999999986
0
LINE
8
BLACK
6
CONTINUOUS
10
168.0112769999999784
20
-114.2215929999999986
11
168.0112729999999885
21
-114.2215949999999935
0
LINE
8
BLACK
6
CONTINUOUS
10
168.0112729999999885
20
-114.2215949999999935
11
167.8182259999999815
21
-114.333051999999995
0
LINE
8
BLACK
6
CONTINUOUS
10
167.8182259999999815
20
-114.333051999999995
11
167.8182170000000042
21
-114.3330579999999941
0
LINE
8
BLACK
6
CONTINUOUS
10
167.8182170000000042
20
-114.3330579999999941
11
167.6413770000000056
21
-114.4687509999999975
0
LINE
8
BLACK
6
CONTINUOUS
10
167.6413770000000056
20
-114.4687509999999975
11
167.6413699999999949
21
-114.4687569999999965
0
LINE
8
BLACK
6
CONTINUOUS
10
167.6413699999999949
20
-114.4687569999999965
11
167.4837569999999971
21
-114.6263699999999943
0
LINE
8
BLACK
6
CONTINUOUS
10
167.4837569999999971
20
-114.6263699999999943
11
167.4837509999999838
21
-114.6263769999999909
0
LINE
8
BLACK
6
CONTINUOUS
10
167.4837509999999838
20
-114.6263769999999909
11
167.4265029999999967
21
-114.7009860000000003
0
LINE
8
BLACK
6
CONTINUOUS
10
167.4265029999999967
20
-114.7009860000000003
11
167.3700759999999832
21
-114.7421889999999962
0
LINE
8
BLACK
6
CONTINUOUS
10
167.3700759999999832
20
-114.7421889999999962
11
167.328126999999995
21
-114.7494999999999976
0
LINE
8
BLACK
6
CONTINUOUS
10
167.328126999999995
20
-114.7494999999999976
11
164.9657819999999901
21
-114.7494999999999976
0
LINE
8
BLACK
6
CONTINUOUS
10
164.9657819999999901
20
-114.7494999999999976
11
164.8987429999999961
21
-114.7298149999999879
0
LINE
8
BLACK
6
CONTINUOUS
10
164.8987429999999961
20
-114.7298149999999879
11
164.8781009999999867
21
-114.7131809999999916
0
LINE
8
BLACK
6
CONTINUOUS
10
164.8781009999999867
20
-114.7131809999999916
11
164.28681899999998
21
-114.1218989999999991
0
LINE
8
BLACK
6
CONTINUOUS
10
164.28681899999998
20
-114.1218989999999991
11
164.2533339999999953
21
-114.0605759999999975
0
LINE
8
BLACK
6
CONTINUOUS
10
164.2533339999999953
20
-114.0605759999999975
11
164.2504999999999882
21
-114.0342179999999956
0
LINE
8
BLACK
6
CONTINUOUS
10
164.2504999999999882
20
-114.0342179999999956
11
164.2504999999999882
21
-112.4554019999999923
0
LINE
8
BLACK
6
CONTINUOUS
10
164.2504999999999882
20
-112.4554019999999923
11
164.2701849999999979
21
-112.3883629999999982
0
LINE
8
BLACK
6
CONTINUOUS
10
164.2701849999999979
20
-112.3883629999999982
11
164.3229889999999784
21
-112.3426079999999985
0
LINE
8
BLACK
6
CONTINUOUS
10
164.3229889999999784
20
-112.3426079999999985
11
164.3921469999999943
21
-112.3326639999999941
0
LINE
8
BLACK
6
CONTINUOUS
10
164.3921469999999943
20
-112.3326639999999941
11
164.4557029999999997
21
-112.3616889999999984
0
LINE
8
BLACK
6
CONTINUOUS
10
164.4557029999999997
20
-112.3616889999999984
11
164.471634999999992
21
-112.3790489999999949
0
LINE
8
BLACK
6
CONTINUOUS
10
164.471634999999992
20
-112.3790489999999949
11
164.4723400000000026
21
-112.3791049999999956
0
LINE
8
BLACK
6
CONTINUOUS
10
164.4723400000000026
20
-112.3791049999999956
11
164.8358969999999886
21
-112.015546999999998
0
LINE
8
BLACK
6
CONTINUOUS
10
164.8358969999999886
20
-112.015546999999998
11
164.8130789999999877
21
-111.9813970000000012
0
LINE
8
BLACK
6
CONTINUOUS
10
164.8130789999999877
20
-111.9813970000000012
11
164.7380599999999902
21
-111.8002849999999881
0
LINE
8
BLACK
6
CONTINUOUS
10
164.7380599999999902
20
-111.8002849999999881
11
164.699815000000001
21
-111.6080169999999896
0
LINE
8
BLACK
6
CONTINUOUS
10
164.699815000000001
20
-111.6080169999999896
11
164.699815000000001
21
-111.4119829999999922
0
LINE
8
BLACK
6
CONTINUOUS
10
164.699815000000001
20
-111.4119829999999922
11
164.7380599999999902
21
-111.2197149999999937
0
LINE
8
BLACK
6
CONTINUOUS
10
164.7380599999999902
20
-111.2197149999999937
11
164.8130789999999877
21
-111.0386029999999948
0
LINE
8
BLACK
6
CONTINUOUS
10
164.8130789999999877
20
-111.0386029999999948
11
164.835897999999986
21
-111.0044520000000006
0
LINE
8
BLACK
6
CONTINUOUS
10
164.835897999999986
20
-111.0044520000000006
11
164.4723400000000026
21
-110.6408939999999888
0
LINE
8
BLACK
6
CONTINUOUS
10
164.4723400000000026
20
-110.6408939999999888
11
164.4701719999999909
21
-110.6410649999999976
0
LINE
8
BLACK
6
CONTINUOUS
10
164.4701719999999909
20
-110.6410649999999976
11
164.4194880000000012
21
-110.6801490000000001
0
LINE
8
BLACK
6
CONTINUOUS
10
164.4194880000000012
20
-110.6801490000000001
11
164.3498749999999973
21
-110.6861279999999965
0
LINE
8
BLACK
6
CONTINUOUS
10
164.3498749999999973
20
-110.6861279999999965
11
164.2880799999999795
21
-110.6535229999999927
0
LINE
8
BLACK
6
CONTINUOUS
10
164.2880799999999795
20
-110.6535229999999927
11
164.2537229999999795
21
-110.5926839999999913
0
LINE
8
BLACK
6
CONTINUOUS
10
164.2537229999999795
20
-110.5926839999999913
11
164.2504999999999882
21
-110.5645979999999895
0
LINE
8
BLACK
6
CONTINUOUS
10
164.2504999999999882
20
-110.5645979999999895
11
164.2504999999999882
21
-109.5149349999999941
0
LINE
8
BLACK
6
CONTINUOUS
10
164.2504999999999882
20
-109.5149349999999941
11
164.2701849999999979
21
-109.4478960000000001
0
LINE
8
BLACK
6
CONTINUOUS
10
164.2701849999999979
20
-109.4478960000000001
11
164.3229889999999784
21
-109.4021410000000003
0
LINE
8
BLACK
6
CONTINUOUS
10
164.3229889999999784
20
-109.4021410000000003
11
164.3921469999999943
21
-109.3921969999999959
0
LINE
8
BLACK
6
CONTINUOUS
10
164.3921469999999943
20
-109.3921969999999959
11
164.4557029999999997
21
-109.4212220000000002
0
LINE
8
BLACK
6
CONTINUOUS
10
164.4557029999999997
20
-109.4212220000000002
11
164.4872829999999908
21
-109.4650219999999905
0
LINE
8
BLACK
6
CONTINUOUS
10
164.4872829999999908
20
-109.4650219999999905
11
164.4875679999999818
21
-109.4648779999999988
0
LINE
8
BLACK
6
CONTINUOUS
10
164.4875679999999818
20
-109.4648779999999988
11
164.488504000000006
21
-109.4667149999999936
0
LINE
8
BLACK
6
CONTINUOUS
10
164.488504000000006
20
-109.4667149999999936
11
164.4890670000000057
21
-109.467495999999997
0
LINE
8
BLACK
6
CONTINUOUS
10
164.4890670000000057
20
-109.467495999999997
11
164.4897780000000012
21
-109.4692129999999963
0
LINE
8
BLACK
6
CONTINUOUS
10
164.4897780000000012
20
-109.4692129999999963
11
164.4897799999999961
21
-109.4692189999999954
0
LINE
8
BLACK
6
CONTINUOUS
10
164.4897799999999961
20
-109.4692189999999954
11
164.5603810000000067
21
-109.6077820000000003
0
LINE
8
BLACK
6
CONTINUOUS
10
164.5603810000000067
20
-109.6077820000000003
11
164.582714999999979
21
-109.6516129999999976
0
LINE
8
BLACK
6
CONTINUOUS
10
164.582714999999979
20
-109.6516129999999976
11
164.7030279999999891
21
-109.8172129999999953
0
LINE
8
BLACK
6
CONTINUOUS
10
164.7030279999999891
20
-109.8172129999999953
11
164.7030340000000024
21
-109.8172189999999944
0
LINE
8
BLACK
6
CONTINUOUS
10
164.7030340000000024
20
-109.8172189999999944
11
164.8477809999999977
21
-109.9619659999999897
0
LINE
8
BLACK
6
CONTINUOUS
10
164.8477809999999977
20
-109.9619659999999897
11
164.9237269999999853
21
-110.0171440000000018
0
LINE
8
BLACK
6
CONTINUOUS
10
164.9237269999999853
20
-110.0171440000000018
11
164.9663929999999823
21
-110.072472999999988
0
LINE
8
BLACK
6
CONTINUOUS
10
164.9663929999999823
20
-110.072472999999988
11
164.9723719999999787
21
-110.1420859999999919
0
LINE
8
BLACK
6
CONTINUOUS
10
164.9723719999999787
20
-110.1420859999999919
11
164.9397669999999891
21
-110.203881999999993
0
LINE
8
BLACK
6
CONTINUOUS
10
164.9397669999999891
20
-110.203881999999993
11
164.912604999999985
21
-110.223914999999991
0
LINE
8
BLACK
6
CONTINUOUS
10
164.912604999999985
20
-110.223914999999991
11
164.9129869999999869
21
-110.224536999999998
0
LINE
8
BLACK
6
CONTINUOUS
10
164.9129869999999869
20
-110.224536999999998
11
164.9088349999999821
21
-110.2270809999999983
0
LINE
8
BLACK
6
CONTINUOUS
10
164.9088349999999821
20
-110.2270809999999983
11
164.8258940000000052
21
-110.2873400000000004
0
LINE
8
BLACK
6
CONTINUOUS
10
164.8258940000000052
20
-110.2873400000000004
11
165.1894519999999886
21
-110.650897999999998
0
LINE
8
BLACK
6
CONTINUOUS
10
165.1894519999999886
20
-110.650897999999998
11
165.2236029999999971
21
-110.6280789999999996
0
LINE
8
BLACK
6
CONTINUOUS
10
165.2236029999999971
20
-110.6280789999999996
11
165.4047149999999817
21
-110.5530599999999879
0
LINE
8
BLACK
6
CONTINUOUS
10
165.4047149999999817
20
-110.5530599999999879
11
165.5969829999999945
21
-110.5148149999999987
0
LINE
8
BLACK
6
CONTINUOUS
10
165.5969829999999945
20
-110.5148149999999987
11
165.7930169999999919
21
-110.5148149999999987
0
LINE
8
BLACK
6
CONTINUOUS
10
165.7930169999999919
20
-110.5148149999999987
11
165.9852850000000046
21
-110.5530599999999879
0
LINE
8
BLACK
6
CONTINUOUS
10
165.9852850000000046
20
-110.5530599999999879
11
166.1663969999999892
21
-110.6280789999999996
0
LINE
8
BLACK
6
CONTINUOUS
10
166.1663969999999892
20
-110.6280789999999996
11
166.2005470000000003
21
-110.650897999999998
0
LINE
8
BLACK
6
CONTINUOUS
10
166.2005470000000003
20
-110.650897999999998
11
166.5641049999999836
21
-110.2873400000000004
0
LINE
8
BLACK
6
CONTINUOUS
10
166.5641049999999836
20
-110.2873400000000004
11
166.5641039999999862
21
-110.2873379999999912
0
LINE
8
BLACK
6
CONTINUOUS
10
166.5641039999999862
20
-110.2873379999999912
11
166.4811699999999917
21
-110.2270839999999907
0
LINE
8
BLACK
6
CONTINUOUS
10
166.4811699999999917
20
-110.2270839999999907
11
166.4786550000000034
21
-110.2255419999999901
0
LINE
8
BLACK
6
CONTINUOUS
10
166.4786550000000034
20
-110.2255419999999901
11
166.478178999999983
21
-110.2254319999999979
0
LINE
8
BLACK
6
CONTINUOUS
10
166.478178999999983
20
-110.2254319999999979
11
166.4777430000000038
21
-110.2249839999999921
0
LINE
8
BLACK
6
CONTINUOUS
10
166.4777430000000038
20
-110.2249839999999921
11
166.4770189999999843
21
-110.2245399999999904
0
LINE
8
BLACK
6
CONTINUOUS
10
166.4770189999999843
20
-110.2245399999999904
11
166.4771319999999832
21
-110.2243539999999911
0
LINE
8
BLACK
6
CONTINUOUS
10
166.4771319999999832
20
-110.2243539999999911
11
166.4555979999999806
21
-110.202194999999989
0
LINE
8
BLACK
6
CONTINUOUS
10
166.4555979999999806
20
-110.202194999999989
11
166.4320519999999988
21
-110.1799469999999985
0
LINE
8
BLACK
6
CONTINUOUS
10
166.4320519999999988
20
-110.1799469999999985
11
166.4313939999999832
21
-110.1772879999999901
0
LINE
8
BLACK
6
CONTINUOUS
10
166.4313939999999832
20
-110.1772879999999901
11
166.4294859999999971
21
-110.1753250000000008
0
LINE
8
BLACK
6
CONTINUOUS
10
166.4294859999999971
20
-110.1753250000000008
11
166.4230519999999842
21
-110.1435709999999943
0
LINE
8
BLACK
6
CONTINUOUS
10
166.4230519999999842
20
-110.1435709999999943
11
166.4152719999999874
21
-110.1121219999999994
0
LINE
8
BLACK
6
CONTINUOUS
10
166.4152719999999874
20
-110.1121219999999994
11
166.4161550000000034
21
-110.1095299999999924
0
LINE
8
BLACK
6
CONTINUOUS
10
166.4161550000000034
20
-110.1095299999999924
11
166.4156119999999817
21
-110.1068459999999902
0
LINE
8
BLACK
6
CONTINUOUS
10
166.4156119999999817
20
-110.1068459999999902
11
166.4273699999999963
21
-110.0766449999999992
0
LINE
8
BLACK
6
CONTINUOUS
10
166.4273699999999963
20
-110.0766449999999992
11
166.4378250000000037
21
-110.0459929999999957
0
LINE
8
BLACK
6
CONTINUOUS
10
166.4378250000000037
20
-110.0459929999999957
11
166.4402719999999931
21
-110.0435099999999977
0
LINE
8
BLACK
6
CONTINUOUS
10
166.4402719999999931
20
-110.0435099999999977
11
166.4409629999999822
21
-110.0417379999999952
0
LINE
8
BLACK
6
CONTINUOUS
10
166.4409629999999822
20
-110.0417379999999952
11
166.4662659999999903
21
-110.0171479999999917
0
LINE
8
BLACK
6
CONTINUOUS
10
166.4662659999999903
20
-110.0171479999999917
11
166.4978799999999808
21
-109.9941789999999884
0
LINE
8
BLACK
6
CONTINUOUS
10
166.4978799999999808
20
-109.9941789999999884
11
166.5636869999999874
21
-109.9707019999999886
0
LINE
8
BLACK
6
CONTINUOUS
10
166.5636869999999874
20
-109.9707019999999886
11
166.570762000000002
21
-109.9705000000000013
0
LINE
8
BLACK
6
CONTINUOUS
10
166.570762000000002
20
-109.9705000000000013
11
169.3785429999999792
21
-109.9705000000000013
0
LINE
8
BLACK
6
CONTINUOUS
10
169.3785429999999792
20
-109.9705000000000013
11
169.4214489999999955
21
-109.9619649999999922
0
LINE
8
BLACK
6
CONTINUOUS
10
169.4214489999999955
20
-109.9619649999999922
11
169.4941179999999861
21
-109.9475099999999941
0
LINE
8
BLACK
6
CONTINUOUS
10
169.4941179999999861
20
-109.9475099999999941
11
169.5718359999999905
21
-109.9320510000000013
0
LINE
8
BLACK
6
CONTINUOUS
10
169.5718359999999905
20
-109.9320510000000013
11
169.626277999999985
21
-109.9094999999999942
0
LINE
8
BLACK
6
CONTINUOUS
10
169.626277999999985
20
-109.9094999999999942
11
169.7539139999999804
21
-109.8566319999999905
0
LINE
8
BLACK
6
CONTINUOUS
10
169.7539139999999804
20
-109.8566319999999905
11
169.9177819999999883
21
-109.74713899999999
0
LINE
8
BLACK
6
CONTINUOUS
10
169.9177819999999883
20
-109.74713899999999
11
170.0571390000000065
21
-109.6077820000000003
0
LINE
8
BLACK
6
CONTINUOUS
10
170.0571390000000065
20
-109.6077820000000003
11
170.057140000000004
21
-109.6077789999999936
0
LINE
8
BLACK
6
CONTINUOUS
10
170.057140000000004
20
-109.6077789999999936
11
170.0642059999999844
21
-109.6007139999999964
0
LINE
8
BLACK
6
CONTINUOUS
10
170.0642059999999844
20
-109.6007139999999964
11
170.0642090000000053
21
-109.6007099999999923
0
LINE
8
BLACK
6
CONTINUOUS
10
170.0642090000000053
20
-109.6007099999999923
11
171.3877779999999973
21
-108.2771410000000003
0
LINE
8
BLACK
6
CONTINUOUS
10
171.3877779999999973
20
-108.2771410000000003
11
171.3877819999999872
21
-108.2771389999999911
0
LINE
8
BLACK
6
CONTINUOUS
10
171.3877819999999872
20
-108.2771389999999911
11
171.5271390000000054
21
-108.1377820000000014
0
LINE
8
BLACK
6
CONTINUOUS
10
171.5271390000000054
20
-108.1377820000000014
11
171.6366319999999916
21
-107.9739139999999935
0
LINE
8
BLACK
6
CONTINUOUS
10
171.6366319999999916
20
-107.9739139999999935
11
171.6981140000000039
21
-107.8254829999999913
0
LINE
8
BLACK
6
CONTINUOUS
10
171.6981140000000039
20
-107.8254829999999913
11
171.7120510000000024
21
-107.7918359999999893
0
LINE
8
BLACK
6
CONTINUOUS
10
171.7120510000000024
20
-107.7918359999999893
11
171.7504999999999882
21
-107.5985399999999998
0
LINE
8
BLACK
6
CONTINUOUS
10
171.7504999999999882
20
-107.5985399999999998
11
171.7504999999999882
21
-107.4014600000000002
0
LINE
8
BLACK
6
CONTINUOUS
10
171.7504999999999882
20
-107.4014600000000002
11
171.7504999999999882
21
-107.1811280000000011
0
LINE
8
BLACK
6
CONTINUOUS
10
171.7504999999999882
20
-107.1811280000000011
11
171.7701849999999979
21
-107.1140889999999928
0
LINE
8
BLACK
6
CONTINUOUS
10
171.7701849999999979
20
-107.1140889999999928
11
171.8229889999999784
21
-107.068333999999993
0
LINE
8
BLACK
6
CONTINUOUS
10
171.8229889999999784
20
-107.068333999999993
11
171.8921469999999943
21
-107.0583899999999886
0
LINE
8
BLACK
6
CONTINUOUS
10
171.8921469999999943
20
-107.0583899999999886
11
171.9557029999999997
21
-107.0874149999999929
0
LINE
8
BLACK
6
CONTINUOUS
10
171.9557029999999997
20
-107.0874149999999929
11
171.9849849999999947
21
-107.1248339999999928
0
LINE
8
BLACK
6
CONTINUOUS
10
171.9849849999999947
20
-107.1248339999999928
11
172.0316550000000007
21
-107.216431
0
LINE
8
BLACK
6
CONTINUOUS
10
172.0316550000000007
20
-107.216431
11
172.0697389999999984
21
-107.2688479999999913
0
LINE
8
BLACK
6
CONTINUOUS
10
172.0697389999999984
20
-107.2688479999999913
11
172.1704829999999902
21
-107.407510000000002
0
LINE
8
BLACK
6
CONTINUOUS
10
172.1704829999999902
20
-107.407510000000002
11
172.3374900000000025
21
-107.5745170000000002
0
LINE
8
BLACK
6
CONTINUOUS
10
172.3374900000000025
20
-107.5745170000000002
11
172.3721270000000061
21
-107.5996829999999989
0
LINE
8
BLACK
6
CONTINUOUS
10
172.3721270000000061
20
-107.5996829999999989
11
172.4147920000000056
21
-107.6550129999999967
0
LINE
8
BLACK
6
CONTINUOUS
10
172.4147920000000056
20
-107.6550129999999967
11
172.420771000000002
21
-107.7246260000000007
0
LINE
8
BLACK
6
CONTINUOUS
10
172.420771000000002
20
-107.7246260000000007
11
172.3881649999999865
21
-107.78642099999999
0
LINE
8
BLACK
6
CONTINUOUS
10
172.3881649999999865
20
-107.78642099999999
11
172.3721299999999985
21
-107.8003149999999977
0
LINE
8
BLACK
6
CONTINUOUS
10
172.3721299999999985
20
-107.8003149999999977
11
172.3581329999999809
21
-107.8104849999999999
0
LINE
8
BLACK
6
CONTINUOUS
10
172.3581329999999809
20
-107.8104849999999999
11
172.3374869999999817
21
-107.8254850000000005
0
LINE
8
BLACK
6
CONTINUOUS
10
172.3374869999999817
20
-107.8254850000000005
11
172.1704849999999851
21
-107.992486999999997
0
LINE
8
BLACK
6
CONTINUOUS
10
172.1704849999999851
20
-107.992486999999997
11
172.1704849999999851
21
-107.9924879999999945
0
LINE
8
BLACK
6
CONTINUOUS
10
172.1704849999999851
20
-107.9924879999999945
11
172.1704829999999902
21
-107.9924899999999894
0
LINE
8
BLACK
6
CONTINUOUS
10
172.1704829999999902
20
-107.9924899999999894
11
172.1108619999999974
21
-108.0745500000000021
0
LINE
8
BLACK
6
CONTINUOUS
10
172.1108619999999974
20
-108.0745500000000021
11
172.0316569999999956
21
-108.183565999999999
0
LINE
8
BLACK
6
CONTINUOUS
10
172.0316569999999956
20
-108.183565999999999
11
171.9244329999999934
21
-108.3940029999999979
0
LINE
8
BLACK
6
CONTINUOUS
10
171.9244329999999934
20
-108.3940029999999979
11
171.8514459999999815
21
-108.6186309999999935
0
LINE
8
BLACK
6
CONTINUOUS
10
171.8514459999999815
20
-108.6186309999999935
11
171.8144999999999811
21
-108.8519019999999955
0
LINE
8
BLACK
6
CONTINUOUS
10
171.8144999999999811
20
-108.8519019999999955
11
171.8144999999999811
21
-109.0880969999999905
0
LINE
8
BLACK
6
CONTINUOUS
10
171.8144999999999811
20
-109.0880969999999905
11
171.8514459999999815
21
-109.3213679999999925
0
LINE
8
BLACK
6
CONTINUOUS
10
171.8514459999999815
20
-109.3213679999999925
11
171.9244329999999934
21
-109.5459959999999882
0
LINE
8
BLACK
6
CONTINUOUS
10
171.9244329999999934
20
-109.5459959999999882
11
171.9972520000000031
21
-109.6889099999999928
0
LINE
8
BLACK
6
CONTINUOUS
10
171.9972520000000031
20
-109.6889099999999928
11
172.0316569999999956
21
-109.7564330000000012
0
LINE
8
BLACK
6
CONTINUOUS
10
172.0316569999999956
20
-109.7564330000000012
11
172.1704829999999902
21
-109.9475099999999941
0
LINE
8
BLACK
6
CONTINUOUS
10
172.1704829999999902
20
-109.9475099999999941
11
172.3374900000000025
21
-110.1145169999999922
0
LINE
8
BLACK
6
CONTINUOUS
10
172.3374900000000025
20
-110.1145169999999922
11
172.3721270000000061
21
-110.1396829999999909
0
LINE
8
BLACK
6
CONTINUOUS
10
172.3721270000000061
20
-110.1396829999999909
11
172.4147920000000056
21
-110.1950129999999888
0
LINE
8
BLACK
6
CONTINUOUS
10
172.4147920000000056
20
-110.1950129999999888
11
172.420771000000002
21
-110.2646259999999927
0
LINE
8
BLACK
6
CONTINUOUS
10
172.420771000000002
20
-110.2646259999999927
11
172.3881649999999865
21
-110.3264209999999963
0
LINE
8
BLACK
6
CONTINUOUS
10
172.3881649999999865
20
-110.3264209999999963
11
172.3721299999999985
21
-110.3403149999999897
0
LINE
8
BLACK
6
CONTINUOUS
10
172.3721299999999985
20
-110.3403149999999897
11
172.3570699999999931
21
-110.3512569999999897
0
LINE
8
BLACK
6
CONTINUOUS
10
172.3570699999999931
20
-110.3512569999999897
11
172.3374879999999791
21
-110.365483999999995
0
LINE
8
BLACK
6
CONTINUOUS
10
172.3374879999999791
20
-110.365483999999995
11
172.1704849999999851
21
-110.5324869999999891
0
LINE
8
BLACK
6
CONTINUOUS
10
172.1704849999999851
20
-110.5324869999999891
11
172.1704849999999851
21
-110.5324880000000007
0
LINE
8
BLACK
6
CONTINUOUS
10
172.1704849999999851
20
-110.5324880000000007
11
172.1704829999999902
21
-110.5324899999999957
0
LINE
8
BLACK
6
CONTINUOUS
10
172.1704829999999902
20
-110.5324899999999957
11
172.1108619999999974
21
-110.6145499999999942
0
LINE
8
BLACK
6
CONTINUOUS
10
172.1108619999999974
20
-110.6145499999999942
11
172.0316569999999956
21
-110.723565999999991
0
LINE
8
BLACK
6
CONTINUOUS
10
172.0316569999999956
20
-110.723565999999991
11
171.9244329999999934
21
-110.9340029999999899
0
LINE
8
BLACK
6
CONTINUOUS
10
171.9244329999999934
20
-110.9340029999999899
11
171.8514459999999815
21
-111.1586309999999997
0
LINE
8
BLACK
6
CONTINUOUS
10
171.8514459999999815
20
-111.1586309999999997
11
171.8144999999999811
21
-111.3919020000000017
0
LINE
8
BLACK
6
CONTINUOUS
10
171.8144999999999811
20
-111.3919020000000017
11
171.8144999999999811
21
-111.6280969999999968
0
LINE
8
BLACK
6
CONTINUOUS
10
171.8144999999999811
20
-111.6280969999999968
11
171.8514459999999815
21
-111.8613679999999988
0
LINE
8
BLACK
6
CONTINUOUS
10
171.8514459999999815
20
-111.8613679999999988
11
171.9244329999999934
21
-112.0859959999999944
0
LINE
8
BLACK
6
CONTINUOUS
10
171.9244329999999934
20
-112.0859959999999944
11
172.0297329999999931
21
-112.2926559999999938
0
LINE
8
BLACK
6
CONTINUOUS
10
172.0297329999999931
20
-112.2926559999999938
11
172.0316569999999956
21
-112.2964329999999933
0
LINE
8
BLACK
6
CONTINUOUS
10
172.0316569999999956
20
-112.2964329999999933
11
172.1704829999999902
21
-112.4875100000000003
0
LINE
8
BLACK
6
CONTINUOUS
10
172.1704829999999902
20
-112.4875100000000003
11
172.3374900000000025
21
-112.6545169999999985
0
LINE
8
BLACK
6
CONTINUOUS
10
172.3374900000000025
20
-112.6545169999999985
11
172.5285669999999811
21
-112.793342999999993
0
LINE
8
BLACK
6
CONTINUOUS
10
172.5285669999999811
20
-112.793342999999993
11
172.6279909999999802
21
-112.844001999999989
0
LINE
8
BLACK
6
CONTINUOUS
10
172.6279909999999802
20
-112.844001999999989
11
172.7390029999999967
21
-112.9005659999999978
0
LINE
8
BLACK
6
CONTINUOUS
10
172.7390029999999967
20
-112.9005659999999978
11
172.7390049999999917
21
-112.9005659999999978
0
LINE
8
BLACK
6
CONTINUOUS
10
172.7390049999999917
20
-112.9005659999999978
11
172.7390079999999841
21
-112.9005679999999927
0
LINE
8
BLACK
6
CONTINUOUS
10
172.7390079999999841
20
-112.9005679999999927
11
172.8594119999999918
21
-112.9396890000000013
0
LINE
8
BLACK
6
CONTINUOUS
10
172.8594119999999918
20
-112.9396890000000013
11
172.9636309999999924
21
-112.9735529999999954
0
LINE
8
BLACK
6
CONTINUOUS
10
172.9636309999999924
20
-112.9735529999999954
11
173.1969029999999918
21
-113.0104999999999933
0
LINE
8
BLACK
6
CONTINUOUS
10
173.1969029999999918
20
-113.0104999999999933
11
173.1969079999999792
21
-113.0104999999999933
0
LINE
8
BLACK
6
CONTINUOUS
10
173.1969079999999792
20
-113.0104999999999933
11
173.4330970000000036
21
-113.0104999999999933
0
LINE
8
BLACK
6
CONTINUOUS
10
173.4330970000000036
20
-113.0104999999999933
11
173.6663680000000056
21
-112.9735529999999954
0
LINE
8
BLACK
6
CONTINUOUS
10
173.6663680000000056
20
-112.9735529999999954
11
173.6678699999999935
21
-112.9730649999999912
0
LINE
8
BLACK
6
CONTINUOUS
10
173.6678699999999935
20
-112.9730649999999912
11
173.8909919999999829
21
-112.9005679999999927
0
LINE
8
BLACK
6
CONTINUOUS
10
173.8909919999999829
20
-112.9005679999999927
11
174.1014329999999859
21
-112.793342999999993
0
LINE
8
BLACK
6
CONTINUOUS
10
174.1014329999999859
20
-112.793342999999993
11
174.2925099999999929
21
-112.6545169999999985
0
LINE
8
BLACK
6
CONTINUOUS
10
174.2925099999999929
20
-112.6545169999999985
11
174.4595170000000053
21
-112.4875100000000003
0
LINE
8
BLACK
6
CONTINUOUS
10
174.4595170000000053
20
-112.4875100000000003
11
174.5983429999999998
21
-112.2964329999999933
0
LINE
8
BLACK
6
CONTINUOUS
10
174.5983429999999998
20
-112.2964329999999933
11
174.7055679999999995
21
-112.0859919999999903
0
LINE
8
BLACK
6
CONTINUOUS
10
174.7055679999999995
20
-112.0859919999999903
11
174.7785529999999881
21
-111.8613679999999988
0
LINE
8
BLACK
6
CONTINUOUS
10
174.7785529999999881
20
-111.8613679999999988
11
174.7785719999999969
21
-111.8612469999999917
0
LINE
8
BLACK
6
CONTINUOUS
10
174.7785719999999969
20
-111.8612469999999917
11
174.8154999999999859
21
-111.6280969999999968
0
LINE
8
BLACK
6
CONTINUOUS
10
174.8154999999999859
20
-111.6280969999999968
11
174.8154999999999859
21
-111.3919020000000017
0
LINE
8
BLACK
6
CONTINUOUS
10
174.8154999999999859
20
-111.3919020000000017
11
174.7785529999999881
21
-111.1586309999999997
0
LINE
8
BLACK
6
CONTINUOUS
10
174.7785529999999881
20
-111.1586309999999997
11
174.7055660000000046
21
-110.9340029999999899
0
LINE
8
BLACK
6
CONTINUOUS
10
174.7055660000000046
20
-110.9340029999999899
11
174.6490019999999959
21
-110.8229910000000018
0
LINE
8
BLACK
6
CONTINUOUS
10
174.6490019999999959
20
-110.8229910000000018
11
174.5983429999999998
21
-110.7235669999999885
0
LINE
8
BLACK
6
CONTINUOUS
10
174.5983429999999998
20
-110.7235669999999885
11
174.4595170000000053
21
-110.5324899999999957
0
LINE
8
BLACK
6
CONTINUOUS
10
174.4595170000000053
20
-110.5324899999999957
11
174.2925099999999929
21
-110.3654829999999976
0
LINE
8
BLACK
6
CONTINUOUS
10
174.2925099999999929
20
-110.3654829999999976
11
174.2578719999999919
21
-110.3403169999999989
0
LINE
8
BLACK
6
CONTINUOUS
10
174.2578719999999919
20
-110.3403169999999989
11
174.2152069999999924
21
-110.2849889999999959
0
LINE
8
BLACK
6
CONTINUOUS
10
174.2152069999999924
20
-110.2849889999999959
11
174.209227999999996
21
-110.2153749999999945
0
LINE
8
BLACK
6
CONTINUOUS
10
174.209227999999996
20
-110.2153749999999945
11
174.2418329999999855
21
-110.1535799999999909
0
LINE
8
BLACK
6
CONTINUOUS
10
174.2418329999999855
20
-110.1535799999999909
11
174.2578729999999894
21
-110.1396819999999934
0
LINE
8
BLACK
6
CONTINUOUS
10
174.2578729999999894
20
-110.1396819999999934
11
174.2925099999999929
21
-110.1145169999999922
0
LINE
8
BLACK
6
CONTINUOUS
10
174.2925099999999929
20
-110.1145169999999922
11
174.4595170000000053
21
-109.9475099999999941
0
LINE
8
BLACK
6
CONTINUOUS
10
174.4595170000000053
20
-109.9475099999999941
11
174.5983429999999998
21
-109.7564330000000012
0
LINE
8
BLACK
6
CONTINUOUS
10
174.5983429999999998
20
-109.7564330000000012
11
174.7055679999999995
21
-109.5459919999999983
0
LINE
8
BLACK
6
CONTINUOUS
10
174.7055679999999995
20
-109.5459919999999983
11
174.7785529999999881
21
-109.3213679999999925
0
LINE
8
BLACK
6
CONTINUOUS
10
174.7785529999999881
20
-109.3213679999999925
11
174.8142540000000054
21
-109.0959609999999884
0
LINE
8
BLACK
6
CONTINUOUS
10
174.8142540000000054
20
-109.0959609999999884
11
174.8154999999999859
21
-109.0880969999999905
0
LINE
8
BLACK
6
CONTINUOUS
10
174.8154999999999859
20
-109.0880969999999905
11
174.8154999999999859
21
-108.8519019999999955
0
LINE
8
BLACK
6
CONTINUOUS
10
174.8154999999999859
20
-108.8519019999999955
11
174.7785529999999881
21
-108.6186309999999935
0
LINE
8
BLACK
6
CONTINUOUS
10
174.7785529999999881
20
-108.6186309999999935
11
174.7336949999999831
21
-108.4805750000000018
0
LINE
8
BLACK
6
CONTINUOUS
10
174.7336949999999831
20
-108.4805750000000018
11
174.7055679999999995
21
-108.3940079999999995
0
LINE
8
BLACK
6
CONTINUOUS
10
174.7055679999999995
20
-108.3940079999999995
11
174.7055660000000046
21
-108.3940049999999928
0
LINE
8
BLACK
6
CONTINUOUS
10
174.7055660000000046
20
-108.3940049999999928
11
174.7055660000000046
21
-108.3940029999999979
0
LINE
8
BLACK
6
CONTINUOUS
10
174.7055660000000046
20
-108.3940029999999979
11
174.5983420000000024
21
-108.183565999999999
0
LINE
8
BLACK
6
CONTINUOUS
10
174.5983420000000024
20
-108.183565999999999
11
174.5650779999999997
21
-108.1377820000000014
0
LINE
8
BLACK
6
CONTINUOUS
10
174.5650779999999997
20
-108.1377820000000014
11
174.4595170000000053
21
-107.9924899999999894
0
LINE
8
BLACK
6
CONTINUOUS
10
174.4595170000000053
20
-107.9924899999999894
11
174.2925099999999929
21
-107.8254829999999913
0
LINE
8
BLACK
6
CONTINUOUS
10
174.2925099999999929
20
-107.8254829999999913
11
174.2578719999999919
21
-107.8003169999999926
0
LINE
8
BLACK
6
CONTINUOUS
10
174.2578719999999919
20
-107.8003169999999926
11
174.2152069999999924
21
-107.7449889999999897
0
LINE
8
BLACK
6
CONTINUOUS
10
174.2152069999999924
20
-107.7449889999999897
11
174.209227999999996
21
-107.6753749999999883
0
LINE
8
BLACK
6
CONTINUOUS
10
174.209227999999996
20
-107.6753749999999883
11
174.2418329999999855
21
-107.6135799999999989
0
LINE
8
BLACK
6
CONTINUOUS
10
174.2418329999999855
20
-107.6135799999999989
11
174.2578729999999894
21
-107.5996820000000014
0
LINE
8
BLACK
6
CONTINUOUS
10
174.2578729999999894
20
-107.5996820000000014
11
174.2925099999999929
21
-107.5745170000000002
0
LINE
8
BLACK
6
CONTINUOUS
10
174.2925099999999929
20
-107.5745170000000002
11
174.4595170000000053
21
-107.407510000000002
0
LINE
8
BLACK
6
CONTINUOUS
10
174.4595170000000053
20
-107.407510000000002
11
174.5983429999999998
21
-107.216432999999995
0
LINE
8
BLACK
6
CONTINUOUS
10
174.5983429999999998
20
-107.216432999999995
11
174.7055679999999995
21
-107.005991999999992
0
LINE
8
BLACK
6
CONTINUOUS
10
174.7055679999999995
20
-107.005991999999992
11
174.7785529999999881
21
-106.7813680000000005
0
LINE
8
BLACK
6
CONTINUOUS
10
174.7785529999999881
20
-106.7813680000000005
11
174.7793910000000039
21
-106.7760799999999932
0
LINE
8
BLACK
6
CONTINUOUS
10
174.7793910000000039
20
-106.7760799999999932
11
174.8154999999999859
21
-106.5480969999999985
0
LINE
8
BLACK
6
CONTINUOUS
10
174.8154999999999859
20
-106.5480969999999985
11
174.8154999999999859
21
-106.3119019999999892
0
LINE
8
BLACK
6
CONTINUOUS
10
174.8154999999999859
20
-106.3119019999999892
11
174.7785529999999881
21
-106.0786310000000014
0
LINE
8
BLACK
6
CONTINUOUS
10
174.7785529999999881
20
-106.0786310000000014
11
174.7086659999999938
21
-105.8635439999999903
0
LINE
8
BLACK
6
CONTINUOUS
10
174.7086659999999938
20
-105.8635439999999903
11
174.7055679999999995
21
-105.8540079999999932
0
LINE
8
BLACK
6
CONTINUOUS
10
174.7055679999999995
20
-105.8540079999999932
11
174.7055660000000046
21
-105.8540050000000008
0
LINE
8
BLACK
6
CONTINUOUS
10
174.7055660000000046
20
-105.8540050000000008
11
174.7055660000000046
21
-105.8540029999999916
0
LINE
8
BLACK
6
CONTINUOUS
10
174.7055660000000046
20
-105.8540029999999916
11
174.6163310000000024
21
-105.6788710000000009
0
LINE
8
BLACK
6
CONTINUOUS
10
174.6163310000000024
20
-105.6788710000000009
11
174.5983429999999998
21
-105.6435669999999902
0
LINE
8
BLACK
6
CONTINUOUS
10
174.5983429999999998
20
-105.6435669999999902
11
174.4595170000000053
21
-105.4524899999999974
0
LINE
8
BLACK
6
CONTINUOUS
10
174.4595170000000053
20
-105.4524899999999974
11
174.2925099999999929
21
-105.2854829999999993
0
LINE
8
BLACK
6
CONTINUOUS
10
174.2925099999999929
20
-105.2854829999999993
11
174.2578719999999919
21
-105.2603170000000006
0
LINE
8
BLACK
6
CONTINUOUS
10
174.2578719999999919
20
-105.2603170000000006
11
174.2152069999999924
21
-105.2049889999999976
0
LINE
8
BLACK
6
CONTINUOUS
10
174.2152069999999924
20
-105.2049889999999976
11
174.209227999999996
21
-105.1353749999999962
0
LINE
8
BLACK
6
CONTINUOUS
10
174.209227999999996
20
-105.1353749999999962
11
174.2418329999999855
21
-105.0735799999999927
0
LINE
8
BLACK
6
CONTINUOUS
10
174.2418329999999855
20
-105.0735799999999927
11
174.2578729999999894
21
-105.0596819999999951
0
LINE
8
BLACK
6
CONTINUOUS
10
174.2578729999999894
20
-105.0596819999999951
11
174.2925099999999929
21
-105.0345169999999939
0
LINE
8
BLACK
6
CONTINUOUS
10
174.2925099999999929
20
-105.0345169999999939
11
174.4595170000000053
21
-104.8675099999999958
0
LINE
8
BLACK
6
CONTINUOUS
10
174.4595170000000053
20
-104.8675099999999958
11
174.5983429999999998
21
-104.6764329999999887
0
LINE
8
BLACK
6
CONTINUOUS
10
174.5983429999999998
20
-104.6764329999999887
11
174.7055679999999995
21
-104.465992
0
LINE
8
BLACK
6
CONTINUOUS
10
174.7055679999999995
20
-104.465992
11
174.7785529999999881
21
-104.2413679999999943
0
LINE
8
BLACK
6
CONTINUOUS
10
174.7785529999999881
20
-104.2413679999999943
11
174.8142540000000054
21
-104.0159609999999901
0
LINE
8
BLACK
6
CONTINUOUS
10
174.8142540000000054
20
-104.0159609999999901
11
174.8154999999999859
21
-104.0080969999999922
0
LINE
8
BLACK
6
CONTINUOUS
10
174.8154999999999859
20
-104.0080969999999922
11
174.8154999999999859
21
-103.8557819999999907
0
LINE
8
BLACK
6
CONTINUOUS
10
174.8154999999999859
20
-103.8557819999999907
11
174.8351849999999956
21
-103.7887429999999966
0
LINE
8
BLACK
6
CONTINUOUS
10
174.8351849999999956
20
-103.7887429999999966
11
174.8518190000000061
21
-103.7681010000000015
0
LINE
8
BLACK
6
CONTINUOUS
10
174.8518190000000061
20
-103.7681010000000015
11
178.2878189999999847
21
-100.3321009999999944
0
LINE
8
BLACK
6
CONTINUOUS
10
178.2878189999999847
20
-100.3321009999999944
11
178.3491420000000005
21
-100.2986159999999956
0
LINE
8
BLACK
6
CONTINUOUS
10
178.3491420000000005
20
-100.2986159999999956
11
178.4188340000000039
21
-100.3035999999999888
0
LINE
8
BLACK
6
CONTINUOUS
10
178.4188340000000039
20
-100.3035999999999888
11
178.4747669999999857
21
-100.3454720000000009
0
LINE
8
BLACK
6
CONTINUOUS
10
178.4747669999999857
20
-100.3454720000000009
11
178.4991839999999854
21
-100.4109359999999924
0
LINE
8
BLACK
6
CONTINUOUS
10
178.4991839999999854
20
-100.4109359999999924
11
178.4994999999999834
21
-100.4197819999999979
0
LINE
8
BLACK
6
CONTINUOUS
10
178.4994999999999834
20
-100.4197819999999979
11
178.4994999999999834
21
-110.2842179999999956
0
LINE
8
BLACK
6
CONTINUOUS
10
178.4994999999999834
20
-110.2842179999999956
11
178.4798150000000021
21
-110.3512569999999897
0
LINE
8
BLACK
6
CONTINUOUS
10
178.4798150000000021
20
-110.3512569999999897
11
178.4631809999999916
21
-110.3718989999999991
0
LINE
8
BLACK
6
CONTINUOUS
10
178.4631809999999916
20
-110.3718989999999991
11
170.8718989999999849
21
-117.9631809999999916
0
LINE
8
BLACK
6
CONTINUOUS
10
170.8718989999999849
20
-117.9631809999999916
11
170.8105759999999975
21
-117.9966659999999905
0
LINE
8
BLACK
6
CONTINUOUS
10
170.8105759999999975
20
-117.9966659999999905
11
170.7842179999999814
21
-117.9994999999999976
0
LINE
8
BLACK
6
CONTINUOUS
10
170.7842179999999814
20
-117.9994999999999976
11
147.2157829999999876
21
-117.9994999999999976
0
LINE
8
BLACK
6
CONTINUOUS
10
147.2157829999999876
20
-117.9994999999999976
11
147.1487439999999935
21
-117.9798149999999879
0
LINE
8
BLACK
6
CONTINUOUS
10
147.1487439999999935
20
-117.9798149999999879
11
147.1281019999999842
21
-117.9631809999999916
0
LINE
8
BLACK
6
CONTINUOUS
10
147.1281019999999842
20
-117.9631809999999916
11
138.7468189999999879
21
-109.5818979999999954
0
LINE
8
BLACK
6
CONTINUOUS
10
138.7468189999999879
20
-109.5818979999999954
11
138.7133340000000032
21
-109.5205749999999938
0
LINE
8
BLACK
6
CONTINUOUS
10
138.7133340000000032
20
-109.5205749999999938
11
138.7104999999999961
21
-109.4942169999999919
0
LINE
8
BLACK
6
CONTINUOUS
10
138.7104999999999961
20
-109.4942169999999919
11
138.7104999999999961
21
-97.5135999999999967
0
LINE
8
BLACK
6
CONTINUOUS
10
138.7104999999999961
20
-97.5135999999999967
11
138.7191449999999975
21
-97.4841559999999987
0
LINE
8
BLACK
6
CONTINUOUS
10
138.7191449999999975
20
-97.4841559999999987
11
138.7256679999999847
21
-97.4541739999999947
0
LINE
8
BLACK
6
CONTINUOUS
10
138.7256679999999847
20
-97.4541739999999947
11
138.7294219999999996
21
-97.4491579999999971
0
LINE
8
BLACK
6
CONTINUOUS
10
138.7294219999999996
20
-97.4491579999999971
11
138.7301850000000059
21
-97.4465610000000027
0
LINE
8
BLACK
6
CONTINUOUS
10
138.7301850000000059
20
-97.4465610000000027
11
138.7468130000000031
21
-97.4259239999999949
0
LINE
8
BLACK
6
CONTINUOUS
10
138.7468130000000031
20
-97.4259239999999949
11
138.8569659999999999
21
-97.315770999999998
0
LINE
8
BLACK
6
CONTINUOUS
10
138.8569659999999999
20
-97.315770999999998
11
138.9182849999999974
21
-97.2822889999999916
0
LINE
8
BLACK
6
CONTINUOUS
10
138.9182849999999974
20
-97.2822889999999916
11
138.9879770000000008
21
-97.287272999999999
0
LINE
8
BLACK
6
CONTINUOUS
10
138.9879770000000008
20
-97.287272999999999
11
139.0323249999999859
21
-97.3157739999999905
0
LINE
8
BLACK
6
CONTINUOUS
10
139.0323249999999859
20
-97.3157739999999905
11
139.2107890000000054
21
-97.4942379999999957
0
LINE
8
BLACK
6
CONTINUOUS
10
139.2107890000000054
20
-97.4942379999999957
11
139.2097139999999911
21
-97.4953119999999984
0
LINE
8
BLACK
6
CONTINUOUS
10
139.2097139999999911
20
-97.4953119999999984
11
139.2442250000000001
21
-97.5481800000000021
0
LINE
8
BLACK
6
CONTINUOUS
10
139.2442250000000001
20
-97.5481800000000021
11
139.2494999999999834
21
-97.5839619999999996
0
LINE
8
BLACK
6
CONTINUOUS
10
139.2494999999999834
20
-97.5839619999999996
11
139.2494999999999834
21
-100.6541749999999951
0
LINE
8
BLACK
6
CONTINUOUS
10
139.2494999999999834
20
-100.6541749999999951
11
139.2494999999999834
21
-100.65417699999999
0
LINE
8
BLACK
6
CONTINUOUS
10
139.2494999999999834
20
-100.65417699999999
11
139.2494989999999859
21
-100.65417699999999
0
LINE
8
BLACK
6
CONTINUOUS
10
139.2494989999999859
20
-100.65417699999999
11
139.2879470000000026
21
-100.8474629999999905
0
LINE
8
BLACK
6
CONTINUOUS
10
139.2879470000000026
20
-100.8474629999999905
11
139.287949999999995
21
-100.8474729999999937
0
LINE
8
BLACK
6
CONTINUOUS
10
139.287949999999995
20
-100.8474729999999937
11
139.36336399999999
21
-101.0295409999999947
0
LINE
8
BLACK
6
CONTINUOUS
10
139.36336399999999
20
-101.0295409999999947
11
139.3633710000000008
21
-101.0295539999999903
0
LINE
8
BLACK
6
CONTINUOUS
10
139.3633710000000008
20
-101.0295539999999903
11
139.4728589999999997
21
-101.19341399999999
0
LINE
8
BLACK
6
CONTINUOUS
10
139.4728589999999997
20
-101.19341399999999
11
139.4728599999999972
21
-101.1934150000000017
0
LINE
8
BLACK
6
CONTINUOUS
10
139.4728599999999972
20
-101.1934150000000017
11
139.4728609999999946
21
-101.1934159999999991
0
LINE
8
BLACK
6
CONTINUOUS
10
139.4728609999999946
20
-101.1934159999999991
11
139.6122179999999844
21
-101.3327729999999889
0
LINE
8
BLACK
6
CONTINUOUS
10
139.6122179999999844
20
-101.3327729999999889
11
139.6122189999999819
21
-101.3327729999999889
0
LINE
8
BLACK
6
CONTINUOUS
10
139.6122189999999819
20
-101.3327729999999889
11
139.6192859999999882
21
-101.3398399999999953
0
LINE
8
BLACK
6
CONTINUOUS
10
139.6192859999999882
20
-101.3398399999999953
11
139.6192849999999908
21
-101.3398399999999953
0
LINE
8
BLACK
6
CONTINUOUS
10
139.6192849999999908
20
-101.3398399999999953
11
139.6192889999999807
21
-101.3398430000000019
0
LINE
8
BLACK
6
CONTINUOUS
10
139.6192889999999807
20
-101.3398430000000019
11
142.9465809999999806
21
-104.6671369999999968
0
LINE
8
BLACK
6
CONTINUOUS
10
142.9465809999999806
20
-104.6671369999999968
11
142.9465849999999989
21
-104.6671399999999892
0
LINE
8
BLACK
6
CONTINUOUS
10
142.9465849999999989
20
-104.6671399999999892
11
143.1104449999999986
21
-104.7766280000000023
0
LINE
8
BLACK
6
CONTINUOUS
10
143.1104449999999986
20
-104.7766280000000023
11
143.1104509999999834
21
-104.7766309999999947
0
LINE
8
BLACK
6
CONTINUOUS
10
143.1104509999999834
20
-104.7766309999999947
11
143.1104519999999809
21
-104.7766319999999922
0
LINE
8
BLACK
6
CONTINUOUS
10
143.1104519999999809
20
-104.7766319999999922
11
143.2925309999999968
21
-104.8520520000000005
0
LINE
8
BLACK
6
CONTINUOUS
10
143.2925309999999968
20
-104.8520520000000005
11
143.4858209999999872
21
-104.8904999999999887
0
LINE
8
BLACK
6
CONTINUOUS
10
143.4858209999999872
20
-104.8904999999999887
11
143.4858239999999796
21
-104.8905010000000004
0
LINE
8
BLACK
6
CONTINUOUS
10
143.4858239999999796
20
-104.8905010000000004
11
143.485826000000003
21
-104.8905010000000004
0
LINE
8
BLACK
6
CONTINUOUS
10
143.485826000000003
20
-104.8905010000000004
11
143.6890209999999968
21
-104.8905010000000004
0
LINE
8
BLACK
6
CONTINUOUS
10
143.6890209999999968
20
-104.8905010000000004
11
143.6890410000000031
21
-104.8904999999999887
0
LINE
8
BLACK
6
CONTINUOUS
10
143.6890410000000031
20
-104.8904999999999887
11
143.8260379999999827
21
-104.8904999999999887
0
LINE
8
BLACK
6
CONTINUOUS
10
143.8260379999999827
20
-104.8904999999999887
11
143.8930770000000052
21
-104.9101849999999985
0
LINE
8
BLACK
6
CONTINUOUS
10
143.8930770000000052
20
-104.9101849999999985
11
143.915348999999992
21
-104.9296229999999923
0
LINE
8
BLACK
6
CONTINUOUS
10
143.915348999999992
20
-104.9296229999999923
11
143.9157620000000009
21
-104.9292109999999951
0
LINE
8
BLACK
6
CONTINUOUS
10
143.9157620000000009
20
-104.9292109999999951
11
144.0588699999999847
21
-105.0723189999999931
0
LINE
8
BLACK
6
CONTINUOUS
10
144.0588699999999847
20
-105.0723189999999931
11
144.0923549999999977
21
-105.1336419999999947
0
LINE
8
BLACK
6
CONTINUOUS
10
144.0923549999999977
20
-105.1336419999999947
11
144.0873709999999903
21
-105.2033339999999981
0
LINE
8
BLACK
6
CONTINUOUS
10
144.0873709999999903
20
-105.2033339999999981
11
144.0588699999999847
21
-105.247681
0
LINE
8
BLACK
6
CONTINUOUS
10
144.0588699999999847
20
-105.247681
11
143.9192050000000052
21
-105.3873449999999963
0
LINE
8
BLACK
6
CONTINUOUS
10
143.9192050000000052
20
-105.3873449999999963
11
143.9192009999999868
21
-105.3873499999999979
0
LINE
8
BLACK
6
CONTINUOUS
10
143.9192009999999868
20
-105.3873499999999979
11
143.7711319999999944
21
-105.5911509999999964
0
LINE
8
BLACK
6
CONTINUOUS
10
143.7711319999999944
20
-105.5911509999999964
11
143.6567599999999914
21
-105.8156159999999915
0
LINE
8
BLACK
6
CONTINUOUS
10
143.6567599999999914
20
-105.8156159999999915
11
143.5789100000000076
21
-106.0552139999999923
0
LINE
8
BLACK
6
CONTINUOUS
10
143.5789100000000076
20
-106.0552139999999923
11
143.5498159999999928
21
-106.2389060000000001
0
LINE
8
BLACK
6
CONTINUOUS
10
143.5498159999999928
20
-106.2389060000000001
11
143.5395000000000039
21
-106.3040379999999914
0
LINE
8
BLACK
6
CONTINUOUS
10
143.5395000000000039
20
-106.3040379999999914
11
143.5395000000000039
21
-106.5559619999999938
0
LINE
8
BLACK
6
CONTINUOUS
10
143.5395000000000039
20
-106.5559619999999938
11
143.5743659999999977
21
-106.7760929999999888
0
LINE
8
BLACK
6
CONTINUOUS
10
143.5743659999999977
20
-106.7760929999999888
11
143.5789100000000076
21
-106.8047849999999954
0
LINE
8
BLACK
6
CONTINUOUS
10
143.5789100000000076
20
-106.8047849999999954
11
143.6567599999999914
21
-107.0443829999999963
0
LINE
8
BLACK
6
CONTINUOUS
10
143.6567599999999914
20
-107.0443829999999963
11
143.7711319999999944
21
-107.2688479999999913
0
LINE
8
BLACK
6
CONTINUOUS
10
143.7711319999999944
20
-107.2688479999999913
11
143.9192009999999868
21
-107.4726489999999899
0
LINE
8
BLACK
6
CONTINUOUS
10
143.9192009999999868
20
-107.4726489999999899
11
143.9192050000000052
21
-107.4726539999999915
0
LINE
8
BLACK
6
CONTINUOUS
10
143.9192050000000052
20
-107.4726539999999915
11
144.0588699999999847
21
-107.6123189999999994
0
LINE
8
BLACK
6
CONTINUOUS
10
144.0588699999999847
20
-107.6123189999999994
11
144.0923549999999977
21
-107.673642000000001
0
LINE
8
BLACK
6
CONTINUOUS
10
144.0923549999999977
20
-107.673642000000001
11
144.0873709999999903
21
-107.7433339999999902
0
LINE
8
BLACK
6
CONTINUOUS
10
144.0873709999999903
20
-107.7433339999999902
11
144.0588699999999847
21
-107.7876809999999921
0
LINE
8
BLACK
6
CONTINUOUS
10
144.0588699999999847
20
-107.7876809999999921
11
143.9192050000000052
21
-107.9273449999999883
0
LINE
8
BLACK
6
CONTINUOUS
10
143.9192050000000052
20
-107.9273449999999883
11
143.9192009999999868
21
-107.9273499999999899
0
LINE
8
BLACK
6
CONTINUOUS
10
143.9192009999999868
20
-107.9273499999999899
11
143.7711319999999944
21
-108.1311509999999885
0
LINE
8
BLACK
6
CONTINUOUS
10
143.7711319999999944
20
-108.1311509999999885
11
143.6567599999999914
21
-108.3556159999999977
0
LINE
8
BLACK
6
CONTINUOUS
10
143.6567599999999914
20
-108.3556159999999977
11
143.5789100000000076
21
-108.5952139999999986
0
LINE
8
BLACK
6
CONTINUOUS
10
143.5789100000000076
20
-108.5952139999999986
11
143.5395000000000039
21
-108.8440379999999976
0
LINE
8
BLACK
6
CONTINUOUS
10
143.5395000000000039
20
-108.8440379999999976
11
143.5395000000000039
21
-109.0959609999999884
0
LINE
8
BLACK
6
CONTINUOUS
10
143.5395000000000039
20
-109.0959609999999884
11
143.5789100000000076
21
-109.3447850000000017
0
LINE
8
BLACK
6
CONTINUOUS
10
143.5789100000000076
20
-109.3447850000000017
11
143.6567599999999914
21
-109.5843829999999883
0
LINE
8
BLACK
6
CONTINUOUS
10
143.6567599999999914
20
-109.5843829999999883
11
143.7711319999999944
21
-109.8088479999999976
0
LINE
8
BLACK
6
CONTINUOUS
10
143.7711319999999944
20
-109.8088479999999976
11
143.9192009999999868
21
-110.0126489999999961
0
LINE
8
BLACK
6
CONTINUOUS
10
143.9192009999999868
20
-110.0126489999999961
11
143.9192050000000052
21
-110.0126539999999977
0
LINE
8
BLACK
6
CONTINUOUS
10
143.9192050000000052
20
-110.0126539999999977
11
144.0588699999999847
21
-110.1523189999999914
0
LINE
8
BLACK
6
CONTINUOUS
10
144.0588699999999847
20
-110.1523189999999914
11
144.0923549999999977
21
-110.213641999999993
0
LINE
8
BLACK
6
CONTINUOUS
10
144.0923549999999977
20
-110.213641999999993
11
144.0873709999999903
21
-110.2833339999999964
0
LINE
8
BLACK
6
CONTINUOUS
10
144.0873709999999903
20
-110.2833339999999964
11
144.0588699999999847
21
-110.3276809999999983
0
LINE
8
BLACK
6
CONTINUOUS
10
144.0588699999999847
20
-110.3276809999999983
11
143.9192050000000052
21
-110.4673449999999946
0
LINE
8
BLACK
6
CONTINUOUS
10
143.9192050000000052
20
-110.4673449999999946
11
143.9192009999999868
21
-110.4673499999999962
0
LINE
8
BLACK
6
CONTINUOUS
10
143.9192009999999868
20
-110.4673499999999962
11
143.7711319999999944
21
-110.6711509999999947
0
LINE
8
BLACK
6
CONTINUOUS
10
143.7711319999999944
20
-110.6711509999999947
11
143.6567599999999914
21
-110.8956159999999898
0
LINE
8
BLACK
6
CONTINUOUS
10
143.6567599999999914
20
-110.8956159999999898
11
143.5789100000000076
21
-111.1352139999999906
0
LINE
8
BLACK
6
CONTINUOUS
10
143.5789100000000076
20
-111.1352139999999906
11
143.5584499999999935
21
-111.2643939999999958
0
LINE
8
BLACK
6
CONTINUOUS
10
143.5584499999999935
20
-111.2643939999999958
11
143.5395000000000039
21
-111.3840379999999897
0
LINE
8
BLACK
6
CONTINUOUS
10
143.5395000000000039
20
-111.3840379999999897
11
143.5395000000000039
21
-111.6359619999999921
0
LINE
8
BLACK
6
CONTINUOUS
10
143.5395000000000039
20
-111.6359619999999921
11
143.5440030000000036
21
-111.6643940000000015
0
LINE
8
BLACK
6
CONTINUOUS
10
143.5440030000000036
20
-111.6643940000000015
11
143.5789100000000076
21
-111.8847849999999937
0
LINE
8
BLACK
6
CONTINUOUS
10
143.5789100000000076
20
-111.8847849999999937
11
143.6567599999999914
21
-112.1243829999999946
0
LINE
8
BLACK
6
CONTINUOUS
10
143.6567599999999914
20
-112.1243829999999946
11
143.7354129999999941
21
-112.2787469999999956
0
LINE
8
BLACK
6
CONTINUOUS
10
143.7354129999999941
20
-112.2787469999999956
11
143.7679519999999798
21
-112.3426079999999985
0
LINE
8
BLACK
6
CONTINUOUS
10
143.7679519999999798
20
-112.3426079999999985
11
143.7711319999999944
21
-112.3488479999999896
0
LINE
8
BLACK
6
CONTINUOUS
10
143.7711319999999944
20
-112.3488479999999896
11
143.9192009999999868
21
-112.5526489999999882
0
LINE
8
BLACK
6
CONTINUOUS
10
143.9192009999999868
20
-112.5526489999999882
11
143.9192050000000052
21
-112.5526539999999898
0
LINE
8
BLACK
6
CONTINUOUS
10
143.9192050000000052
20
-112.5526539999999898
11
144.09734499999999
21
-112.7307939999999888
0
LINE
8
BLACK
6
CONTINUOUS
10
144.09734499999999
20
-112.7307939999999888
11
144.0973500000000058
21
-112.730797999999993
0
LINE
8
BLACK
6
CONTINUOUS
10
144.0973500000000058
20
-112.730797999999993
11
144.2751169999999945
21
-112.8599519999999927
0
LINE
8
BLACK
6
CONTINUOUS
10
144.2751169999999945
20
-112.8599519999999927
11
144.3011549999999943
21
-112.878869999999992
0
LINE
8
BLACK
6
CONTINUOUS
10
144.3011549999999943
20
-112.878869999999992
11
144.444184000000007
21
-112.9517469999999975
0
LINE
8
BLACK
6
CONTINUOUS
10
144.444184000000007
20
-112.9517469999999975
11
144.5256159999999852
21
-112.9932389999999884
0
LINE
8
BLACK
6
CONTINUOUS
10
144.5256159999999852
20
-112.9932389999999884
11
144.5256179999999802
21
-112.9932389999999884
0
LINE
8
BLACK
6
CONTINUOUS
10
144.5256179999999802
20
-112.9932389999999884
11
144.525621000000001
21
-112.9932409999999976
0
LINE
8
BLACK
6
CONTINUOUS
10
144.525621000000001
20
-112.9932409999999976
11
144.7652149999999835
21
-113.0710899999999981
0
LINE
8
BLACK
6
CONTINUOUS
10
144.7652149999999835
20
-113.0710899999999981
11
145.0140379999999993
21
-113.1105000000000018
0
LINE
8
BLACK
6
CONTINUOUS
10
145.0140379999999993
20
-113.1105000000000018
11
145.0140389999999968
21
-113.1105000000000018
0
LINE
8
BLACK
6
CONTINUOUS
10
145.0140389999999968
20
-113.1105000000000018
11
145.2659610000000043
21
-113.1105000000000018
0
LINE
8
BLACK
6
CONTINUOUS
10
145.2659610000000043
20
-113.1105000000000018
11
145.2659620000000018
21
-113.1105000000000018
0
LINE
8
BLACK
6
CONTINUOUS
10
145.2659620000000018
20
-113.1105000000000018
11
145.5147849999999892
21
-113.0710899999999981
0
LINE
8
BLACK
6
CONTINUOUS
10
145.5147849999999892
20
-113.0710899999999981
11
145.7543790000000001
21
-112.9932409999999976
0
LINE
8
BLACK
6
CONTINUOUS
10
145.7543790000000001
20
-112.9932409999999976
11
145.9788450000000068
21
-112.878869999999992
0
LINE
8
BLACK
6
CONTINUOUS
10
145.9788450000000068
20
-112.878869999999992
11
146.1826559999999802
21
-112.7307929999999914
0
LINE
8
BLACK
6
CONTINUOUS
10
146.1826559999999802
20
-112.7307929999999914
11
146.360793000000001
21
-112.5526559999999989
0
LINE
8
BLACK
6
CONTINUOUS
10
146.360793000000001
20
-112.5526559999999989
11
146.5088700000000017
21
-112.3488449999999972
0
LINE
8
BLACK
6
CONTINUOUS
10
146.5088700000000017
20
-112.3488449999999972
11
146.6232410000000073
21
-112.1243789999999905
0
LINE
8
BLACK
6
CONTINUOUS
10
146.6232410000000073
20
-112.1243789999999905
11
146.7010899999999936
21
-111.8847849999999937
0
LINE
8
BLACK
6
CONTINUOUS
10
146.7010899999999936
20
-111.8847849999999937
11
146.7404999999999973
21
-111.6359619999999921
0
LINE
8
BLACK
6
CONTINUOUS
10
146.7404999999999973
20
-111.6359619999999921
11
146.7404999999999973
21
-111.3840379999999897
0
LINE
8
BLACK
6
CONTINUOUS
10
146.7404999999999973
20
-111.3840379999999897
11
146.7010899999999936
21
-111.1352149999999881
0
LINE
8
BLACK
6
CONTINUOUS
10
146.7010899999999936
20
-111.1352149999999881
11
146.6232410000000073
21
-110.8956209999999913
0
LINE
8
BLACK
6
CONTINUOUS
10
146.6232410000000073
20
-110.8956209999999913
11
146.6232389999999839
21
-110.8956179999999989
0
LINE
8
BLACK
6
CONTINUOUS
10
146.6232389999999839
20
-110.8956179999999989
11
146.6232389999999839
21
-110.8956159999999898
0
LINE
8
BLACK
6
CONTINUOUS
10
146.6232389999999839
20
-110.8956159999999898
11
146.5817470000000071
21
-110.8141839999999974
0
LINE
8
BLACK
6
CONTINUOUS
10
146.5817470000000071
20
-110.8141839999999974
11
146.5088700000000017
21
-110.6711549999999988
0
LINE
8
BLACK
6
CONTINUOUS
10
146.5088700000000017
20
-110.6711549999999988
11
146.483052999999984
21
-110.6356210000000004
0
LINE
8
BLACK
6
CONTINUOUS
10
146.483052999999984
20
-110.6356210000000004
11
146.3607979999999884
21
-110.4673499999999962
0
LINE
8
BLACK
6
CONTINUOUS
10
146.3607979999999884
20
-110.4673499999999962
11
146.3607939999999985
21
-110.4673449999999946
0
LINE
8
BLACK
6
CONTINUOUS
10
146.3607939999999985
20
-110.4673449999999946
11
146.2211299999999881
21
-110.3276809999999983
0
LINE
8
BLACK
6
CONTINUOUS
10
146.2211299999999881
20
-110.3276809999999983
11
146.1876450000000034
21
-110.2663579999999968
0
LINE
8
BLACK
6
CONTINUOUS
10
146.1876450000000034
20
-110.2663579999999968
11
146.1926289999999824
21
-110.1966659999999933
0
LINE
8
BLACK
6
CONTINUOUS
10
146.1926289999999824
20
-110.1966659999999933
11
146.2211299999999881
21
-110.1523189999999914
0
LINE
8
BLACK
6
CONTINUOUS
10
146.2211299999999881
20
-110.1523189999999914
11
146.2666030000000035
21
-110.1068459999999902
0
LINE
8
BLACK
6
CONTINUOUS
10
146.2666030000000035
20
-110.1068459999999902
11
146.360793000000001
21
-110.0126559999999927
0
LINE
8
BLACK
6
CONTINUOUS
10
146.360793000000001
20
-110.0126559999999927
11
146.5088700000000017
21
-109.8088449999999909
0
LINE
8
BLACK
6
CONTINUOUS
10
146.5088700000000017
20
-109.8088449999999909
11
146.6232410000000073
21
-109.5843789999999984
0
LINE
8
BLACK
6
CONTINUOUS
10
146.6232410000000073
20
-109.5843789999999984
11
146.7010899999999936
21
-109.3447850000000017
0
LINE
8
BLACK
6
CONTINUOUS
10
146.7010899999999936
20
-109.3447850000000017
11
146.7404999999999973
21
-109.0959620000000001
0
LINE
8
BLACK
6
CONTINUOUS
10
146.7404999999999973
20
-109.0959620000000001
11
146.7404999999999973
21
-108.8440379999999976
0
LINE
8
BLACK
6
CONTINUOUS
10
146.7404999999999973
20
-108.8440379999999976
11
146.7010899999999936
21
-108.5952149999999961
0
LINE
8
BLACK
6
CONTINUOUS
10
146.7010899999999936
20
-108.5952149999999961
11
146.6232410000000073
21
-108.3556209999999993
0
LINE
8
BLACK
6
CONTINUOUS
10
146.6232410000000073
20
-108.3556209999999993
11
146.6232389999999839
21
-108.3556179999999927
0
LINE
8
BLACK
6
CONTINUOUS
10
146.6232389999999839
20
-108.3556179999999927
11
146.6232389999999839
21
-108.3556159999999977
0
LINE
8
BLACK
6
CONTINUOUS
10
146.6232389999999839
20
-108.3556159999999977
11
146.5355749999999944
21
-108.1835669999999965
0
LINE
8
BLACK
6
CONTINUOUS
10
146.5355749999999944
20
-108.1835669999999965
11
146.5088700000000017
21
-108.1311549999999926
0
LINE
8
BLACK
6
CONTINUOUS
10
146.5088700000000017
20
-108.1311549999999926
11
146.4899519999999882
21
-108.1051169999999928
0
LINE
8
BLACK
6
CONTINUOUS
10
146.4899519999999882
20
-108.1051169999999928
11
146.3607979999999884
21
-107.9273499999999899
0
LINE
8
BLACK
6
CONTINUOUS
10
146.3607979999999884
20
-107.9273499999999899
11
146.3607939999999985
21
-107.9273449999999883
0
LINE
8
BLACK
6
CONTINUOUS
10
146.3607939999999985
20
-107.9273449999999883
11
146.2211299999999881
21
-107.7876809999999921
0
LINE
8
BLACK
6
CONTINUOUS
10
146.2211299999999881
20
-107.7876809999999921
11
146.1876450000000034
21
-107.7263579999999905
0
LINE
8
BLACK
6
CONTINUOUS
10
146.1876450000000034
20
-107.7263579999999905
11
146.1926289999999824
21
-107.6566660000000013
0
LINE
8
BLACK
6
CONTINUOUS
10
146.1926289999999824
20
-107.6566660000000013
11
146.2211299999999881
21
-107.6123189999999994
0
LINE
8
BLACK
6
CONTINUOUS
10
146.2211299999999881
20
-107.6123189999999994
11
146.2589349999999797
21
-107.5745139999999935
0
LINE
8
BLACK
6
CONTINUOUS
10
146.2589349999999797
20
-107.5745139999999935
11
146.360793000000001
21
-107.4726560000000006
0
LINE
8
BLACK
6
CONTINUOUS
10
146.360793000000001
20
-107.4726560000000006
11
146.5088700000000017
21
-107.2688449999999989
0
LINE
8
BLACK
6
CONTINUOUS
10
146.5088700000000017
20
-107.2688449999999989
11
146.6232410000000073
21
-107.0443789999999922
0
LINE
8
BLACK
6
CONTINUOUS
10
146.6232410000000073
20
-107.0443789999999922
11
146.7010899999999936
21
-106.8047849999999954
0
LINE
8
BLACK
6
CONTINUOUS
10
146.7010899999999936
20
-106.8047849999999954
11
146.7404999999999973
21
-106.5559619999999938
0
LINE
8
BLACK
6
CONTINUOUS
10
146.7404999999999973
20
-106.5559619999999938
11
146.7404999999999973
21
-106.3040379999999914
0
LINE
8
BLACK
6
CONTINUOUS
10
146.7404999999999973
20
-106.3040379999999914
11
146.7010899999999936
21
-106.0552149999999898
0
LINE
8
BLACK
6
CONTINUOUS
10
146.7010899999999936
20
-106.0552149999999898
11
146.6232410000000073
21
-105.815620999999993
0
LINE
8
BLACK
6
CONTINUOUS
10
146.6232410000000073
20
-105.815620999999993
11
146.6232389999999839
21
-105.8156180000000006
0
LINE
8
BLACK
6
CONTINUOUS
10
146.6232389999999839
20
-105.8156180000000006
11
146.6232389999999839
21
-105.8156159999999915
0
LINE
8
BLACK
6
CONTINUOUS
10
146.6232389999999839
20
-105.8156159999999915
11
146.5535629999999969
21
-105.6788710000000009
0
LINE
8
BLACK
6
CONTINUOUS
10
146.5535629999999969
20
-105.6788710000000009
11
146.5088700000000017
21
-105.5911550000000005
0
LINE
8
BLACK
6
CONTINUOUS
10
146.5088700000000017
20
-105.5911550000000005
11
146.4741489999999828
21
-105.5433659999999918
0
LINE
8
BLACK
6
CONTINUOUS
10
146.4741489999999828
20
-105.5433659999999918
11
146.3607979999999884
21
-105.3873499999999979
0
LINE
8
BLACK
6
CONTINUOUS
10
146.3607979999999884
20
-105.3873499999999979
11
146.3607939999999985
21
-105.3873449999999963
0
LINE
8
BLACK
6
CONTINUOUS
10
146.3607939999999985
20
-105.3873449999999963
11
146.2211299999999881
21
-105.247681
0
LINE
8
BLACK
6
CONTINUOUS
10
146.2211299999999881
20
-105.247681
11
146.1876450000000034
21
-105.1863579999999985
0
LINE
8
BLACK
6
CONTINUOUS
10
146.1876450000000034
20
-105.1863579999999985
11
146.1926289999999824
21
-105.1166659999999951
0
LINE
8
BLACK
6
CONTINUOUS
10
146.1926289999999824
20
-105.1166659999999951
11
146.2211299999999881
21
-105.0723189999999931
0
LINE
8
BLACK
6
CONTINUOUS
10
146.2211299999999881
20
-105.0723189999999931
11
146.2607390000000009
21
-105.0327099999999945
0
LINE
8
BLACK
6
CONTINUOUS
10
146.2607390000000009
20
-105.0327099999999945
11
146.360793000000001
21
-104.9326559999999944
0
LINE
8
BLACK
6
CONTINUOUS
10
146.360793000000001
20
-104.9326559999999944
11
146.5088700000000017
21
-104.7288449999999926
0
LINE
8
BLACK
6
CONTINUOUS
10
146.5088700000000017
20
-104.7288449999999926
11
146.6232410000000073
21
-104.5043790000000001
0
LINE
8
BLACK
6
CONTINUOUS
10
146.6232410000000073
20
-104.5043790000000001
11
146.7010899999999936
21
-104.2647849999999892
0
LINE
8
BLACK
6
CONTINUOUS
10
146.7010899999999936
20
-104.2647849999999892
11
146.7404999999999973
21
-104.0159620000000018
0
LINE
8
BLACK
6
CONTINUOUS
10
146.7404999999999973
20
-104.0159620000000018
11
146.7404999999999973
21
-103.7640379999999993
0
LINE
8
BLACK
6
CONTINUOUS
10
146.7404999999999973
20
-103.7640379999999993
11
146.7010899999999936
21
-103.5152149999999978
0
LINE
8
BLACK
6
CONTINUOUS
10
146.7010899999999936
20
-103.5152149999999978
11
146.6232410000000073
21
-103.275621000000001
0
LINE
8
BLACK
6
CONTINUOUS
10
146.6232410000000073
20
-103.275621000000001
11
146.6232389999999839
21
-103.2756179999999944
0
LINE
8
BLACK
6
CONTINUOUS
10
146.6232389999999839
20
-103.2756179999999944
11
146.6232389999999839
21
-103.2756159999999994
0
LINE
8
BLACK
6
CONTINUOUS
10
146.6232389999999839
20
-103.2756159999999994
11
146.5355749999999944
21
-103.1035669999999982
0
LINE
8
BLACK
6
CONTINUOUS
10
146.5355749999999944
20
-103.1035669999999982
11
146.5088700000000017
21
-103.0511549999999943
0
LINE
8
BLACK
6
CONTINUOUS
10
146.5088700000000017
20
-103.0511549999999943
11
146.4867199999999912
21
-103.0206680000000006
0
LINE
8
BLACK
6
CONTINUOUS
10
146.4867199999999912
20
-103.0206680000000006
11
146.3607979999999884
21
-102.8473499999999916
0
LINE
8
BLACK
6
CONTINUOUS
10
146.3607979999999884
20
-102.8473499999999916
11
146.3607939999999985
21
-102.84734499999999
0
LINE
8
BLACK
6
CONTINUOUS
10
146.3607939999999985
20
-102.84734499999999
11
146.2211299999999881
21
-102.7076809999999938
0
LINE
8
BLACK
6
CONTINUOUS
10
146.2211299999999881
20
-102.7076809999999938
11
146.1876450000000034
21
-102.6463579999999922
0
LINE
8
BLACK
6
CONTINUOUS
10
146.1876450000000034
20
-102.6463579999999922
11
146.1926289999999824
21
-102.5766659999999888
0
LINE
8
BLACK
6
CONTINUOUS
10
146.1926289999999824
20
-102.5766659999999888
11
146.2211299999999881
21
-102.5323190000000011
0
LINE
8
BLACK
6
CONTINUOUS
10
146.2211299999999881
20
-102.5323190000000011
11
146.2792309999999816
21
-102.4742179999999934
0
LINE
8
BLACK
6
CONTINUOUS
10
146.2792309999999816
20
-102.4742179999999934
11
146.360793000000001
21
-102.3926560000000023
0
LINE
8
BLACK
6
CONTINUOUS
10
146.360793000000001
20
-102.3926560000000023
11
146.5088700000000017
21
-102.1888450000000006
0
LINE
8
BLACK
6
CONTINUOUS
10
146.5088700000000017
20
-102.1888450000000006
11
146.6232410000000073
21
-101.9643789999999939
0
LINE
8
BLACK
6
CONTINUOUS
10
146.6232410000000073
20
-101.9643789999999939
11
146.7010899999999936
21
-101.7247849999999971
0
LINE
8
BLACK
6
CONTINUOUS
10
146.7010899999999936
20
-101.7247849999999971
11
146.7404999999999973
21
-101.4759619999999956
0
LINE
8
BLACK
6
CONTINUOUS
10
146.7404999999999973
20
-101.4759619999999956
11
146.7404999999999973
21
-101.2240379999999931
0
LINE
8
BLACK
6
CONTINUOUS
10
146.7404999999999973
20
-101.2240379999999931
11
146.7010899999999936
21
-100.9752149999999915
0
LINE
8
BLACK
6
CONTINUOUS
10
146.7010899999999936
20
-100.9752149999999915
11
146.6232410000000073
21
-100.7356209999999948
0
LINE
8
BLACK
6
CONTINUOUS
10
146.6232410000000073
20
-100.7356209999999948
11
146.6232389999999839
21
-100.7356180000000023
0
LINE
8
BLACK
6
CONTINUOUS
10
146.6232389999999839
20
-100.7356180000000023
11
146.6232389999999839
21
-100.7356159999999932
0
LINE
8
BLACK
6
CONTINUOUS
10
146.6232389999999839
20
-100.7356159999999932
11
146.5817419999999913
21
-100.6541749999999951
0
LINE
8
BLACK
6
CONTINUOUS
10
146.5817419999999913
20
-100.6541749999999951
11
146.5088700000000017
21
-100.5111550000000022
0
LINE
8
BLACK
6
CONTINUOUS
10
146.5088700000000017
20
-100.5111550000000022
11
146.388495000000006
21
-100.3454720000000009
0
LINE
8
BLACK
6
CONTINUOUS
10
146.388495000000006
20
-100.3454720000000009
11
146.3607979999999884
21
-100.3073499999999996
0
LINE
8
BLACK
6
CONTINUOUS
10
146.3607979999999884
20
-100.3073499999999996
11
146.3607939999999985
21
-100.307344999999998
0
LINE
8
BLACK
6
CONTINUOUS
10
146.3607939999999985
20
-100.307344999999998
11
146.2211299999999881
21
-100.1676810000000017
0
LINE
8
BLACK
6
CONTINUOUS
10
146.2211299999999881
20
-100.1676810000000017
11
146.1876450000000034
21
-100.1063580000000002
0
LINE
8
BLACK
6
CONTINUOUS
10
146.1876450000000034
20
-100.1063580000000002
11
146.1926289999999824
21
-100.0366659999999968
0
LINE
8
BLACK
6
CONTINUOUS
10
146.1926289999999824
20
-100.0366659999999968
11
146.2211299999999881
21
-99.9923189999999948
0
LINE
8
BLACK
6
CONTINUOUS
10
146.2211299999999881
20
-99.9923189999999948
11
146.360793000000001
21
-99.8526559999999961
0
LINE
8
BLACK
6
CONTINUOUS
10
146.360793000000001
20
-99.8526559999999961
11
146.5088700000000017
21
-99.6488449999999943
0
LINE
8
BLACK
6
CONTINUOUS
10
146.5088700000000017
20
-99.6488449999999943
11
146.6232410000000073
21
-99.4243790000000018
0
LINE
8
BLACK
6
CONTINUOUS
10
146.6232410000000073
20
-99.4243790000000018
11
146.7010899999999936
21
-99.1847849999999909
0
LINE
8
BLACK
6
CONTINUOUS
10
146.7010899999999936
20
-99.1847849999999909
11
146.7404999999999973
21
-98.9359619999999893
0
LINE
8
BLACK
6
CONTINUOUS
10
146.7404999999999973
20
-98.9359619999999893
11
146.7404999999999973
21
-98.684038000000001
0
LINE
8
BLACK
6
CONTINUOUS
10
146.7404999999999973
20
-98.684038000000001
11
146.7010899999999936
21
-98.4352149999999995
0
LINE
8
BLACK
6
CONTINUOUS
10
146.7010899999999936
20
-98.4352149999999995
11
146.6232410000000073
21
-98.1956209999999885
0
LINE
8
BLACK
6
CONTINUOUS
10
146.6232410000000073
20
-98.1956209999999885
11
146.6232389999999839
21
-98.1956179999999961
0
LINE
8
BLACK
6
CONTINUOUS
10
146.6232389999999839
20
-98.1956179999999961
11
146.6232389999999839
21
-98.1956160000000011
0
LINE
8
BLACK
6
CONTINUOUS
10
146.6232389999999839
20
-98.1956160000000011
11
146.5622869999999978
21
-98.0759919999999994
0
LINE
8
BLACK
6
CONTINUOUS
10
146.5622869999999978
20
-98.0759919999999994
11
146.5088700000000017
21
-97.971154999999996
0
LINE
8
BLACK
6
CONTINUOUS
10
146.5088700000000017
20
-97.971154999999996
11
146.4218400000000031
21
-97.8513679999999937
0
LINE
8
BLACK
6
CONTINUOUS
10
146.4218400000000031
20
-97.8513679999999937
11
146.3607979999999884
21
-97.7673499999999933
0
LINE
8
BLACK
6
CONTINUOUS
10
146.3607979999999884
20
-97.7673499999999933
11
146.3607939999999985
21
-97.7673449999999917
0
LINE
8
BLACK
6
CONTINUOUS
10
146.3607939999999985
20
-97.7673449999999917
11
146.2211299999999881
21
-97.6276809999999955
0
LINE
8
BLACK
6
CONTINUOUS
10
146.2211299999999881
20
-97.6276809999999955
11
146.1876450000000034
21
-97.5663579999999939
0
LINE
8
BLACK
6
CONTINUOUS
10
146.1876450000000034
20
-97.5663579999999939
11
146.1926289999999824
21
-97.4966659999999905
0
LINE
8
BLACK
6
CONTINUOUS
10
146.1926289999999824
20
-97.4966659999999905
11
146.2211299999999881
21
-97.4523189999999886
0
LINE
8
BLACK
6
CONTINUOUS
10
146.2211299999999881
20
-97.4523189999999886
11
146.2475299999999834
21
-97.4259189999999933
0
LINE
8
BLACK
6
CONTINUOUS
10
146.2475299999999834
20
-97.4259189999999933
11
146.360793000000001
21
-97.3126559999999898
0
LINE
8
BLACK
6
CONTINUOUS
10
146.360793000000001
20
-97.3126559999999898
11
146.5088700000000017
21
-97.1088450000000023
0
LINE
8
BLACK
6
CONTINUOUS
10
146.5088700000000017
20
-97.1088450000000023
11
146.6232410000000073
21
-96.8843789999999956
0
LINE
8
BLACK
6
CONTINUOUS
10
146.6232410000000073
20
-96.8843789999999956
11
146.7010899999999936
21
-96.6447849999999988
0
LINE
8
BLACK
6
CONTINUOUS
10
146.7010899999999936
20
-96.6447849999999988
11
146.7404999999999973
21
-96.3959619999999973
0
LINE
8
BLACK
6
CONTINUOUS
10
146.7404999999999973
20
-96.3959619999999973
11
146.7404999999999973
21
-96.1440379999999948
0
LINE
8
BLACK
6
CONTINUOUS
10
146.7404999999999973
20
-96.1440379999999948
11
146.7010899999999936
21
-95.8952149999999932
0
LINE
8
BLACK
6
CONTINUOUS
10
146.7010899999999936
20
-95.8952149999999932
11
146.6232410000000073
21
-95.6556209999999965
0
LINE
8
BLACK
6
CONTINUOUS
10
146.6232410000000073
20
-95.6556209999999965
11
146.6232389999999839
21
-95.6556179999999898
0
LINE
8
BLACK
6
CONTINUOUS
10
146.6232389999999839
20
-95.6556179999999898
11
146.6232389999999839
21
-95.6556159999999949
0
LINE
8
BLACK
6
CONTINUOUS
10
146.6232389999999839
20
-95.6556159999999949
11
146.5817470000000071
21
-95.5741840000000025
0
LINE
8
BLACK
6
CONTINUOUS
10
146.5817470000000071
20
-95.5741840000000025
11
146.5088700000000017
21
-95.4311549999999897
0
LINE
8
BLACK
6
CONTINUOUS
10
146.5088700000000017
20
-95.4311549999999897
11
146.4899519999999882
21
-95.40511699999999
0
LINE
8
BLACK
6
CONTINUOUS
10
146.4899519999999882
20
-95.40511699999999
11
146.3607979999999884
21
-95.2273500000000013
0
LINE
8
BLACK
6
CONTINUOUS
10
146.3607979999999884
20
-95.2273500000000013
11
146.3607939999999985
21
-95.2273449999999997
0
LINE
8
BLACK
6
CONTINUOUS
10
146.3607939999999985
20
-95.2273449999999997
11
146.2211299999999881
21
-95.0876809999999892
0
LINE
8
BLACK
6
CONTINUOUS
10
146.2211299999999881
20
-95.0876809999999892
11
146.1876450000000034
21
-95.0263580000000019
0
LINE
8
BLACK
6
CONTINUOUS
10
146.1876450000000034
20
-95.0263580000000019
11
146.1926289999999824
21
-94.9566659999999985
0
LINE
8
BLACK
6
CONTINUOUS
10
146.1926289999999824
20
-94.9566659999999985
11
146.2211299999999881
21
-94.9123189999999965
0
LINE
8
BLACK
6
CONTINUOUS
10
146.2211299999999881
20
-94.9123189999999965
11
146.360793000000001
21
-94.7726559999999978
0
LINE
8
BLACK
6
CONTINUOUS
10
146.360793000000001
20
-94.7726559999999978
11
146.5088700000000017
21
-94.568844999999996
0
LINE
8
BLACK
6
CONTINUOUS
10
146.5088700000000017
20
-94.568844999999996
11
146.6232410000000073
21
-94.3443789999999893
0
LINE
8
BLACK
6
CONTINUOUS
10
146.6232410000000073
20
-94.3443789999999893
11
146.7010899999999936
21
-94.1047849999999926
0
LINE
8
BLACK
6
CONTINUOUS
10
146.7010899999999936
20
-94.1047849999999926
11
146.7404999999999973
21
-93.855961999999991
0
LINE
8
BLACK
6
CONTINUOUS
10
146.7404999999999973
20
-93.855961999999991
11
146.7404999999999973
21
-93.6040380000000027
0
LINE
8
BLACK
6
CONTINUOUS
10
146.7404999999999973
20
-93.6040380000000027
11
146.7010899999999936
21
-93.3552150000000012
0
LINE
8
BLACK
6
CONTINUOUS
10
146.7010899999999936
20
-93.3552150000000012
11
146.6232410000000073
21
-93.1156209999999902
0
LINE
8
BLACK
6
CONTINUOUS
10
146.6232410000000073
20
-93.1156209999999902
11
146.6232389999999839
21
-93.1156179999999978
0
LINE
8
BLACK
6
CONTINUOUS
10
146.6232389999999839
20
-93.1156179999999978
11
146.6232389999999839
21
-93.1156160000000028
0
LINE
8
BLACK
6
CONTINUOUS
10
146.6232389999999839
20
-93.1156160000000028
11
146.5817470000000071
21
-93.0341839999999962
0
LINE
8
BLACK
6
CONTINUOUS
10
146.5817470000000071
20
-93.0341839999999962
11
146.5088700000000017
21
-92.8911549999999977
0
LINE
8
BLACK
6
CONTINUOUS
10
146.5088700000000017
20
-92.8911549999999977
11
146.4899519999999882
21
-92.8651169999999979
0
LINE
8
BLACK
6
CONTINUOUS
10
146.4899519999999882
20
-92.8651169999999979
11
146.3607979999999884
21
-92.687349999999995
0
LINE
8
BLACK
6
CONTINUOUS
10
146.3607979999999884
20
-92.687349999999995
11
146.3607939999999985
21
-92.6873449999999934
0
LINE
8
BLACK
6
CONTINUOUS
10
146.3607939999999985
20
-92.6873449999999934
11
146.2211299999999881
21
-92.5476809999999972
0
LINE
8
BLACK
6
CONTINUOUS
10
146.2211299999999881
20
-92.5476809999999972
11
146.1876450000000034
21
-92.4863579999999956
0
LINE
8
BLACK
6
CONTINUOUS
10
146.1876450000000034
20
-92.4863579999999956
11
146.1926289999999824
21
-92.4166659999999922
0
LINE
8
BLACK
6
CONTINUOUS
10
146.1926289999999824
20
-92.4166659999999922
11
146.2211299999999881
21
-92.3723189999999903
0
LINE
8
BLACK
6
CONTINUOUS
10
146.2211299999999881
20
-92.3723189999999903
11
146.2805679999999882
21
-92.3128809999999902
0
LINE
8
BLACK
6
CONTINUOUS
10
146.2805679999999882
20
-92.3128809999999902
11
146.360793000000001
21
-92.2326559999999915
0
LINE
8
BLACK
6
CONTINUOUS
10
146.360793000000001
20
-92.2326559999999915
11
146.5088700000000017
21
-92.0288449999999898
0
LINE
8
BLACK
6
CONTINUOUS
10
146.5088700000000017
20
-92.0288449999999898
11
146.6232410000000073
21
-91.8043789999999973
0
LINE
8
BLACK
6
CONTINUOUS
10
146.6232410000000073
20
-91.8043789999999973
11
146.7010899999999936
21
-91.5647850000000005
0
LINE
8
BLACK
6
CONTINUOUS
10
146.7010899999999936
20
-91.5647850000000005
11
146.7404999999999973
21
-91.315961999999999
0
LINE
8
BLACK
6
CONTINUOUS
10
146.7404999999999973
20
-91.315961999999999
11
146.7404999999999973
21
-91.0640379999999965
0
LINE
8
BLACK
6
CONTINUOUS
10
146.7404999999999973
20
-91.0640379999999965
11
146.7010899999999936
21
-90.8152149999999949
0
LINE
8
BLACK
6
CONTINUOUS
10
146.7010899999999936
20
-90.8152149999999949
11
146.6232410000000073
21
-90.5756209999999982
0
LINE
8
BLACK
6
CONTINUOUS
10
146.6232410000000073
20
-90.5756209999999982
11
146.6232389999999839
21
-90.5756179999999915
0
LINE
8
BLACK
6
CONTINUOUS
10
146.6232389999999839
20
-90.5756179999999915
11
146.6232389999999839
21
-90.5756159999999966
0
LINE
8
BLACK
6
CONTINUOUS
10
146.6232389999999839
20
-90.5756159999999966
11
146.5817470000000071
21
-90.49418399999999
0
LINE
8
BLACK
6
CONTINUOUS
10
146.5817470000000071
20
-90.49418399999999
11
146.5088700000000017
21
-90.3511549999999914
0
LINE
8
BLACK
6
CONTINUOUS
10
146.5088700000000017
20
-90.3511549999999914
11
146.4602370000000064
21
-90.2842169999999982
0
LINE
8
BLACK
6
CONTINUOUS
10
146.4602370000000064
20
-90.2842169999999982
11
146.3607979999999884
21
-90.147350000000003
0
LINE
8
BLACK
6
CONTINUOUS
10
146.3607979999999884
20
-90.147350000000003
11
146.3607939999999985
21
-90.1473450000000014
0
LINE
8
BLACK
6
CONTINUOUS
10
146.3607939999999985
20
-90.1473450000000014
11
146.2211299999999881
21
-90.0076809999999909
0
LINE
8
BLACK
6
CONTINUOUS
10
146.2211299999999881
20
-90.0076809999999909
11
146.1876450000000034
21
-89.9463579999999894
0
LINE
8
BLACK
6
CONTINUOUS
10
146.1876450000000034
20
-89.9463579999999894
11
146.1926289999999824
21
-89.8766660000000002
0
LINE
8
BLACK
6
CONTINUOUS
10
146.1926289999999824
20
-89.8766660000000002
11
146.2211299999999881
21
-89.8323189999999983
0
LINE
8
BLACK
6
CONTINUOUS
10
146.2211299999999881
20
-89.8323189999999983
11
146.2763099999999952
21
-89.7771389999999911
0
LINE
8
BLACK
6
CONTINUOUS
10
146.2763099999999952
20
-89.7771389999999911
11
146.360793000000001
21
-89.6926559999999995
0
LINE
8
BLACK
6
CONTINUOUS
10
146.360793000000001
20
-89.6926559999999995
11
146.5088700000000017
21
-89.4888449999999978
0
LINE
8
BLACK
6
CONTINUOUS
10
146.5088700000000017
20
-89.4888449999999978
11
146.6232410000000073
21
-89.264378999999991
0
LINE
8
BLACK
6
CONTINUOUS
10
146.6232410000000073
20
-89.264378999999991
11
146.7010899999999936
21
-89.0247849999999943
0
LINE
8
BLACK
6
CONTINUOUS
10
146.7010899999999936
20
-89.0247849999999943
11
146.7404999999999973
21
-88.7759619999999927
0
LINE
8
BLACK
6
CONTINUOUS
10
146.7404999999999973
20
-88.7759619999999927
11
146.7404999999999973
21
-88.5240379999999902
0
LINE
8
BLACK
6
CONTINUOUS
10
146.7404999999999973
20
-88.5240379999999902
11
146.7010899999999936
21
-88.2752150000000029
0
LINE
8
BLACK
6
CONTINUOUS
10
146.7010899999999936
20
-88.2752150000000029
11
146.6232410000000073
21
-88.0356209999999919
0
LINE
8
BLACK
6
CONTINUOUS
10
146.6232410000000073
20
-88.0356209999999919
11
146.6232389999999839
21
-88.0356179999999995
0
LINE
8
BLACK
6
CONTINUOUS
10
146.6232389999999839
20
-88.0356179999999995
11
146.6232389999999839
21
-88.0356159999999903
0
LINE
8
BLACK
6
CONTINUOUS
10
146.6232389999999839
20
-88.0356159999999903
11
146.5468119999999885
21
-87.8856210000000004
0
LINE
8
BLACK
6
CONTINUOUS
10
146.5468119999999885
20
-87.8856210000000004
11
146.5088700000000017
21
-87.8111549999999994
0
LINE
8
BLACK
6
CONTINUOUS
10
146.5088700000000017
20
-87.8111549999999994
11
146.4589639999999804
21
-87.7424649999999957
0
LINE
8
BLACK
6
CONTINUOUS
10
146.4589639999999804
20
-87.7424649999999957
11
146.3607979999999884
21
-87.6073499999999967
0
LINE
8
BLACK
6
CONTINUOUS
10
146.3607979999999884
20
-87.6073499999999967
11
146.3607939999999985
21
-87.6073449999999951
0
LINE
8
BLACK
6
CONTINUOUS
10
146.3607939999999985
20
-87.6073449999999951
11
146.2211299999999881
21
-87.4676809999999989
0
LINE
8
BLACK
6
CONTINUOUS
10
146.2211299999999881
20
-87.4676809999999989
11
146.1876450000000034
21
-87.4063579999999973
0
LINE
8
BLACK
6
CONTINUOUS
10
146.1876450000000034
20
-87.4063579999999973
11
146.1926289999999824
21
-87.3366659999999939
0
LINE
8
BLACK
6
CONTINUOUS
10
146.1926289999999824
20
-87.3366659999999939
11
146.2211299999999881
21
-87.292318999999992
0
LINE
8
BLACK
6
CONTINUOUS
10
146.2211299999999881
20
-87.292318999999992
11
146.2892300000000034
21
-87.2242189999999908
0
LINE
8
BLACK
6
CONTINUOUS
10
146.2892300000000034
20
-87.2242189999999908
11
146.360793000000001
21
-87.1526559999999932
0
LINE
8
BLACK
6
CONTINUOUS
10
146.360793000000001
20
-87.1526559999999932
11
146.5088700000000017
21
-86.9488449999999915
0
LINE
8
BLACK
6
CONTINUOUS
10
146.5088700000000017
20
-86.9488449999999915
11
146.6232410000000073
21
-86.724378999999999
0
LINE
8
BLACK
6
CONTINUOUS
10
146.6232410000000073
20
-86.724378999999999
11
146.7010899999999936
21
-86.4847850000000022
0
LINE
8
BLACK
6
CONTINUOUS
10
146.7010899999999936
20
-86.4847850000000022
11
146.7404999999999973
21
-86.2359620000000007
0
LINE
8
BLACK
6
CONTINUOUS
10
146.7404999999999973
20
-86.2359620000000007
11
146.7404999999999973
21
-85.9840379999999982
0
LINE
8
BLACK
6
CONTINUOUS
10
146.7404999999999973
20
-85.9840379999999982
11
146.7010899999999936
21
-85.7352149999999966
0
LINE
8
BLACK
6
CONTINUOUS
10
146.7010899999999936
20
-85.7352149999999966
11
146.6232410000000073
21
-85.4956209999999999
0
LINE
8
BLACK
6
CONTINUOUS
10
146.6232410000000073
20
-85.4956209999999999
11
146.6232389999999839
21
-85.4956179999999932
0
LINE
8
BLACK
6
CONTINUOUS
10
146.6232389999999839
20
-85.4956179999999932
11
146.6232389999999839
21
-85.4956159999999983
0
LINE
8
BLACK
6
CONTINUOUS
10
146.6232389999999839
20
-85.4956159999999983
11
146.5552679999999839
21
-85.3622170000000011
0
LINE
8
BLACK
6
CONTINUOUS
10
146.5552679999999839
20
-85.3622170000000011
11
146.5088700000000017
21
-85.2711549999999932
0
LINE
8
BLACK
6
CONTINUOUS
10
146.5088700000000017
20
-85.2711549999999932
11
146.4899519999999882
21
-85.2451169999999934
0
LINE
8
BLACK
6
CONTINUOUS
10
146.4899519999999882
20
-85.2451169999999934
11
146.3607979999999884
21
-85.0673499999999905
0
LINE
8
BLACK
6
CONTINUOUS
10
146.3607979999999884
20
-85.0673499999999905
11
146.3607939999999985
21
-85.0673450000000031
0
LINE
8
BLACK
6
CONTINUOUS
10
146.3607939999999985
20
-85.0673450000000031
11
146.2207760000000007
21
-84.9273269999999911
0
LINE
8
BLACK
6
CONTINUOUS
10
146.2207760000000007
20
-84.9273269999999911
11
146.1872909999999877
21
-84.8660039999999896
0
LINE
8
BLACK
6
CONTINUOUS
10
146.1872909999999877
20
-84.8660039999999896
11
146.1922749999999951
21
-84.7963120000000004
0
LINE
8
BLACK
6
CONTINUOUS
10
146.1922749999999951
20
-84.7963120000000004
11
146.2207760000000007
21
-84.751964000000001
0
LINE
8
BLACK
6
CONTINUOUS
10
146.2207760000000007
20
-84.751964000000001
11
146.3604119999999966
21
-84.6123279999999909
0
LINE
8
BLACK
6
CONTINUOUS
10
146.3604119999999966
20
-84.6123279999999909
11
146.5084420000000023
21
-84.408582999999993
0
LINE
8
BLACK
6
CONTINUOUS
10
146.5084420000000023
20
-84.408582999999993
11
146.6227800000000059
21
-84.1841840000000019
0
LINE
8
BLACK
6
CONTINUOUS
10
146.6227800000000059
20
-84.1841840000000019
11
146.7006020000000035
21
-83.9446709999999996
0
LINE
8
BLACK
6
CONTINUOUS
10
146.7006020000000035
20
-83.9446709999999996
11
146.7006020000000035
21
-83.944667999999993
0
LINE
8
BLACK
6
CONTINUOUS
10
146.7006020000000035
20
-83.944667999999993
11
146.7203480000000013
21
-83.8199999999999932
0
LINE
8
BLACK
6
CONTINUOUS
10
146.7203480000000013
20
-83.8199999999999932
11
146.2106819999999914
21
-83.8199999999999932
0
LINE
8
BLACK
6
CONTINUOUS
10
146.2106819999999914
20
-83.8199999999999932
11
146.2096070000000054
21
-83.8267900000000026
0
LINE
8
BLACK
6
CONTINUOUS
10
146.2096070000000054
20
-83.8267900000000026
11
146.1562669999999855
21
-83.9909519999999929
0
LINE
8
BLACK
6
CONTINUOUS
10
146.1562669999999855
20
-83.9909519999999929
11
146.0779039999999895
21
-84.1447479999999928
0
LINE
8
BLACK
6
CONTINUOUS
10
146.0779039999999895
20
-84.1447479999999928
11
145.9764470000000074
21
-84.2843929999999943
0
LINE
8
BLACK
6
CONTINUOUS
10
145.9764470000000074
20
-84.2843929999999943
11
145.8543929999999875
21
-84.406447
0
LINE
8
BLACK
6
CONTINUOUS
10
145.8543929999999875
20
-84.406447
11
145.714747999999986
21
-84.5079039999999964
0
LINE
8
BLACK
6
CONTINUOUS
10
145.714747999999986
20
-84.5079039999999964
11
145.5609519999999861
21
-84.5862669999999923
0
LINE
8
BLACK
6
CONTINUOUS
10
145.5609519999999861
20
-84.5862669999999923
11
145.3967899999999815
21
-84.639606999999998
0
LINE
8
BLACK
6
CONTINUOUS
10
145.3967899999999815
20
-84.639606999999998
11
145.2263049999999964
21
-84.666608999999994
0
LINE
8
BLACK
6
CONTINUOUS
10
145.2263049999999964
20
-84.666608999999994
11
145.0536950000000047
21
-84.666608999999994
0
LINE
8
BLACK
6
CONTINUOUS
10
145.0536950000000047
20
-84.666608999999994
11
144.8832099999999912
21
-84.639606999999998
0
LINE
8
BLACK
6
CONTINUOUS
10
144.8832099999999912
20
-84.639606999999998
11
144.7190479999999866
21
-84.5862669999999923
0
LINE
8
BLACK
6
CONTINUOUS
10
144.7190479999999866
20
-84.5862669999999923
11
144.5652519999999868
21
-84.5079039999999964
0
LINE
8
BLACK
6
CONTINUOUS
10
144.5652519999999868
20
-84.5079039999999964
11
144.4256069999999852
21
-84.406447
0
LINE
8
BLACK
6
CONTINUOUS
10
144.4256069999999852
20
-84.406447
11
144.3035529999999937
21
-84.2843929999999943
0
LINE
8
BLACK
6
CONTINUOUS
10
144.3035529999999937
20
-84.2843929999999943
11
144.2020959999999832
21
-84.1447479999999928
0
LINE
8
BLACK
6
CONTINUOUS
10
144.2020959999999832
20
-84.1447479999999928
11
144.1237329999999872
21
-83.9909519999999929
0
LINE
8
BLACK
6
CONTINUOUS
10
144.1237329999999872
20
-83.9909519999999929
11
144.0703929999999957
21
-83.8267900000000026
0
LINE
8
BLACK
6
CONTINUOUS
10
144.0703929999999957
20
-83.8267900000000026
11
144.0693179999999813
21
-83.8199999999999932
0
LINE
8
BLACK
6
CONTINUOUS
10
144.0693179999999813
20
-83.8199999999999932
11
143.5596519999999998
21
-83.8199999999999932
0
LINE
8
BLACK
6
CONTINUOUS
10
143.5596519999999998
20
-83.8199999999999932
11
143.5793970000000002
21
-83.944667999999993
0
LINE
8
BLACK
6
CONTINUOUS
10
143.5793970000000002
20
-83.944667999999993
11
143.5793970000000002
21
-83.9446709999999996
0
LINE
8
BLACK
6
CONTINUOUS
10
143.5793970000000002
20
-83.9446709999999996
11
143.6572189999999978
21
-84.1841840000000019
0
LINE
8
BLACK
6
CONTINUOUS
10
143.6572189999999978
20
-84.1841840000000019
11
143.7715570000000014
21
-84.408582999999993
0
LINE
8
BLACK
6
CONTINUOUS
10
143.7715570000000014
20
-84.408582999999993
11
143.9195899999999995
21
-84.6123309999999975
0
LINE
8
BLACK
6
CONTINUOUS
10
143.9195899999999995
20
-84.6123309999999975
11
143.9195899999999995
21
-84.612331999999995
0
LINE
8
BLACK
6
CONTINUOUS
10
143.9195899999999995
20
-84.612331999999995
11
144.0592230000000029
21
-84.7519649999999984
0
LINE
8
BLACK
6
CONTINUOUS
10
144.0592230000000029
20
-84.7519649999999984
11
144.063524000000001
21
-84.7598429999999894
0
LINE
8
BLACK
6
CONTINUOUS
10
144.063524000000001
20
-84.7598429999999894
11
144.0707199999999943
21
-84.7652159999999952
0
LINE
8
BLACK
6
CONTINUOUS
10
144.0707199999999943
20
-84.7652159999999952
11
144.0800099999999873
21
-84.7900339999999915
0
LINE
8
BLACK
6
CONTINUOUS
10
144.0800099999999873
20
-84.7900339999999915
11
144.0927079999999876
21
-84.813288
0
LINE
8
BLACK
6
CONTINUOUS
10
144.0927079999999876
20
-84.813288
11
144.0920669999999859
21
-84.8222430000000003
0
LINE
8
BLACK
6
CONTINUOUS
10
144.0920669999999859
20
-84.8222430000000003
11
144.0952149999999961
21
-84.8306510000000031
0
LINE
8
BLACK
6
CONTINUOUS
10
144.0952149999999961
20
-84.8306510000000031
11
144.0896139999999832
21
-84.8565479999999894
0
LINE
8
BLACK
6
CONTINUOUS
10
144.0896139999999832
20
-84.8565479999999894
11
144.0877239999999802
21
-84.8829799999999892
0
LINE
8
BLACK
6
CONTINUOUS
10
144.0877239999999802
20
-84.8829799999999892
11
144.0819529999999986
21
-84.8919700000000006
0
LINE
8
BLACK
6
CONTINUOUS
10
144.0819529999999986
20
-84.8919700000000006
11
144.0804459999999949
21
-84.898941999999991
0
LINE
8
BLACK
6
CONTINUOUS
10
144.0804459999999949
20
-84.898941999999991
11
144.059488999999985
21
-84.9269709999999947
0
LINE
8
BLACK
6
CONTINUOUS
10
144.059488999999985
20
-84.9269709999999947
11
144.0593289999999911
21
-84.9272220000000004
0
LINE
8
BLACK
6
CONTINUOUS
10
144.0593289999999911
20
-84.9272220000000004
11
143.9192070000000001
21
-85.0673439999999914
0
LINE
8
BLACK
6
CONTINUOUS
10
143.9192070000000001
20
-85.0673439999999914
11
143.9183050000000037
21
-85.0685840000000013
0
LINE
8
BLACK
6
CONTINUOUS
10
143.9183050000000037
20
-85.0685840000000013
11
143.9138250000000028
21
-85.0730760000000004
0
LINE
8
BLACK
6
CONTINUOUS
10
143.9138250000000028
20
-85.0730760000000004
11
143.8872159999999951
21
-85.0876459999999923
0
LINE
8
BLACK
6
CONTINUOUS
10
143.8872159999999951
20
-85.0876459999999923
11
143.8618199999999945
21
-85.1042249999999996
0
LINE
8
BLACK
6
CONTINUOUS
10
143.8618199999999945
20
-85.1042249999999996
11
143.8551429999999982
21
-85.1052090000000021
0
LINE
8
BLACK
6
CONTINUOUS
10
143.8551429999999982
20
-85.1052090000000021
11
143.8525419999999997
21
-85.1066339999999997
0
LINE
8
BLACK
6
CONTINUOUS
10
143.8525419999999997
20
-85.1066339999999997
11
143.8477589999999964
21
-85.1062969999999979
0
LINE
8
BLACK
6
CONTINUOUS
10
143.8477589999999964
20
-85.1062969999999979
11
143.8260379999999827
21
-85.109499999999997
0
LINE
8
BLACK
6
CONTINUOUS
10
143.8260379999999827
20
-85.109499999999997
11
141.5639620000000036
21
-85.109499999999997
0
LINE
8
BLACK
6
CONTINUOUS
10
141.5639620000000036
20
-85.109499999999997
11
141.4969229999999811
21
-85.0898150000000015
0
LINE
8
BLACK
6
CONTINUOUS
10
141.4969229999999811
20
-85.0898150000000015
11
141.4746499999999969
21
-85.070375999999996
0
LINE
8
BLACK
6
CONTINUOUS
10
141.4746499999999969
20
-85.070375999999996
11
141.4742379999999855
21
-85.0707889999999907
0
LINE
8
BLACK
6
CONTINUOUS
10
141.4742379999999855
20
-85.0707889999999907
11
141.2926539999999989
21
-84.8892049999999898
0
LINE
8
BLACK
6
CONTINUOUS
10
141.2926539999999989
20
-84.8892049999999898
11
141.2926489999999831
21
-84.8892009999999999
0
LINE
8
BLACK
6
CONTINUOUS
10
141.2926489999999831
20
-84.8892009999999999
11
141.0888479999999845
21
-84.7411319999999932
0
LINE
8
BLACK
6
CONTINUOUS
10
141.0888479999999845
20
-84.7411319999999932
11
141.088846999999987
21
-84.7411309999999958
0
LINE
8
BLACK
6
CONTINUOUS
10
141.088846999999987
20
-84.7411309999999958
11
141.0888449999999921
21
-84.7411299999999983
0
LINE
8
BLACK
6
CONTINUOUS
10
141.0888449999999921
20
-84.7411299999999983
11
141.0187469999999905
21
-84.705412999999993
0
LINE
8
BLACK
6
CONTINUOUS
10
141.0187469999999905
20
-84.705412999999993
11
140.8643830000000037
21
-84.6267599999999902
0
LINE
8
BLACK
6
CONTINUOUS
10
140.8643830000000037
20
-84.6267599999999902
11
140.6247850000000028
21
-84.5489099999999922
0
LINE
8
BLACK
6
CONTINUOUS
10
140.6247850000000028
20
-84.5489099999999922
11
140.5183419999999899
21
-84.5320509999999956
0
LINE
8
BLACK
6
CONTINUOUS
10
140.5183419999999899
20
-84.5320509999999956
11
140.375961999999987
21
-84.5095000000000027
0
LINE
8
BLACK
6
CONTINUOUS
10
140.375961999999987
20
-84.5095000000000027
11
140.1240379999999845
21
-84.5095000000000027
0
LINE
8
BLACK
6
CONTINUOUS
10
140.1240379999999845
20
-84.5095000000000027
11
139.9996260000000063
21
-84.5292049999999904
0
LINE
8
BLACK
6
CONTINUOUS
10
139.9996260000000063
20
-84.5292049999999904
11
139.8752139999999997
21
-84.5489099999999922
0
LINE
8
BLACK
6
CONTINUOUS
10
139.8752139999999997
20
-84.5489099999999922
11
139.6356159999999988
21
-84.6267599999999902
0
LINE
8
BLACK
6
CONTINUOUS
10
139.6356159999999988
20
-84.6267599999999902
11
139.4111509999999896
21
-84.7411319999999932
0
LINE
8
BLACK
6
CONTINUOUS
10
139.4111509999999896
20
-84.7411319999999932
11
139.2073509999999885
21
-84.8892000000000024
0
LINE
8
BLACK
6
CONTINUOUS
10
139.2073509999999885
20
-84.8892000000000024
11
139.1367730000000051
21
-84.959778
0
LINE
8
BLACK
6
CONTINUOUS
10
139.1367730000000051
20
-84.959778
11
139.0754489999999919
21
-84.9932620000000014
0
LINE
8
BLACK
6
CONTINUOUS
10
139.0754489999999919
20
-84.9932620000000014
11
139.0057579999999859
21
-84.9882769999999965
0
LINE
8
BLACK
6
CONTINUOUS
10
139.0057579999999859
20
-84.9882769999999965
11
138.9498260000000016
21
-84.946407999999991
0
LINE
8
BLACK
6
CONTINUOUS
10
138.9498260000000016
20
-84.946407999999991
11
138.9171869999999842
21
-84.9028089999999906
0
LINE
8
BLACK
6
CONTINUOUS
10
138.9171869999999842
20
-84.9028089999999906
11
138.8020929999999851
21
-84.8166489999999982
0
LINE
8
BLACK
6
CONTINUOUS
10
138.8020929999999851
20
-84.8166489999999982
11
138.8020860000000027
21
-84.8166449999999941
0
LINE
8
BLACK
6
CONTINUOUS
10
138.8020860000000027
20
-84.8166449999999941
11
138.6673789999999826
21
-84.7664029999999968
0
LINE
8
BLACK
6
CONTINUOUS
10
138.6673789999999826
20
-84.7664029999999968
11
138.6673720000000003
21
-84.7664010000000019
0
LINE
8
BLACK
6
CONTINUOUS
10
138.6673720000000003
20
-84.7664010000000019
11
138.6078440000000001
21
-84.7599999999999909
0
LINE
8
BLACK
6
CONTINUOUS
10
138.6078440000000001
20
-84.7599999999999909
11
137.960000000000008
21
-84.7599999999999909
0
LINE
8
BLACK
6
CONTINUOUS
10
137.960000000000008
20
-84.7599999999999909
11
137.960000000000008
21
-85.2599999999999909
0
LINE
8
BLACK
6
CONTINUOUS
10
137.960000000000008
20
-85.2599999999999909
11
138.5600000000000023
21
-85.2599999999999909
0
LINE
8
BLACK
6
CONTINUOUS
10
138.5600000000000023
20
-85.2599999999999909
11
138.5600000000000023
21
-86.9599999999999937
0
LINE
8
BLACK
6
CONTINUOUS
10
138.5600000000000023
20
-86.9599999999999937
11
136.8599999999999852
21
-86.9599999999999937
0
LINE
8
BLACK
6
CONTINUOUS
10
136.8599999999999852
20
-86.9599999999999937
11
136.8599999999999852
21
-86.3599999999999994
0
LINE
8
BLACK
6
CONTINUOUS
10
136.8599999999999852
20
-86.3599999999999994
11
136.3599999999999852
21
-86.3599999999999994
0
LINE
8
BLACK
6
CONTINUOUS
10
136.3599999999999852
20
-86.3599999999999994
11
136.3599999999999852
21
-87.0078439999999915
0
LINE
8
BLACK
6
CONTINUOUS
10
136.3599999999999852
20
-87.0078439999999915
11
136.3664009999999962
21
-87.0673719999999918
0
LINE
8
BLACK
6
CONTINUOUS
10
136.3664009999999962
20
-87.0673719999999918
11
136.3664029999999912
21
-87.0673790000000025
0
LINE
8
BLACK
6
CONTINUOUS
10
136.3664029999999912
20
-87.0673790000000025
11
136.4166449999999884
21
-87.2020859999999942
0
LINE
8
BLACK
6
CONTINUOUS
10
136.4166449999999884
20
-87.2020859999999942
11
136.4166469999999833
21
-87.2020879999999892
0
LINE
8
BLACK
6
CONTINUOUS
10
136.4166469999999833
20
-87.2020879999999892
11
136.502808999999985
21
-87.3171859999999924
0
LINE
8
BLACK
6
CONTINUOUS
10
136.502808999999985
20
-87.3171859999999924
11
136.5028099999999824
21
-87.3171869999999899
0
LINE
8
BLACK
6
CONTINUOUS
10
136.5028099999999824
20
-87.3171869999999899
11
136.5562309999999968
21
-87.3571779999999904
0
LINE
8
BLACK
6
CONTINUOUS
10
136.5562309999999968
20
-87.3571779999999904
11
136.5757989999999893
21
-87.337609999999998
0
LINE
8
BLACK
6
CONTINUOUS
10
136.5757989999999893
20
-87.337609999999998
11
136.6371220000000051
21
-87.3041240000000016
0
LINE
8
BLACK
6
CONTINUOUS
10
136.6371220000000051
20
-87.3041240000000016
11
136.7068129999999826
21
-87.3091079999999948
0
LINE
8
BLACK
6
CONTINUOUS
10
136.7068129999999826
20
-87.3091079999999948
11
136.7511619999999937
21
-87.3376090000000005
0
LINE
8
BLACK
6
CONTINUOUS
10
136.7511619999999937
20
-87.3376090000000005
11
137.1296889999999848
21
-87.7161359999999917
0
LINE
8
BLACK
6
CONTINUOUS
10
137.1296889999999848
20
-87.7161359999999917
11
137.1352519999999799
21
-87.7120960000000025
0
LINE
8
BLACK
6
CONTINUOUS
10
137.1352519999999799
20
-87.7120960000000025
11
137.2890479999999798
21
-87.6337329999999923
0
LINE
8
BLACK
6
CONTINUOUS
10
137.2890479999999798
20
-87.6337329999999923
11
137.4532099999999843
21
-87.5803930000000008
0
LINE
8
BLACK
6
CONTINUOUS
10
137.4532099999999843
20
-87.5803930000000008
11
137.6236949999999979
21
-87.5533909999999906
0
LINE
8
BLACK
6
CONTINUOUS
10
137.6236949999999979
20
-87.5533909999999906
11
137.7963049999999896
21
-87.5533909999999906
0
LINE
8
BLACK
6
CONTINUOUS
10
137.7963049999999896
20
-87.5533909999999906
11
137.9667900000000031
21
-87.5803930000000008
0
LINE
8
BLACK
6
CONTINUOUS
10
137.9667900000000031
20
-87.5803930000000008
11
138.1309520000000077
21
-87.6337329999999923
0
LINE
8
BLACK
6
CONTINUOUS
10
138.1309520000000077
20
-87.6337329999999923
11
138.2847480000000076
21
-87.7120960000000025
0
LINE
8
BLACK
6
CONTINUOUS
10
138.2847480000000076
20
-87.7120960000000025
11
138.2903090000000077
21
-87.7161359999999917
0
LINE
8
BLACK
6
CONTINUOUS
10
138.2903090000000077
20
-87.7161359999999917
11
138.6688359999999989
21
-87.337609999999998
0
LINE
8
BLACK
6
CONTINUOUS
10
138.6688359999999989
20
-87.337609999999998
11
138.7301589999999862
21
-87.3041249999999991
0
LINE
8
BLACK
6
CONTINUOUS
10
138.7301589999999862
20
-87.3041249999999991
11
138.7998509999999897
21
-87.3091089999999923
0
LINE
8
BLACK
6
CONTINUOUS
10
138.7998509999999897
20
-87.3091089999999923
11
138.8441980000000058
21
-87.337609999999998
0
LINE
8
BLACK
6
CONTINUOUS
10
138.8441980000000058
20
-87.337609999999998
11
138.8637669999999957
21
-87.3571790000000021
0
LINE
8
BLACK
6
CONTINUOUS
10
138.8637669999999957
20
-87.3571790000000021
11
138.9171900000000051
21
-87.3171869999999899
0
LINE
8
BLACK
6
CONTINUOUS
10
138.9171900000000051
20
-87.3171869999999899
11
138.9498250000000041
21
-87.2735929999999911
0
LINE
8
BLACK
6
CONTINUOUS
10
138.9498250000000041
20
-87.2735929999999911
11
138.964098000000007
21
-87.2629079999999959
0
LINE
8
BLACK
6
CONTINUOUS
10
138.964098000000007
20
-87.2629079999999959
11
138.9747830000000022
21
-87.2486349999999931
0
LINE
8
BLACK
6
CONTINUOUS
10
138.9747830000000022
20
-87.2486349999999931
11
138.9914849999999831
21
-87.2424049999999909
0
LINE
8
BLACK
6
CONTINUOUS
10
138.9914849999999831
20
-87.2424049999999909
11
139.0057579999999859
21
-87.2317209999999932
0
LINE
8
BLACK
6
CONTINUOUS
10
139.0057579999999859
20
-87.2317209999999932
11
139.0235429999999894
21
-87.230448999999993
0
LINE
8
BLACK
6
CONTINUOUS
10
139.0235429999999894
20
-87.230448999999993
11
139.0402479999999912
21
-87.2242189999999908
0
LINE
8
BLACK
6
CONTINUOUS
10
139.0402479999999912
20
-87.2242189999999908
11
139.0576669999999808
21
-87.2280080000000027
0
LINE
8
BLACK
6
CONTINUOUS
10
139.0576669999999808
20
-87.2280080000000027
11
139.0754499999999894
21
-87.226737
0
LINE
8
BLACK
6
CONTINUOUS
10
139.0754499999999894
20
-87.226737
11
139.0910989999999856
21
-87.2352810000000005
0
LINE
8
BLACK
6
CONTINUOUS
10
139.0910989999999856
20
-87.2352810000000005
11
139.1085209999999961
21
-87.2390719999999931
0
LINE
8
BLACK
6
CONTINUOUS
10
139.1085209999999961
20
-87.2390719999999931
11
139.1367699999999843
21
-87.2602189999999922
0
LINE
8
BLACK
6
CONTINUOUS
10
139.1367699999999843
20
-87.2602189999999922
11
139.1557520000000068
21
-87.2792010000000005
0
LINE
8
BLACK
6
CONTINUOUS
10
139.1557520000000068
20
-87.2792010000000005
11
139.1688709999999958
21
-87.2923199999999895
0
LINE
8
BLACK
6
CONTINUOUS
10
139.1688709999999958
20
-87.2923199999999895
11
139.202354999999983
21
-87.3536440000000027
0
LINE
8
BLACK
6
CONTINUOUS
10
139.202354999999983
20
-87.3536440000000027
11
139.1973689999999806
21
-87.4233349999999945
0
LINE
8
BLACK
6
CONTINUOUS
10
139.1973689999999806
20
-87.4233349999999945
11
139.1688699999999983
21
-87.4676809999999989
0
LINE
8
BLACK
6
CONTINUOUS
10
139.1688699999999983
20
-87.4676809999999989
11
139.029200000000003
21
-87.6073509999999942
0
LINE
8
BLACK
6
CONTINUOUS
10
139.029200000000003
20
-87.6073509999999942
11
138.8811309999999821
21
-87.8111519999999928
0
LINE
8
BLACK
6
CONTINUOUS
10
138.8811309999999821
20
-87.8111519999999928
11
138.8679479999999842
21
-87.8370230000000021
0
LINE
8
BLACK
6
CONTINUOUS
10
138.8679479999999842
20
-87.8370230000000021
11
138.8451469999999972
21
-87.8684039999999982
0
LINE
8
BLACK
6
CONTINUOUS
10
138.8451469999999972
20
-87.8684039999999982
11
138.6438619999999844
21
-88.0696879999999993
0
LINE
8
BLACK
6
CONTINUOUS
10
138.6438619999999844
20
-88.0696879999999993
11
138.6479039999999827
21
-88.0752519999999919
0
LINE
8
BLACK
6
CONTINUOUS
10
138.6479039999999827
20
-88.0752519999999919
11
138.7262670000000071
21
-88.2290479999999917
0
LINE
8
BLACK
6
CONTINUOUS
10
138.7262670000000071
20
-88.2290479999999917
11
138.7796069999999986
21
-88.3932099999999963
0
LINE
8
BLACK
6
CONTINUOUS
10
138.7796069999999986
20
-88.3932099999999963
11
138.8066089999999804
21
-88.5636949999999956
0
LINE
8
BLACK
6
CONTINUOUS
10
138.8066089999999804
20
-88.5636949999999956
11
138.8066089999999804
21
-88.7363050000000015
0
LINE
8
BLACK
6
CONTINUOUS
10
138.8066089999999804
20
-88.7363050000000015
11
138.7796069999999986
21
-88.9067900000000009
0
LINE
8
BLACK
6
CONTINUOUS
10
138.7796069999999986
20
-88.9067900000000009
11
138.7262670000000071
21
-89.0709519999999912
0
LINE
8
BLACK
6
CONTINUOUS
10
138.7262670000000071
20
-89.0709519999999912
11
138.6479039999999827
21
-89.2247479999999911
0
LINE
8
BLACK
6
CONTINUOUS
10
138.6479039999999827
20
-89.2247479999999911
11
138.6438629999999819
21
-89.2303100000000029
0
LINE
8
BLACK
6
CONTINUOUS
10
138.6438629999999819
20
-89.2303100000000029
11
138.8451469999999972
21
-89.4315939999999898
0
LINE
8
BLACK
6
CONTINUOUS
10
138.8451469999999972
20
-89.4315939999999898
11
138.8679500000000075
21
-89.46297899999999
0
LINE
8
BLACK
6
CONTINUOUS
10
138.8679500000000075
20
-89.46297899999999
11
138.8811299999999846
21
-89.4888459999999952
0
LINE
8
BLACK
6
CONTINUOUS
10
138.8811299999999846
20
-89.4888459999999952
11
139.0292010000000005
21
-89.692649000000003
0
LINE
8
BLACK
6
CONTINUOUS
10
139.0292010000000005
20
-89.692649000000003
11
139.0292049999999904
21
-89.6926539999999903
0
LINE
8
BLACK
6
CONTINUOUS
10
139.0292049999999904
20
-89.6926539999999903
11
139.1688699999999983
21
-89.8323189999999983
0
LINE
8
BLACK
6
CONTINUOUS
10
139.1688699999999983
20
-89.8323189999999983
11
139.202354999999983
21
-89.8936419999999998
0
LINE
8
BLACK
6
CONTINUOUS
10
139.202354999999983
20
-89.8936419999999998
11
139.197371000000004
21
-89.963333999999989
0
LINE
8
BLACK
6
CONTINUOUS
10
139.197371000000004
20
-89.963333999999989
11
139.1688699999999983
21
-90.0076809999999909
0
LINE
8
BLACK
6
CONTINUOUS
10
139.1688699999999983
20
-90.0076809999999909
11
139.0292049999999904
21
-90.1473450000000014
0
LINE
8
BLACK
6
CONTINUOUS
10
139.0292049999999904
20
-90.1473450000000014
11
139.0292010000000005
21
-90.147350000000003
0
LINE
8
BLACK
6
CONTINUOUS
10
139.0292010000000005
20
-90.147350000000003
11
138.9243529999999964
21
-90.2916620000000023
0
LINE
8
BLACK
6
CONTINUOUS
10
138.9243529999999964
20
-90.2916620000000023
11
138.9095480000000009
21
-90.3030770000000018
0
LINE
8
BLACK
6
CONTINUOUS
10
138.9095480000000009
20
-90.3030770000000018
11
138.8983450000000062
21
-90.3180440000000004
0
LINE
8
BLACK
6
CONTINUOUS
10
138.8983450000000062
20
-90.3180440000000004
11
138.8824539999999956
21
-90.3239710000000002
0
LINE
8
BLACK
6
CONTINUOUS
10
138.8824539999999956
20
-90.3239710000000002
11
138.8690229999999985
21
-90.3343279999999993
0
LINE
8
BLACK
6
CONTINUOUS
10
138.8690229999999985
20
-90.3343279999999993
11
138.8503969999999867
21
-90.3359269999999981
0
LINE
8
BLACK
6
CONTINUOUS
10
138.8503969999999867
20
-90.3359269999999981
11
138.8328809999999862
21
-90.3424610000000001
0
LINE
8
BLACK
6
CONTINUOUS
10
138.8328809999999862
20
-90.3424610000000001
11
138.8163069999999948
21
-90.3388549999999952
0
LINE
8
BLACK
6
CONTINUOUS
10
138.8163069999999948
20
-90.3388549999999952
11
138.7994099999999946
21
-90.3403069999999957
0
LINE
8
BLACK
6
CONTINUOUS
10
138.7994099999999946
20
-90.3403069999999957
11
138.7828759999999875
21
-90.3315829999999949
0
LINE
8
BLACK
6
CONTINUOUS
10
138.7828759999999875
20
-90.3315829999999949
11
138.7646079999999813
21
-90.3276089999999954
0
LINE
8
BLACK
6
CONTINUOUS
10
138.7646079999999813
20
-90.3276089999999954
11
138.7389679999999998
21
-90.3084149999999966
0
LINE
8
BLACK
6
CONTINUOUS
10
138.7389679999999998
20
-90.3084149999999966
11
138.7376150000000052
21
-90.3077009999999945
0
LINE
8
BLACK
6
CONTINUOUS
10
138.7376150000000052
20
-90.3077009999999945
11
138.7363540000000057
21
-90.3064579999999921
0
LINE
8
BLACK
6
CONTINUOUS
10
138.7363540000000057
20
-90.3064579999999921
11
138.593182999999982
21
-90.1632869999999969
0
LINE
8
BLACK
6
CONTINUOUS
10
138.593182999999982
20
-90.1632869999999969
11
138.5596979999999974
21
-90.1019639999999953
0
LINE
8
BLACK
6
CONTINUOUS
10
138.5596979999999974
20
-90.1019639999999953
11
138.5646820000000048
21
-90.0322719999999919
0
LINE
8
BLACK
6
CONTINUOUS
10
138.5646820000000048
20
-90.0322719999999919
11
138.6065539999999885
21
-89.9763389999999958
0
LINE
8
BLACK
6
CONTINUOUS
10
138.6065539999999885
20
-89.9763389999999958
11
138.6079790000000003
21
-89.9752879999999919
0
LINE
8
BLACK
6
CONTINUOUS
10
138.6079790000000003
20
-89.9752879999999919
11
138.6506969999999797
21
-89.9442509999999942
0
LINE
8
BLACK
6
CONTINUOUS
10
138.6506969999999797
20
-89.9442509999999942
11
138.6506980000000055
21
-89.9442499999999967
0
LINE
8
BLACK
6
CONTINUOUS
10
138.6506980000000055
20
-89.9442499999999967
11
138.2903100000000052
21
-89.5838619999999963
0
LINE
8
BLACK
6
CONTINUOUS
10
138.2903100000000052
20
-89.5838619999999963
11
138.2847480000000076
21
-89.5879039999999947
0
LINE
8
BLACK
6
CONTINUOUS
10
138.2847480000000076
20
-89.5879039999999947
11
138.1309520000000077
21
-89.6662669999999906
0
LINE
8
BLACK
6
CONTINUOUS
10
138.1309520000000077
20
-89.6662669999999906
11
137.9667900000000031
21
-89.7196069999999963
0
LINE
8
BLACK
6
CONTINUOUS
10
137.9667900000000031
20
-89.7196069999999963
11
137.7963049999999896
21
-89.7466089999999923
0
LINE
8
BLACK
6
CONTINUOUS
10
137.7963049999999896
20
-89.7466089999999923
11
137.6236949999999979
21
-89.7466089999999923
0
LINE
8
BLACK
6
CONTINUOUS
10
137.6236949999999979
20
-89.7466089999999923
11
137.4532099999999843
21
-89.7196069999999963
0
LINE
8
BLACK
6
CONTINUOUS
10
137.4532099999999843
20
-89.7196069999999963
11
137.2890479999999798
21
-89.6662669999999906
0
LINE
8
BLACK
6
CONTINUOUS
10
137.2890479999999798
20
-89.6662669999999906
11
137.1352519999999799
21
-89.5879039999999947
0
LINE
8
BLACK
6
CONTINUOUS
10
137.1352519999999799
20
-89.5879039999999947
11
137.1296879999999874
21
-89.5838619999999963
0
LINE
8
BLACK
6
CONTINUOUS
10
137.1296879999999874
20
-89.5838619999999963
11
136.769299999999987
21
-89.9442499999999967
0
LINE
8
BLACK
6
CONTINUOUS
10
136.769299999999987
20
-89.9442499999999967
11
136.7693009999999845
21
-89.9442509999999942
0
LINE
8
BLACK
6
CONTINUOUS
10
136.7693009999999845
20
-89.9442509999999942
11
136.8120199999999897
21
-89.9752879999999919
0
LINE
8
BLACK
6
CONTINUOUS
10
136.8120199999999897
20
-89.9752879999999919
11
136.8546859999999867
21
-90.0306179999999898
0
LINE
8
BLACK
6
CONTINUOUS
10
136.8546859999999867
20
-90.0306179999999898
11
136.8606649999999831
21
-90.1002309999999937
0
LINE
8
BLACK
6
CONTINUOUS
10
136.8606649999999831
20
-90.1002309999999937
11
136.8280599999999936
21
-90.1620259999999973
0
LINE
8
BLACK
6
CONTINUOUS
10
136.8280599999999936
20
-90.1620259999999973
11
136.8268170000000055
21
-90.1632869999999969
0
LINE
8
BLACK
6
CONTINUOUS
10
136.8268170000000055
20
-90.1632869999999969
11
136.6798890000000029
21
-90.3102149999999995
0
LINE
8
BLACK
6
CONTINUOUS
10
136.6798890000000029
20
-90.3102149999999995
11
136.5549509999999884
21
-90.4821790000000021
0
LINE
8
BLACK
6
CONTINUOUS
10
136.5549509999999884
20
-90.4821790000000021
11
136.4584439999999859
21
-90.6715849999999932
0
LINE
8
BLACK
6
CONTINUOUS
10
136.4584439999999859
20
-90.6715849999999932
11
136.392752999999999
21
-90.8737599999999901
0
LINE
8
BLACK
6
CONTINUOUS
10
136.392752999999999
20
-90.8737599999999901
11
136.359499999999997
21
-91.0837129999999888
0
LINE
8
BLACK
6
CONTINUOUS
10
136.359499999999997
20
-91.0837129999999888
11
136.359499999999997
21
-91.2962859999999949
0
LINE
8
BLACK
6
CONTINUOUS
10
136.359499999999997
20
-91.2962859999999949
11
136.392752999999999
21
-91.5062389999999937
0
LINE
8
BLACK
6
CONTINUOUS
10
136.392752999999999
20
-91.5062389999999937
11
136.4584439999999859
21
-91.7084139999999906
0
LINE
8
BLACK
6
CONTINUOUS
10
136.4584439999999859
20
-91.7084139999999906
11
136.5549509999999884
21
-91.8978199999999958
0
LINE
8
BLACK
6
CONTINUOUS
10
136.5549509999999884
20
-91.8978199999999958
11
136.6798900000000003
21
-92.0697859999999935
0
LINE
8
BLACK
6
CONTINUOUS
10
136.6798900000000003
20
-92.0697859999999935
11
136.8264580000000024
21
-92.2163539999999955
0
LINE
8
BLACK
6
CONTINUOUS
10
136.8264580000000024
20
-92.2163539999999955
11
136.859942999999987
21
-92.2776769999999971
0
LINE
8
BLACK
6
CONTINUOUS
10
136.859942999999987
20
-92.2776769999999971
11
136.8549589999999796
21
-92.3473690000000005
0
LINE
8
BLACK
6
CONTINUOUS
10
136.8549589999999796
20
-92.3473690000000005
11
136.8130869999999959
21
-92.4033019999999965
0
LINE
8
BLACK
6
CONTINUOUS
10
136.8130869999999959
20
-92.4033019999999965
11
136.8116619999999841
21
-92.4043530000000004
0
LINE
8
BLACK
6
CONTINUOUS
10
136.8116619999999841
20
-92.4043530000000004
11
136.667349999999999
21
-92.5092009999999902
0
LINE
8
BLACK
6
CONTINUOUS
10
136.667349999999999
20
-92.5092009999999902
11
136.6673449999999832
21
-92.5092049999999944
0
LINE
8
BLACK
6
CONTINUOUS
10
136.6673449999999832
20
-92.5092049999999944
11
136.5084169999999801
21
-92.6681339999999949
0
LINE
8
BLACK
6
CONTINUOUS
10
136.5084169999999801
20
-92.6681339999999949
11
136.4470939999999928
21
-92.7016189999999938
0
LINE
8
BLACK
6
CONTINUOUS
10
136.4470939999999928
20
-92.7016189999999938
11
136.3774019999999894
21
-92.6966350000000006
0
LINE
8
BLACK
6
CONTINUOUS
10
136.3774019999999894
20
-92.6966350000000006
11
136.3330550000000017
21
-92.6681339999999949
0
LINE
8
BLACK
6
CONTINUOUS
10
136.3330550000000017
20
-92.6681339999999949
11
134.03681899999998
21
-90.3718980000000016
0
LINE
8
BLACK
6
CONTINUOUS
10
134.03681899999998
20
-90.3718980000000016
11
134.0033339999999953
21
-90.310575
0
LINE
8
BLACK
6
CONTINUOUS
10
134.0033339999999953
20
-90.310575
11
134.0004999999999882
21
-90.2842169999999982
0
LINE
8
BLACK
6
CONTINUOUS
10
134.0004999999999882
20
-90.2842169999999982
11
134.0004999999999882
21
-77.2157819999999901
0
LINE
8
BLACK
6
CONTINUOUS
10
134.0004999999999882
20
-77.2157819999999901
11
134.0201849999999979
21
-77.1487429999999961
0
LINE
8
BLACK
6
CONTINUOUS
10
134.0201849999999979
20
-77.1487429999999961
11
134.03681899999998
21
-77.1281010000000009
0
LINE
8
BLACK
6
CONTINUOUS
10
134.03681899999998
20
-77.1281010000000009
11
146.8781009999999867
21
-64.2868189999999942
0
LINE
8
BLACK
6
CONTINUOUS
10
146.8781009999999867
20
-64.2868189999999942
11
146.9394240000000025
21
-64.2533339999999953
0
LINE
8
BLACK
6
CONTINUOUS
10
146.9394240000000025
20
-64.2533339999999953
11
146.9657819999999901
21
-64.2505000000000024
0
LINE
8
BLACK
6
CONTINUOUS
10
146.9657819999999901
20
-64.2505000000000024
11
159.5342179999999814
21
-64.2505000000000024
0
LINE
8
BLACK
6
CONTINUOUS
10
159.5342179999999814
20
-64.2505000000000024
11
159.6012570000000039
21
-64.2701849999999979
0
LINE
8
BLACK
6
CONTINUOUS
10
159.6012570000000039
20
-64.2701849999999979
11
159.6218989999999849
21
-64.2868189999999942
0
LINE
8
BLACK
6
CONTINUOUS
10
159.6218989999999849
20
-64.2868189999999942
11
160.9631809999999916
21
-65.6281010000000009
0
LINE
8
BLACK
6
CONTINUOUS
10
160.9631809999999916
20
-65.6281010000000009
11
160.9966660000000047
21
-65.6894240000000025
0
LINE
8
BLACK
6
CONTINUOUS
10
160.9966660000000047
20
-65.6894240000000025
11
160.9994999999999834
21
-65.7157819999999901
0
LINE
8
BLACK
6
CONTINUOUS
10
160.9994999999999834
20
-65.7157819999999901
11
160.9994999999999834
21
-73.8642169999999965
0
LINE
8
BLACK
6
CONTINUOUS
10
160.9994999999999834
20
-73.8642169999999965
11
160.9798150000000021
21
-73.9312559999999905
0
LINE
8
BLACK
6
CONTINUOUS
10
160.9798150000000021
20
-73.9312559999999905
11
160.9631809999999916
21
-73.9518979999999999
0
LINE
8
BLACK
6
CONTINUOUS
10
160.9631809999999916
20
-73.9518979999999999
11
160.6016510000000039
21
-74.3134269999999901
0
LINE
8
BLACK
6
CONTINUOUS
10
160.6016510000000039
20
-74.3134269999999901
11
160.5403279999999882
21
-74.3469120000000032
0
LINE
8
BLACK
6
CONTINUOUS
10
160.5403279999999882
20
-74.3469120000000032
11
160.5108339999999885
21
-74.3489189999999951
0
LINE
8
BLACK
6
CONTINUOUS
10
160.5108339999999885
20
-74.3489189999999951
11
160.5108339999999885
21
-74.3494999999999919
0
LINE
8
BLACK
6
CONTINUOUS
10
160.5108339999999885
20
-74.3494999999999919
11
160.5059619999999825
21
-74.3494999999999919
0
LINE
8
BLACK
6
CONTINUOUS
10
160.5059619999999825
20
-74.3494999999999919
11
160.25403799999998
21
-74.3494999999999919
0
LINE
8
BLACK
6
CONTINUOUS
10
160.25403799999998
20
-74.3494999999999919
11
160.1296260000000018
21
-74.3692049999999938
0
LINE
8
BLACK
6
CONTINUOUS
10
160.1296260000000018
20
-74.3692049999999938
11
160.0052139999999952
21
-74.3889099999999956
0
LINE
8
BLACK
6
CONTINUOUS
10
160.0052139999999952
20
-74.3889099999999956
11
159.7656159999999943
21
-74.4667599999999936
0
LINE
8
BLACK
6
CONTINUOUS
10
159.7656159999999943
20
-74.4667599999999936
11
159.5411509999999851
21
-74.5811319999999967
0
LINE
8
BLACK
6
CONTINUOUS
10
159.5411509999999851
20
-74.5811319999999967
11
159.3373499999999865
21
-74.7292010000000033
0
LINE
8
BLACK
6
CONTINUOUS
10
159.3373499999999865
20
-74.7292010000000033
11
159.3373449999999991
21
-74.7292049999999932
0
LINE
8
BLACK
6
CONTINUOUS
10
159.3373449999999991
20
-74.7292049999999932
11
159.1592049999999858
21
-74.9073449999999923
0
LINE
8
BLACK
6
CONTINUOUS
10
159.1592049999999858
20
-74.9073449999999923
11
159.1592009999999959
21
-74.9073499999999939
0
LINE
8
BLACK
6
CONTINUOUS
10
159.1592009999999959
20
-74.9073499999999939
11
159.0111320000000035
21
-75.1111509999999925
0
LINE
8
BLACK
6
CONTINUOUS
10
159.0111320000000035
20
-75.1111509999999925
11
158.8967600000000004
21
-75.3356160000000017
0
LINE
8
BLACK
6
CONTINUOUS
10
158.8967600000000004
20
-75.3356160000000017
11
158.8189099999999883
21
-75.5752140000000026
0
LINE
8
BLACK
6
CONTINUOUS
10
158.8189099999999883
20
-75.5752140000000026
11
158.8189099999999883
21
-75.575215
0
LINE
8
BLACK
6
CONTINUOUS
10
158.8189099999999883
20
-75.575215
11
158.7794999999999845
21
-75.8240380000000016
0
LINE
8
BLACK
6
CONTINUOUS
10
158.7794999999999845
20
-75.8240380000000016
11
158.7794999999999845
21
-76.0759619999999899
0
LINE
8
BLACK
6
CONTINUOUS
10
158.7794999999999845
20
-76.0759619999999899
11
158.7852429999999799
21
-76.1122189999999961
0
LINE
8
BLACK
6
CONTINUOUS
10
158.7852429999999799
20
-76.1122189999999961
11
158.8189099999999883
21
-76.3247849999999914
0
LINE
8
BLACK
6
CONTINUOUS
10
158.8189099999999883
20
-76.3247849999999914
11
158.8967600000000004
21
-76.5643829999999923
0
LINE
8
BLACK
6
CONTINUOUS
10
158.8967600000000004
20
-76.5643829999999923
11
158.941127999999992
21
-76.6514590000000027
0
LINE
8
BLACK
6
CONTINUOUS
10
158.941127999999992
20
-76.6514590000000027
11
158.9939530000000047
21
-76.7551339999999982
0
LINE
8
BLACK
6
CONTINUOUS
10
158.9939530000000047
20
-76.7551339999999982
11
159.0111320000000035
21
-76.7888480000000015
0
LINE
8
BLACK
6
CONTINUOUS
10
159.0111320000000035
20
-76.7888480000000015
11
159.1592009999999959
21
-76.9926490000000001
0
LINE
8
BLACK
6
CONTINUOUS
10
159.1592009999999959
20
-76.9926490000000001
11
159.1592049999999858
21
-76.9926540000000017
0
LINE
8
BLACK
6
CONTINUOUS
10
159.1592049999999858
20
-76.9926540000000017
11
159.2992229999999836
21
-77.1326719999999995
0
LINE
8
BLACK
6
CONTINUOUS
10
159.2992229999999836
20
-77.1326719999999995
11
159.3327079999999967
21
-77.193995000000001
0
LINE
8
BLACK
6
CONTINUOUS
10
159.3327079999999967
20
-77.193995000000001
11
159.3277239999999892
21
-77.2636869999999902
0
LINE
8
BLACK
6
CONTINUOUS
10
159.3277239999999892
20
-77.2636869999999902
11
159.2992239999999811
21
-77.3080339999999921
0
LINE
8
BLACK
6
CONTINUOUS
10
159.2992239999999811
20
-77.3080339999999921
11
159.1595869999999877
21
-77.4476709999999997
0
LINE
8
BLACK
6
CONTINUOUS
10
159.1595869999999877
20
-77.4476709999999997
11
159.0115569999999821
21
-77.6514159999999976
0
LINE
8
BLACK
6
CONTINUOUS
10
159.0115569999999821
20
-77.6514159999999976
11
158.8972190000000069
21
-77.8758150000000029
0
LINE
8
BLACK
6
CONTINUOUS
10
158.8972190000000069
20
-77.8758150000000029
11
158.8193969999999808
21
-78.115327999999991
0
LINE
8
BLACK
6
CONTINUOUS
10
158.8193969999999808
20
-78.115327999999991
11
158.8193969999999808
21
-78.1153309999999976
0
LINE
8
BLACK
6
CONTINUOUS
10
158.8193969999999808
20
-78.1153309999999976
11
158.7996519999999805
21
-78.2399999999999949
0
LINE
8
BLACK
6
CONTINUOUS
10
158.7996519999999805
20
-78.2399999999999949
11
159.3093179999999904
21
-78.2399999999999949
0
LINE
8
BLACK
6
CONTINUOUS
10
159.3093179999999904
20
-78.2399999999999949
11
159.3103930000000048
21
-78.2332099999999997
0
LINE
8
BLACK
6
CONTINUOUS
10
159.3103930000000048
20
-78.2332099999999997
11
159.3637329999999963
21
-78.0690479999999951
0
LINE
8
BLACK
6
CONTINUOUS
10
159.3637329999999963
20
-78.0690479999999951
11
159.4420959999999923
21
-77.9152519999999953
0
LINE
8
BLACK
6
CONTINUOUS
10
159.4420959999999923
20
-77.9152519999999953
11
159.5435530000000028
21
-77.7756069999999937
0
LINE
8
BLACK
6
CONTINUOUS
10
159.5435530000000028
20
-77.7756069999999937
11
159.6656069999999943
21
-77.6535530000000023
0
LINE
8
BLACK
6
CONTINUOUS
10
159.6656069999999943
20
-77.6535530000000023
11
159.8052519999999959
21
-77.5520959999999917
0
LINE
8
BLACK
6
CONTINUOUS
10
159.8052519999999959
20
-77.5520959999999917
11
159.9590479999999957
21
-77.4737329999999957
0
LINE
8
BLACK
6
CONTINUOUS
10
159.9590479999999957
20
-77.4737329999999957
11
160.1232100000000003
21
-77.42039299999999
0
LINE
8
BLACK
6
CONTINUOUS
10
160.1232100000000003
20
-77.42039299999999
11
160.2936949999999854
21
-77.3933909999999941
0
LINE
8
BLACK
6
CONTINUOUS
10
160.2936949999999854
20
-77.3933909999999941
11
160.4663050000000055
21
-77.3933909999999941
0
LINE
8
BLACK
6
CONTINUOUS
10
160.4663050000000055
20
-77.3933909999999941
11
160.6367899999999906
21
-77.42039299999999
0
LINE
8
BLACK
6
CONTINUOUS
10
160.6367899999999906
20
-77.42039299999999
11
160.8009519999999952
21
-77.4737329999999957
0
LINE
8
BLACK
6
CONTINUOUS
10
160.8009519999999952
20
-77.4737329999999957
11
160.954747999999995
21
-77.5520959999999917
0
LINE
8
BLACK
6
CONTINUOUS
10
160.954747999999995
20
-77.5520959999999917
11
161.0943929999999966
21
-77.6535530000000023
0
LINE
8
BLACK
6
CONTINUOUS
10
161.0943929999999966
20
-77.6535530000000023
11
161.2164469999999881
21
-77.7756069999999937
0
LINE
8
BLACK
6
CONTINUOUS
10
161.2164469999999881
20
-77.7756069999999937
11
161.3179039999999986
21
-77.9152519999999953
0
LINE
8
BLACK
6
CONTINUOUS
10
161.3179039999999986
20
-77.9152519999999953
11
161.3962669999999946
21
-78.0690479999999951
0
LINE
8
BLACK
6
CONTINUOUS
10
161.3962669999999946
20
-78.0690479999999951
11
161.4496069999999861
21
-78.2332099999999997
0
LINE
8
BLACK
6
CONTINUOUS
10
161.4496069999999861
20
-78.2332099999999997
11
161.4506820000000005
21
-78.2399999999999949
0
LINE
8
BLACK
6
CONTINUOUS
10
161.4506820000000005
20
-78.2399999999999949
11
161.960347999999982
21
-78.2399999999999949
0
LINE
8
BLACK
6
CONTINUOUS
10
161.960347999999982
20
-78.2399999999999949
11
161.9406019999999842
21
-78.1153309999999976
0
LINE
8
BLACK
6
CONTINUOUS
10
161.9406019999999842
20
-78.1153309999999976
11
161.9406019999999842
21
-78.115327999999991
0
LINE
8
BLACK
6
CONTINUOUS
10
161.9406019999999842
20
-78.115327999999991
11
161.8627799999999866
21
-77.8758150000000029
0
LINE
8
BLACK
6
CONTINUOUS
10
161.8627799999999866
20
-77.8758150000000029
11
161.748441999999983
21
-77.6514159999999976
0
LINE
8
BLACK
6
CONTINUOUS
10
161.748441999999983
20
-77.6514159999999976
11
161.6004089999999849
21
-77.4476679999999931
0
LINE
8
BLACK
6
CONTINUOUS
10
161.6004089999999849
20
-77.4476679999999931
11
161.6004089999999849
21
-77.4476669999999956
0
LINE
8
BLACK
6
CONTINUOUS
10
161.6004089999999849
20
-77.4476669999999956
11
161.4607759999999814
21
-77.3080339999999921
0
LINE
8
BLACK
6
CONTINUOUS
10
161.4607759999999814
20
-77.3080339999999921
11
161.4272909999999968
21
-77.2467109999999906
0
LINE
8
BLACK
6
CONTINUOUS
10
161.4272909999999968
20
-77.2467109999999906
11
161.4322750000000042
21
-77.1770190000000014
0
LINE
8
BLACK
6
CONTINUOUS
10
161.4322750000000042
20
-77.1770190000000014
11
161.4607719999999915
21
-77.1326760000000036
0
LINE
8
BLACK
6
CONTINUOUS
10
161.4607719999999915
20
-77.1326760000000036
11
161.6007929999999817
21
-76.9926559999999967
0
LINE
8
BLACK
6
CONTINUOUS
10
161.6007929999999817
20
-76.9926559999999967
11
161.7488699999999824
21
-76.7888449999999949
0
LINE
8
BLACK
6
CONTINUOUS
10
161.7488699999999824
20
-76.7888449999999949
11
161.8632409999999879
21
-76.5643790000000024
0
LINE
8
BLACK
6
CONTINUOUS
10
161.8632409999999879
20
-76.5643790000000024
11
161.9410900000000026
21
-76.3247849999999914
0
LINE
8
BLACK
6
CONTINUOUS
10
161.9410900000000026
20
-76.3247849999999914
11
161.9805000000000064
21
-76.0759619999999899
0
LINE
8
BLACK
6
CONTINUOUS
10
161.9805000000000064
20
-76.0759619999999899
11
161.9805000000000064
21
-75.8240380000000016
0
LINE
8
BLACK
6
CONTINUOUS
10
161.9805000000000064
20
-75.8240380000000016
11
161.9805000000000064
21
-75.8191659999999956
0
LINE
8
BLACK
6
CONTINUOUS
10
161.9805000000000064
20
-75.8191659999999956
11
161.9820279999999855
21
-75.8191659999999956
0
LINE
8
BLACK
6
CONTINUOUS
10
161.9820279999999855
20
-75.8191659999999956
11
161.9949790000000007
21
-75.7574149999999946
0
LINE
8
BLACK
6
CONTINUOUS
10
161.9949790000000007
20
-75.7574149999999946
11
162.0165680000000066
21
-75.7283499999999918
0
LINE
8
BLACK
6
CONTINUOUS
10
162.0165680000000066
20
-75.7283499999999918
11
162.6377779999999973
21
-75.1071409999999986
0
LINE
8
BLACK
6
CONTINUOUS
10
162.6377779999999973
20
-75.1071409999999986
11
162.6377819999999872
21
-75.1071390000000036
0
LINE
8
BLACK
6
CONTINUOUS
10
162.6377819999999872
20
-75.1071390000000036
11
162.7771390000000054
21
-74.9677819999999997
0
LINE
8
BLACK
6
CONTINUOUS
10
162.7771390000000054
20
-74.9677819999999997
11
162.8866319999999916
21
-74.8039139999999918
0
LINE
8
BLACK
6
CONTINUOUS
10
162.8866319999999916
20
-74.8039139999999918
11
162.947936999999996
21
-74.6559089999999941
0
LINE
8
BLACK
6
CONTINUOUS
10
162.947936999999996
20
-74.6559089999999941
11
162.9620510000000024
21
-74.6218360000000018
0
LINE
8
BLACK
6
CONTINUOUS
10
162.9620510000000024
20
-74.6218360000000018
11
163.0004999999999882
21
-74.4285399999999981
0
LINE
8
BLACK
6
CONTINUOUS
10
163.0004999999999882
20
-74.4285399999999981
11
163.0004999999999882
21
-74.2314599999999984
0
LINE
8
BLACK
6
CONTINUOUS
10
163.0004999999999882
20
-74.2314599999999984
11
163.0004999999999882
21
-65.1514590000000027
0
LINE
8
BLACK
6
CONTINUOUS
10
163.0004999999999882
20
-65.1514590000000027
11
163.0004999999999882
21
-65.151455999999996
0
LINE
8
BLACK
6
CONTINUOUS
10
163.0004999999999882
20
-65.151455999999996
11
162.9620519999999999
21
-64.9581699999999955
0
LINE
8
BLACK
6
CONTINUOUS
10
162.9620519999999999
20
-64.9581699999999955
11
162.9620510000000024
21
-64.9581689999999981
0
LINE
8
BLACK
6
CONTINUOUS
10
162.9620510000000024
20
-64.9581689999999981
11
162.9620510000000024
21
-64.9581649999999939
0
LINE
8
BLACK
6
CONTINUOUS
10
162.9620510000000024
20
-64.9581649999999939
11
162.9620489999999791
21
-64.9581599999999924
0
LINE
8
BLACK
6
CONTINUOUS
10
162.9620489999999791
20
-64.9581599999999924
11
162.8866349999999841
21
-64.7760919999999913
0
LINE
8
BLACK
6
CONTINUOUS
10
162.8866349999999841
20
-64.7760919999999913
11
162.8866280000000017
21
-64.7760789999999957
0
LINE
8
BLACK
6
CONTINUOUS
10
162.8866280000000017
20
-64.7760789999999957
11
162.7771390000000054
21
-64.6122179999999986
0
LINE
8
BLACK
6
CONTINUOUS
10
162.7771390000000054
20
-64.6122179999999986
11
162.7771359999999845
21
-64.6122139999999945
0
LINE
8
BLACK
6
CONTINUOUS
10
162.7771359999999845
20
-64.6122139999999945
11
162.6346859999999879
21
-64.4697639999999978
0
LINE
8
BLACK
6
CONTINUOUS
10
162.6346859999999879
20
-64.4697639999999978
11
162.6346549999999809
21
-64.469735
0
LINE
8
BLACK
6
CONTINUOUS
10
162.6346549999999809
20
-64.469735
11
160.7814789999999903
21
-62.6165589999999952
0
LINE
8
BLACK
6
CONTINUOUS
10
160.7814789999999903
20
-62.6165589999999952
11
160.7814589999999839
21
-62.6165369999999939
0
LINE
8
BLACK
6
CONTINUOUS
10
160.7814589999999839
20
-62.6165369999999939
11
160.6377849999999796
21
-62.4728629999999967
0
LINE
8
BLACK
6
CONTINUOUS
10
160.6377849999999796
20
-62.4728629999999967
11
160.6377809999999897
21
-62.4728599999999972
0
LINE
8
BLACK
6
CONTINUOUS
10
160.6377809999999897
20
-62.4728599999999972
11
160.4739199999999926
21
-62.3633709999999937
0
LINE
8
BLACK
6
CONTINUOUS
10
160.4739199999999926
20
-62.3633709999999937
11
160.4739109999999869
21
-62.3633659999999992
0
LINE
8
BLACK
6
CONTINUOUS
10
160.4739109999999869
20
-62.3633659999999992
11
160.4013149999999825
21
-62.3332959999999972
0
LINE
8
BLACK
6
CONTINUOUS
10
160.4013149999999825
20
-62.3332959999999972
11
160.3451649999999802
21
-62.3100379999999987
0
LINE
8
BLACK
6
CONTINUOUS
10
160.3451649999999802
20
-62.3100379999999987
11
160.2918359999999893
21
-62.2879489999999976
0
LINE
8
BLACK
6
CONTINUOUS
10
160.2918359999999893
20
-62.2879489999999976
11
160.2918319999999994
21
-62.2879480000000001
0
LINE
8
BLACK
6
CONTINUOUS
10
160.2918319999999994
20
-62.2879480000000001
11
160.2918279999999811
21
-62.287945999999998
0
LINE
8
BLACK
6
CONTINUOUS
10
160.2918279999999811
20
-62.287945999999998
11
160.1951880000000017
21
-62.2687239999999989
0
LINE
8
BLACK
6
CONTINUOUS
10
160.1951880000000017
20
-62.2687239999999989
11
160.098544000000004
21
-62.2494999999999976
0
LINE
8
BLACK
6
CONTINUOUS
10
160.098544000000004
20
-62.2494999999999976
11
160.0985409999999831
21
-62.2494999999999976
0
LINE
8
BLACK
6
CONTINUOUS
10
160.0985409999999831
20
-62.2494999999999976
11
146.4014589999999885
21
-62.2494999999999976
0
LINE
8
BLACK
6
CONTINUOUS
10
146.4014589999999885
20
-62.2494999999999976
11
146.4014549999999986
21
-62.2494999999999976
0
LINE
8
BLACK
6
CONTINUOUS
10
146.4014549999999986
20
-62.2494999999999976
11
146.3048119999999983
21
-62.2687239999999989
0
LINE
8
BLACK
6
CONTINUOUS
10
146.3048119999999983
20
-62.2687239999999989
11
146.2081670000000031
21
-62.2879469999999955
0
LINE
8
BLACK
6
CONTINUOUS
10
146.2081670000000031
20
-62.2879469999999955
11
146.2081609999999898
21
-62.2879489999999976
0
LINE
8
BLACK
6
CONTINUOUS
10
146.2081609999999898
20
-62.2879489999999976
11
146.1548339999999939
21
-62.3100369999999941
0
LINE
8
BLACK
6
CONTINUOUS
10
146.1548339999999939
20
-62.3100369999999941
11
146.1548339999999939
21
-62.3100379999999987
0
LINE
8
BLACK
6
CONTINUOUS
10
146.1548339999999939
20
-62.3100379999999987
11
146.109314999999981
21
-62.3288919999999962
0
LINE
8
BLACK
6
CONTINUOUS
10
146.109314999999981
20
-62.3288919999999962
11
146.0260889999999847
21
-62.3633659999999992
0
LINE
8
BLACK
6
CONTINUOUS
10
146.0260889999999847
20
-62.3633659999999992
11
146.0260789999999815
21
-62.3633709999999937
0
LINE
8
BLACK
6
CONTINUOUS
10
146.0260789999999815
20
-62.3633709999999937
11
145.8622189999999819
21
-62.4728589999999997
0
LINE
8
BLACK
6
CONTINUOUS
10
145.8622189999999819
20
-62.4728589999999997
11
145.7925400000000025
21
-62.5425380000000004
0
LINE
8
BLACK
6
CONTINUOUS
10
145.7925400000000025
20
-62.5425380000000004
11
145.7228609999999946
21
-62.6122179999999986
0
LINE
8
BLACK
6
CONTINUOUS
10
145.7228609999999946
20
-62.6122179999999986
11
145.7228580000000022
21
-62.6122209999999981
0
LINE
8
BLACK
6
CONTINUOUS
10
145.7228580000000022
20
-62.6122209999999981
11
132.3622210000000052
21
-75.9728580000000022
0
LINE
8
BLACK
6
CONTINUOUS
10
132.3622210000000052
20
-75.9728580000000022
11
132.3622179999999844
21
-75.9728609999999946
0
LINE
8
BLACK
6
CONTINUOUS
10
132.3622179999999844
20
-75.9728609999999946
11
132.2925380000000075
21
-76.0425400000000025
0
LINE
8
BLACK
6
CONTINUOUS
10
132.2925380000000075
20
-76.0425400000000025
11
132.2228589999999997
21
-76.1122189999999961
0
LINE
8
BLACK
6
CONTINUOUS
10
132.2228589999999997
20
-76.1122189999999961
11
132.1133710000000008
21
-76.2760789999999957
0
LINE
8
BLACK
6
CONTINUOUS
10
132.1133710000000008
20
-76.2760789999999957
11
132.11336399999999
21
-76.2760919999999913
0
LINE
8
BLACK
6
CONTINUOUS
10
132.11336399999999
20
-76.2760919999999913
11
132.037949999999995
21
-76.4581599999999924
0
LINE
8
BLACK
6
CONTINUOUS
10
132.037949999999995
20
-76.4581599999999924
11
132.0379470000000026
21
-76.4581699999999955
0
LINE
8
BLACK
6
CONTINUOUS
10
132.0379470000000026
20
-76.4581699999999955
11
131.9994999999999834
21
-76.651455999999996
0
LINE
8
BLACK
6
CONTINUOUS
10
131.9994999999999834
20
-76.651455999999996
11
131.9994999999999834
21
-90.8485439999999898
0
LINE
8
BLACK
6
CONTINUOUS
10
187.3845000000000027
20
-115.8614499999999907
11
187.3845010000000002
21
-115.861465999999993
0
LINE
8
BLACK
6
CONTINUOUS
10
187.3845010000000002
20
-115.861465999999993
11
187.4135939999999891
21
-116.0824519999999893
0
LINE
8
BLACK
6
CONTINUOUS
10
187.4135939999999891
20
-116.0824519999999893
11
187.4135949999999866
21
-116.0824569999999909
0
LINE
8
BLACK
6
CONTINUOUS
10
187.4135949999999866
20
-116.0824569999999909
11
187.4135959999999841
21
-116.08246299999999
0
LINE
8
BLACK
6
CONTINUOUS
10
187.4135959999999841
20
-116.08246299999999
11
187.4135969999999816
21
-116.0824649999999991
0
LINE
8
BLACK
6
CONTINUOUS
10
187.4135969999999816
20
-116.0824649999999991
11
187.471289999999982
21
-116.2977799999999888
0
LINE
8
BLACK
6
CONTINUOUS
10
187.471289999999982
20
-116.2977799999999888
11
187.4712930000000028
21
-116.297789999999992
0
LINE
8
BLACK
6
CONTINUOUS
10
187.4712930000000028
20
-116.297789999999992
11
187.5565929999999923
21
-116.5037219999999962
0
LINE
8
BLACK
6
CONTINUOUS
10
187.5565929999999923
20
-116.5037219999999962
11
187.5565949999999873
21
-116.5037260000000003
0
LINE
8
BLACK
6
CONTINUOUS
10
187.5565949999999873
20
-116.5037260000000003
11
187.6680519999999888
21
-116.6967739999999907
0
LINE
8
BLACK
6
CONTINUOUS
10
187.6680519999999888
20
-116.6967739999999907
11
187.6680570000000046
21
-116.6967799999999897
0
LINE
8
BLACK
6
CONTINUOUS
10
187.6680570000000046
20
-116.6967799999999897
11
187.668058000000002
21
-116.6967819999999989
0
LINE
8
BLACK
6
CONTINUOUS
10
187.668058000000002
20
-116.6967819999999989
11
187.8037510000000054
21
-116.8736219999999975
0
LINE
8
BLACK
6
CONTINUOUS
10
187.8037510000000054
20
-116.8736219999999975
11
187.8037569999999903
21
-116.873628999999994
0
LINE
8
BLACK
6
CONTINUOUS
10
187.8037569999999903
20
-116.873628999999994
11
187.9613699999999881
21
-117.0312419999999918
0
LINE
8
BLACK
6
CONTINUOUS
10
187.9613699999999881
20
-117.0312419999999918
11
187.9613760000000013
21
-117.0312469999999934
0
LINE
8
BLACK
6
CONTINUOUS
10
187.9613760000000013
20
-117.0312469999999934
11
188.1382260000000031
21
-117.1669479999999908
0
LINE
8
BLACK
6
CONTINUOUS
10
188.1382260000000031
20
-117.1669479999999908
11
188.3312739999999792
21
-117.2784049999999922
0
LINE
8
BLACK
6
CONTINUOUS
10
188.3312739999999792
20
-117.2784049999999922
11
188.5372189999999932
21
-117.3637099999999975
0
LINE
8
BLACK
6
CONTINUOUS
10
188.5372189999999932
20
-117.3637099999999975
11
188.7525369999999896
21
-117.4214039999999954
0
LINE
8
BLACK
6
CONTINUOUS
10
188.7525369999999896
20
-117.4214039999999954
11
188.9735429999999781
21
-117.450499999999991
0
LINE
8
BLACK
6
CONTINUOUS
10
188.9735429999999781
20
-117.450499999999991
11
188.9735499999999888
21
-117.450499999999991
0
LINE
8
BLACK
6
CONTINUOUS
10
188.9735499999999888
20
-117.450499999999991
11
189.1964499999999987
21
-117.450499999999991
0
LINE
8
BLACK
6
CONTINUOUS
10
189.1964499999999987
20
-117.450499999999991
11
189.196456999999981
21
-117.450499999999991
0
LINE
8
BLACK
6
CONTINUOUS
10
189.196456999999981
20
-117.450499999999991
11
189.4174629999999979
21
-117.4214039999999954
0
LINE
8
BLACK
6
CONTINUOUS
10
189.4174629999999979
20
-117.4214039999999954
11
189.6327809999999943
21
-117.3637099999999975
0
LINE
8
BLACK
6
CONTINUOUS
10
189.6327809999999943
20
-117.3637099999999975
11
189.8387259999999799
21
-117.2784049999999922
0
LINE
8
BLACK
6
CONTINUOUS
10
189.8387259999999799
20
-117.2784049999999922
11
190.0317739999999844
21
-117.1669479999999908
0
LINE
8
BLACK
6
CONTINUOUS
10
190.0317739999999844
20
-117.1669479999999908
11
190.2086239999999862
21
-117.0312469999999934
0
LINE
8
BLACK
6
CONTINUOUS
10
190.2086239999999862
20
-117.0312469999999934
11
190.3662469999999871
21
-116.8736239999999924
0
LINE
8
BLACK
6
CONTINUOUS
10
190.3662469999999871
20
-116.8736239999999924
11
190.5019479999999987
21
-116.6967739999999907
0
LINE
8
BLACK
6
CONTINUOUS
10
190.5019479999999987
20
-116.6967739999999907
11
190.6134050000000002
21
-116.5037260000000003
0
LINE
8
BLACK
6
CONTINUOUS
10
190.6134050000000002
20
-116.5037260000000003
11
190.6987100000000055
21
-116.2977810000000005
0
LINE
8
BLACK
6
CONTINUOUS
10
190.6987100000000055
20
-116.2977810000000005
11
190.7564040000000034
21
-116.08246299999999
0
LINE
8
BLACK
6
CONTINUOUS
10
190.7564040000000034
20
-116.08246299999999
11
190.7854999999999848
21
-115.8614570000000015
0
LINE
8
BLACK
6
CONTINUOUS
10
190.7854999999999848
20
-115.8614570000000015
11
190.7854999999999848
21
-115.6385429999999985
0
LINE
8
BLACK
6
CONTINUOUS
10
190.7854999999999848
20
-115.6385429999999985
11
190.7564040000000034
21
-115.4175369999999958
0
LINE
8
BLACK
6
CONTINUOUS
10
190.7564040000000034
20
-115.4175369999999958
11
190.6987100000000055
21
-115.2022189999999995
0
LINE
8
BLACK
6
CONTINUOUS
10
190.6987100000000055
20
-115.2022189999999995
11
190.6134050000000002
21
-114.9962739999999997
0
LINE
8
BLACK
6
CONTINUOUS
10
190.6134050000000002
20
-114.9962739999999997
11
190.5019479999999987
21
-114.8032259999999951
0
LINE
8
BLACK
6
CONTINUOUS
10
190.5019479999999987
20
-114.8032259999999951
11
190.4456179999999961
21
-114.7298149999999879
0
LINE
8
BLACK
6
CONTINUOUS
10
190.4456179999999961
20
-114.7298149999999879
11
190.3662479999999846
21
-114.6263769999999909
0
LINE
8
BLACK
6
CONTINUOUS
10
190.3662479999999846
20
-114.6263769999999909
11
190.3662419999999997
21
-114.6263699999999943
0
LINE
8
BLACK
6
CONTINUOUS
10
190.3662419999999997
20
-114.6263699999999943
11
190.208629000000002
21
-114.4687569999999965
0
LINE
8
BLACK
6
CONTINUOUS
10
190.208629000000002
20
-114.4687569999999965
11
190.1340129999999817
21
-114.4115019999999987
0
LINE
8
BLACK
6
CONTINUOUS
10
190.1340129999999817
20
-114.4115019999999987
11
190.0928109999999833
21
-114.3550740000000019
0
LINE
8
BLACK
6
CONTINUOUS
10
190.0928109999999833
20
-114.3550740000000019
11
190.0854999999999961
21
-114.3131259999999969
0
LINE
8
BLACK
6
CONTINUOUS
10
190.0854999999999961
20
-114.3131259999999969
11
190.0854999999999961
21
-112.5639619999999894
0
LINE
8
BLACK
6
CONTINUOUS
10
190.0854999999999961
20
-112.5639619999999894
11
190.1051849999999774
21
-112.4969229999999953
0
LINE
8
BLACK
6
CONTINUOUS
10
190.1051849999999774
20
-112.4969229999999953
11
190.1246229999999855
21
-112.4746499999999969
0
LINE
8
BLACK
6
CONTINUOUS
10
190.1246229999999855
20
-112.4746499999999969
11
190.1242110000000025
21
-112.4742379999999997
0
LINE
8
BLACK
6
CONTINUOUS
10
190.1242110000000025
20
-112.4742379999999997
11
190.2100859999999898
21
-112.3883629999999982
0
LINE
8
BLACK
6
CONTINUOUS
10
190.2100859999999898
20
-112.3883629999999982
11
190.3057929999999942
21
-112.2926559999999938
0
LINE
8
BLACK
6
CONTINUOUS
10
190.3057929999999942
20
-112.2926559999999938
11
190.4538699999999949
21
-112.0888449999999921
0
LINE
8
BLACK
6
CONTINUOUS
10
190.4538699999999949
20
-112.0888449999999921
11
190.5682410000000004
21
-111.8643789999999996
0
LINE
8
BLACK
6
CONTINUOUS
10
190.5682410000000004
20
-111.8643789999999996
11
190.6460899999999867
21
-111.6247849999999886
0
LINE
8
BLACK
6
CONTINUOUS
10
190.6460899999999867
20
-111.6247849999999886
11
190.6854999999999905
21
-111.3759620000000012
0
LINE
8
BLACK
6
CONTINUOUS
10
190.6854999999999905
20
-111.3759620000000012
11
190.6854999999999905
21
-111.1240379999999988
0
LINE
8
BLACK
6
CONTINUOUS
10
190.6854999999999905
20
-111.1240379999999988
11
190.6460899999999867
21
-110.8752149999999972
0
LINE
8
BLACK
6
CONTINUOUS
10
190.6460899999999867
20
-110.8752149999999972
11
190.5682410000000004
21
-110.6356210000000004
0
LINE
8
BLACK
6
CONTINUOUS
10
190.5682410000000004
20
-110.6356210000000004
11
190.5682390000000055
21
-110.6356179999999938
0
LINE
8
BLACK
6
CONTINUOUS
10
190.5682390000000055
20
-110.6356179999999938
11
190.5682390000000055
21
-110.6356159999999988
0
LINE
8
BLACK
6
CONTINUOUS
10
190.5682390000000055
20
-110.6356159999999988
11
190.5156920000000014
21
-110.5324869999999891
0
LINE
8
BLACK
6
CONTINUOUS
10
190.5156920000000014
20
-110.5324869999999891
11
190.4538699999999949
21
-110.4111549999999937
0
LINE
8
BLACK
6
CONTINUOUS
10
190.4538699999999949
20
-110.4111549999999937
11
190.4206879999999842
21
-110.365483999999995
0
LINE
8
BLACK
6
CONTINUOUS
10
190.4206879999999842
20
-110.365483999999995
11
190.3057979999999816
21
-110.207349999999991
0
LINE
8
BLACK
6
CONTINUOUS
10
190.3057979999999816
20
-110.207349999999991
11
190.3057939999999917
21
-110.2073449999999895
0
LINE
8
BLACK
6
CONTINUOUS
10
190.3057939999999917
20
-110.2073449999999895
11
190.1276539999999784
21
-110.0292049999999904
0
LINE
8
BLACK
6
CONTINUOUS
10
190.1276539999999784
20
-110.0292049999999904
11
190.127648999999991
21
-110.0292010000000005
0
LINE
8
BLACK
6
CONTINUOUS
10
190.127648999999991
20
-110.0292010000000005
11
189.9238479999999925
21
-109.8811319999999938
0
LINE
8
BLACK
6
CONTINUOUS
10
189.9238479999999925
20
-109.8811319999999938
11
189.923846999999995
21
-109.8811309999999963
0
LINE
8
BLACK
6
CONTINUOUS
10
189.923846999999995
20
-109.8811309999999963
11
189.923845
21
-109.8811299999999989
0
LINE
8
BLACK
6
CONTINUOUS
10
189.923845
20
-109.8811299999999989
11
189.8537469999999985
21
-109.8454129999999935
0
LINE
8
BLACK
6
CONTINUOUS
10
189.8537469999999985
20
-109.8454129999999935
11
189.6993829999999832
21
-109.7667599999999908
0
LINE
8
BLACK
6
CONTINUOUS
10
189.6993829999999832
20
-109.7667599999999908
11
189.4597849999999823
21
-109.6889099999999928
0
LINE
8
BLACK
6
CONTINUOUS
10
189.4597849999999823
20
-109.6889099999999928
11
189.210961999999995
21
-109.6494999999999891
0
LINE
8
BLACK
6
CONTINUOUS
10
189.210961999999995
20
-109.6494999999999891
11
188.9590379999999925
21
-109.6494999999999891
0
LINE
8
BLACK
6
CONTINUOUS
10
188.9590379999999925
20
-109.6494999999999891
11
188.8346259999999859
21
-109.6692049999999909
0
LINE
8
BLACK
6
CONTINUOUS
10
188.8346259999999859
20
-109.6692049999999909
11
188.7102139999999793
21
-109.6889099999999928
0
LINE
8
BLACK
6
CONTINUOUS
10
188.7102139999999793
20
-109.6889099999999928
11
188.4706159999999784
21
-109.7667599999999908
0
LINE
8
BLACK
6
CONTINUOUS
10
188.4706159999999784
20
-109.7667599999999908
11
188.2461509999999976
21
-109.8811319999999938
0
LINE
8
BLACK
6
CONTINUOUS
10
188.2461509999999976
20
-109.8811319999999938
11
188.042349999999999
21
-110.0292010000000005
0
LINE
8
BLACK
6
CONTINUOUS
10
188.042349999999999
20
-110.0292010000000005
11
188.0423449999999832
21
-110.0292049999999904
0
LINE
8
BLACK
6
CONTINUOUS
10
188.0423449999999832
20
-110.0292049999999904
11
187.8642049999999983
21
-110.2073449999999895
0
LINE
8
BLACK
6
CONTINUOUS
10
187.8642049999999983
20
-110.2073449999999895
11
187.86420099999998
21
-110.207349999999991
0
LINE
8
BLACK
6
CONTINUOUS
10
187.86420099999998
20
-110.207349999999991
11
187.7161319999999876
21
-110.4111509999999896
0
LINE
8
BLACK
6
CONTINUOUS
10
187.7161319999999876
20
-110.4111509999999896
11
187.6017599999999845
21
-110.6356159999999988
0
LINE
8
BLACK
6
CONTINUOUS
10
187.6017599999999845
20
-110.6356159999999988
11
187.5239100000000008
21
-110.8752139999999997
0
LINE
8
BLACK
6
CONTINUOUS
10
187.5239100000000008
20
-110.8752139999999997
11
187.484499999999997
21
-111.1240379999999988
0
LINE
8
BLACK
6
CONTINUOUS
10
187.484499999999997
20
-111.1240379999999988
11
187.484499999999997
21
-111.3759609999999896
0
LINE
8
BLACK
6
CONTINUOUS
10
187.484499999999997
20
-111.3759609999999896
11
187.5239100000000008
21
-111.6247849999999886
0
LINE
8
BLACK
6
CONTINUOUS
10
187.5239100000000008
20
-111.6247849999999886
11
187.6017599999999845
21
-111.8643829999999895
0
LINE
8
BLACK
6
CONTINUOUS
10
187.6017599999999845
20
-111.8643829999999895
11
187.6804129999999873
21
-112.0187469999999905
0
LINE
8
BLACK
6
CONTINUOUS
10
187.6804129999999873
20
-112.0187469999999905
11
187.7146779999999922
21
-112.0859959999999944
0
LINE
8
BLACK
6
CONTINUOUS
10
187.7146779999999922
20
-112.0859959999999944
11
187.7161319999999876
21
-112.0888479999999987
0
LINE
8
BLACK
6
CONTINUOUS
10
187.7161319999999876
20
-112.0888479999999987
11
187.86420099999998
21
-112.2926489999999973
0
LINE
8
BLACK
6
CONTINUOUS
10
187.86420099999998
20
-112.2926489999999973
11
187.8642049999999983
21
-112.2926539999999989
0
LINE
8
BLACK
6
CONTINUOUS
10
187.8642049999999983
20
-112.2926539999999989
11
188.045788999999985
21
-112.4742379999999997
0
LINE
8
BLACK
6
CONTINUOUS
10
188.045788999999985
20
-112.4742379999999997
11
188.044713999999999
21
-112.4753119999999882
0
LINE
8
BLACK
6
CONTINUOUS
10
188.044713999999999
20
-112.4753119999999882
11
188.0792249999999797
21
-112.5281799999999919
0
LINE
8
BLACK
6
CONTINUOUS
10
188.0792249999999797
20
-112.5281799999999919
11
188.0844999999999914
21
-112.5639619999999894
0
LINE
8
BLACK
6
CONTINUOUS
10
188.0844999999999914
20
-112.5639619999999894
11
188.0844999999999914
21
-114.3131259999999969
0
LINE
8
BLACK
6
CONTINUOUS
10
188.0844999999999914
20
-114.3131259999999969
11
188.0648149999999816
21
-114.380164999999991
0
LINE
8
BLACK
6
CONTINUOUS
10
188.0648149999999816
20
-114.380164999999991
11
188.0359869999999773
21
-114.4115019999999987
0
LINE
8
BLACK
6
CONTINUOUS
10
188.0359869999999773
20
-114.4115019999999987
11
187.9613699999999881
21
-114.4687569999999965
0
LINE
8
BLACK
6
CONTINUOUS
10
187.9613699999999881
20
-114.4687569999999965
11
187.8037569999999903
21
-114.6263699999999943
0
LINE
8
BLACK
6
CONTINUOUS
10
187.8037569999999903
20
-114.6263699999999943
11
187.8037510000000054
21
-114.6263769999999909
0
LINE
8
BLACK
6
CONTINUOUS
10
187.8037510000000054
20
-114.6263769999999909
11
187.668058000000002
21
-114.8032169999999894
0
LINE
8
BLACK
6
CONTINUOUS
10
187.668058000000002
20
-114.8032169999999894
11
187.6680519999999888
21
-114.8032259999999951
0
LINE
8
BLACK
6
CONTINUOUS
10
187.6680519999999888
20
-114.8032259999999951
11
187.5565949999999873
21
-114.996272999999988
0
LINE
8
BLACK
6
CONTINUOUS
10
187.5565949999999873
20
-114.996272999999988
11
187.5565929999999923
21
-114.9962769999999921
0
LINE
8
BLACK
6
CONTINUOUS
10
187.5565929999999923
20
-114.9962769999999921
11
187.4712930000000028
21
-115.2022089999999963
0
LINE
8
BLACK
6
CONTINUOUS
10
187.4712930000000028
20
-115.2022089999999963
11
187.471289999999982
21
-115.2022189999999995
0
LINE
8
BLACK
6
CONTINUOUS
10
187.471289999999982
20
-115.2022189999999995
11
187.4500529999999969
21
-115.2814789999999903
0
LINE
8
BLACK
6
CONTINUOUS
10
187.4500529999999969
20
-115.2814789999999903
11
187.4135969999999816
21
-115.4175339999999892
0
LINE
8
BLACK
6
CONTINUOUS
10
187.4135969999999816
20
-115.4175339999999892
11
187.4135939999999891
21
-115.417546999999999
0
LINE
8
BLACK
6
CONTINUOUS
10
187.4135939999999891
20
-115.417546999999999
11
187.3845010000000002
21
-115.6385329999999954
0
LINE
8
BLACK
6
CONTINUOUS
10
187.3845010000000002
20
-115.6385329999999954
11
187.3845000000000027
21
-115.6385489999999976
0
LINE
8
BLACK
6
CONTINUOUS
10
187.3845000000000027
20
-115.6385489999999976
11
187.3845000000000027
21
-115.8614499999999907
0
LINE
8
BLACK
6
CONTINUOUS
10
166.1663969999999892
20
-112.3919209999999964
11
165.9852850000000046
21
-112.4669399999999939
0
LINE
8
BLACK
6
CONTINUOUS
10
165.9852850000000046
20
-112.4669399999999939
11
165.7930169999999919
21
-112.5051849999999973
0
LINE
8
BLACK
6
CONTINUOUS
10
165.7930169999999919
20
-112.5051849999999973
11
165.5969829999999945
21
-112.5051849999999973
0
LINE
8
BLACK
6
CONTINUOUS
10
165.5969829999999945
20
-112.5051849999999973
11
165.4047149999999817
21
-112.4669399999999939
0
LINE
8
BLACK
6
CONTINUOUS
10
165.4047149999999817
20
-112.4669399999999939
11
165.2236029999999971
21
-112.3919209999999964
0
LINE
8
BLACK
6
CONTINUOUS
10
165.2236029999999971
20
-112.3919209999999964
11
165.1894509999999912
21
-112.3691010000000006
0
LINE
8
BLACK
6
CONTINUOUS
10
165.1894509999999912
20
-112.3691010000000006
11
164.8258929999999793
21
-112.7326580000000007
0
LINE
8
BLACK
6
CONTINUOUS
10
164.8258929999999793
20
-112.7326580000000007
11
164.9088279999999997
21
-112.7929139999999961
0
LINE
8
BLACK
6
CONTINUOUS
10
164.9088279999999997
20
-112.7929139999999961
11
165.1191969999999856
21
-112.9001019999999897
0
LINE
8
BLACK
6
CONTINUOUS
10
165.1191969999999856
20
-112.9001019999999897
11
165.343751999999995
21
-112.9730649999999912
0
LINE
8
BLACK
6
CONTINUOUS
10
165.343751999999995
20
-112.9730649999999912
11
165.3437509999999975
21
-112.9730649999999912
0
LINE
8
BLACK
6
CONTINUOUS
10
165.3437509999999975
20
-112.9730649999999912
11
165.5769479999999874
21
-113.0099999999999909
0
LINE
8
BLACK
6
CONTINUOUS
10
165.5769479999999874
20
-113.0099999999999909
11
165.813051999999999
21
-113.0099999999999909
0
LINE
8
BLACK
6
CONTINUOUS
10
165.813051999999999
20
-113.0099999999999909
11
166.0462469999999939
21
-112.9730649999999912
0
LINE
8
BLACK
6
CONTINUOUS
10
166.0462469999999939
20
-112.9730649999999912
11
166.2708020000000033
21
-112.9001019999999897
0
LINE
8
BLACK
6
CONTINUOUS
10
166.2708020000000033
20
-112.9001019999999897
11
166.4811629999999809
21
-112.7929180000000002
0
LINE
8
BLACK
6
CONTINUOUS
10
166.4811629999999809
20
-112.7929180000000002
11
166.4811689999999942
21
-112.7929139999999961
0
LINE
8
BLACK
6
CONTINUOUS
10
166.4811689999999942
20
-112.7929139999999961
11
166.5641039999999862
21
-112.7326580000000007
0
LINE
8
BLACK
6
CONTINUOUS
10
166.5641039999999862
20
-112.7326580000000007
11
166.5641049999999836
21
-112.7326580000000007
0
LINE
8
BLACK
6
CONTINUOUS
10
166.5641049999999836
20
-112.7326580000000007
11
166.2005479999999977
21
-112.3691010000000006
0
LINE
8
BLACK
6
CONTINUOUS
10
166.2005479999999977
20
-112.3691010000000006
11
166.1663969999999892
21
-112.3919209999999964
0
LINE
8
BLACK
6
CONTINUOUS
10
184.556397000000004
20
-112.1319209999999913
11
184.375284999999991
21
-112.2069399999999888
0
LINE
8
BLACK
6
CONTINUOUS
10
184.375284999999991
20
-112.2069399999999888
11
184.1830169999999782
21
-112.2451849999999922
0
LINE
8
BLACK
6
CONTINUOUS
10
184.1830169999999782
20
-112.2451849999999922
11
183.9869829999999808
21
-112.2451849999999922
0
LINE
8
BLACK
6
CONTINUOUS
10
183.9869829999999808
20
-112.2451849999999922
11
183.7947149999999965
21
-112.2069399999999888
0
LINE
8
BLACK
6
CONTINUOUS
10
183.7947149999999965
20
-112.2069399999999888
11
183.6136029999999835
21
-112.1319209999999913
0
LINE
8
BLACK
6
CONTINUOUS
10
183.6136029999999835
20
-112.1319209999999913
11
183.5794509999999775
21
-112.1091009999999955
0
LINE
8
BLACK
6
CONTINUOUS
10
183.5794509999999775
20
-112.1091009999999955
11
183.2158929999999941
21
-112.4726579999999956
0
LINE
8
BLACK
6
CONTINUOUS
10
183.2158929999999941
20
-112.4726579999999956
11
183.2988279999999861
21
-112.532913999999991
0
LINE
8
BLACK
6
CONTINUOUS
10
183.2988279999999861
20
-112.532913999999991
11
183.5091970000000003
21
-112.6401019999999988
0
LINE
8
BLACK
6
CONTINUOUS
10
183.5091970000000003
20
-112.6401019999999988
11
183.7337519999999813
21
-112.7130650000000003
0
LINE
8
BLACK
6
CONTINUOUS
10
183.7337519999999813
20
-112.7130650000000003
11
183.7337509999999838
21
-112.7130650000000003
0
LINE
8
BLACK
6
CONTINUOUS
10
183.7337509999999838
20
-112.7130650000000003
11
183.9669480000000021
21
-112.75
0
LINE
8
BLACK
6
CONTINUOUS
10
183.9669480000000021
20
-112.75
11
184.2030519999999854
21
-112.75
0
LINE
8
BLACK
6
CONTINUOUS
10
184.2030519999999854
20
-112.75
11
184.4362469999999803
21
-112.7130650000000003
0
LINE
8
BLACK
6
CONTINUOUS
10
184.4362469999999803
20
-112.7130650000000003
11
184.6608019999999897
21
-112.6401019999999988
0
LINE
8
BLACK
6
CONTINUOUS
10
184.6608019999999897
20
-112.6401019999999988
11
184.8711629999999957
21
-112.5329179999999951
0
LINE
8
BLACK
6
CONTINUOUS
10
184.8711629999999957
20
-112.5329179999999951
11
184.8711689999999805
21
-112.532913999999991
0
LINE
8
BLACK
6
CONTINUOUS
10
184.8711689999999805
20
-112.532913999999991
11
184.954104000000001
21
-112.4726579999999956
0
LINE
8
BLACK
6
CONTINUOUS
10
184.954104000000001
20
-112.4726579999999956
11
184.9541049999999984
21
-112.4726579999999956
0
LINE
8
BLACK
6
CONTINUOUS
10
184.9541049999999984
20
-112.4726579999999956
11
184.5905479999999841
21
-112.1091009999999955
0
LINE
8
BLACK
6
CONTINUOUS
10
184.5905479999999841
20
-112.1091009999999955
11
184.556397000000004
21
-112.1319209999999913
0
LINE
8
BLACK
6
CONTINUOUS
10
166.5541000000000054
20
-111.0044499999999914
11
166.5769209999999987
21
-111.0386029999999948
0
LINE
8
BLACK
6
CONTINUOUS
10
166.5769209999999987
20
-111.0386029999999948
11
166.6519399999999962
21
-111.2197149999999937
0
LINE
8
BLACK
6
CONTINUOUS
10
166.6519399999999962
20
-111.2197149999999937
11
166.6901849999999854
21
-111.4119829999999922
0
LINE
8
BLACK
6
CONTINUOUS
10
166.6901849999999854
20
-111.4119829999999922
11
166.6901849999999854
21
-111.6080169999999896
0
LINE
8
BLACK
6
CONTINUOUS
10
166.6901849999999854
20
-111.6080169999999896
11
166.6519399999999962
21
-111.8002849999999881
0
LINE
8
BLACK
6
CONTINUOUS
10
166.6519399999999962
20
-111.8002849999999881
11
166.5769209999999987
21
-111.9813970000000012
0
LINE
8
BLACK
6
CONTINUOUS
10
166.5769209999999987
20
-111.9813970000000012
11
166.5541010000000028
21
-112.0155479999999955
0
LINE
8
BLACK
6
CONTINUOUS
10
166.5541010000000028
20
-112.0155479999999955
11
166.9176579999999888
21
-112.3791049999999956
0
LINE
8
BLACK
6
CONTINUOUS
10
166.9176579999999888
20
-112.3791049999999956
11
166.9176579999999888
21
-112.3791039999999981
0
LINE
8
BLACK
6
CONTINUOUS
10
166.9176579999999888
20
-112.3791039999999981
11
166.9779139999999984
21
-112.2961689999999919
0
LINE
8
BLACK
6
CONTINUOUS
10
166.9779139999999984
20
-112.2961689999999919
11
166.9779179999999883
21
-112.2961629999999928
0
LINE
8
BLACK
6
CONTINUOUS
10
166.9779179999999883
20
-112.2961629999999928
11
167.0851020000000062
21
-112.085802000000001
0
LINE
8
BLACK
6
CONTINUOUS
10
167.0851020000000062
20
-112.085802000000001
11
167.1580649999999935
21
-111.8612469999999917
0
LINE
8
BLACK
6
CONTINUOUS
10
167.1580649999999935
20
-111.8612469999999917
11
167.1949999999999932
21
-111.6280519999999967
0
LINE
8
BLACK
6
CONTINUOUS
10
167.1949999999999932
20
-111.6280519999999967
11
167.1949999999999932
21
-111.3919470000000018
0
LINE
8
BLACK
6
CONTINUOUS
10
167.1949999999999932
20
-111.3919470000000018
11
167.1580649999999935
21
-111.1587519999999927
0
LINE
8
BLACK
6
CONTINUOUS
10
167.1580649999999935
20
-111.1587519999999927
11
167.0851020000000062
21
-110.9341969999999975
0
LINE
8
BLACK
6
CONTINUOUS
10
167.0851020000000062
20
-110.9341969999999975
11
166.9779139999999984
21
-110.7238279999999975
0
LINE
8
BLACK
6
CONTINUOUS
10
166.9779139999999984
20
-110.7238279999999975
11
166.9176579999999888
21
-110.6408939999999888
0
LINE
8
BLACK
6
CONTINUOUS
10
166.9176579999999888
20
-110.6408939999999888
11
166.9176579999999888
21
-110.6408929999999913
0
LINE
8
BLACK
6
CONTINUOUS
10
166.9176579999999888
20
-110.6408929999999913
11
166.5541000000000054
21
-111.0044499999999914
0
LINE
8
BLACK
6
CONTINUOUS
10
184.9440999999999917
20
-110.7444500000000005
11
184.966920999999985
21
-110.7786029999999897
0
LINE
8
BLACK
6
CONTINUOUS
10
184.966920999999985
20
-110.7786029999999897
11
185.0419399999999825
21
-110.9597149999999885
0
LINE
8
BLACK
6
CONTINUOUS
10
185.0419399999999825
20
-110.9597149999999885
11
185.0801850000000002
21
-111.1519830000000013
0
LINE
8
BLACK
6
CONTINUOUS
10
185.0801850000000002
20
-111.1519830000000013
11
185.0801850000000002
21
-111.3480169999999987
0
LINE
8
BLACK
6
CONTINUOUS
10
185.0801850000000002
20
-111.3480169999999987
11
185.0419399999999825
21
-111.5402849999999972
0
LINE
8
BLACK
6
CONTINUOUS
10
185.0419399999999825
20
-111.5402849999999972
11
184.966920999999985
21
-111.7213969999999961
0
LINE
8
BLACK
6
CONTINUOUS
10
184.966920999999985
20
-111.7213969999999961
11
184.9441009999999892
21
-111.7555479999999903
0
LINE
8
BLACK
6
CONTINUOUS
10
184.9441009999999892
20
-111.7555479999999903
11
185.3076580000000035
21
-112.1191049999999905
0
LINE
8
BLACK
6
CONTINUOUS
10
185.3076580000000035
20
-112.1191049999999905
11
185.3076580000000035
21
-112.119103999999993
0
LINE
8
BLACK
6
CONTINUOUS
10
185.3076580000000035
20
-112.119103999999993
11
185.3679139999999848
21
-112.036169000000001
0
LINE
8
BLACK
6
CONTINUOUS
10
185.3679139999999848
20
-112.036169000000001
11
185.3679180000000031
21
-112.0361630000000019
0
LINE
8
BLACK
6
CONTINUOUS
10
185.3679180000000031
20
-112.0361630000000019
11
185.4751019999999926
21
-111.8258019999999959
0
LINE
8
BLACK
6
CONTINUOUS
10
185.4751019999999926
20
-111.8258019999999959
11
185.5480649999999798
21
-111.6012470000000008
0
LINE
8
BLACK
6
CONTINUOUS
10
185.5480649999999798
20
-111.6012470000000008
11
185.5849999999999795
21
-111.3680519999999916
0
LINE
8
BLACK
6
CONTINUOUS
10
185.5849999999999795
20
-111.3680519999999916
11
185.5849999999999795
21
-111.1319469999999967
0
LINE
8
BLACK
6
CONTINUOUS
10
185.5849999999999795
20
-111.1319469999999967
11
185.5480649999999798
21
-110.8987520000000018
0
LINE
8
BLACK
6
CONTINUOUS
10
185.5480649999999798
20
-110.8987520000000018
11
185.4751019999999926
21
-110.6741969999999924
0
LINE
8
BLACK
6
CONTINUOUS
10
185.4751019999999926
20
-110.6741969999999924
11
185.3679139999999848
21
-110.4638279999999924
0
LINE
8
BLACK
6
CONTINUOUS
10
185.3679139999999848
20
-110.4638279999999924
11
185.3076580000000035
21
-110.3808939999999978
0
LINE
8
BLACK
6
CONTINUOUS
10
185.3076580000000035
20
-110.3808939999999978
11
185.3076580000000035
21
-110.3808930000000004
0
LINE
8
BLACK
6
CONTINUOUS
10
185.3076580000000035
20
-110.3808930000000004
11
184.9440999999999917
21
-110.7444500000000005
0
LINE
8
BLACK
6
CONTINUOUS
10
183.7337519999999813
20
-109.786933999999988
11
183.5091970000000003
21
-109.8598969999999895
0
LINE
8
BLACK
6
CONTINUOUS
10
183.5091970000000003
20
-109.8598969999999895
11
183.2988299999999811
21
-109.9670839999999998
0
LINE
8
BLACK
6
CONTINUOUS
10
183.2988299999999811
20
-109.9670839999999998
11
183.2158939999999916
21
-110.0273399999999953
0
LINE
8
BLACK
6
CONTINUOUS
10
183.2158939999999916
20
-110.0273399999999953
11
183.5794520000000034
21
-110.3908979999999929
0
LINE
8
BLACK
6
CONTINUOUS
10
183.5794520000000034
20
-110.3908979999999929
11
183.6136029999999835
21
-110.3680789999999945
0
LINE
8
BLACK
6
CONTINUOUS
10
183.6136029999999835
20
-110.3680789999999945
11
183.7947149999999965
21
-110.293059999999997
0
LINE
8
BLACK
6
CONTINUOUS
10
183.7947149999999965
20
-110.293059999999997
11
183.9869829999999808
21
-110.2548149999999936
0
LINE
8
BLACK
6
CONTINUOUS
10
183.9869829999999808
20
-110.2548149999999936
11
184.1830169999999782
21
-110.2548149999999936
0
LINE
8
BLACK
6
CONTINUOUS
10
184.1830169999999782
20
-110.2548149999999936
11
184.375284999999991
21
-110.293059999999997
0
LINE
8
BLACK
6
CONTINUOUS
10
184.375284999999991
20
-110.293059999999997
11
184.556397000000004
21
-110.3680789999999945
0
LINE
8
BLACK
6
CONTINUOUS
10
184.556397000000004
20
-110.3680789999999945
11
184.5905469999999866
21
-110.3908979999999929
0
LINE
8
BLACK
6
CONTINUOUS
10
184.5905469999999866
20
-110.3908979999999929
11
184.9541049999999984
21
-110.0273399999999953
0
LINE
8
BLACK
6
CONTINUOUS
10
184.9541049999999984
20
-110.0273399999999953
11
184.954104000000001
21
-110.0273380000000003
0
LINE
8
BLACK
6
CONTINUOUS
10
184.954104000000001
20
-110.0273380000000003
11
184.8711739999999963
21
-109.9670869999999923
0
LINE
8
BLACK
6
CONTINUOUS
10
184.8711739999999963
20
-109.9670869999999923
11
184.6608019999999897
21
-109.8598969999999895
0
LINE
8
BLACK
6
CONTINUOUS
10
184.6608019999999897
20
-109.8598969999999895
11
184.4362469999999803
21
-109.786933999999988
0
LINE
8
BLACK
6
CONTINUOUS
10
184.4362469999999803
20
-109.786933999999988
11
184.4362479999999778
21
-109.786933999999988
0
LINE
8
BLACK
6
CONTINUOUS
10
184.4362479999999778
20
-109.786933999999988
11
184.2030519999999854
21
-109.75
0
LINE
8
BLACK
6
CONTINUOUS
10
184.2030519999999854
20
-109.75
11
183.9669480000000021
21
-109.75
0
LINE
8
BLACK
6
CONTINUOUS
10
183.9669480000000021
20
-109.75
11
183.7337519999999813
21
-109.786933999999988
0
LINE
8
BLACK
6
CONTINUOUS
10
136.4157469999999819
20
-87.7093009999999964
11
136.3415589999999895
21
-87.8114130000000017
0
LINE
8
BLACK
6
CONTINUOUS
10
136.3415589999999895
20
-87.8114130000000017
11
136.227218999999991
21
-88.0358149999999995
0
LINE
8
BLACK
6
CONTINUOUS
10
136.227218999999991
20
-88.0358149999999995
11
136.1493969999999933
21
-88.2753299999999967
0
LINE
8
BLACK
6
CONTINUOUS
10
136.1493969999999933
20
-88.2753299999999967
11
136.1099999999999852
21
-88.5240709999999922
0
LINE
8
BLACK
6
CONTINUOUS
10
136.1099999999999852
20
-88.5240709999999922
11
136.1099999999999852
21
-88.7759279999999933
0
LINE
8
BLACK
6
CONTINUOUS
10
136.1099999999999852
20
-88.7759279999999933
11
136.1493969999999933
21
-89.0246690000000029
0
LINE
8
BLACK
6
CONTINUOUS
10
136.1493969999999933
20
-89.0246690000000029
11
136.227218999999991
21
-89.2641840000000002
0
LINE
8
BLACK
6
CONTINUOUS
10
136.227218999999991
20
-89.2641840000000002
11
136.3415569999999946
21
-89.4885829999999913
0
LINE
8
BLACK
6
CONTINUOUS
10
136.3415569999999946
20
-89.4885829999999913
11
136.4157480000000078
21
-89.5906969999999916
0
LINE
8
BLACK
6
CONTINUOUS
10
136.4157480000000078
20
-89.5906969999999916
11
136.4157480000000078
21
-89.5906979999999891
0
LINE
8
BLACK
6
CONTINUOUS
10
136.4157480000000078
20
-89.5906979999999891
11
136.7761359999999797
21
-89.2303089999999912
0
LINE
8
BLACK
6
CONTINUOUS
10
136.7761359999999797
20
-89.2303089999999912
11
136.7720960000000048
21
-89.2247479999999911
0
LINE
8
BLACK
6
CONTINUOUS
10
136.7720960000000048
20
-89.2247479999999911
11
136.6937329999999804
21
-89.0709519999999912
0
LINE
8
BLACK
6
CONTINUOUS
10
136.6937329999999804
20
-89.0709519999999912
11
136.6403929999999889
21
-88.9067900000000009
0
LINE
8
BLACK
6
CONTINUOUS
10
136.6403929999999889
20
-88.9067900000000009
11
136.6133910000000071
21
-88.7363050000000015
0
LINE
8
BLACK
6
CONTINUOUS
10
136.6133910000000071
20
-88.7363050000000015
11
136.6133910000000071
21
-88.5636949999999956
0
LINE
8
BLACK
6
CONTINUOUS
10
136.6133910000000071
20
-88.5636949999999956
11
136.6403929999999889
21
-88.3932099999999963
0
LINE
8
BLACK
6
CONTINUOUS
10
136.6403929999999889
20
-88.3932099999999963
11
136.6937329999999804
21
-88.2290479999999917
0
LINE
8
BLACK
6
CONTINUOUS
10
136.6937329999999804
20
-88.2290479999999917
11
136.7720960000000048
21
-88.0752519999999919
0
LINE
8
BLACK
6
CONTINUOUS
10
136.7720960000000048
20
-88.0752519999999919
11
136.7761370000000056
21
-88.0696889999999968
0
LINE
8
BLACK
6
CONTINUOUS
10
136.7761370000000056
20
-88.0696889999999968
11
136.4157480000000078
21
-87.7092999999999989
0
LINE
8
BLACK
6
CONTINUOUS
10
136.4157480000000078
20
-87.7092999999999989
11
136.4157469999999819
21
-87.7093009999999964
0
LINE
8
BLACK
6
CONTINUOUS
10
136.7526269999999897
20
-84.7664010000000019
11
136.7526200000000074
21
-84.7664029999999968
0
LINE
8
BLACK
6
CONTINUOUS
10
136.7526200000000074
20
-84.7664029999999968
11
136.6179129999999873
21
-84.8166449999999941
0
LINE
8
BLACK
6
CONTINUOUS
10
136.6179129999999873
20
-84.8166449999999941
11
136.617906000000005
21
-84.8166489999999982
0
LINE
8
BLACK
6
CONTINUOUS
10
136.617906000000005
20
-84.8166489999999982
11
136.5028120000000058
21
-84.9028089999999906
0
LINE
8
BLACK
6
CONTINUOUS
10
136.5028120000000058
20
-84.9028089999999906
11
136.502808999999985
21
-84.9028119999999973
0
LINE
8
BLACK
6
CONTINUOUS
10
136.502808999999985
20
-84.9028119999999973
11
136.4166490000000067
21
-85.0179059999999964
0
LINE
8
BLACK
6
CONTINUOUS
10
136.4166490000000067
20
-85.0179059999999964
11
136.4166449999999884
21
-85.017912999999993
0
LINE
8
BLACK
6
CONTINUOUS
10
136.4166449999999884
20
-85.017912999999993
11
136.3664029999999912
21
-85.1526199999999989
0
LINE
8
BLACK
6
CONTINUOUS
10
136.3664029999999912
20
-85.1526199999999989
11
136.3664009999999962
21
-85.1526269999999954
0
LINE
8
BLACK
6
CONTINUOUS
10
136.3664009999999962
20
-85.1526269999999954
11
136.3599999999999852
21
-85.2121549999999957
0
LINE
8
BLACK
6
CONTINUOUS
10
136.3599999999999852
20
-85.2121549999999957
11
136.3599999999999852
21
-85.8599999999999994
0
LINE
8
BLACK
6
CONTINUOUS
10
136.3599999999999852
20
-85.8599999999999994
11
136.8599999999999852
21
-85.8599999999999994
0
LINE
8
BLACK
6
CONTINUOUS
10
136.8599999999999852
20
-85.8599999999999994
11
136.8599999999999852
21
-85.2599999999999909
0
LINE
8
BLACK
6
CONTINUOUS
10
136.8599999999999852
20
-85.2599999999999909
11
137.460000000000008
21
-85.2599999999999909
0
LINE
8
BLACK
6
CONTINUOUS
10
137.460000000000008
20
-85.2599999999999909
11
137.460000000000008
21
-84.7599999999999909
0
LINE
8
BLACK
6
CONTINUOUS
10
137.460000000000008
20
-84.7599999999999909
11
136.81215499999999
21
-84.7599999999999909
0
LINE
8
BLACK
6
CONTINUOUS
10
136.81215499999999
20
-84.7599999999999909
11
136.7526269999999897
21
-84.7664010000000019
0
LINE
8
BLACK
6
CONTINUOUS
10
144.2921230000000037
20
-74.6495010000000008
11
144.2325160000000039
21
-74.6559079999999966
0
LINE
8
BLACK
6
CONTINUOUS
10
144.2325160000000039
20
-74.6559079999999966
11
144.0976709999999912
21
-74.7062019999999904
0
LINE
8
BLACK
6
CONTINUOUS
10
144.0976709999999912
20
-74.7062019999999904
11
144.0976639999999804
21
-74.7062059999999946
0
LINE
8
BLACK
6
CONTINUOUS
10
144.0976639999999804
20
-74.7062059999999946
11
143.9824549999999874
21
-74.7924519999999973
0
LINE
8
BLACK
6
CONTINUOUS
10
143.9824549999999874
20
-74.7924519999999973
11
143.982451999999995
21
-74.7924549999999897
0
LINE
8
BLACK
6
CONTINUOUS
10
143.982451999999995
20
-74.7924549999999897
11
143.8962060000000065
21
-74.9076639999999969
0
LINE
8
BLACK
6
CONTINUOUS
10
143.8962060000000065
20
-74.9076639999999969
11
143.8962019999999882
21
-74.9076709999999935
0
LINE
8
BLACK
6
CONTINUOUS
10
143.8962019999999882
20
-74.9076709999999935
11
143.8459079999999801
21
-75.0425170000000037
0
LINE
8
BLACK
6
CONTINUOUS
10
143.8459079999999801
20
-75.0425170000000037
11
143.8395009999999843
21
-75.1021159999999952
0
LINE
8
BLACK
6
CONTINUOUS
10
143.8395009999999843
20
-75.1021159999999952
11
143.8395009999999843
21
-75.1021229999999917
0
LINE
8
BLACK
6
CONTINUOUS
10
143.8395009999999843
20
-75.1021229999999917
11
143.8394999999999868
21
-75.1021349999999899
0
LINE
8
BLACK
6
CONTINUOUS
10
143.8394999999999868
20
-75.1021349999999899
11
143.8394999999999868
21
-76.7978700000000032
0
LINE
8
BLACK
6
CONTINUOUS
10
143.8394999999999868
20
-76.7978700000000032
11
143.8395009999999843
21
-76.7978760000000023
0
LINE
8
BLACK
6
CONTINUOUS
10
143.8395009999999843
20
-76.7978760000000023
11
143.8459079999999801
21
-76.857483000000002
0
LINE
8
BLACK
6
CONTINUOUS
10
143.8459079999999801
20
-76.857483000000002
11
143.8962019999999882
21
-76.9923280000000005
0
LINE
8
BLACK
6
CONTINUOUS
10
143.8962019999999882
20
-76.9923280000000005
11
143.8962060000000065
21
-76.9923349999999971
0
LINE
8
BLACK
6
CONTINUOUS
10
143.8962060000000065
20
-76.9923349999999971
11
143.982451999999995
21
-77.1075439999999901
0
LINE
8
BLACK
6
CONTINUOUS
10
143.982451999999995
20
-77.1075439999999901
11
143.9824529999999925
21
-77.1075439999999901
0
LINE
8
BLACK
6
CONTINUOUS
10
143.9824529999999925
20
-77.1075439999999901
11
143.9824539999999899
21
-77.1075459999999993
0
LINE
8
BLACK
6
CONTINUOUS
10
143.9824539999999899
20
-77.1075459999999993
11
143.9962209999999914
21
-77.1178519999999992
0
LINE
8
BLACK
6
CONTINUOUS
10
143.9962209999999914
20
-77.1178519999999992
11
144.0260509999999954
21
-77.1401829999999933
0
LINE
8
BLACK
6
CONTINUOUS
10
144.0260509999999954
20
-77.1401829999999933
11
144.0679209999999841
21
-77.196117000000001
0
LINE
8
BLACK
6
CONTINUOUS
10
144.0679209999999841
20
-77.196117000000001
11
144.0729049999999916
21
-77.2658089999999902
0
LINE
8
BLACK
6
CONTINUOUS
10
144.0729049999999916
20
-77.2658089999999902
11
144.0394210000000044
21
-77.3271299999999968
0
LINE
8
BLACK
6
CONTINUOUS
10
144.0394210000000044
20
-77.3271299999999968
11
143.9191999999999894
21
-77.4473509999999976
0
LINE
8
BLACK
6
CONTINUOUS
10
143.9191999999999894
20
-77.4473509999999976
11
143.7711319999999944
21
-77.6511509999999987
0
LINE
8
BLACK
6
CONTINUOUS
10
143.7711319999999944
20
-77.6511509999999987
11
143.6567599999999914
21
-77.8756159999999937
0
LINE
8
BLACK
6
CONTINUOUS
10
143.6567599999999914
20
-77.8756159999999937
11
143.5789100000000076
21
-78.1152139999999946
0
LINE
8
BLACK
6
CONTINUOUS
10
143.5789100000000076
20
-78.1152139999999946
11
143.5395000000000039
21
-78.3640379999999936
0
LINE
8
BLACK
6
CONTINUOUS
10
143.5395000000000039
20
-78.3640379999999936
11
143.5395000000000039
21
-78.6159609999999986
0
LINE
8
BLACK
6
CONTINUOUS
10
143.5395000000000039
20
-78.6159609999999986
11
143.5789100000000076
21
-78.8647849999999977
0
LINE
8
BLACK
6
CONTINUOUS
10
143.5789100000000076
20
-78.8647849999999977
11
143.6567599999999914
21
-79.1043829999999986
0
LINE
8
BLACK
6
CONTINUOUS
10
143.6567599999999914
20
-79.1043829999999986
11
143.7711319999999944
21
-79.3288479999999936
0
LINE
8
BLACK
6
CONTINUOUS
10
143.7711319999999944
20
-79.3288479999999936
11
143.9192009999999868
21
-79.5326489999999922
0
LINE
8
BLACK
6
CONTINUOUS
10
143.9192009999999868
20
-79.5326489999999922
11
143.9192050000000052
21
-79.5326539999999937
0
LINE
8
BLACK
6
CONTINUOUS
10
143.9192050000000052
20
-79.5326539999999937
11
144.0588699999999847
21
-79.6723190000000017
0
LINE
8
BLACK
6
CONTINUOUS
10
144.0588699999999847
20
-79.6723190000000017
11
144.0923549999999977
21
-79.7336420000000032
0
LINE
8
BLACK
6
CONTINUOUS
10
144.0923549999999977
20
-79.7336420000000032
11
144.0873709999999903
21
-79.8033339999999924
0
LINE
8
BLACK
6
CONTINUOUS
10
144.0873709999999903
20
-79.8033339999999924
11
144.0588699999999847
21
-79.8476809999999944
0
LINE
8
BLACK
6
CONTINUOUS
10
144.0588699999999847
20
-79.8476809999999944
11
143.9192050000000052
21
-79.9873449999999906
0
LINE
8
BLACK
6
CONTINUOUS
10
143.9192050000000052
20
-79.9873449999999906
11
143.9192009999999868
21
-79.9873499999999922
0
LINE
8
BLACK
6
CONTINUOUS
10
143.9192009999999868
20
-79.9873499999999922
11
143.7711319999999944
21
-80.1911509999999907
0
LINE
8
BLACK
6
CONTINUOUS
10
143.7711319999999944
20
-80.1911509999999907
11
143.6567599999999914
21
-80.415616
0
LINE
8
BLACK
6
CONTINUOUS
10
143.6567599999999914
20
-80.415616
11
143.5789100000000076
21
-80.6552140000000009
0
LINE
8
BLACK
6
CONTINUOUS
10
143.5789100000000076
20
-80.6552140000000009
11
143.5395000000000039
21
-80.9040379999999999
0
LINE
8
BLACK
6
CONTINUOUS
10
143.5395000000000039
20
-80.9040379999999999
11
143.5395000000000039
21
-81.1559609999999907
0
LINE
8
BLACK
6
CONTINUOUS
10
143.5395000000000039
20
-81.1559609999999907
11
143.5789100000000076
21
-81.4047849999999897
0
LINE
8
BLACK
6
CONTINUOUS
10
143.5789100000000076
20
-81.4047849999999897
11
143.6567599999999914
21
-81.6443829999999906
0
LINE
8
BLACK
6
CONTINUOUS
10
143.6567599999999914
20
-81.6443829999999906
11
143.7711319999999944
21
-81.8688479999999998
0
LINE
8
BLACK
6
CONTINUOUS
10
143.7711319999999944
20
-81.8688479999999998
11
143.9192009999999868
21
-82.0726489999999984
0
LINE
8
BLACK
6
CONTINUOUS
10
143.9192009999999868
20
-82.0726489999999984
11
143.9192050000000052
21
-82.072654
0
LINE
8
BLACK
6
CONTINUOUS
10
143.9192050000000052
20
-82.072654
11
144.0592230000000029
21
-82.2126719999999978
0
LINE
8
BLACK
6
CONTINUOUS
10
144.0592230000000029
20
-82.2126719999999978
11
144.0927079999999876
21
-82.2739949999999993
0
LINE
8
BLACK
6
CONTINUOUS
10
144.0927079999999876
20
-82.2739949999999993
11
144.0877239999999802
21
-82.3436870000000027
0
LINE
8
BLACK
6
CONTINUOUS
10
144.0877239999999802
20
-82.3436870000000027
11
144.0592240000000004
21
-82.3880339999999904
0
LINE
8
BLACK
6
CONTINUOUS
10
144.0592240000000004
20
-82.3880339999999904
11
143.919587000000007
21
-82.527670999999998
0
LINE
8
BLACK
6
CONTINUOUS
10
143.919587000000007
20
-82.527670999999998
11
143.7715570000000014
21
-82.7314159999999958
0
LINE
8
BLACK
6
CONTINUOUS
10
143.7715570000000014
20
-82.7314159999999958
11
143.6572189999999978
21
-82.9558150000000012
0
LINE
8
BLACK
6
CONTINUOUS
10
143.6572189999999978
20
-82.9558150000000012
11
143.5793970000000002
21
-83.1953279999999893
0
LINE
8
BLACK
6
CONTINUOUS
10
143.5793970000000002
20
-83.1953279999999893
11
143.5793970000000002
21
-83.1953309999999959
0
LINE
8
BLACK
6
CONTINUOUS
10
143.5793970000000002
20
-83.1953309999999959
11
143.5596519999999998
21
-83.3199999999999932
0
LINE
8
BLACK
6
CONTINUOUS
10
143.5596519999999998
20
-83.3199999999999932
11
144.0693179999999813
21
-83.3199999999999932
0
LINE
8
BLACK
6
CONTINUOUS
10
144.0693179999999813
20
-83.3199999999999932
11
144.0703929999999957
21
-83.313209999999998
0
LINE
8
BLACK
6
CONTINUOUS
10
144.0703929999999957
20
-83.313209999999998
11
144.1237329999999872
21
-83.1490479999999934
0
LINE
8
BLACK
6
CONTINUOUS
10
144.1237329999999872
20
-83.1490479999999934
11
144.2020959999999832
21
-82.9952519999999936
0
LINE
8
BLACK
6
CONTINUOUS
10
144.2020959999999832
20
-82.9952519999999936
11
144.3035529999999937
21
-82.855606999999992
0
LINE
8
BLACK
6
CONTINUOUS
10
144.3035529999999937
20
-82.855606999999992
11
144.4256069999999852
21
-82.7335530000000006
0
LINE
8
BLACK
6
CONTINUOUS
10
144.4256069999999852
20
-82.7335530000000006
11
144.5652519999999868
21
-82.63209599999999
0
LINE
8
BLACK
6
CONTINUOUS
10
144.5652519999999868
20
-82.63209599999999
11
144.7190479999999866
21
-82.553732999999994
0
LINE
8
BLACK
6
CONTINUOUS
10
144.7190479999999866
20
-82.553732999999994
11
144.8832099999999912
21
-82.5003930000000025
0
LINE
8
BLACK
6
CONTINUOUS
10
144.8832099999999912
20
-82.5003930000000025
11
145.0536950000000047
21
-82.4733909999999923
0
LINE
8
BLACK
6
CONTINUOUS
10
145.0536950000000047
20
-82.4733909999999923
11
145.2263049999999964
21
-82.4733909999999923
0
LINE
8
BLACK
6
CONTINUOUS
10
145.2263049999999964
20
-82.4733909999999923
11
145.3967899999999815
21
-82.5003930000000025
0
LINE
8
BLACK
6
CONTINUOUS
10
145.3967899999999815
20
-82.5003930000000025
11
145.5609519999999861
21
-82.553732999999994
0
LINE
8
BLACK
6
CONTINUOUS
10
145.5609519999999861
20
-82.553732999999994
11
145.714747999999986
21
-82.63209599999999
0
LINE
8
BLACK
6
CONTINUOUS
10
145.714747999999986
20
-82.63209599999999
11
145.8543929999999875
21
-82.7335530000000006
0
LINE
8
BLACK
6
CONTINUOUS
10
145.8543929999999875
20
-82.7335530000000006
11
145.9764470000000074
21
-82.855606999999992
0
LINE
8
BLACK
6
CONTINUOUS
10
145.9764470000000074
20
-82.855606999999992
11
146.0779039999999895
21
-82.9952519999999936
0
LINE
8
BLACK
6
CONTINUOUS
10
146.0779039999999895
20
-82.9952519999999936
11
146.1562669999999855
21
-83.1490479999999934
0
LINE
8
BLACK
6
CONTINUOUS
10
146.1562669999999855
20
-83.1490479999999934
11
146.2096070000000054
21
-83.313209999999998
0
LINE
8
BLACK
6
CONTINUOUS
10
146.2096070000000054
20
-83.313209999999998
11
146.2106819999999914
21
-83.3199999999999932
0
LINE
8
BLACK
6
CONTINUOUS
10
146.2106819999999914
20
-83.3199999999999932
11
146.7203480000000013
21
-83.3199999999999932
0
LINE
8
BLACK
6
CONTINUOUS
10
146.7203480000000013
20
-83.3199999999999932
11
146.7006020000000035
21
-83.1953309999999959
0
LINE
8
BLACK
6
CONTINUOUS
10
146.7006020000000035
20
-83.1953309999999959
11
146.7006020000000035
21
-83.1953279999999893
0
LINE
8
BLACK
6
CONTINUOUS
10
146.7006020000000035
20
-83.1953279999999893
11
146.6227800000000059
21
-82.9558150000000012
0
LINE
8
BLACK
6
CONTINUOUS
10
146.6227800000000059
20
-82.9558150000000012
11
146.5084420000000023
21
-82.7314159999999958
0
LINE
8
BLACK
6
CONTINUOUS
10
146.5084420000000023
20
-82.7314159999999958
11
146.3604090000000042
21
-82.5276679999999914
0
LINE
8
BLACK
6
CONTINUOUS
10
146.3604090000000042
20
-82.5276679999999914
11
146.3604090000000042
21
-82.5276669999999939
0
LINE
8
BLACK
6
CONTINUOUS
10
146.3604090000000042
20
-82.5276669999999939
11
146.2207760000000007
21
-82.3880339999999904
0
LINE
8
BLACK
6
CONTINUOUS
10
146.2207760000000007
20
-82.3880339999999904
11
146.1872909999999877
21
-82.3267110000000031
0
LINE
8
BLACK
6
CONTINUOUS
10
146.1872909999999877
20
-82.3267110000000031
11
146.1922749999999951
21
-82.2570189999999997
0
LINE
8
BLACK
6
CONTINUOUS
10
146.1922749999999951
20
-82.2570189999999997
11
146.2207719999999824
21
-82.2126760000000019
0
LINE
8
BLACK
6
CONTINUOUS
10
146.2207719999999824
20
-82.2126760000000019
11
146.360793000000001
21
-82.0726559999999949
0
LINE
8
BLACK
6
CONTINUOUS
10
146.360793000000001
20
-82.0726559999999949
11
146.5088700000000017
21
-81.8688449999999932
0
LINE
8
BLACK
6
CONTINUOUS
10
146.5088700000000017
20
-81.8688449999999932
11
146.6232410000000073
21
-81.6443790000000007
0
LINE
8
BLACK
6
CONTINUOUS
10
146.6232410000000073
20
-81.6443790000000007
11
146.7010899999999936
21
-81.4047849999999897
0
LINE
8
BLACK
6
CONTINUOUS
10
146.7010899999999936
20
-81.4047849999999897
11
146.7404999999999973
21
-81.1559620000000024
0
LINE
8
BLACK
6
CONTINUOUS
10
146.7404999999999973
20
-81.1559620000000024
11
146.7404999999999973
21
-80.9040379999999999
0
LINE
8
BLACK
6
CONTINUOUS
10
146.7404999999999973
20
-80.9040379999999999
11
146.7010899999999936
21
-80.6552149999999983
0
LINE
8
BLACK
6
CONTINUOUS
10
146.7010899999999936
20
-80.6552149999999983
11
146.6232410000000073
21
-80.4156210000000016
0
LINE
8
BLACK
6
CONTINUOUS
10
146.6232410000000073
20
-80.4156210000000016
11
146.6232389999999839
21
-80.4156179999999949
0
LINE
8
BLACK
6
CONTINUOUS
10
146.6232389999999839
20
-80.4156179999999949
11
146.6232389999999839
21
-80.415616
0
LINE
8
BLACK
6
CONTINUOUS
10
146.6232389999999839
20
-80.415616
11
146.5817470000000071
21
-80.3341839999999934
0
LINE
8
BLACK
6
CONTINUOUS
10
146.5817470000000071
20
-80.3341839999999934
11
146.5088700000000017
21
-80.1911549999999949
0
LINE
8
BLACK
6
CONTINUOUS
10
146.5088700000000017
20
-80.1911549999999949
11
146.4899519999999882
21
-80.1651169999999951
0
LINE
8
BLACK
6
CONTINUOUS
10
146.4899519999999882
20
-80.1651169999999951
11
146.3607979999999884
21
-79.9873499999999922
0
LINE
8
BLACK
6
CONTINUOUS
10
146.3607979999999884
20
-79.9873499999999922
11
146.3607939999999985
21
-79.9873449999999906
0
LINE
8
BLACK
6
CONTINUOUS
10
146.3607939999999985
20
-79.9873449999999906
11
146.2211299999999881
21
-79.8476809999999944
0
LINE
8
BLACK
6
CONTINUOUS
10
146.2211299999999881
20
-79.8476809999999944
11
146.1876450000000034
21
-79.7863579999999928
0
LINE
8
BLACK
6
CONTINUOUS
10
146.1876450000000034
20
-79.7863579999999928
11
146.1926289999999824
21
-79.7166659999999894
0
LINE
8
BLACK
6
CONTINUOUS
10
146.1926289999999824
20
-79.7166659999999894
11
146.2211299999999881
21
-79.6723190000000017
0
LINE
8
BLACK
6
CONTINUOUS
10
146.2211299999999881
20
-79.6723190000000017
11
146.2323189999999897
21
-79.66113
0
LINE
8
BLACK
6
CONTINUOUS
10
146.2323189999999897
20
-79.66113
11
146.360793000000001
21
-79.5326560000000029
0
LINE
8
BLACK
6
CONTINUOUS
10
146.360793000000001
20
-79.5326560000000029
11
146.5088700000000017
21
-79.3288450000000012
0
LINE
8
BLACK
6
CONTINUOUS
10
146.5088700000000017
20
-79.3288450000000012
11
146.6232410000000073
21
-79.1043789999999944
0
LINE
8
BLACK
6
CONTINUOUS
10
146.6232410000000073
20
-79.1043789999999944
11
146.7010899999999936
21
-78.8647849999999977
0
LINE
8
BLACK
6
CONTINUOUS
10
146.7010899999999936
20
-78.8647849999999977
11
146.7404999999999973
21
-78.6159619999999961
0
LINE
8
BLACK
6
CONTINUOUS
10
146.7404999999999973
20
-78.6159619999999961
11
146.7404999999999973
21
-78.3640379999999936
0
LINE
8
BLACK
6
CONTINUOUS
10
146.7404999999999973
20
-78.3640379999999936
11
146.7010899999999936
21
-78.1152149999999921
0
LINE
8
BLACK
6
CONTINUOUS
10
146.7010899999999936
20
-78.1152149999999921
11
146.6232410000000073
21
-77.8756209999999953
0
LINE
8
BLACK
6
CONTINUOUS
10
146.6232410000000073
20
-77.8756209999999953
11
146.6232389999999839
21
-77.8756180000000029
0
LINE
8
BLACK
6
CONTINUOUS
10
146.6232389999999839
20
-77.8756180000000029
11
146.6232389999999839
21
-77.8756159999999937
0
LINE
8
BLACK
6
CONTINUOUS
10
146.6232389999999839
20
-77.8756159999999937
11
146.5817470000000071
21
-77.7941840000000013
0
LINE
8
BLACK
6
CONTINUOUS
10
146.5817470000000071
20
-77.7941840000000013
11
146.5088700000000017
21
-77.6511550000000028
0
LINE
8
BLACK
6
CONTINUOUS
10
146.5088700000000017
20
-77.6511550000000028
11
146.361030999999997
21
-77.4476709999999997
0
LINE
8
BLACK
6
CONTINUOUS
10
146.361030999999997
20
-77.4476709999999997
11
146.3607979999999884
21
-77.4473500000000001
0
LINE
8
BLACK
6
CONTINUOUS
10
146.3607979999999884
20
-77.4473500000000001
11
146.3607939999999985
21
-77.4473449999999985
0
LINE
8
BLACK
6
CONTINUOUS
10
146.3607939999999985
20
-77.4473449999999985
11
146.2405789999999968
21
-77.3271299999999968
0
LINE
8
BLACK
6
CONTINUOUS
10
146.2405789999999968
20
-77.3271299999999968
11
146.2070939999999837
21
-77.2658069999999952
0
LINE
8
BLACK
6
CONTINUOUS
10
146.2070939999999837
20
-77.2658069999999952
11
146.2120779999999911
21
-77.1961149999999918
0
LINE
8
BLACK
6
CONTINUOUS
10
146.2120779999999911
20
-77.1961149999999918
11
146.2539469999999824
21
-77.1401829999999933
0
LINE
8
BLACK
6
CONTINUOUS
10
146.2539469999999824
20
-77.1401829999999933
11
146.2975459999999828
21
-77.1075459999999993
0
LINE
8
BLACK
6
CONTINUOUS
10
146.2975459999999828
20
-77.1075459999999993
11
146.3837959999999896
21
-76.992330999999993
0
LINE
8
BLACK
6
CONTINUOUS
10
146.3837959999999896
20
-76.992330999999993
11
146.4340909999999951
21
-76.857483000000002
0
LINE
8
BLACK
6
CONTINUOUS
10
146.4340909999999951
20
-76.857483000000002
11
146.4404999999999859
21
-76.7978729999999956
0
LINE
8
BLACK
6
CONTINUOUS
10
146.4404999999999859
20
-76.7978729999999956
11
146.4404989999999884
21
-75.1021279999999933
0
LINE
8
BLACK
6
CONTINUOUS
10
146.4404989999999884
20
-75.1021279999999933
11
146.4340909999999951
21
-75.0425170000000037
0
LINE
8
BLACK
6
CONTINUOUS
10
146.4340909999999951
20
-75.0425170000000037
11
146.3837959999999896
21
-74.9076689999999985
0
LINE
8
BLACK
6
CONTINUOUS
10
146.3837959999999896
20
-74.9076689999999985
11
146.3837949999999921
21
-74.907668000000001
0
LINE
8
BLACK
6
CONTINUOUS
10
146.3837949999999921
20
-74.907668000000001
11
146.3837929999999972
21
-74.9076639999999969
0
LINE
8
BLACK
6
CONTINUOUS
10
146.3837929999999972
20
-74.9076639999999969
11
146.2975469999999802
21
-74.7924549999999897
0
LINE
8
BLACK
6
CONTINUOUS
10
146.2975469999999802
20
-74.7924549999999897
11
146.2975439999999878
21
-74.7924519999999973
0
LINE
8
BLACK
6
CONTINUOUS
10
146.2975439999999878
20
-74.7924519999999973
11
146.1823349999999948
21
-74.7062059999999946
0
LINE
8
BLACK
6
CONTINUOUS
10
146.1823349999999948
20
-74.7062059999999946
11
146.1823279999999841
21
-74.7062019999999904
0
LINE
8
BLACK
6
CONTINUOUS
10
146.1823279999999841
20
-74.7062019999999904
11
146.0474820000000022
21
-74.6559079999999966
0
LINE
8
BLACK
6
CONTINUOUS
10
146.0474820000000022
20
-74.6559079999999966
11
146.0474829999999997
21
-74.6559079999999966
0
LINE
8
BLACK
6
CONTINUOUS
10
146.0474829999999997
20
-74.6559079999999966
11
145.9878829999999823
21
-74.6495010000000008
0
LINE
8
BLACK
6
CONTINUOUS
10
145.9878829999999823
20
-74.6495010000000008
11
145.9878809999999874
21
-74.6495000000000033
0
LINE
8
BLACK
6
CONTINUOUS
10
145.9878809999999874
20
-74.6495000000000033
11
145.9878730000000076
21
-74.6495000000000033
0
LINE
8
BLACK
6
CONTINUOUS
10
145.9878730000000076
20
-74.6495000000000033
11
145.9878640000000019
21
-74.6495000000000033
0
LINE
8
BLACK
6
CONTINUOUS
10
145.9878640000000019
20
-74.6495000000000033
11
144.2921289999999885
21
-74.6495000000000033
0
LINE
8
BLACK
6
CONTINUOUS
10
144.2921289999999885
20
-74.6495000000000033
11
144.2921230000000037
21
-74.6495010000000008
0
LINE
8
BLACK
6
CONTINUOUS
10
181.8247479999999996
20
-70.6879040000000032
11
181.6709519999999998
21
-70.7662669999999991
0
LINE
8
BLACK
6
CONTINUOUS
10
181.6709519999999998
20
-70.7662669999999991
11
181.5067899999999952
21
-70.8196069999999906
0
LINE
8
BLACK
6
CONTINUOUS
10
181.5067899999999952
20
-70.8196069999999906
11
181.3363049999999816
21
-70.8466090000000008
0
LINE
8
BLACK
6
CONTINUOUS
10
181.3363049999999816
20
-70.8466090000000008
11
181.1636949999999899
21
-70.8466090000000008
0
LINE
8
BLACK
6
CONTINUOUS
10
181.1636949999999899
20
-70.8466090000000008
11
180.9932100000000048
21
-70.8196069999999906
0
LINE
8
BLACK
6
CONTINUOUS
10
180.9932100000000048
20
-70.8196069999999906
11
180.8290480000000002
21
-70.7662669999999991
0
LINE
8
BLACK
6
CONTINUOUS
10
180.8290480000000002
20
-70.7662669999999991
11
180.6752520000000004
21
-70.6879040000000032
0
LINE
8
BLACK
6
CONTINUOUS
10
180.6752520000000004
20
-70.6879040000000032
11
180.6696879999999794
21
-70.6838619999999906
0
LINE
8
BLACK
6
CONTINUOUS
10
180.6696879999999794
20
-70.6838619999999906
11
180.309299999999979
21
-71.044249999999991
0
LINE
8
BLACK
6
CONTINUOUS
10
180.309299999999979
20
-71.044249999999991
11
180.4114160000000027
21
-71.1184420000000017
0
LINE
8
BLACK
6
CONTINUOUS
10
180.4114160000000027
20
-71.1184420000000017
11
180.6358149999999796
21
-71.2327799999999911
0
LINE
8
BLACK
6
CONTINUOUS
10
180.6358149999999796
20
-71.2327799999999911
11
180.8753299999999911
21
-71.3106020000000029
0
LINE
8
BLACK
6
CONTINUOUS
10
180.8753299999999911
20
-71.3106020000000029
11
181.124071999999984
21
-71.3499999999999943
0
LINE
8
BLACK
6
CONTINUOUS
10
181.124071999999984
20
-71.3499999999999943
11
181.3759279999999876
21
-71.3499999999999943
0
LINE
8
BLACK
6
CONTINUOUS
10
181.3759279999999876
20
-71.3499999999999943
11
181.624668999999983
21
-71.3106020000000029
0
LINE
8
BLACK
6
CONTINUOUS
10
181.624668999999983
20
-71.3106020000000029
11
181.8641839999999945
21
-71.2327799999999911
0
LINE
8
BLACK
6
CONTINUOUS
10
181.8641839999999945
20
-71.2327799999999911
11
182.0885749999999916
21
-71.1184459999999916
0
LINE
8
BLACK
6
CONTINUOUS
10
182.0885749999999916
20
-71.1184459999999916
11
182.0885810000000049
21
-71.1184420000000017
0
LINE
8
BLACK
6
CONTINUOUS
10
182.0885810000000049
20
-71.1184420000000017
11
182.1906970000000001
21
-71.044249999999991
0
LINE
8
BLACK
6
CONTINUOUS
10
182.1906970000000001
20
-71.044249999999991
11
182.1906979999999976
21
-71.044249999999991
0
LINE
8
BLACK
6
CONTINUOUS
10
182.1906979999999976
20
-71.044249999999991
11
181.8303099999999972
21
-70.6838619999999906
0
LINE
8
BLACK
6
CONTINUOUS
10
181.8303099999999972
20
-70.6838619999999906
11
181.8247479999999996
21
-70.6879040000000032
0
LINE
8
BLACK
6
CONTINUOUS
10
182.183860999999979
20
-69.1696879999999936
11
182.1879040000000032
21
-69.1752520000000004
0
LINE
8
BLACK
6
CONTINUOUS
10
182.1879040000000032
20
-69.1752520000000004
11
182.2662669999999991
21
-69.3290480000000002
0
LINE
8
BLACK
6
CONTINUOUS
10
182.2662669999999991
20
-69.3290480000000002
11
182.3196069999999906
21
-69.4932099999999906
0
LINE
8
BLACK
6
CONTINUOUS
10
182.3196069999999906
20
-69.4932099999999906
11
182.3466090000000008
21
-69.6636949999999899
0
LINE
8
BLACK
6
CONTINUOUS
10
182.3466090000000008
20
-69.6636949999999899
11
182.3466090000000008
21
-69.8363049999999959
0
LINE
8
BLACK
6
CONTINUOUS
10
182.3466090000000008
20
-69.8363049999999959
11
182.3196069999999906
21
-70.0067899999999952
0
LINE
8
BLACK
6
CONTINUOUS
10
182.3196069999999906
20
-70.0067899999999952
11
182.2662669999999991
21
-70.1709519999999998
0
LINE
8
BLACK
6
CONTINUOUS
10
182.2662669999999991
20
-70.1709519999999998
11
182.1879040000000032
21
-70.3247479999999996
0
LINE
8
BLACK
6
CONTINUOUS
10
182.1879040000000032
20
-70.3247479999999996
11
182.1838620000000049
21
-70.3303099999999972
0
LINE
8
BLACK
6
CONTINUOUS
10
182.1838620000000049
20
-70.3303099999999972
11
182.5442500000000052
21
-70.6906979999999976
0
LINE
8
BLACK
6
CONTINUOUS
10
182.5442500000000052
20
-70.6906979999999976
11
182.5442500000000052
21
-70.6906970000000001
0
LINE
8
BLACK
6
CONTINUOUS
10
182.5442500000000052
20
-70.6906970000000001
11
182.6184419999999875
21
-70.5885809999999907
0
LINE
8
BLACK
6
CONTINUOUS
10
182.6184419999999875
20
-70.5885809999999907
11
182.6184460000000058
21
-70.5885749999999916
0
LINE
8
BLACK
6
CONTINUOUS
10
182.6184460000000058
20
-70.5885749999999916
11
182.7327799999999911
21
-70.3641839999999945
0
LINE
8
BLACK
6
CONTINUOUS
10
182.7327799999999911
20
-70.3641839999999945
11
182.8106019999999887
21
-70.1246689999999973
0
LINE
8
BLACK
6
CONTINUOUS
10
182.8106019999999887
20
-70.1246689999999973
11
182.8499999999999943
21
-69.8759280000000018
0
LINE
8
BLACK
6
CONTINUOUS
10
182.8499999999999943
20
-69.8759280000000018
11
182.8499999999999943
21
-69.6240710000000007
0
LINE
8
BLACK
6
CONTINUOUS
10
182.8499999999999943
20
-69.6240710000000007
11
182.8106019999999887
21
-69.3753299999999911
0
LINE
8
BLACK
6
CONTINUOUS
10
182.8106019999999887
20
-69.3753299999999911
11
182.7327799999999911
21
-69.1358149999999938
0
LINE
8
BLACK
6
CONTINUOUS
10
182.7327799999999911
20
-69.1358149999999938
11
182.6184419999999875
21
-68.9114160000000027
0
LINE
8
BLACK
6
CONTINUOUS
10
182.6184419999999875
20
-68.9114160000000027
11
182.5442500000000052
21
-68.8093009999999907
0
LINE
8
BLACK
6
CONTINUOUS
10
182.5442500000000052
20
-68.8093009999999907
11
182.5442500000000052
21
-68.8092999999999932
0
LINE
8
BLACK
6
CONTINUOUS
10
182.5442500000000052
20
-68.8092999999999932
11
182.183860999999979
21
-69.1696879999999936
0
LINE
8
BLACK
6
CONTINUOUS
10
180.8753299999999911
20
-68.1893969999999996
11
180.6358149999999796
21
-68.2672189999999972
0
LINE
8
BLACK
6
CONTINUOUS
10
180.6358149999999796
20
-68.2672189999999972
11
180.4114129999999818
21
-68.3815589999999958
0
LINE
8
BLACK
6
CONTINUOUS
10
180.4114129999999818
20
-68.3815589999999958
11
180.3093010000000049
21
-68.4557470000000023
0
LINE
8
BLACK
6
CONTINUOUS
10
180.3093010000000049
20
-68.4557470000000023
11
180.309299999999979
21
-68.4557479999999998
0
LINE
8
BLACK
6
CONTINUOUS
10
180.309299999999979
20
-68.4557479999999998
11
180.6696890000000053
21
-68.8161369999999977
0
LINE
8
BLACK
6
CONTINUOUS
10
180.6696890000000053
20
-68.8161369999999977
11
180.6752520000000004
21
-68.8120959999999968
0
LINE
8
BLACK
6
CONTINUOUS
10
180.6752520000000004
20
-68.8120959999999968
11
180.8290480000000002
21
-68.7337330000000009
0
LINE
8
BLACK
6
CONTINUOUS
10
180.8290480000000002
20
-68.7337330000000009
11
180.9932100000000048
21
-68.6803929999999951
0
LINE
8
BLACK
6
CONTINUOUS
10
180.9932100000000048
20
-68.6803929999999951
11
181.1636949999999899
21
-68.6533909999999992
0
LINE
8
BLACK
6
CONTINUOUS
10
181.1636949999999899
20
-68.6533909999999992
11
181.3363049999999816
21
-68.6533909999999992
0
LINE
8
BLACK
6
CONTINUOUS
10
181.3363049999999816
20
-68.6533909999999992
11
181.5067899999999952
21
-68.6803929999999951
0
LINE
8
BLACK
6
CONTINUOUS
10
181.5067899999999952
20
-68.6803929999999951
11
181.6709519999999998
21
-68.7337330000000009
0
LINE
8
BLACK
6
CONTINUOUS
10
181.6709519999999998
20
-68.7337330000000009
11
181.8247479999999996
21
-68.8120959999999968
0
LINE
8
BLACK
6
CONTINUOUS
10
181.8247479999999996
20
-68.8120959999999968
11
181.8303080000000023
21
-68.8161360000000002
0
LINE
8
BLACK
6
CONTINUOUS
10
181.8303080000000023
20
-68.8161360000000002
11
182.1906979999999976
21
-68.4557479999999998
0
LINE
8
BLACK
6
CONTINUOUS
10
182.1906979999999976
20
-68.4557479999999998
11
182.0885829999999999
21
-68.3815570000000008
0
LINE
8
BLACK
6
CONTINUOUS
10
182.0885829999999999
20
-68.3815570000000008
11
181.8641839999999945
21
-68.2672189999999972
0
LINE
8
BLACK
6
CONTINUOUS
10
181.8641839999999945
20
-68.2672189999999972
11
181.624668999999983
21
-68.1893969999999996
0
LINE
8
BLACK
6
CONTINUOUS
10
181.624668999999983
20
-68.1893969999999996
11
181.3759279999999876
21
-68.1499999999999915
0
LINE
8
BLACK
6
CONTINUOUS
10
181.3759279999999876
20
-68.1499999999999915
11
181.124071999999984
21
-68.1499999999999915
0
LINE
8
BLACK
6
CONTINUOUS
10
181.124071999999984
20
-68.1499999999999915
11
180.8753299999999911
21
-68.1893969999999996
0
LINE
8
BLACK
6
CONTINUOUS
10
171.9875949999999989
20
-68.455955000000003
11
171.9875949999999989
21
-68.4559560000000005
0
LINE
8
BLACK
6
CONTINUOUS
10
171.9875949999999989
20
-68.4559560000000005
11
172.0535069999999962
21
-68.5065329999999904
0
LINE
8
BLACK
6
CONTINUOUS
10
172.0535069999999962
20
-68.5065329999999904
11
172.2464849999999785
21
-68.6179489999999959
0
LINE
8
BLACK
6
CONTINUOUS
10
172.2464849999999785
20
-68.6179489999999959
11
172.2464970000000051
21
-68.6179539999999974
0
LINE
8
BLACK
6
CONTINUOUS
10
172.2464970000000051
20
-68.6179539999999974
11
172.4523810000000026
21
-68.703236000000004
0
LINE
8
BLACK
6
CONTINUOUS
10
172.4523810000000026
20
-68.703236000000004
11
172.6676319999999976
21
-68.760910999999993
0
LINE
8
BLACK
6
CONTINUOUS
10
172.6676319999999976
20
-68.760910999999993
11
172.6676449999999932
21
-68.7609139999999996
0
LINE
8
BLACK
6
CONTINUOUS
10
172.6676449999999932
20
-68.7609139999999996
11
172.888575000000003
21
-68.789999999999992
0
LINE
8
BLACK
6
CONTINUOUS
10
172.888575000000003
20
-68.789999999999992
11
173.111424999999997
21
-68.789999999999992
0
LINE
8
BLACK
6
CONTINUOUS
10
173.111424999999997
20
-68.789999999999992
11
173.3323539999999809
21
-68.7609139999999996
0
LINE
8
BLACK
6
CONTINUOUS
10
173.3323539999999809
20
-68.7609139999999996
11
173.332367000000005
21
-68.760910999999993
0
LINE
8
BLACK
6
CONTINUOUS
10
173.332367000000005
20
-68.760910999999993
11
173.5476179999999999
21
-68.703236000000004
0
LINE
8
BLACK
6
CONTINUOUS
10
173.5476179999999999
20
-68.703236000000004
11
173.7535019999999975
21
-68.6179539999999974
0
LINE
8
BLACK
6
CONTINUOUS
10
173.7535019999999975
20
-68.6179539999999974
11
173.7535139999999956
21
-68.6179489999999959
0
LINE
8
BLACK
6
CONTINUOUS
10
173.7535139999999956
20
-68.6179489999999959
11
173.9464979999999912
21
-68.5065299999999979
0
LINE
8
BLACK
6
CONTINUOUS
10
173.9464979999999912
20
-68.5065299999999979
11
174.0124030000000062
21
-68.4559569999999979
0
LINE
8
BLACK
6
CONTINUOUS
10
174.0124030000000062
20
-68.4559569999999979
11
174.0124040000000036
21
-68.4559560000000005
0
LINE
8
BLACK
6
CONTINUOUS
10
174.0124040000000036
20
-68.4559560000000005
11
173.6516809999999964
21
-68.0952339999999907
0
LINE
8
BLACK
6
CONTINUOUS
10
173.6516809999999964
20
-68.0952339999999907
11
173.6269979999999862
21
-68.1131680000000017
0
LINE
8
BLACK
6
CONTINUOUS
10
173.6269979999999862
20
-68.1131680000000017
11
173.4592199999999877
21
-68.1986550000000022
0
LINE
8
BLACK
6
CONTINUOUS
10
173.4592199999999877
20
-68.1986550000000022
11
173.2801340000000039
21
-68.256844000000001
0
LINE
8
BLACK
6
CONTINUOUS
10
173.2801340000000039
20
-68.256844000000001
11
173.0941509999999823
21
-68.2863009999999946
0
LINE
8
BLACK
6
CONTINUOUS
10
173.0941509999999823
20
-68.2863009999999946
11
172.9058489999999892
21
-68.2863009999999946
0
LINE
8
BLACK
6
CONTINUOUS
10
172.9058489999999892
20
-68.2863009999999946
11
172.7198659999999961
21
-68.256844000000001
0
LINE
8
BLACK
6
CONTINUOUS
10
172.7198659999999961
20
-68.256844000000001
11
172.5407799999999838
21
-68.1986550000000022
0
LINE
8
BLACK
6
CONTINUOUS
10
172.5407799999999838
20
-68.1986550000000022
11
172.3730019999999854
21
-68.1131680000000017
0
LINE
8
BLACK
6
CONTINUOUS
10
172.3730019999999854
20
-68.1131680000000017
11
172.3483169999999802
21
-68.0952329999999932
0
LINE
8
BLACK
6
CONTINUOUS
10
172.3483169999999802
20
-68.0952329999999932
11
171.9875949999999989
21
-68.455955000000003
0
LINE
8
BLACK
6
CONTINUOUS
10
174.005233000000004
20
-66.4383169999999978
11
174.0231679999999983
21
-66.463002000000003
0
LINE
8
BLACK
6
CONTINUOUS
10
174.0231679999999983
20
-66.463002000000003
11
174.1086549999999988
21
-66.6307800000000015
0
LINE
8
BLACK
6
CONTINUOUS
10
174.1086549999999988
20
-66.6307800000000015
11
174.1668439999999975
21
-66.8098659999999995
0
LINE
8
BLACK
6
CONTINUOUS
10
174.1668439999999975
20
-66.8098659999999995
11
174.1963010000000054
21
-66.9958489999999927
0
LINE
8
BLACK
6
CONTINUOUS
10
174.1963010000000054
20
-66.9958489999999927
11
174.1963010000000054
21
-67.184151
0
LINE
8
BLACK
6
CONTINUOUS
10
174.1963010000000054
20
-67.184151
11
174.1668439999999975
21
-67.3701339999999931
0
LINE
8
BLACK
6
CONTINUOUS
10
174.1668439999999975
20
-67.3701339999999931
11
174.1086549999999988
21
-67.5492199999999912
0
LINE
8
BLACK
6
CONTINUOUS
10
174.1086549999999988
20
-67.5492199999999912
11
174.0231679999999983
21
-67.7169980000000038
0
LINE
8
BLACK
6
CONTINUOUS
10
174.0231679999999983
20
-67.7169980000000038
11
174.0052340000000015
21
-67.7416809999999998
0
LINE
8
BLACK
6
CONTINUOUS
10
174.0052340000000015
20
-67.7416809999999998
11
174.3659559999999829
21
-68.1024039999999928
0
LINE
8
BLACK
6
CONTINUOUS
10
174.3659559999999829
20
-68.1024039999999928
11
174.3659569999999803
21
-68.1024029999999954
0
LINE
8
BLACK
6
CONTINUOUS
10
174.3659569999999803
20
-68.1024029999999954
11
174.4165299999999945
21
-68.0364979999999946
0
LINE
8
BLACK
6
CONTINUOUS
10
174.4165299999999945
20
-68.0364979999999946
11
174.5279489999999782
21
-67.843513999999999
0
LINE
8
BLACK
6
CONTINUOUS
10
174.5279489999999782
20
-67.843513999999999
11
174.527953999999994
21
-67.8435020000000009
0
LINE
8
BLACK
6
CONTINUOUS
10
174.527953999999994
20
-67.8435020000000009
11
174.6132360000000006
21
-67.6376180000000033
0
LINE
8
BLACK
6
CONTINUOUS
10
174.6132360000000006
20
-67.6376180000000033
11
174.6709109999999896
21
-67.4223669999999942
0
LINE
8
BLACK
6
CONTINUOUS
10
174.6709109999999896
20
-67.4223669999999942
11
174.670913999999982
21
-67.4223539999999986
0
LINE
8
BLACK
6
CONTINUOUS
10
174.670913999999982
20
-67.4223539999999986
11
174.6999999999999886
21
-67.2014240000000029
0
LINE
8
BLACK
6
CONTINUOUS
10
174.6999999999999886
20
-67.2014240000000029
11
174.6999999999999886
21
-66.9785749999999922
0
LINE
8
BLACK
6
CONTINUOUS
10
174.6999999999999886
20
-66.9785749999999922
11
174.670913999999982
21
-66.7576449999999966
0
LINE
8
BLACK
6
CONTINUOUS
10
174.670913999999982
20
-66.7576449999999966
11
174.6709109999999896
21
-66.757632000000001
0
LINE
8
BLACK
6
CONTINUOUS
10
174.6709109999999896
20
-66.757632000000001
11
174.6132360000000006
21
-66.5423809999999918
0
LINE
8
BLACK
6
CONTINUOUS
10
174.6132360000000006
20
-66.5423809999999918
11
174.527953999999994
21
-66.3364969999999943
0
LINE
8
BLACK
6
CONTINUOUS
10
174.527953999999994
20
-66.3364969999999943
11
174.5279489999999782
21
-66.3364849999999961
0
LINE
8
BLACK
6
CONTINUOUS
10
174.5279489999999782
20
-66.3364849999999961
11
174.4165329999999869
21
-66.1435069999999996
0
LINE
8
BLACK
6
CONTINUOUS
10
174.4165329999999869
20
-66.1435069999999996
11
174.3659559999999829
21
-66.0775950000000023
0
LINE
8
BLACK
6
CONTINUOUS
10
174.3659559999999829
20
-66.0775950000000023
11
174.3659549999999854
21
-66.0775950000000023
0
LINE
8
BLACK
6
CONTINUOUS
10
174.3659549999999854
20
-66.0775950000000023
11
174.005233000000004
21
-66.4383169999999978
0
LINE
8
BLACK
6
CONTINUOUS
10
151.1287519999999915
20
-66.5369340000000022
11
150.9041969999999822
21
-66.6098970000000037
0
LINE
8
BLACK
6
CONTINUOUS
10
150.9041969999999822
20
-66.6098970000000037
11
150.6938299999999913
21
-66.7170839999999998
0
LINE
8
BLACK
6
CONTINUOUS
10
150.6938299999999913
20
-66.7170839999999998
11
150.6108940000000018
21
-66.7773399999999953
0
LINE
8
BLACK
6
CONTINUOUS
10
150.6108940000000018
20
-66.7773399999999953
11
150.9744519999999852
21
-67.1408979999999929
0
LINE
8
BLACK
6
CONTINUOUS
10
150.9744519999999852
20
-67.1408979999999929
11
151.0086029999999937
21
-67.1180789999999945
0
LINE
8
BLACK
6
CONTINUOUS
10
151.0086029999999937
20
-67.1180789999999945
11
151.1897150000000067
21
-67.043059999999997
0
LINE
8
BLACK
6
CONTINUOUS
10
151.1897150000000067
20
-67.043059999999997
11
151.3819829999999911
21
-67.0048149999999936
0
LINE
8
BLACK
6
CONTINUOUS
10
151.3819829999999911
20
-67.0048149999999936
11
151.5780169999999885
21
-67.0048149999999936
0
LINE
8
BLACK
6
CONTINUOUS
10
151.5780169999999885
20
-67.0048149999999936
11
151.7702850000000012
21
-67.043059999999997
0
LINE
8
BLACK
6
CONTINUOUS
10
151.7702850000000012
20
-67.043059999999997
11
151.9513969999999858
21
-67.1180789999999945
0
LINE
8
BLACK
6
CONTINUOUS
10
151.9513969999999858
20
-67.1180789999999945
11
151.9855469999999968
21
-67.1408969999999954
0
LINE
8
BLACK
6
CONTINUOUS
10
151.9855469999999968
20
-67.1408969999999954
11
152.3491049999999802
21
-66.7773399999999953
0
LINE
8
BLACK
6
CONTINUOUS
10
152.3491049999999802
20
-66.7773399999999953
11
152.3491039999999828
21
-66.7773380000000003
0
LINE
8
BLACK
6
CONTINUOUS
10
152.3491039999999828
20
-66.7773380000000003
11
152.2661740000000066
21
-66.7170869999999923
0
LINE
8
BLACK
6
CONTINUOUS
10
152.2661740000000066
20
-66.7170869999999923
11
152.0558019999999999
21
-66.6098970000000037
0
LINE
8
BLACK
6
CONTINUOUS
10
152.0558019999999999
20
-66.6098970000000037
11
151.8312469999999905
21
-66.5369340000000022
0
LINE
8
BLACK
6
CONTINUOUS
10
151.8312469999999905
20
-66.5369340000000022
11
151.831247999999988
21
-66.5369340000000022
0
LINE
8
BLACK
6
CONTINUOUS
10
151.831247999999988
20
-66.5369340000000022
11
151.5980519999999956
21
-66.5
0
LINE
8
BLACK
6
CONTINUOUS
10
151.5980519999999956
20
-66.5
11
151.3619479999999839
21
-66.5
0
LINE
8
BLACK
6
CONTINUOUS
10
151.3619479999999839
20
-66.5
11
151.1287519999999915
21
-66.5369340000000022
0
LINE
8
BLACK
6
CONTINUOUS
10
172.6676449999999932
20
-65.4190849999999955
11
172.6676319999999976
21
-65.4190880000000021
0
LINE
8
BLACK
6
CONTINUOUS
10
172.6676319999999976
20
-65.4190880000000021
11
172.4523810000000026
21
-65.4767629999999912
0
LINE
8
BLACK
6
CONTINUOUS
10
172.4523810000000026
20
-65.4767629999999912
11
172.2464970000000051
21
-65.5620449999999977
0
LINE
8
BLACK
6
CONTINUOUS
10
172.2464970000000051
20
-65.5620449999999977
11
172.2464789999999937
21
-65.5620540000000034
0
LINE
8
BLACK
6
CONTINUOUS
10
172.2464789999999937
20
-65.5620540000000034
11
172.0535109999999861
21
-65.6734620000000007
0
LINE
8
BLACK
6
CONTINUOUS
10
172.0535109999999861
20
-65.6734620000000007
11
171.9875949999999989
21
-65.7240419999999972
0
LINE
8
BLACK
6
CONTINUOUS
10
171.9875949999999989
20
-65.7240419999999972
11
172.3483180000000061
21
-66.0847649999999902
0
LINE
8
BLACK
6
CONTINUOUS
10
172.3483180000000061
20
-66.0847649999999902
11
172.3730019999999854
21
-66.0668319999999909
0
LINE
8
BLACK
6
CONTINUOUS
10
172.3730019999999854
20
-66.0668319999999909
11
172.5407799999999838
21
-65.9813449999999904
0
LINE
8
BLACK
6
CONTINUOUS
10
172.5407799999999838
20
-65.9813449999999904
11
172.7198659999999961
21
-65.9231559999999916
0
LINE
8
BLACK
6
CONTINUOUS
10
172.7198659999999961
20
-65.9231559999999916
11
172.9058489999999892
21
-65.893698999999998
0
LINE
8
BLACK
6
CONTINUOUS
10
172.9058489999999892
20
-65.893698999999998
11
173.0941509999999823
21
-65.893698999999998
0
LINE
8
BLACK
6
CONTINUOUS
10
173.0941509999999823
20
-65.893698999999998
11
173.2801340000000039
21
-65.9231559999999916
0
LINE
8
BLACK
6
CONTINUOUS
10
173.2801340000000039
20
-65.9231559999999916
11
173.4592199999999877
21
-65.9813449999999904
0
LINE
8
BLACK
6
CONTINUOUS
10
173.4592199999999877
20
-65.9813449999999904
11
173.6269979999999862
21
-66.0668319999999909
0
LINE
8
BLACK
6
CONTINUOUS
10
173.6269979999999862
20
-66.0668319999999909
11
173.6516799999999989
21
-66.0847639999999927
0
LINE
8
BLACK
6
CONTINUOUS
10
173.6516799999999989
20
-66.0847639999999927
11
174.0124030000000062
21
-65.7240429999999947
0
LINE
8
BLACK
6
CONTINUOUS
10
174.0124030000000062
20
-65.7240429999999947
11
174.0124030000000062
21
-65.7240400000000022
0
LINE
8
BLACK
6
CONTINUOUS
10
174.0124030000000062
20
-65.7240400000000022
11
173.9465040000000045
21
-65.6734730000000013
0
LINE
8
BLACK
6
CONTINUOUS
10
173.9465040000000045
20
-65.6734730000000013
11
173.9464909999999804
21
-65.6734639999999956
0
LINE
8
BLACK
6
CONTINUOUS
10
173.9464909999999804
20
-65.6734639999999956
11
173.7535199999999804
21
-65.5620540000000034
0
LINE
8
BLACK
6
CONTINUOUS
10
173.7535199999999804
20
-65.5620540000000034
11
173.7535019999999975
21
-65.5620449999999977
0
LINE
8
BLACK
6
CONTINUOUS
10
173.7535019999999975
20
-65.5620449999999977
11
173.5476179999999999
21
-65.4767629999999912
0
LINE
8
BLACK
6
CONTINUOUS
10
173.5476179999999999
20
-65.4767629999999912
11
173.332367000000005
21
-65.4190880000000021
0
LINE
8
BLACK
6
CONTINUOUS
10
173.332367000000005
20
-65.4190880000000021
11
173.3323539999999809
21
-65.4190849999999955
0
LINE
8
BLACK
6
CONTINUOUS
10
173.3323539999999809
20
-65.4190849999999955
11
173.111424999999997
21
-65.3900000000000006
0
LINE
8
BLACK
6
CONTINUOUS
10
173.111424999999997
20
-65.3900000000000006
11
172.888575000000003
21
-65.3900000000000006
0
LINE
8
BLACK
6
CONTINUOUS
10
172.888575000000003
20
-65.3900000000000006
11
172.6676449999999932
21
-65.4190849999999955
0
LINE
8
BLACK
6
CONTINUOUS
10
182.5849999999999795
20
-111.3680519999999916
11
182.6219339999999818
21
-111.6012470000000008
0
LINE
8
BLACK
6
CONTINUOUS
10
182.6219339999999818
20
-111.6012470000000008
11
182.6948969999999974
21
-111.8258019999999959
0
LINE
8
BLACK
6
CONTINUOUS
10
182.6948969999999974
20
-111.8258019999999959
11
182.8020870000000002
21
-112.0361739999999884
0
LINE
8
BLACK
6
CONTINUOUS
10
182.8020870000000002
20
-112.0361739999999884
11
182.8623379999999941
21
-112.119103999999993
0
LINE
8
BLACK
6
CONTINUOUS
10
182.8623379999999941
20
-112.119103999999993
11
182.862339999999989
21
-112.1191049999999905
0
LINE
8
BLACK
6
CONTINUOUS
10
182.862339999999989
20
-112.1191049999999905
11
183.2258970000000033
21
-111.7555469999999929
0
LINE
8
BLACK
6
CONTINUOUS
10
183.2258970000000033
20
-111.7555469999999929
11
183.2030790000000025
21
-111.7213969999999961
0
LINE
8
BLACK
6
CONTINUOUS
10
183.2030790000000025
20
-111.7213969999999961
11
183.1280600000000049
21
-111.5402849999999972
0
LINE
8
BLACK
6
CONTINUOUS
10
183.1280600000000049
20
-111.5402849999999972
11
183.0898149999999873
21
-111.3480169999999987
0
LINE
8
BLACK
6
CONTINUOUS
10
183.0898149999999873
20
-111.3480169999999987
11
183.0898149999999873
21
-111.1519830000000013
0
LINE
8
BLACK
6
CONTINUOUS
10
183.0898149999999873
20
-111.1519830000000013
11
183.1280600000000049
21
-110.9597149999999885
0
LINE
8
BLACK
6
CONTINUOUS
10
183.1280600000000049
20
-110.9597149999999885
11
183.2030790000000025
21
-110.7786029999999897
0
LINE
8
BLACK
6
CONTINUOUS
10
183.2030790000000025
20
-110.7786029999999897
11
183.2258980000000008
21
-110.7444519999999955
0
LINE
8
BLACK
6
CONTINUOUS
10
183.2258980000000008
20
-110.7444519999999955
11
182.862339999999989
21
-110.3808939999999978
0
LINE
8
BLACK
6
CONTINUOUS
10
182.862339999999989
20
-110.3808939999999978
11
182.8020839999999794
21
-110.4638300000000015
0
LINE
8
BLACK
6
CONTINUOUS
10
182.8020839999999794
20
-110.4638300000000015
11
182.6948969999999974
21
-110.6741969999999924
0
LINE
8
BLACK
6
CONTINUOUS
10
182.6948969999999974
20
-110.6741969999999924
11
182.6219339999999818
21
-110.8987520000000018
0
LINE
8
BLACK
6
CONTINUOUS
10
182.6219339999999818
20
-110.8987520000000018
11
182.5849999999999795
21
-111.1319469999999967
0
LINE
8
BLACK
6
CONTINUOUS
10
182.5849999999999795
20
-111.1319469999999967
11
182.5849999999999795
21
-111.3680519999999916
0
LINE
8
BLACK
6
CONTINUOUS
10
179.6500000000000057
20
-69.8759280000000018
11
179.6893969999999854
21
-70.1246689999999973
0
LINE
8
BLACK
6
CONTINUOUS
10
179.6893969999999854
20
-70.1246689999999973
11
179.767218999999983
21
-70.3641839999999945
0
LINE
8
BLACK
6
CONTINUOUS
10
179.767218999999983
20
-70.3641839999999945
11
179.8815569999999866
21
-70.5885829999999999
0
LINE
8
BLACK
6
CONTINUOUS
10
179.8815569999999866
20
-70.5885829999999999
11
179.9557479999999998
21
-70.6906970000000001
0
LINE
8
BLACK
6
CONTINUOUS
10
179.9557479999999998
20
-70.6906970000000001
11
179.9557479999999998
21
-70.6906979999999976
0
LINE
8
BLACK
6
CONTINUOUS
10
179.9557479999999998
20
-70.6906979999999976
11
180.3161360000000002
21
-70.3303089999999997
0
LINE
8
BLACK
6
CONTINUOUS
10
180.3161360000000002
20
-70.3303089999999997
11
180.3120959999999968
21
-70.3247479999999996
0
LINE
8
BLACK
6
CONTINUOUS
10
180.3120959999999968
20
-70.3247479999999996
11
180.2337330000000009
21
-70.1709519999999998
0
LINE
8
BLACK
6
CONTINUOUS
10
180.2337330000000009
20
-70.1709519999999998
11
180.1803929999999809
21
-70.0067899999999952
0
LINE
8
BLACK
6
CONTINUOUS
10
180.1803929999999809
20
-70.0067899999999952
11
180.1533909999999992
21
-69.8363049999999959
0
LINE
8
BLACK
6
CONTINUOUS
10
180.1533909999999992
20
-69.8363049999999959
11
180.1533909999999992
21
-69.6636949999999899
0
LINE
8
BLACK
6
CONTINUOUS
10
180.1533909999999992
20
-69.6636949999999899
11
180.1803929999999809
21
-69.4932099999999906
0
LINE
8
BLACK
6
CONTINUOUS
10
180.1803929999999809
20
-69.4932099999999906
11
180.2337330000000009
21
-69.3290480000000002
0
LINE
8
BLACK
6
CONTINUOUS
10
180.2337330000000009
20
-69.3290480000000002
11
180.3120959999999968
21
-69.1752520000000004
0
LINE
8
BLACK
6
CONTINUOUS
10
180.3120959999999968
20
-69.1752520000000004
11
180.3161369999999977
21
-69.1696889999999911
0
LINE
8
BLACK
6
CONTINUOUS
10
180.3161369999999977
20
-69.1696889999999911
11
179.9557479999999998
21
-68.8092999999999932
0
LINE
8
BLACK
6
CONTINUOUS
10
179.9557479999999998
20
-68.8092999999999932
11
179.9557470000000023
21
-68.8093009999999907
0
LINE
8
BLACK
6
CONTINUOUS
10
179.9557470000000023
20
-68.8093009999999907
11
179.8815589999999816
21
-68.911412999999996
0
LINE
8
BLACK
6
CONTINUOUS
10
179.8815589999999816
20
-68.911412999999996
11
179.767218999999983
21
-69.1358149999999938
0
LINE
8
BLACK
6
CONTINUOUS
10
179.767218999999983
20
-69.1358149999999938
11
179.6893969999999854
21
-69.3753299999999911
0
LINE
8
BLACK
6
CONTINUOUS
10
179.6893969999999854
20
-69.3753299999999911
11
179.6500000000000057
21
-69.6240710000000007
0
LINE
8
BLACK
6
CONTINUOUS
10
179.6500000000000057
20
-69.6240710000000007
11
179.6500000000000057
21
-69.8759280000000018
0
LINE
8
BLACK
6
CONTINUOUS
10
171.2999999999999829
20
-67.2014240000000029
11
171.3290849999999921
21
-67.4223539999999986
0
LINE
8
BLACK
6
CONTINUOUS
10
171.3290849999999921
20
-67.4223539999999986
11
171.3290879999999845
21
-67.4223669999999942
0
LINE
8
BLACK
6
CONTINUOUS
10
171.3290879999999845
20
-67.4223669999999942
11
171.386763000000002
21
-67.6376180000000033
0
LINE
8
BLACK
6
CONTINUOUS
10
171.386763000000002
20
-67.6376180000000033
11
171.4720449999999801
21
-67.8435020000000009
0
LINE
8
BLACK
6
CONTINUOUS
10
171.4720449999999801
20
-67.8435020000000009
11
171.4720539999999858
21
-67.843519999999998
0
LINE
8
BLACK
6
CONTINUOUS
10
171.4720539999999858
20
-67.843519999999998
11
171.5834639999999922
21
-68.0364909999999981
0
LINE
8
BLACK
6
CONTINUOUS
10
171.5834639999999922
20
-68.0364909999999981
11
171.5834729999999979
21
-68.0365039999999937
0
LINE
8
BLACK
6
CONTINUOUS
10
171.5834729999999979
20
-68.0365039999999937
11
171.6340399999999988
21
-68.1024029999999954
0
LINE
8
BLACK
6
CONTINUOUS
10
171.6340399999999988
20
-68.1024029999999954
11
171.6340429999999913
21
-68.1024029999999954
0
LINE
8
BLACK
6
CONTINUOUS
10
171.6340429999999913
20
-68.1024029999999954
11
171.994765000000001
21
-67.7416800000000023
0
LINE
8
BLACK
6
CONTINUOUS
10
171.994765000000001
20
-67.7416800000000023
11
171.9768320000000017
21
-67.7169980000000038
0
LINE
8
BLACK
6
CONTINUOUS
10
171.9768320000000017
20
-67.7169980000000038
11
171.8913450000000012
21
-67.5492199999999912
0
LINE
8
BLACK
6
CONTINUOUS
10
171.8913450000000012
20
-67.5492199999999912
11
171.8331560000000025
21
-67.3701339999999931
0
LINE
8
BLACK
6
CONTINUOUS
10
171.8331560000000025
20
-67.3701339999999931
11
171.8036989999999946
21
-67.184151
0
LINE
8
BLACK
6
CONTINUOUS
10
171.8036989999999946
20
-67.184151
11
171.8036989999999946
21
-66.9958489999999927
0
LINE
8
BLACK
6
CONTINUOUS
10
171.8036989999999946
20
-66.9958489999999927
11
171.8331560000000025
21
-66.8098659999999995
0
LINE
8
BLACK
6
CONTINUOUS
10
171.8331560000000025
20
-66.8098659999999995
11
171.8913450000000012
21
-66.6307800000000015
0
LINE
8
BLACK
6
CONTINUOUS
10
171.8913450000000012
20
-66.6307800000000015
11
171.9768320000000017
21
-66.463002000000003
0
LINE
8
BLACK
6
CONTINUOUS
10
171.9768320000000017
20
-66.463002000000003
11
171.994765000000001
21
-66.4383179999999953
0
LINE
8
BLACK
6
CONTINUOUS
10
171.994765000000001
20
-66.4383179999999953
11
171.6340419999999938
21
-66.0775950000000023
0
LINE
8
BLACK
6
CONTINUOUS
10
171.6340419999999938
20
-66.0775950000000023
11
171.5834619999999973
21
-66.1435110000000037
0
LINE
8
BLACK
6
CONTINUOUS
10
171.5834619999999973
20
-66.1435110000000037
11
171.4720539999999858
21
-66.3364789999999971
0
LINE
8
BLACK
6
CONTINUOUS
10
171.4720539999999858
20
-66.3364789999999971
11
171.4720449999999801
21
-66.3364969999999943
0
LINE
8
BLACK
6
CONTINUOUS
10
171.4720449999999801
20
-66.3364969999999943
11
171.386763000000002
21
-66.5423809999999918
0
LINE
8
BLACK
6
CONTINUOUS
10
171.386763000000002
20
-66.5423809999999918
11
171.3290879999999845
21
-66.757632000000001
0
LINE
8
BLACK
6
CONTINUOUS
10
171.3290879999999845
20
-66.757632000000001
11
171.3290849999999921
21
-66.7576449999999966
0
LINE
8
BLACK
6
CONTINUOUS
10
171.3290849999999921
20
-66.7576449999999966
11
171.2999999999999829
21
-66.9785749999999922
0
LINE
8
BLACK
6
CONTINUOUS
10
171.2999999999999829
20
-66.9785749999999922
11
171.2999999999999829
21
-67.2014240000000029
0
CIRCLE
8
BLACK
10
145.1399999999999864
20
-75.9500000000000028
40
0.175
0
CIRCLE
8
BLACK
10
145.1399999999999864
20
-78.4899999999999949
40
0.175
0
CIRCLE
8
BLACK
10
145.1399999999999864
20
-81.0300000000000011
40
0.175
0
CIRCLE
8
BLACK
10
145.1399999999999864
20
-83.5699999999999932
40
0.175
0
CIRCLE
8
BLACK
10
145.1399999999999864
20
-86.1099999999999994
40
0.175
0
CIRCLE
8
BLACK
10
145.1399999999999864
20
-88.6499999999999915
40
0.175
0
CIRCLE
8
BLACK
10
145.1399999999999864
20
-91.1899999999999977
40
0.175
0
CIRCLE
8
BLACK
10
145.1399999999999864
20
-93.7299999999999898
40
0.175
0
CIRCLE
8
BLACK
10
145.1399999999999864
20
-96.269999999999996
40
0.175
0
CIRCLE
8
BLACK
10
145.1399999999999864
20
-98.8100000000000023
40
0.175
0
CIRCLE
8
BLACK
10
145.1399999999999864
20
-101.3499999999999943
40
0.175
0
CIRCLE
8
BLACK
10
145.1399999999999864
20
-103.8900000000000006
40
0.175
0
CIRCLE
8
BLACK
10
145.1399999999999864
20
-106.4299999999999926
40
0.175
0
CIRCLE
8
BLACK
10
145.1399999999999864
20
-108.9699999999999989
40
0.175
0
CIRCLE
8
BLACK
10
145.1399999999999864
20
-111.5099999999999909
40
0.175
0
CIRCLE
8
BLACK
10
160.3799999999999955
20
-111.5099999999999909
40
0.175
0
CIRCLE
8
BLACK
10
160.3799999999999955
20
-108.9699999999999989
40
0.175
0
CIRCLE
8
BLACK
10
160.3799999999999955
20
-106.4299999999999926
40
0.175
0
CIRCLE
8
BLACK
10
160.3799999999999955
20
-103.8900000000000006
40
0.175
0
CIRCLE
8
BLACK
10
160.3799999999999955
20
-101.3499999999999943
40
0.175
0
CIRCLE
8
BLACK
10
160.3799999999999955
20
-98.8100000000000023
40
0.175
0
CIRCLE
8
BLACK
10
160.3799999999999955
20
-96.269999999999996
40
0.175
0
CIRCLE
8
BLACK
10
160.3799999999999955
20
-93.7299999999999898
40
0.175
0
CIRCLE
8
BLACK
10
160.3799999999999955
20
-91.1899999999999977
40
0.175
0
CIRCLE
8
BLACK
10
160.3799999999999955
20
-88.6499999999999915
40
0.175
0
CIRCLE
8
BLACK
10
160.3799999999999955
20
-86.1099999999999994
40
0.175
0
CIRCLE
8
BLACK
10
160.3799999999999955
20
-83.5699999999999932
40
0.175
0
CIRCLE
8
BLACK
10
160.3799999999999955
20
-81.0300000000000011
40
0.175
0
CIRCLE
8
BLACK
10
160.3799999999999955
20
-78.4899999999999949
40
0.175
0
CIRCLE
8
BLACK
10
160.3799999999999955
20
-75.9500000000000028
40
0.175
0
CIRCLE
8
BLACK
10
137.710000000000008
20
-86.1099999999999994
40
0.175
0
CIRCLE
8
BLACK
10
140.25
20
-86.1099999999999994
40
0.175
0
CIRCLE
8
BLACK
10
137.710000000000008
20
-88.6499999999999915
40
0.175
0
CIRCLE
8
BLACK
10
140.25
20
-88.6499999999999915
40
0.175
0
CIRCLE
8
BLACK
10
137.710000000000008
20
-91.1899999999999977
40
0.175
0
CIRCLE
8
BLACK
10
140.25
20
-91.1899999999999977
40
0.175
0
CIRCLE
8
BLACK
10
137.710000000000008
20
-93.7299999999999898
40
0.175
0
CIRCLE
8
BLACK
10
140.25
20
-93.7299999999999898
40
0.175
0
CIRCLE
8
BLACK
10
137.710000000000008
20
-96.269999999999996
40
0.175
0
CIRCLE
8
BLACK
10
140.25
20
-96.269999999999996
40
0.175
0
CIRCLE
8
BLACK
10
165.6949999999999932
20
-103.8900000000000006
40
0.175
0
CIRCLE
8
BLACK
10
165.6949999999999932
20
-106.4299999999999926
40
0.175
0
CIRCLE
8
BLACK
10
165.6949999999999932
20
-108.9699999999999989
40
0.175
0
CIRCLE
8
BLACK
10
165.6949999999999932
20
-111.5099999999999909
40
0.175
0
CIRCLE
8
BLACK
10
173.3149999999999977
20
-111.5099999999999909
40
0.175
0
CIRCLE
8
BLACK
10
173.3149999999999977
20
-108.9699999999999989
40
0.175
0
CIRCLE
8
BLACK
10
173.3149999999999977
20
-106.4299999999999926
40
0.175
0
CIRCLE
8
BLACK
10
173.3149999999999977
20
-103.8900000000000006
40
0.175
0
CIRCLE
8
BLACK
10
167.75
20
-67.0900000000000034
40
0.175
0
CIRCLE
8
BLACK
10
167.75
20
-87.4099999999999966
40
0.175
0
CIRCLE
8
BLACK
10
189.0849999999999795
20
-115.75
40
0.175
0
CIRCLE
8
BLACK
10
168.7649999999999864
20
-115.75
40
0.175
0
CIRCLE
8
BLACK
10
173.
20
-87.4099999999999966
40
0.175
0
CIRCLE
8
BLACK
10
173.
20
-67.0900000000000034
40
0.175
0
CIRCLE
8
BLACK
10
165.6949999999999932
20
-97.5
40
0.175
0
CIRCLE
8
BLACK
10
168.2349999999999852
20
-97.5
40
0.175
0
CIRCLE
8
BLACK
10
186.9749999999999943
20
-88.5
40
0.175
0
CIRCLE
8
BLACK
10
189.5149999999999864
20
-88.5
40
0.175
0
CIRCLE
8
BLACK
10
148.9399999999999977
20
-68.
40
0.175
0
CIRCLE
8
BLACK
10
151.4799999999999898
20
-68.
40
0.175
0
CIRCLE
8
BLACK
10
154.0199999999999818
20
-68.
40
0.175
0
CIRCLE
8
BLACK
10
156.5600000000000023
20
-68.
40
0.175
0
CIRCLE
8
BLACK
10
181.25
20
-84.75
40
0.175
0
CIRCLE
8
BLACK
10
181.25
20
-69.75
40
0.175
0
CIRCLE
8
BLACK
10
184.0849999999999795
20
-111.25
40
0.175
0
CIRCLE
8
BLACK
10
189.0849999999999795
20
-111.25
40
0.175
0
CIRCLE
8
BLACK
10
182.25
20
-88.5
40
0.175
0
CIRCLE
8
BLACK
10
177.25
20
-88.5
40
0.175
0
LINE
8
BLACK
6
CONTINUOUS
10
130.
20
-60.
11
194.
21
-60.
0
LINE
8
BLACK
6
CONTINUOUS
10
194.
20
-60.
11
194.
21
-123.25
0
LINE
8
BLACK
6
CONTINUOUS
10
194.
20
-123.25
11
130.
21
-123.25
0
LINE
8
BLACK
6
CONTINUOUS
10
130.
20
-123.25
11
130.
21
-60.
0
CIRCLE
8
WHITE
10
145.1399999999999864
20
-75.9500000000000028
40
0.175
0
CIRCLE
8
WHITE
10
145.1399999999999864
20
-78.4899999999999949
40
0.175
0
CIRCLE
8
WHITE
10
145.1399999999999864
20
-81.0300000000000011
40
0.175
0
CIRCLE
8
WHITE
10
145.1399999999999864
20
-83.5699999999999932
40
0.175
0
CIRCLE
8
WHITE
10
145.1399999999999864
20
-86.1099999999999994
40
0.175
0
CIRCLE
8
WHITE
10
145.1399999999999864
20
-88.6499999999999915
40
0.175
0
CIRCLE
8
WHITE
10
145.1399999999999864
20
-91.1899999999999977
40
0.175
0
CIRCLE
8
WHITE
10
145.1399999999999864
20
-93.7299999999999898
40
0.175
0
CIRCLE
8
WHITE
10
145.1399999999999864
20
-96.269999999999996
40
0.175
0
CIRCLE
8
WHITE
10
145.1399999999999864
20
-98.8100000000000023
40
0.175
0
CIRCLE
8
WHITE
10
145.1399999999999864
20
-101.3499999999999943
40
0.175
0
CIRCLE
8
WHITE
10
145.1399999999999864
20
-103.8900000000000006
40
0.175
0
CIRCLE
8
WHITE
10
145.1399999999999864
20
-106.4299999999999926
40
0.175
0
CIRCLE
8
WHITE
10
145.1399999999999864
20
-108.9699999999999989
40
0.175
0
CIRCLE
8
WHITE
10
145.1399999999999864
20
-111.5099999999999909
40
0.175
0
CIRCLE
8
WHITE
10
160.3799999999999955
20
-111.5099999999999909
40
0.175
0
CIRCLE
8
WHITE
10
160.3799999999999955
20
-108.9699999999999989
40
0.175
0
CIRCLE
8
WHITE
10
160.3799999999999955
20
-106.4299999999999926
40
0.175
0
CIRCLE
8
WHITE
10
160.3799999999999955
20
-103.8900000000000006
40
0.175
0
CIRCLE
8
WHITE
10
160.3799999999999955
20
-101.3499999999999943
40
0.175
0
CIRCLE
8
WHITE
10
160.3799999999999955
20
-98.8100000000000023
40
0.175
0
CIRCLE
8
WHITE
10
160.3799999999999955
20
-96.269999999999996
40
0.175
0
CIRCLE
8
WHITE
10
160.3799999999999955
20
-93.7299999999999898
40
0.175
0
CIRCLE
8
WHITE
10
160.3799999999999955
20
-91.1899999999999977
40
0.175
0
CIRCLE
8
WHITE
10
160.3799999999999955
20
-88.6499999999999915
40
0.175
0
CIRCLE
8
WHITE
10
160.3799999999999955
20
-86.1099999999999994
40
0.175
0
CIRCLE
8
WHITE
10
160.3799999999999955
20
-83.5699999999999932
40
0.175
0
CIRCLE
8
WHITE
10
160.3799999999999955
20
-81.0300000000000011
40
0.175
0
CIRCLE
8
WHITE
10
160.3799999999999955
20
-78.4899999999999949
40
0.175
0
CIRCLE
8
WHITE
10
160.3799999999999955
20
-75.9500000000000028
40
0.175
0
CIRCLE
8
WHITE
10
137.710000000000008
20
-86.1099999999999994
40
0.175
0
CIRCLE
8
WHITE
10
140.25
20
-86.1099999999999994
40
0.175
0
CIRCLE
8
WHITE
10
137.710000000000008
20
-88.6499999999999915
40
0.175
0
CIRCLE
8
WHITE
10
140.25
20
-88.6499999999999915
40
0.175
0
CIRCLE
8
WHITE
10
137.710000000000008
20
-91.1899999999999977
40
0.175
0
CIRCLE
8
WHITE
10
140.25
20
-91.1899999999999977
40
0.175
0
CIRCLE
8
WHITE
10
137.710000000000008
20
-93.7299999999999898
40
0.175
0
CIRCLE
8
WHITE
10
140.25
20
-93.7299999999999898
40
0.175
0
CIRCLE
8
WHITE
10
137.710000000000008
20
-96.269999999999996
40
0.175
0
CIRCLE
8
WHITE
10
140.25
20
-96.269999999999996
40
0.175
0
CIRCLE
8
WHITE
10
165.6949999999999932
20
-103.8900000000000006
40
0.175
0
CIRCLE
8
WHITE
10
165.6949999999999932
20
-106.4299999999999926
40
0.175
0
CIRCLE
8
WHITE
10
165.6949999999999932
20
-108.9699999999999989
40
0.175
0
CIRCLE
8
WHITE
10
165.6949999999999932
20
-111.5099999999999909
40
0.175
0
CIRCLE
8
WHITE
10
173.3149999999999977
20
-111.5099999999999909
40
0.175
0
CIRCLE
8
WHITE
10
173.3149999999999977
20
-108.9699999999999989
40
0.175
0
CIRCLE
8
WHITE
10
173.3149999999999977
20
-106.4299999999999926
40
0.175
0
CIRCLE
8
WHITE
10
173.3149999999999977
20
-103.8900000000000006
40
0.175
0
CIRCLE
8
WHITE
10
167.75
20
-67.0900000000000034
40
0.175
0
CIRCLE
8
WHITE
10
167.75
20
-87.4099999999999966
40
0.175
0
CIRCLE
8
WHITE
10
189.0849999999999795
20
-115.75
40
0.175
0
CIRCLE
8
WHITE
10
168.7649999999999864
20
-115.75
40
0.175
0
CIRCLE
8
WHITE
10
173.
20
-87.4099999999999966
40
0.175
0
CIRCLE
8
WHITE
10
173.
20
-67.0900000000000034
40
0.175
0
CIRCLE
8
WHITE
10
165.6949999999999932
20
-97.5
40
0.175
0
CIRCLE
8
WHITE
10
168.2349999999999852
20
-97.5
40
0.175
0
CIRCLE
8
WHITE
10
186.9749999999999943
20
-88.5
40
0.175
0
CIRCLE
8
WHITE
10
189.5149999999999864
20
-88.5
40
0.175
0
CIRCLE
8
WHITE
10
148.9399999999999977
20
-68.
40
0.175
0
CIRCLE
8
WHITE
10
151.4799999999999898
20
-68.
40
0.175
0
CIRCLE
8
WHITE
10
154.0199999999999818
20
-68.
40
0.175
0
CIRCLE
8
WHITE
10
156.5600000000000023
20
-68.
40
0.175
0
CIRCLE
8
WHITE
10
181.25
20
-84.75
40
0.175
0
CIRCLE
8
WHITE
10
181.25
20
-69.75
40
0.175
0
CIRCLE
8
WHITE
10
184.0849999999999795
20
-111.25
40
0.175
0
CIRCLE
8
WHITE
10
189.0849999999999795
20
-111.25
40
0.175
0
CIRCLE
8
WHITE
10
182.25
20
-88.5
40
0.175
0
CIRCLE
8
WHITE
10
177.25
20
-88.5
40
0.175
  0
ENDSEC
  0
EOF
