  0
SECTION
  2
HEADER
  9
$ANGBASE
  50
0.0
  9
$ANGDIR
  70
1
  9
$MEASUREMENT
  70
1
  0
ENDSEC
  0
SECTION
  2
TABLES
  0
TABLE
  2
LTYPE
  70
4
  0
LTYPE
  5
40F
  2
CONTINUOUS
  70
0
  3
Solid line
  72
65
  73
0
  40
0.0
  0
LTYPE
  5
410
  2
DASHDOT
 70
0
  3
Dash Dot ____ _ ____ _
 72
65
 73
4
 40
2.0
 49
1.25
 49
-0.25
 49
0.25
 49
-0.25
  0
LTYPE
  5
411
  2
DASHED
 70
0
  3
Dashed __ __ __ __ __
 72
65
 73
2
 40
0.75
 49
0.5
 49
-0.25
  0
LTYPE
  5
43B
  2
DOTTED
 70
0
  3
Dotted .  .  .  .
 72
65
 73
2
 40
0.2
 49
0.0
 49
-0.2
  0
ENDTAB
  0
TABLE
  2
STYLE
  70
4
  0
STYLE
  2
KICAD
  70
0
  40
0
  41
1
  42
1
  50
0
  71
0
  3
isocp.shx
  0
STYLE
  2
KICADB
  70
0
  40
0
  41
1
  42
1
  50
0
  71
0
  3
isocp.shx
  0
STYLE
  2
KICADI
  70
0
  40
0
  41
1
  42
1
  50
15
  71
0
  3
isocp.shx
  0
STYLE
  2
KICADBI
  70
0
  40
0
  41
1
  42
1
  50
15
  71
0
  3
isocp.shx
  0
ENDTAB
  0
TABLE
  2
LAYER
  70
1
  0
LAYER
  2
BLACK
  70
0
  62
7
  6
CONTINUOUS
  0
ENDTAB
  0
ENDSEC
  0
SECTION
  2
ENTITIES
0
LINE
8
BLACK
6
CONTINUOUS
10
111.4167419999999993
20
-101.8966009999999898
11
111.5706869999999924
21
-101.9603669999999909
0
LINE
8
BLACK
6
CONTINUOUS
10
111.5706869999999924
20
-101.9603669999999909
11
111.709233999999995
21
-102.0529409999999899
0
LINE
8
BLACK
6
CONTINUOUS
10
111.709233999999995
20
-102.0529409999999899
11
111.8270589999999913
21
-102.1707660000000004
0
LINE
8
BLACK
6
CONTINUOUS
10
111.8270589999999913
20
-102.1707660000000004
11
111.9196329999999904
21
-102.3093129999999888
0
LINE
8
BLACK
6
CONTINUOUS
10
111.9196329999999904
20
-102.3093129999999888
11
111.9833989999999915
21
-102.4632579999999962
0
LINE
8
BLACK
6
CONTINUOUS
10
111.9833989999999915
20
-102.4632579999999962
11
112.0159069999999986
21
-102.6266849999999948
0
LINE
8
BLACK
6
CONTINUOUS
10
112.0159069999999986
20
-102.6266849999999948
11
112.0159069999999986
21
-102.7933149999999927
0
LINE
8
BLACK
6
CONTINUOUS
10
112.0159069999999986
20
-102.7933149999999927
11
111.9833989999999915
21
-102.9567419999999913
0
LINE
8
BLACK
6
CONTINUOUS
10
111.9833989999999915
20
-102.9567419999999913
11
111.9831140000000005
21
-102.9574279999999931
0
LINE
8
BLACK
6
CONTINUOUS
10
111.9831140000000005
20
-102.9574279999999931
11
115.1906859999999995
21
-106.164999999999992
0
LINE
8
BLACK
6
CONTINUOUS
10
115.1906859999999995
20
-106.164999999999992
11
125.8299999999999983
21
-106.164999999999992
0
LINE
8
BLACK
6
CONTINUOUS
10
125.8299999999999983
20
-106.164999999999992
11
125.8822100000000006
21
-106.1684219999999925
0
LINE
8
BLACK
6
CONTINUOUS
10
125.8822100000000006
20
-106.1684219999999925
11
125.9830739999999878
21
-106.195447999999999
0
LINE
8
BLACK
6
CONTINUOUS
10
125.9830739999999878
20
-106.195447999999999
11
126.0735049999999973
21
-106.2476589999999987
0
LINE
8
BLACK
6
CONTINUOUS
10
126.0735049999999973
20
-106.2476589999999987
11
126.112842999999998
21
-106.282156999999998
0
LINE
8
BLACK
6
CONTINUOUS
10
126.112842999999998
20
-106.282156999999998
11
127.862842999999998
21
-108.032156999999998
0
LINE
8
BLACK
6
CONTINUOUS
10
127.862842999999998
20
-108.032156999999998
11
127.8973409999999973
21
-108.0714949999999988
0
LINE
8
BLACK
6
CONTINUOUS
10
127.8973409999999973
20
-108.0714949999999988
11
127.9495519999999971
21
-108.161925999999994
0
LINE
8
BLACK
6
CONTINUOUS
10
127.9495519999999971
20
-108.161925999999994
11
127.9594409999999982
21
-108.1988339999999909
0
LINE
8
BLACK
6
CONTINUOUS
10
127.9594409999999982
20
-108.1988339999999909
11
127.9765779999999893
21
-108.2627899999999954
0
LINE
8
BLACK
6
CONTINUOUS
10
127.9765779999999893
20
-108.2627899999999954
11
127.9799999999999898
21
-108.3149999999999977
0
LINE
8
BLACK
6
CONTINUOUS
10
127.9799999999999898
20
-108.3149999999999977
11
127.9799999999999898
21
-118.5649999999999977
0
LINE
8
BLACK
6
CONTINUOUS
10
127.9799999999999898
20
-118.5649999999999977
11
127.9765779999999893
21
-118.61721
0
LINE
8
BLACK
6
CONTINUOUS
10
127.9765779999999893
20
-118.61721
11
127.9495519999999971
21
-118.7180729999999897
0
LINE
8
BLACK
6
CONTINUOUS
10
127.9495519999999971
20
-118.7180729999999897
11
127.9200029999999941
21
-118.769252999999992
0
LINE
8
BLACK
6
CONTINUOUS
10
127.9200029999999941
20
-118.769252999999992
11
127.8973409999999973
21
-118.8085049999999967
0
LINE
8
BLACK
6
CONTINUOUS
10
127.8973409999999973
20
-118.8085049999999967
11
127.8628420000000006
21
-118.8478429999999975
0
LINE
8
BLACK
6
CONTINUOUS
10
127.8628420000000006
20
-118.8478429999999975
11
118.1778429999999958
21
-128.5328429999999855
0
LINE
8
BLACK
6
CONTINUOUS
10
118.1778429999999958
20
-128.5328429999999855
11
118.138504999999995
21
-128.567340999999999
0
LINE
8
BLACK
6
CONTINUOUS
10
118.138504999999995
20
-128.567340999999999
11
118.0480739999999997
21
-128.6195519999999988
0
LINE
8
BLACK
6
CONTINUOUS
10
118.0480739999999997
20
-128.6195519999999988
11
117.9472099999999983
21
-128.6465780000000052
0
LINE
8
BLACK
6
CONTINUOUS
10
117.9472099999999983
20
-128.6465780000000052
11
117.894999999999996
21
-128.6500000000000057
0
LINE
8
BLACK
6
CONTINUOUS
10
117.894999999999996
20
-128.6500000000000057
11
98.2099999999999937
21
-128.6500000000000057
0
LINE
8
BLACK
6
CONTINUOUS
10
98.2099999999999937
20
-128.6500000000000057
11
98.1577899999999914
21
-128.6465780000000052
0
LINE
8
BLACK
6
CONTINUOUS
10
98.1577899999999914
20
-128.6465780000000052
11
98.05692599999999
21
-128.6195519999999988
0
LINE
8
BLACK
6
CONTINUOUS
10
98.05692599999999
20
-128.6195519999999988
11
97.9664949999999948
21
-128.567340999999999
0
LINE
8
BLACK
6
CONTINUOUS
10
97.9664949999999948
20
-128.567340999999999
11
97.927156999999994
21
-128.5328429999999855
0
LINE
8
BLACK
6
CONTINUOUS
10
97.927156999999994
20
-128.5328429999999855
11
94.8706009999999935
21
-125.4762869999999992
0
LINE
8
BLACK
6
CONTINUOUS
10
94.8706009999999935
20
-125.4762869999999992
11
94.8186120000000017
21
-125.4866289999999935
0
LINE
8
BLACK
6
CONTINUOUS
10
94.8186120000000017
20
-125.4866289999999935
11
94.6813879999999983
21
-125.4866289999999935
0
LINE
8
BLACK
6
CONTINUOUS
10
94.6813879999999983
20
-125.4866289999999935
11
94.5468010000000021
21
-125.459857999999997
0
LINE
8
BLACK
6
CONTINUOUS
10
94.5468010000000021
20
-125.459857999999997
11
94.4200219999999888
21
-125.4073449999999923
0
LINE
8
BLACK
6
CONTINUOUS
10
94.4200219999999888
20
-125.4073449999999923
11
94.305925000000002
21
-125.3311069999999887
0
LINE
8
BLACK
6
CONTINUOUS
10
94.305925000000002
20
-125.3311069999999887
11
94.2088929999999891
21
-125.23407499999999
0
LINE
8
BLACK
6
CONTINUOUS
10
94.2088929999999891
20
-125.23407499999999
11
94.1326549999999997
21
-125.119977999999989
0
LINE
8
BLACK
6
CONTINUOUS
10
94.1326549999999997
20
-125.119977999999989
11
94.0801419999999951
21
-124.99319899999999
0
LINE
8
BLACK
6
CONTINUOUS
10
94.0801419999999951
20
-124.99319899999999
11
94.0533709999999985
21
-124.8586119999999937
0
LINE
8
BLACK
6
CONTINUOUS
10
94.0533709999999985
20
-124.8586119999999937
11
94.0533709999999985
21
-124.7213879999999904
0
LINE
8
BLACK
6
CONTINUOUS
10
94.0533709999999985
20
-124.7213879999999904
11
94.0801419999999951
21
-124.5868009999999941
0
LINE
8
BLACK
6
CONTINUOUS
10
94.0801419999999951
20
-124.5868009999999941
11
94.1326549999999997
21
-124.460021999999995
0
LINE
8
BLACK
6
CONTINUOUS
10
94.1326549999999997
20
-124.460021999999995
11
94.2088929999999891
21
-124.345924999999994
0
LINE
8
BLACK
6
CONTINUOUS
10
94.2088929999999891
20
-124.345924999999994
11
94.305925000000002
21
-124.2488929999999954
0
LINE
8
BLACK
6
CONTINUOUS
10
94.305925000000002
20
-124.2488929999999954
11
94.4200219999999888
21
-124.1726549999999918
0
LINE
8
BLACK
6
CONTINUOUS
10
94.4200219999999888
20
-124.1726549999999918
11
94.5468010000000021
21
-124.1201420000000013
0
LINE
8
BLACK
6
CONTINUOUS
10
94.5468010000000021
20
-124.1201420000000013
11
94.6813879999999983
21
-124.0933709999999905
0
LINE
8
BLACK
6
CONTINUOUS
10
94.6813879999999983
20
-124.0933709999999905
11
94.8186120000000017
21
-124.0933709999999905
0
LINE
8
BLACK
6
CONTINUOUS
10
94.8186120000000017
20
-124.0933709999999905
11
94.9531989999999979
21
-124.1201420000000013
0
LINE
8
BLACK
6
CONTINUOUS
10
94.9531989999999979
20
-124.1201420000000013
11
95.079977999999997
21
-124.1726549999999918
0
LINE
8
BLACK
6
CONTINUOUS
10
95.079977999999997
20
-124.1726549999999918
11
95.194074999999998
21
-124.2488929999999954
0
LINE
8
BLACK
6
CONTINUOUS
10
95.194074999999998
20
-124.2488929999999954
11
95.2911069999999967
21
-124.345924999999994
0
LINE
8
BLACK
6
CONTINUOUS
10
95.2911069999999967
20
-124.345924999999994
11
95.3673450000000003
21
-124.460021999999995
0
LINE
8
BLACK
6
CONTINUOUS
10
95.3673450000000003
20
-124.460021999999995
11
95.4198579999999907
21
-124.5868009999999941
0
LINE
8
BLACK
6
CONTINUOUS
10
95.4198579999999907
20
-124.5868009999999941
11
95.4466290000000015
21
-124.7213879999999904
0
LINE
8
BLACK
6
CONTINUOUS
10
95.4466290000000015
20
-124.7213879999999904
11
95.4466290000000015
21
-124.8586119999999937
0
LINE
8
BLACK
6
CONTINUOUS
10
95.4466290000000015
20
-124.8586119999999937
11
95.436286999999993
21
-124.9106009999999998
0
LINE
8
BLACK
6
CONTINUOUS
10
95.436286999999993
20
-124.9106009999999998
11
98.3756860000000017
21
-127.8499999999999943
0
LINE
8
BLACK
6
CONTINUOUS
10
98.3756860000000017
20
-127.8499999999999943
11
117.729313999999988
21
-127.8499999999999943
0
LINE
8
BLACK
6
CONTINUOUS
10
117.729313999999988
20
-127.8499999999999943
11
127.1799999999999926
21
-118.3993139999999897
0
LINE
8
BLACK
6
CONTINUOUS
10
127.1799999999999926
20
-118.3993139999999897
11
127.1799999999999926
21
-108.4806859999999915
0
LINE
8
BLACK
6
CONTINUOUS
10
127.1799999999999926
20
-108.4806859999999915
11
125.6643139999999903
21
-106.9649999999999892
0
LINE
8
BLACK
6
CONTINUOUS
10
125.6643139999999903
20
-106.9649999999999892
11
115.0249999999999915
21
-106.9649999999999892
0
LINE
8
BLACK
6
CONTINUOUS
10
115.0249999999999915
20
-106.9649999999999892
11
114.9727899999999892
21
-106.9615779999999887
0
LINE
8
BLACK
6
CONTINUOUS
10
114.9727899999999892
20
-106.9615779999999887
11
114.8719269999999995
21
-106.9345519999999965
0
LINE
8
BLACK
6
CONTINUOUS
10
114.8719269999999995
20
-106.9345519999999965
11
114.7814949999999925
21
-106.8823409999999967
0
LINE
8
BLACK
6
CONTINUOUS
10
114.7814949999999925
20
-106.8823409999999967
11
114.7421569999999917
21
-106.8478429999999975
0
LINE
8
BLACK
6
CONTINUOUS
10
114.7421569999999917
20
-106.8478429999999975
11
111.417428000000001
21
-103.5231139999999925
0
LINE
8
BLACK
6
CONTINUOUS
10
111.417428000000001
20
-103.5231139999999925
11
111.4167419999999993
21
-103.5233989999999977
0
LINE
8
BLACK
6
CONTINUOUS
10
111.4167419999999993
20
-103.5233989999999977
11
111.2533150000000006
21
-103.5559069999999906
0
LINE
8
BLACK
6
CONTINUOUS
10
111.2533150000000006
20
-103.5559069999999906
11
111.0866849999999886
21
-103.5559069999999906
0
LINE
8
BLACK
6
CONTINUOUS
10
111.0866849999999886
20
-103.5559069999999906
11
110.9232579999999899
21
-103.5233989999999977
0
LINE
8
BLACK
6
CONTINUOUS
10
110.9232579999999899
20
-103.5233989999999977
11
110.7693129999999968
21
-103.4596329999999966
0
LINE
8
BLACK
6
CONTINUOUS
10
110.7693129999999968
20
-103.4596329999999966
11
110.6307659999999942
21
-103.3670589999999976
0
LINE
8
BLACK
6
CONTINUOUS
10
110.6307659999999942
20
-103.3670589999999976
11
110.5129409999999979
21
-103.2492340000000013
0
LINE
8
BLACK
6
CONTINUOUS
10
110.5129409999999979
20
-103.2492340000000013
11
110.4203669999999988
21
-103.1106869999999986
0
LINE
8
BLACK
6
CONTINUOUS
10
110.4203669999999988
20
-103.1106869999999986
11
110.3566009999999977
21
-102.9567419999999913
0
LINE
8
BLACK
6
CONTINUOUS
10
110.3566009999999977
20
-102.9567419999999913
11
110.3240929999999906
21
-102.7933149999999927
0
LINE
8
BLACK
6
CONTINUOUS
10
110.3240929999999906
20
-102.7933149999999927
11
110.3240929999999906
21
-102.6266849999999948
0
LINE
8
BLACK
6
CONTINUOUS
10
110.3240929999999906
20
-102.6266849999999948
11
110.3566009999999977
21
-102.4632579999999962
0
LINE
8
BLACK
6
CONTINUOUS
10
110.3566009999999977
20
-102.4632579999999962
11
110.4203669999999988
21
-102.3093129999999888
0
LINE
8
BLACK
6
CONTINUOUS
10
110.4203669999999988
20
-102.3093129999999888
11
110.5129409999999979
21
-102.1707660000000004
0
LINE
8
BLACK
6
CONTINUOUS
10
110.5129409999999979
20
-102.1707660000000004
11
110.6307659999999942
21
-102.0529409999999899
0
LINE
8
BLACK
6
CONTINUOUS
10
110.6307659999999942
20
-102.0529409999999899
11
110.7693129999999968
21
-101.9603669999999909
0
LINE
8
BLACK
6
CONTINUOUS
10
110.7693129999999968
20
-101.9603669999999909
11
110.9232579999999899
21
-101.8966009999999898
0
LINE
8
BLACK
6
CONTINUOUS
10
110.9232579999999899
20
-101.8966009999999898
11
111.0866849999999886
21
-101.8640929999999969
0
LINE
8
BLACK
6
CONTINUOUS
10
111.0866849999999886
20
-101.8640929999999969
11
111.2533150000000006
21
-101.8640929999999969
0
LINE
8
BLACK
6
CONTINUOUS
10
111.2533150000000006
20
-101.8640929999999969
11
111.4167419999999993
21
-101.8966009999999898
0
LINE
8
BLACK
6
CONTINUOUS
10
104.3999999999999915
20
-103.5600000000000023
11
103.9499999999999886
21
-103.5600000000000023
0
LINE
8
BLACK
6
CONTINUOUS
10
103.9499999999999886
20
-103.5600000000000023
11
103.9499999999999886
21
-106.6343139999999892
0
LINE
8
BLACK
6
CONTINUOUS
10
103.9499999999999886
20
-106.6343139999999892
11
105.2828429999999997
21
-107.9671579999999977
0
LINE
8
BLACK
6
CONTINUOUS
10
105.2828429999999997
20
-107.9671579999999977
11
105.317340999999999
21
-108.006495000000001
0
LINE
8
BLACK
6
CONTINUOUS
10
105.317340999999999
20
-108.006495000000001
11
105.3695519999999988
21
-108.0969259999999963
0
LINE
8
BLACK
6
CONTINUOUS
10
105.3695519999999988
20
-108.0969259999999963
11
105.3781839999999903
21
-108.1291420000000016
0
LINE
8
BLACK
6
CONTINUOUS
10
105.3781839999999903
20
-108.1291420000000016
11
105.396577999999991
21
-108.1977899999999977
0
LINE
8
BLACK
6
CONTINUOUS
10
105.396577999999991
20
-108.1977899999999977
11
105.3999999999999915
21
-108.25
0
LINE
8
BLACK
6
CONTINUOUS
10
105.3999999999999915
20
-108.25
11
105.3999999999999915
21
-111.834313999999992
0
LINE
8
BLACK
6
CONTINUOUS
10
105.3999999999999915
20
-111.834313999999992
11
105.730684999999994
21
-112.164999999999992
0
LINE
8
BLACK
6
CONTINUOUS
10
105.730684999999994
20
-112.164999999999992
11
120.5799999999999983
21
-112.164999999999992
0
LINE
8
BLACK
6
CONTINUOUS
10
120.5799999999999983
20
-112.164999999999992
11
120.6322100000000006
21
-112.1684219999999925
0
LINE
8
BLACK
6
CONTINUOUS
10
120.6322100000000006
20
-112.1684219999999925
11
120.7330739999999878
21
-112.195447999999999
0
LINE
8
BLACK
6
CONTINUOUS
10
120.7330739999999878
20
-112.195447999999999
11
120.8235049999999973
21
-112.2476589999999987
0
LINE
8
BLACK
6
CONTINUOUS
10
120.8235049999999973
20
-112.2476589999999987
11
120.862842999999998
21
-112.282156999999998
0
LINE
8
BLACK
6
CONTINUOUS
10
120.862842999999998
20
-112.282156999999998
11
124.1528429999999901
21
-115.5721580000000017
0
LINE
8
BLACK
6
CONTINUOUS
10
124.1528429999999901
20
-115.5721580000000017
11
124.1873409999999893
21
-115.6114949999999908
0
LINE
8
BLACK
6
CONTINUOUS
10
124.1873409999999893
20
-115.6114949999999908
11
124.2395519999999891
21
-115.7019260000000003
0
LINE
8
BLACK
6
CONTINUOUS
10
124.2395519999999891
20
-115.7019260000000003
11
124.258907999999991
21
-115.7741649999999964
0
LINE
8
BLACK
6
CONTINUOUS
10
124.258907999999991
20
-115.7741649999999964
11
124.2665779999999955
21
-115.8027900000000017
0
LINE
8
BLACK
6
CONTINUOUS
10
124.2665779999999955
20
-115.8027900000000017
11
124.269999999999996
21
-115.8549999999999898
0
LINE
8
BLACK
6
CONTINUOUS
10
124.269999999999996
20
-115.8549999999999898
11
124.269999999999996
21
-116.8747520000000009
0
LINE
8
BLACK
6
CONTINUOUS
10
124.269999999999996
20
-116.8747520000000009
11
124.3775149999999883
21
-116.9465919999999954
0
LINE
8
BLACK
6
CONTINUOUS
10
124.3775149999999883
20
-116.9465919999999954
11
124.4884079999999926
21
-117.0574849999999998
0
LINE
8
BLACK
6
CONTINUOUS
10
124.4884079999999926
20
-117.0574849999999998
11
124.5755369999999971
21
-117.1878829999999994
0
LINE
8
BLACK
6
CONTINUOUS
10
124.5755369999999971
20
-117.1878829999999994
11
124.6355519999999899
21
-117.3327719999999914
0
LINE
8
BLACK
6
CONTINUOUS
10
124.6355519999999899
20
-117.3327719999999914
11
124.6661479999999926
21
-117.4865859999999884
0
LINE
8
BLACK
6
CONTINUOUS
10
124.6661479999999926
20
-117.4865859999999884
11
124.6661479999999926
21
-117.6434139999999928
0
LINE
8
BLACK
6
CONTINUOUS
10
124.6661479999999926
20
-117.6434139999999928
11
124.6355519999999899
21
-117.7972279999999898
0
LINE
8
BLACK
6
CONTINUOUS
10
124.6355519999999899
20
-117.7972279999999898
11
124.5755369999999971
21
-117.9421169999999961
0
LINE
8
BLACK
6
CONTINUOUS
10
124.5755369999999971
20
-117.9421169999999961
11
124.4884079999999926
21
-118.0725149999999957
0
LINE
8
BLACK
6
CONTINUOUS
10
124.4884079999999926
20
-118.0725149999999957
11
124.3775149999999883
21
-118.183408
0
LINE
8
BLACK
6
CONTINUOUS
10
124.3775149999999883
20
-118.183408
11
124.269999999999996
21
-118.2552469999999971
0
LINE
8
BLACK
6
CONTINUOUS
10
124.269999999999996
20
-118.2552469999999971
11
124.269999999999996
21
-119.0249999999999915
0
LINE
8
BLACK
6
CONTINUOUS
10
124.269999999999996
20
-119.0249999999999915
11
124.2665779999999955
21
-119.0772099999999938
0
LINE
8
BLACK
6
CONTINUOUS
10
124.2665779999999955
20
-119.0772099999999938
11
124.2395519999999891
21
-119.1780739999999952
0
LINE
8
BLACK
6
CONTINUOUS
10
124.2395519999999891
20
-119.1780739999999952
11
124.1873409999999893
21
-119.2685049999999904
0
LINE
8
BLACK
6
CONTINUOUS
10
124.1873409999999893
20
-119.2685049999999904
11
124.1528429999999901
21
-119.3078429999999912
0
LINE
8
BLACK
6
CONTINUOUS
10
124.1528429999999901
20
-119.3078429999999912
11
118.3878429999999895
21
-125.0728429999999918
0
LINE
8
BLACK
6
CONTINUOUS
10
118.3878429999999895
20
-125.0728429999999918
11
118.387833999999998
21
-125.0728499999999883
0
LINE
8
BLACK
6
CONTINUOUS
10
118.387833999999998
20
-125.0728499999999883
11
116.5928429999999878
21
-126.8678429999999935
0
LINE
8
BLACK
6
CONTINUOUS
10
116.5928429999999878
20
-126.8678429999999935
11
116.5535050000000012
21
-126.9023409999999927
0
LINE
8
BLACK
6
CONTINUOUS
10
116.5535050000000012
20
-126.9023409999999927
11
116.4630739999999918
21
-126.9545519999999925
0
LINE
8
BLACK
6
CONTINUOUS
10
116.4630739999999918
20
-126.9545519999999925
11
116.3622099999999904
21
-126.981577999999999
0
LINE
8
BLACK
6
CONTINUOUS
10
116.3622099999999904
20
-126.981577999999999
11
116.25779
21
-126.981577999999999
0
LINE
8
BLACK
6
CONTINUOUS
10
116.25779
20
-126.981577999999999
11
116.1569259999999986
21
-126.9545519999999925
0
LINE
8
BLACK
6
CONTINUOUS
10
116.1569259999999986
20
-126.9545519999999925
11
116.0664949999999891
21
-126.9023409999999927
0
LINE
8
BLACK
6
CONTINUOUS
10
116.0664949999999891
20
-126.9023409999999927
11
116.0638259999999917
21
-126.8999999999999915
0
LINE
8
BLACK
6
CONTINUOUS
10
116.0638259999999917
20
-126.8999999999999915
11
99.9599999999999937
21
-126.8999999999999915
0
LINE
8
BLACK
6
CONTINUOUS
10
99.9599999999999937
20
-126.8999999999999915
11
99.9077899999999914
21
-126.896577999999991
0
LINE
8
BLACK
6
CONTINUOUS
10
99.9077899999999914
20
-126.896577999999991
11
99.80692599999999
21
-126.8695519999999988
0
LINE
8
BLACK
6
CONTINUOUS
10
99.80692599999999
20
-126.8695519999999988
11
99.7164949999999948
21
-126.817340999999999
0
LINE
8
BLACK
6
CONTINUOUS
10
99.7164949999999948
20
-126.817340999999999
11
99.677156999999994
21
-126.7828429999999997
0
LINE
8
BLACK
6
CONTINUOUS
10
99.677156999999994
20
-126.7828429999999997
11
98.3706009999999935
21
-125.4762869999999992
0
LINE
8
BLACK
6
CONTINUOUS
10
98.3706009999999935
20
-125.4762869999999992
11
98.3186120000000017
21
-125.4866289999999935
0
LINE
8
BLACK
6
CONTINUOUS
10
98.3186120000000017
20
-125.4866289999999935
11
98.1813879999999983
21
-125.4866289999999935
0
LINE
8
BLACK
6
CONTINUOUS
10
98.1813879999999983
20
-125.4866289999999935
11
98.0468010000000021
21
-125.459857999999997
0
LINE
8
BLACK
6
CONTINUOUS
10
98.0468010000000021
20
-125.459857999999997
11
97.9200219999999888
21
-125.4073449999999923
0
LINE
8
BLACK
6
CONTINUOUS
10
97.9200219999999888
20
-125.4073449999999923
11
97.805925000000002
21
-125.3311069999999887
0
LINE
8
BLACK
6
CONTINUOUS
10
97.805925000000002
20
-125.3311069999999887
11
97.7088929999999891
21
-125.23407499999999
0
LINE
8
BLACK
6
CONTINUOUS
10
97.7088929999999891
20
-125.23407499999999
11
97.6326549999999997
21
-125.119977999999989
0
LINE
8
BLACK
6
CONTINUOUS
10
97.6326549999999997
20
-125.119977999999989
11
97.5801419999999951
21
-124.99319899999999
0
LINE
8
BLACK
6
CONTINUOUS
10
97.5801419999999951
20
-124.99319899999999
11
97.5533709999999985
21
-124.8586119999999937
0
LINE
8
BLACK
6
CONTINUOUS
10
97.5533709999999985
20
-124.8586119999999937
11
97.5533709999999985
21
-124.7213879999999904
0
LINE
8
BLACK
6
CONTINUOUS
10
97.5533709999999985
20
-124.7213879999999904
11
97.5801419999999951
21
-124.5868009999999941
0
LINE
8
BLACK
6
CONTINUOUS
10
97.5801419999999951
20
-124.5868009999999941
11
97.6326549999999997
21
-124.460021999999995
0
LINE
8
BLACK
6
CONTINUOUS
10
97.6326549999999997
20
-124.460021999999995
11
97.7088929999999891
21
-124.345924999999994
0
LINE
8
BLACK
6
CONTINUOUS
10
97.7088929999999891
20
-124.345924999999994
11
97.805925000000002
21
-124.2488929999999954
0
LINE
8
BLACK
6
CONTINUOUS
10
97.805925000000002
20
-124.2488929999999954
11
97.9200219999999888
21
-124.1726549999999918
0
LINE
8
BLACK
6
CONTINUOUS
10
97.9200219999999888
20
-124.1726549999999918
11
98.0468010000000021
21
-124.1201420000000013
0
LINE
8
BLACK
6
CONTINUOUS
10
98.0468010000000021
20
-124.1201420000000013
11
98.1813879999999983
21
-124.0933709999999905
0
LINE
8
BLACK
6
CONTINUOUS
10
98.1813879999999983
20
-124.0933709999999905
11
98.3186120000000017
21
-124.0933709999999905
0
LINE
8
BLACK
6
CONTINUOUS
10
98.3186120000000017
20
-124.0933709999999905
11
98.4531989999999979
21
-124.1201420000000013
0
LINE
8
BLACK
6
CONTINUOUS
10
98.4531989999999979
20
-124.1201420000000013
11
98.579977999999997
21
-124.1726549999999918
0
LINE
8
BLACK
6
CONTINUOUS
10
98.579977999999997
20
-124.1726549999999918
11
98.694074999999998
21
-124.2488929999999954
0
LINE
8
BLACK
6
CONTINUOUS
10
98.694074999999998
20
-124.2488929999999954
11
98.7911069999999967
21
-124.345924999999994
0
LINE
8
BLACK
6
CONTINUOUS
10
98.7911069999999967
20
-124.345924999999994
11
98.8673450000000003
21
-124.460021999999995
0
LINE
8
BLACK
6
CONTINUOUS
10
98.8673450000000003
20
-124.460021999999995
11
98.9198579999999907
21
-124.5868009999999941
0
LINE
8
BLACK
6
CONTINUOUS
10
98.9198579999999907
20
-124.5868009999999941
11
98.9466290000000015
21
-124.7213879999999904
0
LINE
8
BLACK
6
CONTINUOUS
10
98.9466290000000015
20
-124.7213879999999904
11
98.9466290000000015
21
-124.8586119999999937
0
LINE
8
BLACK
6
CONTINUOUS
10
98.9466290000000015
20
-124.8586119999999937
11
98.936286999999993
21
-124.9106009999999998
0
LINE
8
BLACK
6
CONTINUOUS
10
98.936286999999993
20
-124.9106009999999998
11
100.1256860000000017
21
-126.0999999999999943
0
LINE
8
BLACK
6
CONTINUOUS
10
100.1256860000000017
20
-126.0999999999999943
11
116.2249999999999943
21
-126.0999999999999943
0
LINE
8
BLACK
6
CONTINUOUS
10
116.2249999999999943
20
-126.0999999999999943
11
116.2290479999999917
21
-126.1002649999999932
0
LINE
8
BLACK
6
CONTINUOUS
10
116.2290479999999917
20
-126.1002649999999932
11
117.1393149999999963
21
-125.1899999999999977
0
LINE
8
BLACK
6
CONTINUOUS
10
117.1393149999999963
20
-125.1899999999999977
11
103.3911109999999951
21
-125.1899999999999977
0
LINE
8
BLACK
6
CONTINUOUS
10
103.3911109999999951
20
-125.1899999999999977
11
103.3746000000000009
21
-125.2065109999999919
0
LINE
8
BLACK
6
CONTINUOUS
10
103.3746000000000009
20
-125.2065109999999919
11
103.2559089999999884
21
-125.2750369999999975
0
LINE
8
BLACK
6
CONTINUOUS
10
103.2559089999999884
20
-125.2750369999999975
11
103.1235259999999982
21
-125.3105089999999961
0
LINE
8
BLACK
6
CONTINUOUS
10
103.1235259999999982
20
-125.3105089999999961
11
103.0549999999999926
21
-125.3149999999999977
0
LINE
8
BLACK
6
CONTINUOUS
10
103.0549999999999926
20
-125.3149999999999977
11
102.6049999999999898
21
-125.3149999999999977
0
LINE
8
BLACK
6
CONTINUOUS
10
102.6049999999999898
20
-125.3149999999999977
11
102.5364739999999983
21
-125.3105089999999961
0
LINE
8
BLACK
6
CONTINUOUS
10
102.5364739999999983
20
-125.3105089999999961
11
102.404090999999994
21
-125.2750369999999975
0
LINE
8
BLACK
6
CONTINUOUS
10
102.404090999999994
20
-125.2750369999999975
11
102.2853999999999957
21
-125.2065109999999919
0
LINE
8
BLACK
6
CONTINUOUS
10
102.2853999999999957
20
-125.2065109999999919
11
102.1884889999999899
21
-125.1096000000000004
0
LINE
8
BLACK
6
CONTINUOUS
10
102.1884889999999899
20
-125.1096000000000004
11
102.1199629999999985
21
-124.9909089999999878
0
LINE
8
BLACK
6
CONTINUOUS
10
102.1199629999999985
20
-124.9909089999999878
11
102.0844909999999999
21
-124.8585259999999977
0
LINE
8
BLACK
6
CONTINUOUS
10
102.0844909999999999
20
-124.8585259999999977
11
102.0844909999999999
21
-124.7214740000000006
0
LINE
8
BLACK
6
CONTINUOUS
10
102.0844909999999999
20
-124.7214740000000006
11
102.1199629999999985
21
-124.5890909999999963
0
LINE
8
BLACK
6
CONTINUOUS
10
102.1199629999999985
20
-124.5890909999999963
11
102.1884889999999899
21
-124.4703999999999979
0
LINE
8
BLACK
6
CONTINUOUS
10
102.1884889999999899
20
-124.4703999999999979
11
102.2853999999999957
21
-124.3734889999999922
0
LINE
8
BLACK
6
CONTINUOUS
10
102.2853999999999957
20
-124.3734889999999922
11
102.404090999999994
21
-124.3049630000000008
0
LINE
8
BLACK
6
CONTINUOUS
10
102.404090999999994
20
-124.3049630000000008
11
102.5364739999999983
21
-124.2694909999999879
0
LINE
8
BLACK
6
CONTINUOUS
10
102.5364739999999983
20
-124.2694909999999879
11
102.6049999999999898
21
-124.2650000000000006
0
LINE
8
BLACK
6
CONTINUOUS
10
102.6049999999999898
20
-124.2650000000000006
11
103.0549999999999926
21
-124.2650000000000006
0
LINE
8
BLACK
6
CONTINUOUS
10
103.0549999999999926
20
-124.2650000000000006
11
103.1235259999999982
21
-124.2694909999999879
0
LINE
8
BLACK
6
CONTINUOUS
10
103.1235259999999982
20
-124.2694909999999879
11
103.2559089999999884
21
-124.3049630000000008
0
LINE
8
BLACK
6
CONTINUOUS
10
103.2559089999999884
20
-124.3049630000000008
11
103.3746000000000009
21
-124.3734889999999922
0
LINE
8
BLACK
6
CONTINUOUS
10
103.3746000000000009
20
-124.3734889999999922
11
103.3911109999999951
21
-124.3900000000000006
0
LINE
8
BLACK
6
CONTINUOUS
10
103.3911109999999951
20
-124.3900000000000006
11
117.939313999999996
21
-124.3900000000000006
0
LINE
8
BLACK
6
CONTINUOUS
10
117.939313999999996
20
-124.3900000000000006
11
123.4699999999999989
21
-118.8593139999999977
0
LINE
8
BLACK
6
CONTINUOUS
10
123.4699999999999989
20
-118.8593139999999977
11
123.4699999999999989
21
-118.2552469999999971
0
LINE
8
BLACK
6
CONTINUOUS
10
123.4699999999999989
20
-118.2552469999999971
11
123.3624849999999924
21
-118.183408
0
LINE
8
BLACK
6
CONTINUOUS
10
123.3624849999999924
20
-118.183408
11
123.251591999999988
21
-118.0725149999999957
0
LINE
8
BLACK
6
CONTINUOUS
10
123.251591999999988
20
-118.0725149999999957
11
123.1644629999999978
21
-117.9421169999999961
0
LINE
8
BLACK
6
CONTINUOUS
10
123.1644629999999978
20
-117.9421169999999961
11
123.1044479999999908
21
-117.7972279999999898
0
LINE
8
BLACK
6
CONTINUOUS
10
123.1044479999999908
20
-117.7972279999999898
11
123.073851999999988
21
-117.6434139999999928
0
LINE
8
BLACK
6
CONTINUOUS
10
123.073851999999988
20
-117.6434139999999928
11
123.073851999999988
21
-117.4865859999999884
0
LINE
8
BLACK
6
CONTINUOUS
10
123.073851999999988
20
-117.4865859999999884
11
123.1044479999999908
21
-117.3327719999999914
0
LINE
8
BLACK
6
CONTINUOUS
10
123.1044479999999908
20
-117.3327719999999914
11
123.1644629999999978
21
-117.1878829999999994
0
LINE
8
BLACK
6
CONTINUOUS
10
123.1644629999999978
20
-117.1878829999999994
11
123.251591999999988
21
-117.0574849999999998
0
LINE
8
BLACK
6
CONTINUOUS
10
123.251591999999988
20
-117.0574849999999998
11
123.3624849999999924
21
-116.9465919999999954
0
LINE
8
BLACK
6
CONTINUOUS
10
123.3624849999999924
20
-116.9465919999999954
11
123.4699999999999989
21
-116.8747520000000009
0
LINE
8
BLACK
6
CONTINUOUS
10
123.4699999999999989
20
-116.8747520000000009
11
123.4699999999999989
21
-116.0206850000000003
0
LINE
8
BLACK
6
CONTINUOUS
10
123.4699999999999989
20
-116.0206850000000003
11
120.4143139999999903
21
-112.9649999999999892
0
LINE
8
BLACK
6
CONTINUOUS
10
120.4143139999999903
20
-112.9649999999999892
11
105.5649999999999977
21
-112.9649999999999892
0
LINE
8
BLACK
6
CONTINUOUS
10
105.5649999999999977
20
-112.9649999999999892
11
105.5127899999999954
21
-112.9615779999999887
0
LINE
8
BLACK
6
CONTINUOUS
10
105.5127899999999954
20
-112.9615779999999887
11
105.411925999999994
21
-112.9345519999999965
0
LINE
8
BLACK
6
CONTINUOUS
10
105.411925999999994
20
-112.9345519999999965
11
105.3214949999999988
21
-112.8823409999999967
0
LINE
8
BLACK
6
CONTINUOUS
10
105.3214949999999988
20
-112.8823409999999967
11
105.2821579999999955
21
-112.8478429999999975
0
LINE
8
BLACK
6
CONTINUOUS
10
105.2821579999999955
20
-112.8478429999999975
11
104.7171570000000003
21
-112.2828429999999997
0
LINE
8
BLACK
6
CONTINUOUS
10
104.7171570000000003
20
-112.2828429999999997
11
104.682659000000001
21
-112.243504999999999
0
LINE
8
BLACK
6
CONTINUOUS
10
104.682659000000001
20
-112.243504999999999
11
104.6304480000000012
21
-112.1530739999999895
0
LINE
8
BLACK
6
CONTINUOUS
10
104.6304480000000012
20
-112.1530739999999895
11
104.6034219999999948
21
-112.0522099999999881
0
LINE
8
BLACK
6
CONTINUOUS
10
104.6034219999999948
20
-112.0522099999999881
11
104.5999999999999943
21
-112.
0
LINE
8
BLACK
6
CONTINUOUS
10
104.5999999999999943
20
-112.
11
104.5999999999999943
21
-108.4156849999999963
0
LINE
8
BLACK
6
CONTINUOUS
10
104.5999999999999943
20
-108.4156849999999963
11
103.2671569999999974
21
-107.0828429999999969
0
LINE
8
BLACK
6
CONTINUOUS
10
103.2671569999999974
20
-107.0828429999999969
11
103.2326589999999982
21
-107.0435049999999961
0
LINE
8
BLACK
6
CONTINUOUS
10
103.2326589999999982
20
-107.0435049999999961
11
103.1804479999999984
21
-106.9530740000000009
0
LINE
8
BLACK
6
CONTINUOUS
10
103.1804479999999984
20
-106.9530740000000009
11
103.153421999999992
21
-106.8522099999999995
0
LINE
8
BLACK
6
CONTINUOUS
10
103.153421999999992
20
-106.8522099999999995
11
103.1499999999999915
21
-106.7999999999999972
0
LINE
8
BLACK
6
CONTINUOUS
10
103.1499999999999915
20
-106.7999999999999972
11
103.1499999999999915
21
-103.5600000000000023
0
LINE
8
BLACK
6
CONTINUOUS
10
103.1499999999999915
20
-103.5600000000000023
11
102.6999999999999886
21
-103.5600000000000023
0
LINE
8
BLACK
6
CONTINUOUS
10
102.6999999999999886
20
-103.5600000000000023
11
102.6999999999999886
21
-103.1099999999999994
0
LINE
8
BLACK
6
CONTINUOUS
10
102.6999999999999886
20
-103.1099999999999994
11
87.5705569999999938
21
-103.1099999999999994
0
LINE
8
BLACK
6
CONTINUOUS
10
87.5705569999999938
20
-103.1099999999999994
11
87.5411069999999967
21
-103.1540749999999917
0
LINE
8
BLACK
6
CONTINUOUS
10
87.5411069999999967
20
-103.1540749999999917
11
87.444074999999998
21
-103.2511069999999904
0
LINE
8
BLACK
6
CONTINUOUS
10
87.444074999999998
20
-103.2511069999999904
11
87.329977999999997
21
-103.327344999999994
0
LINE
8
BLACK
6
CONTINUOUS
10
87.329977999999997
20
-103.327344999999994
11
87.2031989999999979
21
-103.3798579999999987
0
LINE
8
BLACK
6
CONTINUOUS
10
87.2031989999999979
20
-103.3798579999999987
11
87.0686120000000017
21
-103.4066289999999952
0
LINE
8
BLACK
6
CONTINUOUS
10
87.0686120000000017
20
-103.4066289999999952
11
86.9313879999999983
21
-103.4066289999999952
0
LINE
8
BLACK
6
CONTINUOUS
10
86.9313879999999983
20
-103.4066289999999952
11
86.7968010000000021
21
-103.3798579999999987
0
LINE
8
BLACK
6
CONTINUOUS
10
86.7968010000000021
20
-103.3798579999999987
11
86.670022000000003
21
-103.327344999999994
0
LINE
8
BLACK
6
CONTINUOUS
10
86.670022000000003
20
-103.327344999999994
11
86.555925000000002
21
-103.2511069999999904
0
LINE
8
BLACK
6
CONTINUOUS
10
86.555925000000002
20
-103.2511069999999904
11
86.4588929999999891
21
-103.1540749999999917
0
LINE
8
BLACK
6
CONTINUOUS
10
86.4588929999999891
20
-103.1540749999999917
11
86.3826549999999997
21
-103.0399779999999907
0
LINE
8
BLACK
6
CONTINUOUS
10
86.3826549999999997
20
-103.0399779999999907
11
86.3301419999999951
21
-102.9131989999999917
0
LINE
8
BLACK
6
CONTINUOUS
10
86.3301419999999951
20
-102.9131989999999917
11
86.3033709999999985
21
-102.7786119999999954
0
LINE
8
BLACK
6
CONTINUOUS
10
86.3033709999999985
20
-102.7786119999999954
11
86.3033709999999985
21
-102.6413879999999921
0
LINE
8
BLACK
6
CONTINUOUS
10
86.3033709999999985
20
-102.6413879999999921
11
86.3301419999999951
21
-102.5068009999999958
0
LINE
8
BLACK
6
CONTINUOUS
10
86.3301419999999951
20
-102.5068009999999958
11
86.3826549999999997
21
-102.3800219999999968
0
LINE
8
BLACK
6
CONTINUOUS
10
86.3826549999999997
20
-102.3800219999999968
11
86.4588929999999891
21
-102.2659249999999957
0
LINE
8
BLACK
6
CONTINUOUS
10
86.4588929999999891
20
-102.2659249999999957
11
86.555925000000002
21
-102.1688929999999971
0
LINE
8
BLACK
6
CONTINUOUS
10
86.555925000000002
20
-102.1688929999999971
11
86.670022000000003
21
-102.0926549999999935
0
LINE
8
BLACK
6
CONTINUOUS
10
86.670022000000003
20
-102.0926549999999935
11
86.7968010000000021
21
-102.0401419999999888
0
LINE
8
BLACK
6
CONTINUOUS
10
86.7968010000000021
20
-102.0401419999999888
11
86.9313879999999983
21
-102.0133709999999923
0
LINE
8
BLACK
6
CONTINUOUS
10
86.9313879999999983
20
-102.0133709999999923
11
87.0686120000000017
21
-102.0133709999999923
0
LINE
8
BLACK
6
CONTINUOUS
10
87.0686120000000017
20
-102.0133709999999923
11
87.2031989999999979
21
-102.0401419999999888
0
LINE
8
BLACK
6
CONTINUOUS
10
87.2031989999999979
20
-102.0401419999999888
11
87.329977999999997
21
-102.0926549999999935
0
LINE
8
BLACK
6
CONTINUOUS
10
87.329977999999997
20
-102.0926549999999935
11
87.444074999999998
21
-102.1688929999999971
0
LINE
8
BLACK
6
CONTINUOUS
10
87.444074999999998
20
-102.1688929999999971
11
87.5411069999999967
21
-102.2659249999999957
0
LINE
8
BLACK
6
CONTINUOUS
10
87.5411069999999967
20
-102.2659249999999957
11
87.5705569999999938
21
-102.3100000000000023
0
LINE
8
BLACK
6
CONTINUOUS
10
87.5705569999999938
20
-102.3100000000000023
11
102.6999999999999886
21
-102.3100000000000023
0
LINE
8
BLACK
6
CONTINUOUS
10
102.6999999999999886
20
-102.3100000000000023
11
102.6999999999999886
21
-101.8599999999999994
0
LINE
8
BLACK
6
CONTINUOUS
10
102.6999999999999886
20
-101.8599999999999994
11
104.3999999999999915
21
-101.8599999999999994
0
LINE
8
BLACK
6
CONTINUOUS
10
104.3999999999999915
20
-101.8599999999999994
11
104.3999999999999915
21
-103.5600000000000023
0
LINE
8
BLACK
6
CONTINUOUS
10
101.2225389999999976
20
-124.7401849999999968
11
101.2682939999999974
21
-124.7929889999999915
0
LINE
8
BLACK
6
CONTINUOUS
10
101.2682939999999974
20
-124.7929889999999915
11
101.2794999999999987
21
-124.8444999999999965
0
LINE
8
BLACK
6
CONTINUOUS
10
101.2794999999999987
20
-124.8444999999999965
11
101.2794999999999987
21
-124.8943239999999975
0
LINE
8
BLACK
6
CONTINUOUS
10
101.2794999999999987
20
-124.8943239999999975
11
101.3121379999999903
21
-125.1003899999999902
0
LINE
8
BLACK
6
CONTINUOUS
10
101.3121379999999903
20
-125.1003899999999902
11
101.3121379999999903
21
-125.1003929999999968
0
LINE
8
BLACK
6
CONTINUOUS
10
101.3121379999999903
20
-125.1003929999999968
11
101.3240919999999932
21
-125.1371819999999957
0
LINE
8
BLACK
6
CONTINUOUS
10
101.3240919999999932
20
-125.1371819999999957
11
101.3260870000000011
21
-125.2070229999999924
0
LINE
8
BLACK
6
CONTINUOUS
10
101.3260870000000011
20
-125.2070229999999924
11
101.2900059999999911
21
-125.26685599999999
0
LINE
8
BLACK
6
CONTINUOUS
10
101.2900059999999911
20
-125.26685599999999
11
101.2273050000000012
21
-125.2976839999999896
0
LINE
8
BLACK
6
CONTINUOUS
10
101.2273050000000012
20
-125.2976839999999896
11
101.2061609999999945
21
-125.2994999999999948
0
LINE
8
BLACK
6
CONTINUOUS
10
101.2061609999999945
20
-125.2994999999999948
11
100.5086259999999925
21
-125.2994999999999948
0
LINE
8
BLACK
6
CONTINUOUS
10
100.5086259999999925
20
-125.2994999999999948
11
100.4415869999999984
21
-125.2798149999999993
0
LINE
8
BLACK
6
CONTINUOUS
10
100.4415869999999984
20
-125.2798149999999993
11
100.420944999999989
21
-125.2631809999999888
0
LINE
8
BLACK
6
CONTINUOUS
10
100.420944999999989
20
-125.2631809999999888
11
100.0899450000000002
21
-124.9321809999999999
0
LINE
8
BLACK
6
CONTINUOUS
10
100.0899450000000002
20
-124.9321809999999999
11
100.0564600000000013
21
-124.8708579999999984
0
LINE
8
BLACK
6
CONTINUOUS
10
100.0564600000000013
20
-124.8708579999999984
11
100.0614439999999945
21
-124.8011659999999949
0
LINE
8
BLACK
6
CONTINUOUS
10
100.0614439999999945
20
-124.8011659999999949
11
100.1033159999999924
21
-124.7452329999999989
0
LINE
8
BLACK
6
CONTINUOUS
10
100.1033159999999924
20
-124.7452329999999989
11
100.1687799999999982
21
-124.7208159999999992
0
LINE
8
BLACK
6
CONTINUOUS
10
100.1687799999999982
20
-124.7208159999999992
11
100.1776259999999894
21
-124.7205000000000013
0
LINE
8
BLACK
6
CONTINUOUS
10
100.1776259999999894
20
-124.7205000000000013
11
101.1554999999999893
21
-124.7205000000000013
0
LINE
8
BLACK
6
CONTINUOUS
10
101.1554999999999893
20
-124.7205000000000013
11
101.2225389999999976
21
-124.7401849999999968
0
LINE
8
BLACK
6
CONTINUOUS
10
94.9531989999999979
20
-119.0401419999999888
11
95.079977999999997
21
-119.0926549999999935
0
LINE
8
BLACK
6
CONTINUOUS
10
95.079977999999997
20
-119.0926549999999935
11
95.194074999999998
21
-119.1688929999999971
0
LINE
8
BLACK
6
CONTINUOUS
10
95.194074999999998
20
-119.1688929999999971
11
95.2911069999999967
21
-119.2659249999999957
0
LINE
8
BLACK
6
CONTINUOUS
10
95.2911069999999967
20
-119.2659249999999957
11
95.3205569999999938
21
-119.3099999999999881
0
LINE
8
BLACK
6
CONTINUOUS
10
95.3205569999999938
20
-119.3099999999999881
11
97.679442999999992
21
-119.3099999999999881
0
LINE
8
BLACK
6
CONTINUOUS
10
97.679442999999992
20
-119.3099999999999881
11
97.7088929999999891
21
-119.2659249999999957
0
LINE
8
BLACK
6
CONTINUOUS
10
97.7088929999999891
20
-119.2659249999999957
11
97.805925000000002
21
-119.1688929999999971
0
LINE
8
BLACK
6
CONTINUOUS
10
97.805925000000002
20
-119.1688929999999971
11
97.9200219999999888
21
-119.0926549999999935
0
LINE
8
BLACK
6
CONTINUOUS
10
97.9200219999999888
20
-119.0926549999999935
11
98.0468010000000021
21
-119.0401419999999888
0
LINE
8
BLACK
6
CONTINUOUS
10
98.0468010000000021
20
-119.0401419999999888
11
98.1813879999999983
21
-119.0133709999999923
0
LINE
8
BLACK
6
CONTINUOUS
10
98.1813879999999983
20
-119.0133709999999923
11
98.3186120000000017
21
-119.0133709999999923
0
LINE
8
BLACK
6
CONTINUOUS
10
98.3186120000000017
20
-119.0133709999999923
11
98.4531989999999979
21
-119.0401419999999888
0
LINE
8
BLACK
6
CONTINUOUS
10
98.4531989999999979
20
-119.0401419999999888
11
98.579977999999997
21
-119.0926549999999935
0
LINE
8
BLACK
6
CONTINUOUS
10
98.579977999999997
20
-119.0926549999999935
11
98.694074999999998
21
-119.1688929999999971
0
LINE
8
BLACK
6
CONTINUOUS
10
98.694074999999998
20
-119.1688929999999971
11
98.7911069999999967
21
-119.2659249999999957
0
LINE
8
BLACK
6
CONTINUOUS
10
98.7911069999999967
20
-119.2659249999999957
11
98.8673450000000003
21
-119.3800219999999968
0
LINE
8
BLACK
6
CONTINUOUS
10
98.8673450000000003
20
-119.3800219999999968
11
98.9198579999999907
21
-119.5068009999999958
0
LINE
8
BLACK
6
CONTINUOUS
10
98.9198579999999907
20
-119.5068009999999958
11
98.9466290000000015
21
-119.6413879999999921
0
LINE
8
BLACK
6
CONTINUOUS
10
98.9466290000000015
20
-119.6413879999999921
11
98.9466290000000015
21
-119.7786119999999954
0
LINE
8
BLACK
6
CONTINUOUS
10
98.9466290000000015
20
-119.7786119999999954
11
98.9198579999999907
21
-119.9131989999999917
0
LINE
8
BLACK
6
CONTINUOUS
10
98.9198579999999907
20
-119.9131989999999917
11
98.8673450000000003
21
-120.0399779999999907
0
LINE
8
BLACK
6
CONTINUOUS
10
98.8673450000000003
20
-120.0399779999999907
11
98.7911069999999967
21
-120.1540749999999917
0
LINE
8
BLACK
6
CONTINUOUS
10
98.7911069999999967
20
-120.1540749999999917
11
98.694074999999998
21
-120.2511069999999904
0
LINE
8
BLACK
6
CONTINUOUS
10
98.694074999999998
20
-120.2511069999999904
11
98.6499999999999915
21
-120.2805569999999875
0
LINE
8
BLACK
6
CONTINUOUS
10
98.6499999999999915
20
-120.2805569999999875
11
98.6499999999999915
21
-121.5592889999999926
0
LINE
8
BLACK
6
CONTINUOUS
10
98.6499999999999915
20
-121.5592889999999926
11
100.2107109999999892
21
-123.1199999999999903
0
LINE
8
BLACK
6
CONTINUOUS
10
100.2107109999999892
20
-123.1199999999999903
11
102.2688890000000015
21
-123.1199999999999903
0
LINE
8
BLACK
6
CONTINUOUS
10
102.2688890000000015
20
-123.1199999999999903
11
102.2853999999999957
21
-123.1034889999999962
0
LINE
8
BLACK
6
CONTINUOUS
10
102.2853999999999957
20
-123.1034889999999962
11
102.404090999999994
21
-123.0349629999999905
0
LINE
8
BLACK
6
CONTINUOUS
10
102.404090999999994
20
-123.0349629999999905
11
102.5364739999999983
21
-122.9994909999999919
0
LINE
8
BLACK
6
CONTINUOUS
10
102.5364739999999983
20
-122.9994909999999919
11
102.6049999999999898
21
-122.9949999999999903
0
LINE
8
BLACK
6
CONTINUOUS
10
102.6049999999999898
20
-122.9949999999999903
11
103.0549999999999926
21
-122.9949999999999903
0
LINE
8
BLACK
6
CONTINUOUS
10
103.0549999999999926
20
-122.9949999999999903
11
103.1235259999999982
21
-122.9994909999999919
0
LINE
8
BLACK
6
CONTINUOUS
10
103.1235259999999982
20
-122.9994909999999919
11
103.2559089999999884
21
-123.0349629999999905
0
LINE
8
BLACK
6
CONTINUOUS
10
103.2559089999999884
20
-123.0349629999999905
11
103.3746000000000009
21
-123.1034889999999962
0
LINE
8
BLACK
6
CONTINUOUS
10
103.3746000000000009
20
-123.1034889999999962
11
103.4715109999999925
21
-123.2003999999999877
0
LINE
8
BLACK
6
CONTINUOUS
10
103.4715109999999925
20
-123.2003999999999877
11
103.5400369999999981
21
-123.3190910000000002
0
LINE
8
BLACK
6
CONTINUOUS
10
103.5400369999999981
20
-123.3190910000000002
11
103.5755089999999967
21
-123.4514739999999904
0
LINE
8
BLACK
6
CONTINUOUS
10
103.5755089999999967
20
-123.4514739999999904
11
103.5755089999999967
21
-123.5885259999999874
0
LINE
8
BLACK
6
CONTINUOUS
10
103.5755089999999967
20
-123.5885259999999874
11
103.5400369999999981
21
-123.7209089999999918
0
LINE
8
BLACK
6
CONTINUOUS
10
103.5400369999999981
20
-123.7209089999999918
11
103.4715109999999925
21
-123.8395999999999901
0
LINE
8
BLACK
6
CONTINUOUS
10
103.4715109999999925
20
-123.8395999999999901
11
103.3746000000000009
21
-123.9365109999999959
0
LINE
8
BLACK
6
CONTINUOUS
10
103.3746000000000009
20
-123.9365109999999959
11
103.2559089999999884
21
-124.0050369999999873
0
LINE
8
BLACK
6
CONTINUOUS
10
103.2559089999999884
20
-124.0050369999999873
11
103.1235259999999982
21
-124.0405090000000001
0
LINE
8
BLACK
6
CONTINUOUS
10
103.1235259999999982
20
-124.0405090000000001
11
103.0549999999999926
21
-124.0449999999999875
0
LINE
8
BLACK
6
CONTINUOUS
10
103.0549999999999926
20
-124.0449999999999875
11
102.6049999999999898
21
-124.0449999999999875
0
LINE
8
BLACK
6
CONTINUOUS
10
102.6049999999999898
20
-124.0449999999999875
11
102.5364739999999983
21
-124.0405090000000001
0
LINE
8
BLACK
6
CONTINUOUS
10
102.5364739999999983
20
-124.0405090000000001
11
102.404090999999994
21
-124.0050369999999873
0
LINE
8
BLACK
6
CONTINUOUS
10
102.404090999999994
20
-124.0050369999999873
11
102.2853999999999957
21
-123.9365109999999959
0
LINE
8
BLACK
6
CONTINUOUS
10
102.2853999999999957
20
-123.9365109999999959
11
102.2688890000000015
21
-123.9199999999999875
0
LINE
8
BLACK
6
CONTINUOUS
10
102.2688890000000015
20
-123.9199999999999875
11
100.0450249999999954
21
-123.9199999999999875
0
LINE
8
BLACK
6
CONTINUOUS
10
100.0450249999999954
20
-123.9199999999999875
11
99.9928149999999931
21
-123.9165780000000012
0
LINE
8
BLACK
6
CONTINUOUS
10
99.9928149999999931
20
-123.9165780000000012
11
99.8919509999999917
21
-123.8895519999999948
0
LINE
8
BLACK
6
CONTINUOUS
10
99.8919509999999917
20
-123.8895519999999948
11
99.8015199999999965
21
-123.837340999999995
0
LINE
8
BLACK
6
CONTINUOUS
10
99.8015199999999965
20
-123.837340999999995
11
99.7621819999999957
21
-123.8028429999999958
0
LINE
8
BLACK
6
CONTINUOUS
10
99.7621819999999957
20
-123.8028429999999958
11
97.9671570000000003
21
-122.0078180000000003
0
LINE
8
BLACK
6
CONTINUOUS
10
97.9671570000000003
20
-122.0078180000000003
11
97.932659000000001
21
-121.9684799999999996
0
LINE
8
BLACK
6
CONTINUOUS
10
97.932659000000001
20
-121.9684799999999996
11
97.8804480000000012
21
-121.8780489999999901
0
LINE
8
BLACK
6
CONTINUOUS
10
97.8804480000000012
20
-121.8780489999999901
11
97.8534219999999948
21
-121.7771849999999887
0
LINE
8
BLACK
6
CONTINUOUS
10
97.8534219999999948
20
-121.7771849999999887
11
97.8499999999999943
21
-121.7249750000000006
0
LINE
8
BLACK
6
CONTINUOUS
10
97.8499999999999943
20
-121.7249750000000006
11
97.8499999999999943
21
-120.2805569999999875
0
LINE
8
BLACK
6
CONTINUOUS
10
97.8499999999999943
20
-120.2805569999999875
11
97.805925000000002
21
-120.2511069999999904
0
LINE
8
BLACK
6
CONTINUOUS
10
97.805925000000002
20
-120.2511069999999904
11
97.7088929999999891
21
-120.1540749999999917
0
LINE
8
BLACK
6
CONTINUOUS
10
97.7088929999999891
20
-120.1540749999999917
11
97.679442999999992
21
-120.1099999999999994
0
LINE
8
BLACK
6
CONTINUOUS
10
97.679442999999992
20
-120.1099999999999994
11
95.3205569999999938
21
-120.1099999999999994
0
LINE
8
BLACK
6
CONTINUOUS
10
95.3205569999999938
20
-120.1099999999999994
11
95.2911069999999967
21
-120.1540749999999917
0
LINE
8
BLACK
6
CONTINUOUS
10
95.2911069999999967
20
-120.1540749999999917
11
95.194074999999998
21
-120.2511069999999904
0
LINE
8
BLACK
6
CONTINUOUS
10
95.194074999999998
20
-120.2511069999999904
11
95.079977999999997
21
-120.327344999999994
0
LINE
8
BLACK
6
CONTINUOUS
10
95.079977999999997
20
-120.327344999999994
11
94.9531989999999979
21
-120.3798579999999987
0
LINE
8
BLACK
6
CONTINUOUS
10
94.9531989999999979
20
-120.3798579999999987
11
94.8186120000000017
21
-120.4066289999999952
0
LINE
8
BLACK
6
CONTINUOUS
10
94.8186120000000017
20
-120.4066289999999952
11
94.6813879999999983
21
-120.4066289999999952
0
LINE
8
BLACK
6
CONTINUOUS
10
94.6813879999999983
20
-120.4066289999999952
11
94.5468010000000021
21
-120.3798579999999987
0
LINE
8
BLACK
6
CONTINUOUS
10
94.5468010000000021
20
-120.3798579999999987
11
94.4200219999999888
21
-120.327344999999994
0
LINE
8
BLACK
6
CONTINUOUS
10
94.4200219999999888
20
-120.327344999999994
11
94.305925000000002
21
-120.2511069999999904
0
LINE
8
BLACK
6
CONTINUOUS
10
94.305925000000002
20
-120.2511069999999904
11
94.2088929999999891
21
-120.1540749999999917
0
LINE
8
BLACK
6
CONTINUOUS
10
94.2088929999999891
20
-120.1540749999999917
11
94.1326549999999997
21
-120.0399779999999907
0
LINE
8
BLACK
6
CONTINUOUS
10
94.1326549999999997
20
-120.0399779999999907
11
94.0801419999999951
21
-119.9131989999999917
0
LINE
8
BLACK
6
CONTINUOUS
10
94.0801419999999951
20
-119.9131989999999917
11
94.0533709999999985
21
-119.7786119999999954
0
LINE
8
BLACK
6
CONTINUOUS
10
94.0533709999999985
20
-119.7786119999999954
11
94.0533709999999985
21
-119.6413879999999921
0
LINE
8
BLACK
6
CONTINUOUS
10
94.0533709999999985
20
-119.6413879999999921
11
94.0801419999999951
21
-119.5068009999999958
0
LINE
8
BLACK
6
CONTINUOUS
10
94.0801419999999951
20
-119.5068009999999958
11
94.1326549999999997
21
-119.3800219999999968
0
LINE
8
BLACK
6
CONTINUOUS
10
94.1326549999999997
20
-119.3800219999999968
11
94.2088929999999891
21
-119.2659249999999957
0
LINE
8
BLACK
6
CONTINUOUS
10
94.2088929999999891
20
-119.2659249999999957
11
94.305925000000002
21
-119.1688929999999971
0
LINE
8
BLACK
6
CONTINUOUS
10
94.305925000000002
20
-119.1688929999999971
11
94.4200219999999888
21
-119.0926549999999935
0
LINE
8
BLACK
6
CONTINUOUS
10
94.4200219999999888
20
-119.0926549999999935
11
94.5468010000000021
21
-119.0401419999999888
0
LINE
8
BLACK
6
CONTINUOUS
10
94.5468010000000021
20
-119.0401419999999888
11
94.6813879999999983
21
-119.0133709999999923
0
LINE
8
BLACK
6
CONTINUOUS
10
94.6813879999999983
20
-119.0133709999999923
11
94.8186120000000017
21
-119.0133709999999923
0
LINE
8
BLACK
6
CONTINUOUS
10
94.8186120000000017
20
-119.0133709999999923
11
94.9531989999999979
21
-119.0401419999999888
0
LINE
8
BLACK
6
CONTINUOUS
10
106.9819949999999977
20
-117.0234239999999915
11
107.0097200000000015
21
-117.028222999999997
0
LINE
8
BLACK
6
CONTINUOUS
10
107.0097200000000015
20
-117.028222999999997
11
107.015074999999996
21
-117.0331379999999939
0
LINE
8
BLACK
6
CONTINUOUS
10
107.015074999999996
20
-117.0331379999999939
11
107.0220459999999889
21
-117.0351849999999985
0
LINE
8
BLACK
6
CONTINUOUS
10
107.0220459999999889
20
-117.0351849999999985
11
107.0404640000000001
21
-117.0564409999999924
0
LINE
8
BLACK
6
CONTINUOUS
10
107.0404640000000001
20
-117.0564409999999924
11
107.0611949999999979
21
-117.0754680000000008
0
LINE
8
BLACK
6
CONTINUOUS
10
107.0611949999999979
20
-117.0754680000000008
11
107.0630419999999958
21
-117.0824969999999894
0
LINE
8
BLACK
6
CONTINUOUS
10
107.0630419999999958
20
-117.0824969999999894
11
107.0678009999999887
21
-117.0879889999999932
0
LINE
8
BLACK
6
CONTINUOUS
10
107.0678009999999887
20
-117.0879889999999932
11
107.0718040000000002
21
-117.1158349999999899
0
LINE
8
BLACK
6
CONTINUOUS
10
107.0718040000000002
20
-117.1158349999999899
11
107.0789559999999909
21
-117.1430429999999916
0
LINE
8
BLACK
6
CONTINUOUS
10
107.0789559999999909
20
-117.1430429999999916
11
107.0771859999999975
21
-117.1532649999999904
0
LINE
8
BLACK
6
CONTINUOUS
10
107.0771859999999975
20
-117.1532649999999904
11
107.0777449999999931
21
-117.1571469999999948
0
LINE
8
BLACK
6
CONTINUOUS
10
107.0777449999999931
20
-117.1571469999999948
11
107.072936999999996
21
-117.177819999999997
0
LINE
8
BLACK
6
CONTINUOUS
10
107.072936999999996
20
-117.177819999999997
11
107.0689099999999883
21
-117.1902119999999883
0
LINE
8
BLACK
6
CONTINUOUS
10
107.0689099999999883
20
-117.1902119999999883
11
107.039794999999998
21
-117.3740379999999988
0
LINE
8
BLACK
6
CONTINUOUS
10
107.039794999999998
20
-117.3740379999999988
11
107.0294999999999987
21
-117.4390379999999965
0
LINE
8
BLACK
6
CONTINUOUS
10
107.0294999999999987
20
-117.4390379999999965
11
107.0294999999999987
21
-117.690961999999999
0
LINE
8
BLACK
6
CONTINUOUS
10
107.0294999999999987
20
-117.690961999999999
11
107.058614999999989
21
-117.8747849999999886
0
LINE
8
BLACK
6
CONTINUOUS
10
107.058614999999989
20
-117.8747849999999886
11
107.0689099999999883
21
-117.9397850000000005
0
LINE
8
BLACK
6
CONTINUOUS
10
107.0689099999999883
20
-117.9397850000000005
11
107.1467600000000004
21
-118.1793830000000014
0
LINE
8
BLACK
6
CONTINUOUS
10
107.1467600000000004
20
-118.1793830000000014
11
107.2611319999999893
21
-118.4038479999999964
0
LINE
8
BLACK
6
CONTINUOUS
10
107.2611319999999893
20
-118.4038479999999964
11
107.4058179999999965
21
-118.6029920000000004
0
LINE
8
BLACK
6
CONTINUOUS
10
107.4058179999999965
20
-118.6029920000000004
11
107.4292979999999886
21
-118.6687979999999953
0
LINE
8
BLACK
6
CONTINUOUS
10
107.4292979999999886
20
-118.6687979999999953
11
107.4294999999999902
21
-118.6758769999999998
0
LINE
8
BLACK
6
CONTINUOUS
10
107.4294999999999902
20
-118.6758769999999998
11
107.4294999999999902
21
-119.8799779999999942
0
LINE
8
BLACK
6
CONTINUOUS
10
107.4294999999999902
20
-119.8799779999999942
11
107.4098149999999947
21
-119.9470169999999882
0
LINE
8
BLACK
6
CONTINUOUS
10
107.4098149999999947
20
-119.9470169999999882
11
107.3931809999999984
21
-119.9676589999999976
0
LINE
8
BLACK
6
CONTINUOUS
10
107.3931809999999984
20
-119.9676589999999976
11
107.3710710000000006
21
-119.989767999999998
0
LINE
8
BLACK
6
CONTINUOUS
10
107.3710710000000006
20
-119.989767999999998
11
107.371065999999999
21
-119.989773999999997
0
LINE
8
BLACK
6
CONTINUOUS
10
107.371065999999999
20
-119.989773999999997
11
107.2183679999999981
21
-120.1999449999999996
0
LINE
8
BLACK
6
CONTINUOUS
10
107.2183679999999981
20
-120.1999449999999996
11
107.1004219999999947
21
-120.4314229999999952
0
LINE
8
BLACK
6
CONTINUOUS
10
107.1004219999999947
20
-120.4314229999999952
11
107.0201399999999978
21
-120.6785059999999987
0
LINE
8
BLACK
6
CONTINUOUS
10
107.0201399999999978
20
-120.6785059999999987
11
106.9795000000000016
21
-120.935096999999999
0
LINE
8
BLACK
6
CONTINUOUS
10
106.9795000000000016
20
-120.935096999999999
11
106.9795000000000016
21
-121.194901999999999
0
LINE
8
BLACK
6
CONTINUOUS
10
106.9795000000000016
20
-121.194901999999999
11
107.0201399999999978
21
-121.4514929999999993
0
LINE
8
BLACK
6
CONTINUOUS
10
107.0201399999999978
20
-121.4514929999999993
11
107.1004219999999947
21
-121.6985759999999885
0
LINE
8
BLACK
6
CONTINUOUS
10
107.1004219999999947
20
-121.6985759999999885
11
107.2183679999999981
21
-121.9300539999999984
0
LINE
8
BLACK
6
CONTINUOUS
10
107.2183679999999981
20
-121.9300539999999984
11
107.3376629999999921
21
-122.0942489999999907
0
LINE
8
BLACK
6
CONTINUOUS
10
107.3376629999999921
20
-122.0942489999999907
11
107.3710689999999914
21
-122.1402289999999908
0
LINE
8
BLACK
6
CONTINUOUS
10
107.3710689999999914
20
-122.1402289999999908
11
107.5547709999999881
21
-122.3239309999999875
0
LINE
8
BLACK
6
CONTINUOUS
10
107.5547709999999881
20
-122.3239309999999875
11
107.7649490000000014
21
-122.47663399999999
0
LINE
8
BLACK
6
CONTINUOUS
10
107.7649490000000014
20
-122.47663399999999
11
107.8987609999999933
21
-122.5448149999999998
0
LINE
8
BLACK
6
CONTINUOUS
10
107.8987609999999933
20
-122.5448149999999998
11
107.996422999999993
21
-122.594577000000001
0
LINE
8
BLACK
6
CONTINUOUS
10
107.996422999999993
20
-122.594577000000001
11
107.9964250000000021
21
-122.594577000000001
0
LINE
8
BLACK
6
CONTINUOUS
10
107.9964250000000021
20
-122.594577000000001
11
107.9964279999999945
21
-122.594578999999996
0
LINE
8
BLACK
6
CONTINUOUS
10
107.9964279999999945
20
-122.594578999999996
11
108.2435069999999939
21
-122.6748599999999954
0
LINE
8
BLACK
6
CONTINUOUS
10
108.2435069999999939
20
-122.6748599999999954
11
108.3757059999999939
21
-122.6957969999999989
0
LINE
8
BLACK
6
CONTINUOUS
10
108.3757059999999939
20
-122.6957969999999989
11
108.5000979999999942
21
-122.7154999999999916
0
LINE
8
BLACK
6
CONTINUOUS
10
108.5000979999999942
20
-122.7154999999999916
11
108.5001029999999957
21
-122.7154999999999916
0
LINE
8
BLACK
6
CONTINUOUS
10
108.5001029999999957
20
-122.7154999999999916
11
108.7599019999999967
21
-122.7154999999999916
0
LINE
8
BLACK
6
CONTINUOUS
10
108.7599019999999967
20
-122.7154999999999916
11
108.8732979999999912
21
-122.6975389999999919
0
LINE
8
BLACK
6
CONTINUOUS
10
108.8732979999999912
20
-122.6975389999999919
11
109.016492999999997
21
-122.6748599999999954
0
LINE
8
BLACK
6
CONTINUOUS
10
109.016492999999997
20
-122.6748599999999954
11
109.2635719999999964
21
-122.594578999999996
0
LINE
8
BLACK
6
CONTINUOUS
10
109.2635719999999964
20
-122.594578999999996
11
109.4950509999999895
21
-122.47663399999999
0
LINE
8
BLACK
6
CONTINUOUS
10
109.4950509999999895
20
-122.47663399999999
11
109.7052289999999886
21
-122.3239309999999875
0
LINE
8
BLACK
6
CONTINUOUS
10
109.7052289999999886
20
-122.3239309999999875
11
109.812318999999988
21
-122.2168409999999881
0
LINE
8
BLACK
6
CONTINUOUS
10
109.812318999999988
20
-122.2168409999999881
11
109.8736419999999896
21
-122.1833559999999892
0
LINE
8
BLACK
6
CONTINUOUS
10
109.8736419999999896
20
-122.1833559999999892
11
109.943333999999993
21
-122.1883399999999966
0
LINE
8
BLACK
6
CONTINUOUS
10
109.943333999999993
20
-122.1883399999999966
11
109.9876809999999949
21
-122.2168409999999881
0
LINE
8
BLACK
6
CONTINUOUS
10
109.9876809999999949
20
-122.2168409999999881
11
110.0947709999999944
21
-122.3239309999999875
0
LINE
8
BLACK
6
CONTINUOUS
10
110.0947709999999944
20
-122.3239309999999875
11
110.3049489999999935
21
-122.47663399999999
0
LINE
8
BLACK
6
CONTINUOUS
10
110.3049489999999935
20
-122.47663399999999
11
110.4387609999999995
21
-122.5448149999999998
0
LINE
8
BLACK
6
CONTINUOUS
10
110.4387609999999995
20
-122.5448149999999998
11
110.5364229999999992
21
-122.594577000000001
0
LINE
8
BLACK
6
CONTINUOUS
10
110.5364229999999992
20
-122.594577000000001
11
110.5364249999999942
21
-122.594577000000001
0
LINE
8
BLACK
6
CONTINUOUS
10
110.5364249999999942
20
-122.594577000000001
11
110.5364280000000008
21
-122.594578999999996
0
LINE
8
BLACK
6
CONTINUOUS
10
110.5364280000000008
20
-122.594578999999996
11
110.7835070000000002
21
-122.6748599999999954
0
LINE
8
BLACK
6
CONTINUOUS
10
110.7835070000000002
20
-122.6748599999999954
11
110.9157060000000001
21
-122.6957969999999989
0
LINE
8
BLACK
6
CONTINUOUS
10
110.9157060000000001
20
-122.6957969999999989
11
111.0400980000000004
21
-122.7154999999999916
0
LINE
8
BLACK
6
CONTINUOUS
10
111.0400980000000004
20
-122.7154999999999916
11
111.040103000000002
21
-122.7154999999999916
0
LINE
8
BLACK
6
CONTINUOUS
10
111.040103000000002
20
-122.7154999999999916
11
111.2999019999999888
21
-122.7154999999999916
0
LINE
8
BLACK
6
CONTINUOUS
10
111.2999019999999888
20
-122.7154999999999916
11
111.4132979999999975
21
-122.6975389999999919
0
LINE
8
BLACK
6
CONTINUOUS
10
111.4132979999999975
20
-122.6975389999999919
11
111.556492999999989
21
-122.6748599999999954
0
LINE
8
BLACK
6
CONTINUOUS
10
111.556492999999989
20
-122.6748599999999954
11
111.8035719999999884
21
-122.594578999999996
0
LINE
8
BLACK
6
CONTINUOUS
10
111.8035719999999884
20
-122.594578999999996
11
112.0350509999999957
21
-122.47663399999999
0
LINE
8
BLACK
6
CONTINUOUS
10
112.0350509999999957
20
-122.47663399999999
11
112.2452289999999948
21
-122.3239309999999875
0
LINE
8
BLACK
6
CONTINUOUS
10
112.2452289999999948
20
-122.3239309999999875
11
112.3523189999999943
21
-122.2168409999999881
0
LINE
8
BLACK
6
CONTINUOUS
10
112.3523189999999943
20
-122.2168409999999881
11
112.4136419999999958
21
-122.1833559999999892
0
LINE
8
BLACK
6
CONTINUOUS
10
112.4136419999999958
20
-122.1833559999999892
11
112.4833339999999993
21
-122.1883399999999966
0
LINE
8
BLACK
6
CONTINUOUS
10
112.4833339999999993
20
-122.1883399999999966
11
112.5276810000000012
21
-122.2168409999999881
0
LINE
8
BLACK
6
CONTINUOUS
10
112.5276810000000012
20
-122.2168409999999881
11
112.6347710000000006
21
-122.3239309999999875
0
LINE
8
BLACK
6
CONTINUOUS
10
112.6347710000000006
20
-122.3239309999999875
11
112.8449489999999997
21
-122.47663399999999
0
LINE
8
BLACK
6
CONTINUOUS
10
112.8449489999999997
20
-122.47663399999999
11
112.9787609999999916
21
-122.5448149999999998
0
LINE
8
BLACK
6
CONTINUOUS
10
112.9787609999999916
20
-122.5448149999999998
11
113.0764229999999912
21
-122.594577000000001
0
LINE
8
BLACK
6
CONTINUOUS
10
113.0764229999999912
20
-122.594577000000001
11
113.0764250000000004
21
-122.594577000000001
0
LINE
8
BLACK
6
CONTINUOUS
10
113.0764250000000004
20
-122.594577000000001
11
113.0764279999999928
21
-122.594578999999996
0
LINE
8
BLACK
6
CONTINUOUS
10
113.0764279999999928
20
-122.594578999999996
11
113.3235069999999922
21
-122.6748599999999954
0
LINE
8
BLACK
6
CONTINUOUS
10
113.3235069999999922
20
-122.6748599999999954
11
113.4557059999999922
21
-122.6957969999999989
0
LINE
8
BLACK
6
CONTINUOUS
10
113.4557059999999922
20
-122.6957969999999989
11
113.5800979999999925
21
-122.7154999999999916
0
LINE
8
BLACK
6
CONTINUOUS
10
113.5800979999999925
20
-122.7154999999999916
11
113.580102999999994
21
-122.7154999999999916
0
LINE
8
BLACK
6
CONTINUOUS
10
113.580102999999994
20
-122.7154999999999916
11
113.839901999999995
21
-122.7154999999999916
0
LINE
8
BLACK
6
CONTINUOUS
10
113.839901999999995
20
-122.7154999999999916
11
113.9532979999999895
21
-122.6975389999999919
0
LINE
8
BLACK
6
CONTINUOUS
10
113.9532979999999895
20
-122.6975389999999919
11
114.0964929999999953
21
-122.6748599999999954
0
LINE
8
BLACK
6
CONTINUOUS
10
114.0964929999999953
20
-122.6748599999999954
11
114.3435719999999947
21
-122.594578999999996
0
LINE
8
BLACK
6
CONTINUOUS
10
114.3435719999999947
20
-122.594578999999996
11
114.5750509999999878
21
-122.47663399999999
0
LINE
8
BLACK
6
CONTINUOUS
10
114.5750509999999878
20
-122.47663399999999
11
114.63677899999999
21
-122.4317849999999908
0
LINE
8
BLACK
6
CONTINUOUS
10
114.63677899999999
20
-122.4317849999999908
11
114.7025840000000017
21
-122.4083059999999961
0
LINE
8
BLACK
6
CONTINUOUS
10
114.7025840000000017
20
-122.4083059999999961
11
114.7706379999999911
21
-122.4241309999999885
0
LINE
8
BLACK
6
CONTINUOUS
10
114.7706379999999911
20
-122.4241309999999885
11
114.7973449999999929
21
-122.4444230000000005
0
LINE
8
BLACK
6
CONTINUOUS
10
114.7973449999999929
20
-122.4444230000000005
11
114.8977379999999897
21
-122.5448159999999973
0
LINE
8
BLACK
6
CONTINUOUS
10
114.8977379999999897
20
-122.5448159999999973
11
115.0504779999999982
21
-122.6407889999999981
0
LINE
8
BLACK
6
CONTINUOUS
10
115.0504779999999982
20
-122.6407889999999981
11
115.2207449999999938
21
-122.7003679999999974
0
LINE
8
BLACK
6
CONTINUOUS
10
115.2207449999999938
20
-122.7003679999999974
11
115.2207499999999953
21
-122.7003689999999949
0
LINE
8
BLACK
6
CONTINUOUS
10
115.2207499999999953
20
-122.7003689999999949
11
115.311245999999997
21
-122.7105649999999883
0
LINE
8
BLACK
6
CONTINUOUS
10
115.311245999999997
20
-122.7105649999999883
11
115.3550399999999883
21
-122.7154989999999941
0
LINE
8
BLACK
6
CONTINUOUS
10
115.3550399999999883
20
-122.7154989999999941
11
115.3550429999999949
21
-122.7154999999999916
0
LINE
8
BLACK
6
CONTINUOUS
10
115.3550429999999949
20
-122.7154999999999916
11
115.3550460000000015
21
-122.7154999999999916
0
LINE
8
BLACK
6
CONTINUOUS
10
115.3550460000000015
20
-122.7154999999999916
11
117.1449569999999909
21
-122.7154999999999916
0
LINE
8
BLACK
6
CONTINUOUS
10
117.1449569999999909
20
-122.7154999999999916
11
117.1449579999999884
21
-122.7154989999999941
0
LINE
8
BLACK
6
CONTINUOUS
10
117.1449579999999884
20
-122.7154989999999941
11
117.2121039999999965
21
-122.7079339999999945
0
LINE
8
BLACK
6
CONTINUOUS
10
117.2121039999999965
20
-122.7079339999999945
11
117.279248999999993
21
-122.7003689999999949
0
LINE
8
BLACK
6
CONTINUOUS
10
117.279248999999993
20
-122.7003689999999949
11
117.2792519999999996
21
-122.7003679999999974
0
LINE
8
BLACK
6
CONTINUOUS
10
117.2792519999999996
20
-122.7003679999999974
11
117.279254999999992
21
-122.7003679999999974
0
LINE
8
BLACK
6
CONTINUOUS
10
117.279254999999992
20
-122.7003679999999974
11
117.4495220000000018
21
-122.6407889999999981
0
LINE
8
BLACK
6
CONTINUOUS
10
117.4495220000000018
20
-122.6407889999999981
11
117.6022619999999961
21
-122.5448159999999973
0
LINE
8
BLACK
6
CONTINUOUS
10
117.6022619999999961
20
-122.5448159999999973
11
117.7298159999999996
21
-122.4172619999999938
0
LINE
8
BLACK
6
CONTINUOUS
10
117.7298159999999996
20
-122.4172619999999938
11
117.8257890000000003
21
-122.2645219999999995
0
LINE
8
BLACK
6
CONTINUOUS
10
117.8257890000000003
20
-122.2645219999999995
11
117.8853679999999997
21
-122.0942549999999898
0
LINE
8
BLACK
6
CONTINUOUS
10
117.8853679999999997
20
-122.0942549999999898
11
117.8866659999999911
21
-122.0827409999999986
0
LINE
8
BLACK
6
CONTINUOUS
10
117.8866659999999911
20
-122.0827409999999986
11
117.8929339999999968
21
-122.0271039999999942
0
LINE
8
BLACK
6
CONTINUOUS
10
117.8929339999999968
20
-122.0271039999999942
11
117.9004999999999939
21
-121.9599539999999962
0
LINE
8
BLACK
6
CONTINUOUS
10
117.9004999999999939
20
-121.9599539999999962
11
117.9004999999999939
21
-120.1700459999999993
0
LINE
8
BLACK
6
CONTINUOUS
10
117.9004999999999939
20
-120.1700459999999993
11
117.8853679999999997
21
-120.0357449999999915
0
LINE
8
BLACK
6
CONTINUOUS
10
117.8853679999999997
20
-120.0357449999999915
11
117.8257890000000003
21
-119.865477999999996
0
LINE
8
BLACK
6
CONTINUOUS
10
117.8257890000000003
20
-119.865477999999996
11
117.7298159999999996
21
-119.7127380000000016
0
LINE
8
BLACK
6
CONTINUOUS
10
117.7298159999999996
20
-119.7127380000000016
11
117.6022619999999961
21
-119.5851839999999982
0
LINE
8
BLACK
6
CONTINUOUS
10
117.6022619999999961
20
-119.5851839999999982
11
117.6022600000000011
21
-119.585181999999989
0
LINE
8
BLACK
6
CONTINUOUS
10
117.6022600000000011
20
-119.585181999999989
11
117.602257999999992
21
-119.5851809999999915
0
LINE
8
BLACK
6
CONTINUOUS
10
117.602257999999992
20
-119.5851809999999915
11
117.5085270000000008
21
-119.5262850000000014
0
LINE
8
BLACK
6
CONTINUOUS
10
117.5085270000000008
20
-119.5262850000000014
11
117.4622370000000018
21
-119.4739509999999996
0
LINE
8
BLACK
6
CONTINUOUS
10
117.4622370000000018
20
-119.4739509999999996
11
117.450499999999991
21
-119.421291999999994
0
LINE
8
BLACK
6
CONTINUOUS
10
117.450499999999991
20
-119.421291999999994
11
117.450499999999991
21
-118.7883109999999931
0
LINE
8
BLACK
6
CONTINUOUS
10
117.450499999999991
20
-118.7883109999999931
11
117.4701850000000007
21
-118.721271999999999
0
LINE
8
BLACK
6
CONTINUOUS
10
117.4701850000000007
20
-118.721271999999999
11
117.5229889999999955
21
-118.6755169999999993
0
LINE
8
BLACK
6
CONTINUOUS
10
117.5229889999999955
20
-118.6755169999999993
11
117.5921469999999971
21
-118.6655729999999949
0
LINE
8
BLACK
6
CONTINUOUS
10
117.5921469999999971
20
-118.6655729999999949
11
117.6557029999999884
21
-118.6945979999999992
0
LINE
8
BLACK
6
CONTINUOUS
10
117.6557029999999884
20
-118.6945979999999992
11
117.6621809999999897
21
-118.7006299999999896
0
LINE
8
BLACK
6
CONTINUOUS
10
117.6621809999999897
20
-118.7006299999999896
11
117.7473449999999957
21
-118.7857939999999957
0
LINE
8
BLACK
6
CONTINUOUS
10
117.7473449999999957
20
-118.7857939999999957
11
117.7473499999999973
21
-118.7857979999999998
0
LINE
8
BLACK
6
CONTINUOUS
10
117.7473499999999973
20
-118.7857979999999998
11
117.830373999999992
21
-118.8461179999999899
0
LINE
8
BLACK
6
CONTINUOUS
10
117.830373999999992
20
-118.8461179999999899
11
117.951155
21
-118.9338699999999989
0
LINE
8
BLACK
6
CONTINUOUS
10
117.951155
20
-118.9338699999999989
11
118.0941839999999985
21
-119.0067469999999901
0
LINE
8
BLACK
6
CONTINUOUS
10
118.0941839999999985
20
-119.0067469999999901
11
118.1756159999999909
21
-119.0482389999999953
0
LINE
8
BLACK
6
CONTINUOUS
10
118.1756159999999909
20
-119.0482389999999953
11
118.1756180000000001
21
-119.0482389999999953
0
LINE
8
BLACK
6
CONTINUOUS
10
118.1756180000000001
20
-119.0482389999999953
11
118.1756209999999925
21
-119.0482409999999902
0
LINE
8
BLACK
6
CONTINUOUS
10
118.1756209999999925
20
-119.0482409999999902
11
118.4152149999999892
21
-119.1260899999999907
0
LINE
8
BLACK
6
CONTINUOUS
10
118.4152149999999892
20
-119.1260899999999907
11
118.6640379999999908
21
-119.1654999999999944
0
LINE
8
BLACK
6
CONTINUOUS
10
118.6640379999999908
20
-119.1654999999999944
11
118.6640389999999883
21
-119.1654999999999944
0
LINE
8
BLACK
6
CONTINUOUS
10
118.6640389999999883
20
-119.1654999999999944
11
118.9159609999999958
21
-119.1654999999999944
0
LINE
8
BLACK
6
CONTINUOUS
10
118.9159609999999958
20
-119.1654999999999944
11
118.9159619999999933
21
-119.1654999999999944
0
LINE
8
BLACK
6
CONTINUOUS
10
118.9159619999999933
20
-119.1654999999999944
11
119.1647849999999949
21
-119.1260899999999907
0
LINE
8
BLACK
6
CONTINUOUS
10
119.1647849999999949
20
-119.1260899999999907
11
119.4043789999999916
21
-119.0482409999999902
0
LINE
8
BLACK
6
CONTINUOUS
10
119.4043789999999916
20
-119.0482409999999902
11
119.6288449999999983
21
-118.9338699999999989
0
LINE
8
BLACK
6
CONTINUOUS
10
119.6288449999999983
20
-118.9338699999999989
11
119.8326560000000001
21
-118.7857929999999982
0
LINE
8
BLACK
6
CONTINUOUS
10
119.8326560000000001
20
-118.7857929999999982
11
119.9723189999999988
21
-118.6461299999999994
0
LINE
8
BLACK
6
CONTINUOUS
10
119.9723189999999988
20
-118.6461299999999994
11
120.0336420000000004
21
-118.6126450000000006
0
LINE
8
BLACK
6
CONTINUOUS
10
120.0336420000000004
20
-118.6126450000000006
11
120.1033339999999896
21
-118.6176289999999938
0
LINE
8
BLACK
6
CONTINUOUS
10
120.1033339999999896
20
-118.6176289999999938
11
120.1476809999999915
21
-118.6461299999999994
0
LINE
8
BLACK
6
CONTINUOUS
10
120.1476809999999915
20
-118.6461299999999994
11
120.2873449999999877
21
-118.7857939999999957
0
LINE
8
BLACK
6
CONTINUOUS
10
120.2873449999999877
20
-118.7857939999999957
11
120.2873499999999893
21
-118.7857979999999998
0
LINE
8
BLACK
6
CONTINUOUS
10
120.2873499999999893
20
-118.7857979999999998
11
120.3703739999999982
21
-118.8461179999999899
0
LINE
8
BLACK
6
CONTINUOUS
10
120.3703739999999982
20
-118.8461179999999899
11
120.491154999999992
21
-118.9338699999999989
0
LINE
8
BLACK
6
CONTINUOUS
10
120.491154999999992
20
-118.9338699999999989
11
120.6341839999999905
21
-119.0067469999999901
0
LINE
8
BLACK
6
CONTINUOUS
10
120.6341839999999905
20
-119.0067469999999901
11
120.7156159999999971
21
-119.0482389999999953
0
LINE
8
BLACK
6
CONTINUOUS
10
120.7156159999999971
20
-119.0482389999999953
11
120.7156179999999921
21
-119.0482389999999953
0
LINE
8
BLACK
6
CONTINUOUS
10
120.7156179999999921
20
-119.0482389999999953
11
120.7156209999999987
21
-119.0482409999999902
0
LINE
8
BLACK
6
CONTINUOUS
10
120.7156209999999987
20
-119.0482409999999902
11
120.9552149999999955
21
-119.1260899999999907
0
LINE
8
BLACK
6
CONTINUOUS
10
120.9552149999999955
20
-119.1260899999999907
11
121.2040379999999971
21
-119.1654999999999944
0
LINE
8
BLACK
6
CONTINUOUS
10
121.2040379999999971
20
-119.1654999999999944
11
121.2040389999999945
21
-119.1654999999999944
0
LINE
8
BLACK
6
CONTINUOUS
10
121.2040389999999945
20
-119.1654999999999944
11
121.4559609999999878
21
-119.1654999999999944
0
LINE
8
BLACK
6
CONTINUOUS
10
121.4559609999999878
20
-119.1654999999999944
11
121.4559619999999995
21
-119.1654999999999944
0
LINE
8
BLACK
6
CONTINUOUS
10
121.4559619999999995
20
-119.1654999999999944
11
121.7047850000000011
21
-119.1260899999999907
0
LINE
8
BLACK
6
CONTINUOUS
10
121.7047850000000011
20
-119.1260899999999907
11
121.7047899999999885
21
-119.1260879999999958
0
LINE
8
BLACK
6
CONTINUOUS
10
121.7047899999999885
20
-119.1260879999999958
11
121.7047919999999976
21
-119.1260879999999958
0
LINE
8
BLACK
6
CONTINUOUS
10
121.7047919999999976
20
-119.1260879999999958
11
121.7562559999999934
21
-119.1093659999999943
0
LINE
8
BLACK
6
CONTINUOUS
10
121.7562559999999934
20
-119.1093659999999943
11
121.8260969999999901
21
-119.1073689999999914
0
LINE
8
BLACK
6
CONTINUOUS
10
121.8260969999999901
20
-119.1073689999999914
11
121.8859299999999877
21
-119.1434489999999897
0
LINE
8
BLACK
6
CONTINUOUS
10
121.8859299999999877
20
-119.1434489999999897
11
121.9167599999999965
21
-119.2061489999999964
0
LINE
8
BLACK
6
CONTINUOUS
10
121.9167599999999965
20
-119.2061489999999964
11
121.9087959999999953
21
-119.2755639999999886
0
LINE
8
BLACK
6
CONTINUOUS
10
121.9087959999999953
20
-119.2755639999999886
11
121.8822569999999956
21
-119.314976999999999
0
LINE
8
BLACK
6
CONTINUOUS
10
121.8822569999999956
20
-119.314976999999999
11
117.6440549999999945
21
-123.553180999999995
0
LINE
8
BLACK
6
CONTINUOUS
10
117.6440549999999945
20
-123.553180999999995
11
117.5827319999999929
21
-123.5866659999999939
0
LINE
8
BLACK
6
CONTINUOUS
10
117.5827319999999929
20
-123.5866659999999939
11
117.556373999999991
21
-123.589500000000001
0
LINE
8
BLACK
6
CONTINUOUS
10
117.556373999999991
20
-123.589500000000001
11
104.5044999999999931
21
-123.589500000000001
0
LINE
8
BLACK
6
CONTINUOUS
10
104.5044999999999931
20
-123.589500000000001
11
104.437460999999999
21
-123.5698149999999913
0
LINE
8
BLACK
6
CONTINUOUS
10
104.437460999999999
20
-123.5698149999999913
11
104.3917059999999992
21
-123.5170109999999966
0
LINE
8
BLACK
6
CONTINUOUS
10
104.3917059999999992
20
-123.5170109999999966
11
104.3804999999999978
21
-123.4654999999999916
0
LINE
8
BLACK
6
CONTINUOUS
10
104.3804999999999978
20
-123.4654999999999916
11
104.3804999999999978
21
-123.4156749999999931
0
LINE
8
BLACK
6
CONTINUOUS
10
104.3804999999999978
20
-123.4156749999999931
11
104.3478619999999921
21
-123.2096099999999979
0
LINE
8
BLACK
6
CONTINUOUS
10
104.3478619999999921
20
-123.2096099999999979
11
104.3261959999999959
21
-123.1429309999999901
0
LINE
8
BLACK
6
CONTINUOUS
10
104.3261959999999959
20
-123.1429309999999901
11
104.3242010000000022
21
-123.0730899999999934
0
LINE
8
BLACK
6
CONTINUOUS
10
104.3242010000000022
20
-123.0730899999999934
11
104.3270859999999942
21
-123.0636569999999921
0
LINE
8
BLACK
6
CONTINUOUS
10
104.3270859999999942
20
-123.0636569999999921
11
104.3653679999999895
21
-122.9542549999999892
0
LINE
8
BLACK
6
CONTINUOUS
10
104.3653679999999895
20
-122.9542549999999892
11
104.3804999999999978
21
-122.8199539999999956
0
LINE
8
BLACK
6
CONTINUOUS
10
104.3804999999999978
20
-122.8199539999999956
11
104.3804999999999978
21
-121.6800459999999902
0
LINE
8
BLACK
6
CONTINUOUS
10
104.3804999999999978
20
-121.6800459999999902
11
104.3653679999999895
21
-121.5457449999999966
0
LINE
8
BLACK
6
CONTINUOUS
10
104.3653679999999895
20
-121.5457449999999966
11
104.3057889999999901
21
-121.3754780000000011
0
LINE
8
BLACK
6
CONTINUOUS
10
104.3057889999999901
20
-121.3754780000000011
11
104.2938299999999998
21
-121.3564459999999912
0
LINE
8
BLACK
6
CONTINUOUS
10
104.2938299999999998
20
-121.3564459999999912
11
104.264645999999999
21
-121.3099999999999881
0
LINE
8
BLACK
6
CONTINUOUS
10
104.264645999999999
20
-121.3099999999999881
11
104.2098159999999893
21
-121.2227379999999926
0
LINE
8
BLACK
6
CONTINUOUS
10
104.2098159999999893
20
-121.2227379999999926
11
104.0822620000000001
21
-121.0951839999999891
0
LINE
8
BLACK
6
CONTINUOUS
10
104.0822620000000001
20
-121.0951839999999891
11
104.0822609999999884
21
-121.0951829999999916
0
LINE
8
BLACK
6
CONTINUOUS
10
104.0822609999999884
20
-121.0951829999999916
11
104.0771850000000001
21
-121.0911349999999942
0
LINE
8
BLACK
6
CONTINUOUS
10
104.0771850000000001
20
-121.0911349999999942
11
104.0370459999999895
21
-121.0339460000000003
0
LINE
8
BLACK
6
CONTINUOUS
10
104.0370459999999895
20
-121.0339460000000003
11
104.0304999999999893
21
-120.994189999999989
0
LINE
8
BLACK
6
CONTINUOUS
10
104.0304999999999893
20
-120.994189999999989
11
104.0304999999999893
21
-118.6108769999999879
0
LINE
8
BLACK
6
CONTINUOUS
10
104.0304999999999893
20
-118.6108769999999879
11
104.050184999999999
21
-118.5438379999999938
0
LINE
8
BLACK
6
CONTINUOUS
10
104.050184999999999
20
-118.5438379999999938
11
104.0541819999999973
21
-118.5379919999999885
0
LINE
8
BLACK
6
CONTINUOUS
10
104.0541819999999973
20
-118.5379919999999885
11
104.102696999999992
21
-118.4712139999999891
0
LINE
8
BLACK
6
CONTINUOUS
10
104.102696999999992
20
-118.4712139999999891
11
104.1988699999999994
21
-118.3388449999999921
0
LINE
8
BLACK
6
CONTINUOUS
10
104.1988699999999994
20
-118.3388449999999921
11
104.3132409999999908
21
-118.1143789999999996
0
LINE
8
BLACK
6
CONTINUOUS
10
104.3132409999999908
20
-118.1143789999999996
11
104.3910899999999913
21
-117.8747849999999886
0
LINE
8
BLACK
6
CONTINUOUS
10
104.3910899999999913
20
-117.8747849999999886
11
104.430499999999995
21
-117.6259620000000012
0
LINE
8
BLACK
6
CONTINUOUS
10
104.430499999999995
20
-117.6259620000000012
11
104.430499999999995
21
-117.3740379999999988
0
LINE
8
BLACK
6
CONTINUOUS
10
104.430499999999995
20
-117.3740379999999988
11
104.3964249999999936
21
-117.1588979999999935
0
LINE
8
BLACK
6
CONTINUOUS
10
104.3964249999999936
20
-117.1588979999999935
11
104.4053799999999939
21
-117.0896039999999942
0
LINE
8
BLACK
6
CONTINUOUS
10
104.4053799999999939
20
-117.0896039999999942
11
104.4503759999999914
21
-117.0361520000000013
0
LINE
8
BLACK
6
CONTINUOUS
10
104.4503759999999914
20
-117.0361520000000013
11
104.5171270000000021
21
-117.0155129999999986
0
LINE
8
BLACK
6
CONTINUOUS
10
104.5171270000000021
20
-117.0155129999999986
11
104.518897999999993
21
-117.0154999999999887
0
LINE
8
BLACK
6
CONTINUOUS
10
104.518897999999993
20
-117.0154999999999887
11
106.9550069999999948
21
-117.0154999999999887
0
LINE
8
BLACK
6
CONTINUOUS
10
106.9550069999999948
20
-117.0154999999999887
11
106.9819949999999977
21
-117.0234239999999915
0
LINE
8
BLACK
6
CONTINUOUS
10
103.0622279999999904
20
-116.7344480000000004
11
103.2071169999999967
21
-116.7944629999999933
0
LINE
8
BLACK
6
CONTINUOUS
10
103.2071169999999967
20
-116.7944629999999933
11
103.3375149999999962
21
-116.8815919999999977
0
LINE
8
BLACK
6
CONTINUOUS
10
103.3375149999999962
20
-116.8815919999999977
11
103.4484080000000006
21
-116.9924849999999878
0
LINE
8
BLACK
6
CONTINUOUS
10
103.4484080000000006
20
-116.9924849999999878
11
103.5355369999999908
21
-117.1228830000000016
0
LINE
8
BLACK
6
CONTINUOUS
10
103.5355369999999908
20
-117.1228830000000016
11
103.5955519999999979
21
-117.2677719999999937
0
LINE
8
BLACK
6
CONTINUOUS
10
103.5955519999999979
20
-117.2677719999999937
11
103.6261480000000006
21
-117.4215859999999907
0
LINE
8
BLACK
6
CONTINUOUS
10
103.6261480000000006
20
-117.4215859999999907
11
103.6261480000000006
21
-117.5784139999999951
0
LINE
8
BLACK
6
CONTINUOUS
10
103.6261480000000006
20
-117.5784139999999951
11
103.5955519999999979
21
-117.7322279999999921
0
LINE
8
BLACK
6
CONTINUOUS
10
103.5955519999999979
20
-117.7322279999999921
11
103.5355369999999908
21
-117.8771169999999984
0
LINE
8
BLACK
6
CONTINUOUS
10
103.5355369999999908
20
-117.8771169999999984
11
103.4484080000000006
21
-118.0075149999999979
0
LINE
8
BLACK
6
CONTINUOUS
10
103.4484080000000006
20
-118.0075149999999979
11
103.3375149999999962
21
-118.1184079999999881
0
LINE
8
BLACK
6
CONTINUOUS
10
103.3375149999999962
20
-118.1184079999999881
11
103.2299999999999898
21
-118.1902469999999994
0
LINE
8
BLACK
6
CONTINUOUS
10
103.2299999999999898
20
-118.1902469999999994
11
103.2299999999999898
21
-121.7249999999999943
0
LINE
8
BLACK
6
CONTINUOUS
10
103.2299999999999898
20
-121.7249999999999943
11
103.5799999999999983
21
-121.7249999999999943
0
LINE
8
BLACK
6
CONTINUOUS
10
103.5799999999999983
20
-121.7249999999999943
11
103.5799999999999983
21
-122.7749999999999915
0
LINE
8
BLACK
6
CONTINUOUS
10
103.5799999999999983
20
-122.7749999999999915
11
102.0799999999999983
21
-122.7749999999999915
0
LINE
8
BLACK
6
CONTINUOUS
10
102.0799999999999983
20
-122.7749999999999915
11
102.0799999999999983
21
-121.7249999999999943
0
LINE
8
BLACK
6
CONTINUOUS
10
102.0799999999999983
20
-121.7249999999999943
11
102.4299999999999926
21
-121.7249999999999943
0
LINE
8
BLACK
6
CONTINUOUS
10
102.4299999999999926
20
-121.7249999999999943
11
102.4299999999999926
21
-118.1902469999999994
0
LINE
8
BLACK
6
CONTINUOUS
10
102.4299999999999926
20
-118.1902469999999994
11
102.3224850000000004
21
-118.1184079999999881
0
LINE
8
BLACK
6
CONTINUOUS
10
102.3224850000000004
20
-118.1184079999999881
11
102.211591999999996
21
-118.0075149999999979
0
LINE
8
BLACK
6
CONTINUOUS
10
102.211591999999996
20
-118.0075149999999979
11
102.1244629999999916
21
-117.8771169999999984
0
LINE
8
BLACK
6
CONTINUOUS
10
102.1244629999999916
20
-117.8771169999999984
11
102.0644479999999987
21
-117.7322279999999921
0
LINE
8
BLACK
6
CONTINUOUS
10
102.0644479999999987
20
-117.7322279999999921
11
102.033851999999996
21
-117.5784139999999951
0
LINE
8
BLACK
6
CONTINUOUS
10
102.033851999999996
20
-117.5784139999999951
11
102.033851999999996
21
-117.4215859999999907
0
LINE
8
BLACK
6
CONTINUOUS
10
102.033851999999996
20
-117.4215859999999907
11
102.0644479999999987
21
-117.2677719999999937
0
LINE
8
BLACK
6
CONTINUOUS
10
102.0644479999999987
20
-117.2677719999999937
11
102.1244629999999916
21
-117.1228830000000016
0
LINE
8
BLACK
6
CONTINUOUS
10
102.1244629999999916
20
-117.1228830000000016
11
102.211591999999996
21
-116.9924849999999878
0
LINE
8
BLACK
6
CONTINUOUS
10
102.211591999999996
20
-116.9924849999999878
11
102.3224850000000004
21
-116.8815919999999977
0
LINE
8
BLACK
6
CONTINUOUS
10
102.3224850000000004
20
-116.8815919999999977
11
102.4528829999999999
21
-116.7944629999999933
0
LINE
8
BLACK
6
CONTINUOUS
10
102.4528829999999999
20
-116.7944629999999933
11
102.597771999999992
21
-116.7344480000000004
0
LINE
8
BLACK
6
CONTINUOUS
10
102.597771999999992
20
-116.7344480000000004
11
102.751585999999989
21
-116.7038519999999977
0
LINE
8
BLACK
6
CONTINUOUS
10
102.751585999999989
20
-116.7038519999999977
11
102.9084139999999934
21
-116.7038519999999977
0
LINE
8
BLACK
6
CONTINUOUS
10
102.9084139999999934
20
-116.7038519999999977
11
103.0622279999999904
21
-116.7344480000000004
0
LINE
8
BLACK
6
CONTINUOUS
10
101.5488339999999994
20
-118.6071290000000005
11
101.6047669999999954
21
-118.6490009999999984
0
LINE
8
BLACK
6
CONTINUOUS
10
101.6047669999999954
20
-118.6490009999999984
11
101.6291839999999951
21
-118.7144649999999899
0
LINE
8
BLACK
6
CONTINUOUS
10
101.6291839999999951
20
-118.7144649999999899
11
101.6294999999999931
21
-118.7233109999999954
0
LINE
8
BLACK
6
CONTINUOUS
10
101.6294999999999931
20
-118.7233109999999954
11
101.6294999999999931
21
-120.994189999999989
0
LINE
8
BLACK
6
CONTINUOUS
10
101.6294999999999931
20
-120.994189999999989
11
101.6098149999999976
21
-121.0612289999999973
0
LINE
8
BLACK
6
CONTINUOUS
10
101.6098149999999976
20
-121.0612289999999973
11
101.5828149999999965
21
-121.0911349999999942
0
LINE
8
BLACK
6
CONTINUOUS
10
101.5828149999999965
20
-121.0911349999999942
11
101.5777379999999965
21
-121.0951829999999916
0
LINE
8
BLACK
6
CONTINUOUS
10
101.5777379999999965
20
-121.0951829999999916
11
101.450183999999993
21
-121.2227369999999951
0
LINE
8
BLACK
6
CONTINUOUS
10
101.450183999999993
20
-121.2227369999999951
11
101.3542109999999923
21
-121.3754759999999919
0
LINE
8
BLACK
6
CONTINUOUS
10
101.3542109999999923
20
-121.3754759999999919
11
101.2946309999999954
21
-121.5457449999999966
0
LINE
8
BLACK
6
CONTINUOUS
10
101.2946309999999954
20
-121.5457449999999966
11
101.2946299999999979
21
-121.5457499999999982
0
LINE
8
BLACK
6
CONTINUOUS
10
101.2946299999999979
20
-121.5457499999999982
11
101.2794999999999987
21
-121.6800389999999936
0
LINE
8
BLACK
6
CONTINUOUS
10
101.2794999999999987
20
-121.6800389999999936
11
101.2794999999999987
21
-122.1954999999999956
0
LINE
8
BLACK
6
CONTINUOUS
10
101.2794999999999987
20
-122.1954999999999956
11
101.259814999999989
21
-122.2625389999999896
0
LINE
8
BLACK
6
CONTINUOUS
10
101.259814999999989
20
-122.2625389999999896
11
101.2070109999999943
21
-122.3082939999999894
0
LINE
8
BLACK
6
CONTINUOUS
10
101.2070109999999943
20
-122.3082939999999894
11
101.1554999999999893
21
-122.3194999999999908
0
LINE
8
BLACK
6
CONTINUOUS
10
101.1554999999999893
20
-122.3194999999999908
11
100.5936499999999967
21
-122.3194999999999908
0
LINE
8
BLACK
6
CONTINUOUS
10
100.5936499999999967
20
-122.3194999999999908
11
100.5266109999999884
21
-122.2998149999999953
0
LINE
8
BLACK
6
CONTINUOUS
10
100.5266109999999884
20
-122.2998149999999953
11
100.5059689999999932
21
-122.283180999999999
0
LINE
8
BLACK
6
CONTINUOUS
10
100.5059689999999932
20
-122.283180999999999
11
99.486818999999997
21
-121.2640299999999911
0
LINE
8
BLACK
6
CONTINUOUS
10
99.486818999999997
20
-121.2640299999999911
11
99.4533339999999981
21
-121.2027069999999895
0
LINE
8
BLACK
6
CONTINUOUS
10
99.4533339999999981
20
-121.2027069999999895
11
99.450499999999991
21
-121.1763489999999877
0
LINE
8
BLACK
6
CONTINUOUS
10
99.450499999999991
20
-121.1763489999999877
11
99.450499999999991
21
-120.650745999999998
0
LINE
8
BLACK
6
CONTINUOUS
10
99.450499999999991
20
-120.650745999999998
11
99.4701850000000007
21
-120.5837069999999898
0
LINE
8
BLACK
6
CONTINUOUS
10
99.4701850000000007
20
-120.5837069999999898
11
99.4741729999999933
21
-120.5778709999999876
0
LINE
8
BLACK
6
CONTINUOUS
10
99.4741729999999933
20
-120.5778709999999876
11
99.5333430000000021
21
-120.4964329999999961
0
LINE
8
BLACK
6
CONTINUOUS
10
99.5333430000000021
20
-120.4964329999999961
11
99.6405680000000018
21
-120.2859919999999931
0
LINE
8
BLACK
6
CONTINUOUS
10
99.6405680000000018
20
-120.2859919999999931
11
99.7135529999999903
21
-120.0613680000000016
0
LINE
8
BLACK
6
CONTINUOUS
10
99.7135529999999903
20
-120.0613680000000016
11
99.7505000000000024
21
-119.8280969999999996
0
LINE
8
BLACK
6
CONTINUOUS
10
99.7505000000000024
20
-119.8280969999999996
11
99.7505000000000024
21
-119.5919019999999904
0
LINE
8
BLACK
6
CONTINUOUS
10
99.7505000000000024
20
-119.5919019999999904
11
99.7135529999999903
21
-119.3586309999999884
0
LINE
8
BLACK
6
CONTINUOUS
10
99.7135529999999903
20
-119.3586309999999884
11
99.686561999999995
21
-119.2755639999999886
0
LINE
8
BLACK
6
CONTINUOUS
10
99.686561999999995
20
-119.2755639999999886
11
99.6568630000000013
21
-119.1841609999999889
0
LINE
8
BLACK
6
CONTINUOUS
10
99.6568630000000013
20
-119.1841609999999889
11
99.6548689999999908
21
-119.1143239999999963
0
LINE
8
BLACK
6
CONTINUOUS
10
99.6548689999999908
20
-119.1143239999999963
11
99.6909489999999892
21
-119.0544909999999987
0
LINE
8
BLACK
6
CONTINUOUS
10
99.6909489999999892
20
-119.0544909999999987
11
99.7536489999999958
21
-119.0236620000000016
0
LINE
8
BLACK
6
CONTINUOUS
10
99.7536489999999958
20
-119.0236620000000016
11
99.8131119999999896
21
-119.0279139999999956
0
LINE
8
BLACK
6
CONTINUOUS
10
99.8131119999999896
20
-119.0279139999999956
11
99.8615259999999978
21
-119.0436449999999979
0
LINE
8
BLACK
6
CONTINUOUS
10
99.8615259999999978
20
-119.0436449999999979
11
99.9152139999999918
21
-119.061089999999993
0
LINE
8
BLACK
6
CONTINUOUS
10
99.9152139999999918
20
-119.061089999999993
11
100.0180209999999903
21
-119.0773729999999944
0
LINE
8
BLACK
6
CONTINUOUS
10
100.0180209999999903
20
-119.0773729999999944
11
100.1640379999999908
21
-119.1004999999999967
0
LINE
8
BLACK
6
CONTINUOUS
10
100.1640379999999908
20
-119.1004999999999967
11
100.1640390000000025
21
-119.1004999999999967
0
LINE
8
BLACK
6
CONTINUOUS
10
100.1640390000000025
20
-119.1004999999999967
11
100.4159609999999958
21
-119.1004999999999967
0
LINE
8
BLACK
6
CONTINUOUS
10
100.4159609999999958
20
-119.1004999999999967
11
100.4159619999999933
21
-119.1004999999999967
0
LINE
8
BLACK
6
CONTINUOUS
10
100.4159619999999933
20
-119.1004999999999967
11
100.6647849999999949
21
-119.061089999999993
0
LINE
8
BLACK
6
CONTINUOUS
10
100.6647849999999949
20
-119.061089999999993
11
100.9043789999999916
21
-118.9832409999999925
0
LINE
8
BLACK
6
CONTINUOUS
10
100.9043789999999916
20
-118.9832409999999925
11
101.1288449999999983
21
-118.8688700000000011
0
LINE
8
BLACK
6
CONTINUOUS
10
101.1288449999999983
20
-118.8688700000000011
11
101.3326560000000001
21
-118.7207930000000005
0
LINE
8
BLACK
6
CONTINUOUS
10
101.3326560000000001
20
-118.7207930000000005
11
101.4178189999999944
21
-118.6356299999999919
0
LINE
8
BLACK
6
CONTINUOUS
10
101.4178189999999944
20
-118.6356299999999919
11
101.479141999999996
21
-118.602144999999993
0
LINE
8
BLACK
6
CONTINUOUS
10
101.479141999999996
20
-118.602144999999993
11
101.5488339999999994
21
-118.6071290000000005
0
LINE
8
BLACK
6
CONTINUOUS
10
103.4756709999999913
20
-109.0990299999999991
11
103.5567769999999967
21
-109.153222999999997
0
LINE
8
BLACK
6
CONTINUOUS
10
103.5567769999999967
20
-109.153222999999997
11
103.6109699999999947
21
-109.2343289999999882
0
LINE
8
BLACK
6
CONTINUOUS
10
103.6109699999999947
20
-109.2343289999999882
11
103.6299999999999955
21
-109.3299999999999983
0
LINE
8
BLACK
6
CONTINUOUS
10
103.6299999999999955
20
-109.3299999999999983
11
103.6299999999999955
21
-110.4299999999999926
0
LINE
8
BLACK
6
CONTINUOUS
10
103.6299999999999955
20
-110.4299999999999926
11
103.6109699999999947
21
-110.5256709999999885
0
LINE
8
BLACK
6
CONTINUOUS
10
103.6109699999999947
20
-110.5256709999999885
11
103.5567769999999967
21
-110.6067769999999939
0
LINE
8
BLACK
6
CONTINUOUS
10
103.5567769999999967
20
-110.6067769999999939
11
103.4756709999999913
21
-110.6609699999999918
0
LINE
8
BLACK
6
CONTINUOUS
10
103.4756709999999913
20
-110.6609699999999918
11
103.3799999999999955
21
-110.6799999999999926
0
LINE
8
BLACK
6
CONTINUOUS
10
103.3799999999999955
20
-110.6799999999999926
11
103.2299999999999898
21
-110.6799999999999926
0
LINE
8
BLACK
6
CONTINUOUS
10
103.2299999999999898
20
-110.6799999999999926
11
103.2299999999999898
21
-112.6493139999999897
0
LINE
8
BLACK
6
CONTINUOUS
10
103.2299999999999898
20
-112.6493139999999897
11
104.4956849999999946
21
-113.914999999999992
0
LINE
8
BLACK
6
CONTINUOUS
10
104.4956849999999946
20
-113.914999999999992
11
114.3299999999999983
21
-113.914999999999992
0
LINE
8
BLACK
6
CONTINUOUS
10
114.3299999999999983
20
-113.914999999999992
11
114.3822100000000006
21
-113.9184219999999925
0
LINE
8
BLACK
6
CONTINUOUS
10
114.3822100000000006
20
-113.9184219999999925
11
114.4830739999999878
21
-113.945447999999999
0
LINE
8
BLACK
6
CONTINUOUS
10
114.4830739999999878
20
-113.945447999999999
11
114.5735049999999973
21
-113.9976589999999987
0
LINE
8
BLACK
6
CONTINUOUS
10
114.5735049999999973
20
-113.9976589999999987
11
114.612842999999998
21
-114.032156999999998
0
LINE
8
BLACK
6
CONTINUOUS
10
114.612842999999998
20
-114.032156999999998
11
116.5328429999999997
21
-115.9521569999999997
0
LINE
8
BLACK
6
CONTINUOUS
10
116.5328429999999997
20
-115.9521569999999997
11
116.567340999999999
21
-115.9914950000000005
0
LINE
8
BLACK
6
CONTINUOUS
10
116.567340999999999
20
-115.9914950000000005
11
116.6195519999999988
21
-116.0819259999999957
0
LINE
8
BLACK
6
CONTINUOUS
10
116.6195519999999988
20
-116.0819259999999957
11
116.6328579999999988
21
-116.1315869999999961
0
LINE
8
BLACK
6
CONTINUOUS
10
116.6328579999999988
20
-116.1315869999999961
11
116.646577999999991
21
-116.1827899999999971
0
LINE
8
BLACK
6
CONTINUOUS
10
116.646577999999991
20
-116.1827899999999971
11
116.6499999999999915
21
-116.2349999999999994
0
LINE
8
BLACK
6
CONTINUOUS
10
116.6499999999999915
20
-116.2349999999999994
11
116.6499999999999915
21
-116.8747520000000009
0
LINE
8
BLACK
6
CONTINUOUS
10
116.6499999999999915
20
-116.8747520000000009
11
116.7575149999999979
21
-116.9465919999999954
0
LINE
8
BLACK
6
CONTINUOUS
10
116.7575149999999979
20
-116.9465919999999954
11
116.8684079999999881
21
-117.0574849999999998
0
LINE
8
BLACK
6
CONTINUOUS
10
116.8684079999999881
20
-117.0574849999999998
11
116.9555369999999925
21
-117.1878829999999994
0
LINE
8
BLACK
6
CONTINUOUS
10
116.9555369999999925
20
-117.1878829999999994
11
117.0155519999999996
21
-117.3327719999999914
0
LINE
8
BLACK
6
CONTINUOUS
10
117.0155519999999996
20
-117.3327719999999914
11
117.0461479999999881
21
-117.4865859999999884
0
LINE
8
BLACK
6
CONTINUOUS
10
117.0461479999999881
20
-117.4865859999999884
11
117.0461479999999881
21
-117.6434139999999928
0
LINE
8
BLACK
6
CONTINUOUS
10
117.0461479999999881
20
-117.6434139999999928
11
117.0155519999999996
21
-117.7972279999999898
0
LINE
8
BLACK
6
CONTINUOUS
10
117.0155519999999996
20
-117.7972279999999898
11
116.9555369999999925
21
-117.9421169999999961
0
LINE
8
BLACK
6
CONTINUOUS
10
116.9555369999999925
20
-117.9421169999999961
11
116.8684079999999881
21
-118.0725149999999957
0
LINE
8
BLACK
6
CONTINUOUS
10
116.8684079999999881
20
-118.0725149999999957
11
116.7575149999999979
21
-118.183408
0
LINE
8
BLACK
6
CONTINUOUS
10
116.7575149999999979
20
-118.183408
11
116.6499999999999915
21
-118.2552469999999971
0
LINE
8
BLACK
6
CONTINUOUS
10
116.6499999999999915
20
-118.2552469999999971
11
116.6499999999999915
21
-120.2149999999999892
0
LINE
8
BLACK
6
CONTINUOUS
10
116.6499999999999915
20
-120.2149999999999892
11
117.0999999999999943
21
-120.2149999999999892
0
LINE
8
BLACK
6
CONTINUOUS
10
117.0999999999999943
20
-120.2149999999999892
11
117.0999999999999943
21
-121.914999999999992
0
LINE
8
BLACK
6
CONTINUOUS
10
117.0999999999999943
20
-121.914999999999992
11
115.3999999999999915
21
-121.914999999999992
0
LINE
8
BLACK
6
CONTINUOUS
10
115.3999999999999915
20
-121.914999999999992
11
115.3999999999999915
21
-120.2149999999999892
0
LINE
8
BLACK
6
CONTINUOUS
10
115.3999999999999915
20
-120.2149999999999892
11
115.8499999999999943
21
-120.2149999999999892
0
LINE
8
BLACK
6
CONTINUOUS
10
115.8499999999999943
20
-120.2149999999999892
11
115.8499999999999943
21
-118.2552469999999971
0
LINE
8
BLACK
6
CONTINUOUS
10
115.8499999999999943
20
-118.2552469999999971
11
115.7424849999999878
21
-118.183408
0
LINE
8
BLACK
6
CONTINUOUS
10
115.7424849999999878
20
-118.183408
11
115.6315919999999977
21
-118.0725149999999957
0
LINE
8
BLACK
6
CONTINUOUS
10
115.6315919999999977
20
-118.0725149999999957
11
115.5444629999999933
21
-117.9421169999999961
0
LINE
8
BLACK
6
CONTINUOUS
10
115.5444629999999933
20
-117.9421169999999961
11
115.4844480000000004
21
-117.7972279999999898
0
LINE
8
BLACK
6
CONTINUOUS
10
115.4844480000000004
20
-117.7972279999999898
11
115.4538519999999977
21
-117.6434139999999928
0
LINE
8
BLACK
6
CONTINUOUS
10
115.4538519999999977
20
-117.6434139999999928
11
115.4538519999999977
21
-117.4865859999999884
0
LINE
8
BLACK
6
CONTINUOUS
10
115.4538519999999977
20
-117.4865859999999884
11
115.4844480000000004
21
-117.3327719999999914
0
LINE
8
BLACK
6
CONTINUOUS
10
115.4844480000000004
20
-117.3327719999999914
11
115.5444629999999933
21
-117.1878829999999994
0
LINE
8
BLACK
6
CONTINUOUS
10
115.5444629999999933
20
-117.1878829999999994
11
115.6315919999999977
21
-117.0574849999999998
0
LINE
8
BLACK
6
CONTINUOUS
10
115.6315919999999977
20
-117.0574849999999998
11
115.7424849999999878
21
-116.9465919999999954
0
LINE
8
BLACK
6
CONTINUOUS
10
115.7424849999999878
20
-116.9465919999999954
11
115.8499999999999943
21
-116.8747520000000009
0
LINE
8
BLACK
6
CONTINUOUS
10
115.8499999999999943
20
-116.8747520000000009
11
115.8499999999999943
21
-116.4006859999999932
0
LINE
8
BLACK
6
CONTINUOUS
10
115.8499999999999943
20
-116.4006859999999932
11
114.1643139999999903
21
-114.7149999999999892
0
LINE
8
BLACK
6
CONTINUOUS
10
114.1643139999999903
20
-114.7149999999999892
11
104.3299999999999983
21
-114.7149999999999892
0
LINE
8
BLACK
6
CONTINUOUS
10
104.3299999999999983
20
-114.7149999999999892
11
104.277789999999996
21
-114.7115779999999887
0
LINE
8
BLACK
6
CONTINUOUS
10
104.277789999999996
20
-114.7115779999999887
11
104.1769269999999921
21
-114.6845519999999965
0
LINE
8
BLACK
6
CONTINUOUS
10
104.1769269999999921
20
-114.6845519999999965
11
104.0864949999999993
21
-114.6323409999999967
0
LINE
8
BLACK
6
CONTINUOUS
10
104.0864949999999993
20
-114.6323409999999967
11
104.0471569999999986
21
-114.597842
0
LINE
8
BLACK
6
CONTINUOUS
10
104.0471569999999986
20
-114.597842
11
102.5471569999999986
21
-113.0978429999999975
0
LINE
8
BLACK
6
CONTINUOUS
10
102.5471569999999986
20
-113.0978429999999975
11
102.5126589999999993
21
-113.0585049999999967
0
LINE
8
BLACK
6
CONTINUOUS
10
102.5126589999999993
20
-113.0585049999999967
11
102.4604479999999995
21
-112.9680740000000014
0
LINE
8
BLACK
6
CONTINUOUS
10
102.4604479999999995
20
-112.9680740000000014
11
102.4334219999999931
21
-112.86721
0
LINE
8
BLACK
6
CONTINUOUS
10
102.4334219999999931
20
-112.86721
11
102.4299999999999926
21
-112.8149999999999977
0
LINE
8
BLACK
6
CONTINUOUS
10
102.4299999999999926
20
-112.8149999999999977
11
102.4299999999999926
21
-110.6799999999999926
0
LINE
8
BLACK
6
CONTINUOUS
10
102.4299999999999926
20
-110.6799999999999926
11
102.2800000000000011
21
-110.6799999999999926
0
LINE
8
BLACK
6
CONTINUOUS
10
102.2800000000000011
20
-110.6799999999999926
11
102.1843289999999911
21
-110.6609699999999918
0
LINE
8
BLACK
6
CONTINUOUS
10
102.1843289999999911
20
-110.6609699999999918
11
102.1032229999999998
21
-110.6067769999999939
0
LINE
8
BLACK
6
CONTINUOUS
10
102.1032229999999998
20
-110.6067769999999939
11
102.0490300000000019
21
-110.5256709999999885
0
LINE
8
BLACK
6
CONTINUOUS
10
102.0490300000000019
20
-110.5256709999999885
11
102.0300000000000011
21
-110.4299999999999926
0
LINE
8
BLACK
6
CONTINUOUS
10
102.0300000000000011
20
-110.4299999999999926
11
102.0300000000000011
21
-109.3299999999999983
0
LINE
8
BLACK
6
CONTINUOUS
10
102.0300000000000011
20
-109.3299999999999983
11
102.0490300000000019
21
-109.2343289999999882
0
LINE
8
BLACK
6
CONTINUOUS
10
102.0490300000000019
20
-109.2343289999999882
11
102.1032229999999998
21
-109.153222999999997
0
LINE
8
BLACK
6
CONTINUOUS
10
102.1032229999999998
20
-109.153222999999997
11
102.1843289999999911
21
-109.0990299999999991
0
LINE
8
BLACK
6
CONTINUOUS
10
102.1843289999999911
20
-109.0990299999999991
11
102.2800000000000011
21
-109.0799999999999983
0
LINE
8
BLACK
6
CONTINUOUS
10
102.2800000000000011
20
-109.0799999999999983
11
103.3799999999999955
21
-109.0799999999999983
0
LINE
8
BLACK
6
CONTINUOUS
10
103.3799999999999955
20
-109.0799999999999983
11
103.4756709999999913
21
-109.0990299999999991
0
LINE
8
BLACK
6
CONTINUOUS
10
108.8622280000000018
20
-116.7994479999999982
11
109.0071169999999938
21
-116.859462999999991
0
LINE
8
BLACK
6
CONTINUOUS
10
109.0071169999999938
20
-116.859462999999991
11
109.1375149999999934
21
-116.9465919999999954
0
LINE
8
BLACK
6
CONTINUOUS
10
109.1375149999999934
20
-116.9465919999999954
11
109.2484079999999977
21
-117.0574849999999998
0
LINE
8
BLACK
6
CONTINUOUS
10
109.2484079999999977
20
-117.0574849999999998
11
109.335536999999988
21
-117.1878829999999994
0
LINE
8
BLACK
6
CONTINUOUS
10
109.335536999999988
20
-117.1878829999999994
11
109.395551999999995
21
-117.3327719999999914
0
LINE
8
BLACK
6
CONTINUOUS
10
109.395551999999995
20
-117.3327719999999914
11
109.4261479999999978
21
-117.4865859999999884
0
LINE
8
BLACK
6
CONTINUOUS
10
109.4261479999999978
20
-117.4865859999999884
11
109.4261479999999978
21
-117.6434139999999928
0
LINE
8
BLACK
6
CONTINUOUS
10
109.4261479999999978
20
-117.6434139999999928
11
109.395551999999995
21
-117.7972279999999898
0
LINE
8
BLACK
6
CONTINUOUS
10
109.395551999999995
20
-117.7972279999999898
11
109.335536999999988
21
-117.9421169999999961
0
LINE
8
BLACK
6
CONTINUOUS
10
109.335536999999988
20
-117.9421169999999961
11
109.2484079999999977
21
-118.0725149999999957
0
LINE
8
BLACK
6
CONTINUOUS
10
109.2484079999999977
20
-118.0725149999999957
11
109.1375149999999934
21
-118.183408
0
LINE
8
BLACK
6
CONTINUOUS
10
109.1375149999999934
20
-118.183408
11
109.0300000000000011
21
-118.2552469999999971
0
LINE
8
BLACK
6
CONTINUOUS
10
109.0300000000000011
20
-118.2552469999999971
11
109.0300000000000011
21
-120.3150819999999896
0
LINE
8
BLACK
6
CONTINUOUS
10
109.0300000000000011
20
-120.3150819999999896
11
109.0306870000000004
21
-120.3153669999999948
0
LINE
8
BLACK
6
CONTINUOUS
10
109.0306870000000004
20
-120.3153669999999948
11
109.1692339999999888
21
-120.4079409999999939
0
LINE
8
BLACK
6
CONTINUOUS
10
109.1692339999999888
20
-120.4079409999999939
11
109.2870589999999993
21
-120.5257659999999902
0
LINE
8
BLACK
6
CONTINUOUS
10
109.2870589999999993
20
-120.5257659999999902
11
109.3796329999999983
21
-120.6643129999999928
0
LINE
8
BLACK
6
CONTINUOUS
10
109.3796329999999983
20
-120.6643129999999928
11
109.4433989999999994
21
-120.8182580000000002
0
LINE
8
BLACK
6
CONTINUOUS
10
109.4433989999999994
20
-120.8182580000000002
11
109.4759069999999923
21
-120.9816849999999988
0
LINE
8
BLACK
6
CONTINUOUS
10
109.4759069999999923
20
-120.9816849999999988
11
109.4759069999999923
21
-121.1483149999999966
0
LINE
8
BLACK
6
CONTINUOUS
10
109.4759069999999923
20
-121.1483149999999966
11
109.4433989999999994
21
-121.3117419999999953
0
LINE
8
BLACK
6
CONTINUOUS
10
109.4433989999999994
20
-121.3117419999999953
11
109.3796329999999983
21
-121.4656869999999884
0
LINE
8
BLACK
6
CONTINUOUS
10
109.3796329999999983
20
-121.4656869999999884
11
109.2870589999999993
21
-121.6042339999999911
0
LINE
8
BLACK
6
CONTINUOUS
10
109.2870589999999993
20
-121.6042339999999911
11
109.1692339999999888
21
-121.7220590000000016
0
LINE
8
BLACK
6
CONTINUOUS
10
109.1692339999999888
20
-121.7220590000000016
11
109.0306870000000004
21
-121.8146330000000006
0
LINE
8
BLACK
6
CONTINUOUS
10
109.0306870000000004
20
-121.8146330000000006
11
108.876741999999993
21
-121.8783989999999875
0
LINE
8
BLACK
6
CONTINUOUS
10
108.876741999999993
20
-121.8783989999999875
11
108.7133149999999944
21
-121.9109069999999946
0
LINE
8
BLACK
6
CONTINUOUS
10
108.7133149999999944
20
-121.9109069999999946
11
108.5466849999999965
21
-121.9109069999999946
0
LINE
8
BLACK
6
CONTINUOUS
10
108.5466849999999965
20
-121.9109069999999946
11
108.3832579999999979
21
-121.8783989999999875
0
LINE
8
BLACK
6
CONTINUOUS
10
108.3832579999999979
20
-121.8783989999999875
11
108.2293129999999906
21
-121.8146330000000006
0
LINE
8
BLACK
6
CONTINUOUS
10
108.2293129999999906
20
-121.8146330000000006
11
108.0907660000000021
21
-121.7220590000000016
0
LINE
8
BLACK
6
CONTINUOUS
10
108.0907660000000021
20
-121.7220590000000016
11
107.9729409999999916
21
-121.6042339999999911
0
LINE
8
BLACK
6
CONTINUOUS
10
107.9729409999999916
20
-121.6042339999999911
11
107.8803669999999926
21
-121.4656869999999884
0
LINE
8
BLACK
6
CONTINUOUS
10
107.8803669999999926
20
-121.4656869999999884
11
107.8166009999999915
21
-121.3117419999999953
0
LINE
8
BLACK
6
CONTINUOUS
10
107.8166009999999915
20
-121.3117419999999953
11
107.7840929999999986
21
-121.1483149999999966
0
LINE
8
BLACK
6
CONTINUOUS
10
107.7840929999999986
20
-121.1483149999999966
11
107.7840929999999986
21
-120.9816849999999988
0
LINE
8
BLACK
6
CONTINUOUS
10
107.7840929999999986
20
-120.9816849999999988
11
107.8166009999999915
21
-120.8182580000000002
0
LINE
8
BLACK
6
CONTINUOUS
10
107.8166009999999915
20
-120.8182580000000002
11
107.8803669999999926
21
-120.6643129999999928
0
LINE
8
BLACK
6
CONTINUOUS
10
107.8803669999999926
20
-120.6643129999999928
11
107.9729409999999916
21
-120.5257659999999902
0
LINE
8
BLACK
6
CONTINUOUS
10
107.9729409999999916
20
-120.5257659999999902
11
108.0907660000000021
21
-120.4079409999999939
0
LINE
8
BLACK
6
CONTINUOUS
10
108.0907660000000021
20
-120.4079409999999939
11
108.2293129999999906
21
-120.3153669999999948
0
LINE
8
BLACK
6
CONTINUOUS
10
108.2293129999999906
20
-120.3153669999999948
11
108.2299999999999898
21
-120.3150819999999896
0
LINE
8
BLACK
6
CONTINUOUS
10
108.2299999999999898
20
-120.3150819999999896
11
108.2299999999999898
21
-118.2552469999999971
0
LINE
8
BLACK
6
CONTINUOUS
10
108.2299999999999898
20
-118.2552469999999971
11
108.1224849999999975
21
-118.183408
0
LINE
8
BLACK
6
CONTINUOUS
10
108.1224849999999975
20
-118.183408
11
108.0115919999999932
21
-118.0725149999999957
0
LINE
8
BLACK
6
CONTINUOUS
10
108.0115919999999932
20
-118.0725149999999957
11
107.9244629999999887
21
-117.9421169999999961
0
LINE
8
BLACK
6
CONTINUOUS
10
107.9244629999999887
20
-117.9421169999999961
11
107.8644479999999959
21
-117.7972279999999898
0
LINE
8
BLACK
6
CONTINUOUS
10
107.8644479999999959
20
-117.7972279999999898
11
107.8338519999999932
21
-117.6434139999999928
0
LINE
8
BLACK
6
CONTINUOUS
10
107.8338519999999932
20
-117.6434139999999928
11
107.8338519999999932
21
-117.4865859999999884
0
LINE
8
BLACK
6
CONTINUOUS
10
107.8338519999999932
20
-117.4865859999999884
11
107.8644479999999959
21
-117.3327719999999914
0
LINE
8
BLACK
6
CONTINUOUS
10
107.8644479999999959
20
-117.3327719999999914
11
107.9244629999999887
21
-117.1878829999999994
0
LINE
8
BLACK
6
CONTINUOUS
10
107.9244629999999887
20
-117.1878829999999994
11
108.0115919999999932
21
-117.0574849999999998
0
LINE
8
BLACK
6
CONTINUOUS
10
108.0115919999999932
20
-117.0574849999999998
11
108.1224849999999975
21
-116.9465919999999954
0
LINE
8
BLACK
6
CONTINUOUS
10
108.1224849999999975
20
-116.9465919999999954
11
108.2528829999999971
21
-116.859462999999991
0
LINE
8
BLACK
6
CONTINUOUS
10
108.2528829999999971
20
-116.859462999999991
11
108.3977719999999891
21
-116.7994479999999982
0
LINE
8
BLACK
6
CONTINUOUS
10
108.3977719999999891
20
-116.7994479999999982
11
108.5515860000000004
21
-116.7688519999999954
0
LINE
8
BLACK
6
CONTINUOUS
10
108.5515860000000004
20
-116.7688519999999954
11
108.7084139999999906
21
-116.7688519999999954
0
LINE
8
BLACK
6
CONTINUOUS
10
108.7084139999999906
20
-116.7688519999999954
11
108.8622280000000018
21
-116.7994479999999982
0
LINE
8
BLACK
6
CONTINUOUS
10
110.3822100000000006
20
-115.4184219999999925
11
110.483074000000002
21
-115.445447999999999
0
LINE
8
BLACK
6
CONTINUOUS
10
110.483074000000002
20
-115.445447999999999
11
110.5735049999999973
21
-115.4976589999999987
0
LINE
8
BLACK
6
CONTINUOUS
10
110.5735049999999973
20
-115.4976589999999987
11
110.612842999999998
21
-115.532156999999998
0
LINE
8
BLACK
6
CONTINUOUS
10
110.612842999999998
20
-115.532156999999998
11
111.4528419999999898
21
-116.3721570000000014
0
LINE
8
BLACK
6
CONTINUOUS
10
111.4528419999999898
20
-116.3721570000000014
11
111.4873410000000007
21
-116.411494999999988
0
LINE
8
BLACK
6
CONTINUOUS
10
111.4873410000000007
20
-116.411494999999988
11
111.5395520000000005
21
-116.5019269999999949
0
LINE
8
BLACK
6
CONTINUOUS
10
111.5395520000000005
20
-116.5019269999999949
11
111.5665779999999927
21
-116.6027899999999988
0
LINE
8
BLACK
6
CONTINUOUS
10
111.5665779999999927
20
-116.6027899999999988
11
111.5699999999999932
21
-116.6550000000000011
0
LINE
8
BLACK
6
CONTINUOUS
10
111.5699999999999932
20
-116.6550000000000011
11
111.5699999999999932
21
-116.8747520000000009
0
LINE
8
BLACK
6
CONTINUOUS
10
111.5699999999999932
20
-116.8747520000000009
11
111.6775149999999996
21
-116.9465919999999954
0
LINE
8
BLACK
6
CONTINUOUS
10
111.6775149999999996
20
-116.9465919999999954
11
111.7884079999999898
21
-117.0574849999999998
0
LINE
8
BLACK
6
CONTINUOUS
10
111.7884079999999898
20
-117.0574849999999998
11
111.8755369999999942
21
-117.1878829999999994
0
LINE
8
BLACK
6
CONTINUOUS
10
111.8755369999999942
20
-117.1878829999999994
11
111.9355520000000013
21
-117.3327719999999914
0
LINE
8
BLACK
6
CONTINUOUS
10
111.9355520000000013
20
-117.3327719999999914
11
111.9661479999999898
21
-117.4865859999999884
0
LINE
8
BLACK
6
CONTINUOUS
10
111.9661479999999898
20
-117.4865859999999884
11
111.9661479999999898
21
-117.6434139999999928
0
LINE
8
BLACK
6
CONTINUOUS
10
111.9661479999999898
20
-117.6434139999999928
11
111.9355520000000013
21
-117.7972279999999898
0
LINE
8
BLACK
6
CONTINUOUS
10
111.9355520000000013
20
-117.7972279999999898
11
111.8755369999999942
21
-117.9421169999999961
0
LINE
8
BLACK
6
CONTINUOUS
10
111.8755369999999942
20
-117.9421169999999961
11
111.7884079999999898
21
-118.0725149999999957
0
LINE
8
BLACK
6
CONTINUOUS
10
111.7884079999999898
20
-118.0725149999999957
11
111.6775149999999996
21
-118.183408
0
LINE
8
BLACK
6
CONTINUOUS
10
111.6775149999999996
20
-118.183408
11
111.5699999999999932
21
-118.2552469999999971
0
LINE
8
BLACK
6
CONTINUOUS
10
111.5699999999999932
20
-118.2552469999999971
11
111.5699999999999932
21
-120.3150819999999896
0
LINE
8
BLACK
6
CONTINUOUS
10
111.5699999999999932
20
-120.3150819999999896
11
111.5706869999999924
21
-120.3153669999999948
0
LINE
8
BLACK
6
CONTINUOUS
10
111.5706869999999924
20
-120.3153669999999948
11
111.709233999999995
21
-120.4079409999999939
0
LINE
8
BLACK
6
CONTINUOUS
10
111.709233999999995
20
-120.4079409999999939
11
111.8270589999999913
21
-120.5257659999999902
0
LINE
8
BLACK
6
CONTINUOUS
10
111.8270589999999913
20
-120.5257659999999902
11
111.9196329999999904
21
-120.6643129999999928
0
LINE
8
BLACK
6
CONTINUOUS
10
111.9196329999999904
20
-120.6643129999999928
11
111.9833989999999915
21
-120.8182580000000002
0
LINE
8
BLACK
6
CONTINUOUS
10
111.9833989999999915
20
-120.8182580000000002
11
112.0159069999999986
21
-120.9816849999999988
0
LINE
8
BLACK
6
CONTINUOUS
10
112.0159069999999986
20
-120.9816849999999988
11
112.0159069999999986
21
-121.1483149999999966
0
LINE
8
BLACK
6
CONTINUOUS
10
112.0159069999999986
20
-121.1483149999999966
11
111.9833989999999915
21
-121.3117419999999953
0
LINE
8
BLACK
6
CONTINUOUS
10
111.9833989999999915
20
-121.3117419999999953
11
111.9196329999999904
21
-121.4656869999999884
0
LINE
8
BLACK
6
CONTINUOUS
10
111.9196329999999904
20
-121.4656869999999884
11
111.8270589999999913
21
-121.6042339999999911
0
LINE
8
BLACK
6
CONTINUOUS
10
111.8270589999999913
20
-121.6042339999999911
11
111.709233999999995
21
-121.7220590000000016
0
LINE
8
BLACK
6
CONTINUOUS
10
111.709233999999995
20
-121.7220590000000016
11
111.5706869999999924
21
-121.8146330000000006
0
LINE
8
BLACK
6
CONTINUOUS
10
111.5706869999999924
20
-121.8146330000000006
11
111.4167419999999993
21
-121.8783989999999875
0
LINE
8
BLACK
6
CONTINUOUS
10
111.4167419999999993
20
-121.8783989999999875
11
111.2533150000000006
21
-121.9109069999999946
0
LINE
8
BLACK
6
CONTINUOUS
10
111.2533150000000006
20
-121.9109069999999946
11
111.0866849999999886
21
-121.9109069999999946
0
LINE
8
BLACK
6
CONTINUOUS
10
111.0866849999999886
20
-121.9109069999999946
11
110.9232579999999899
21
-121.8783989999999875
0
LINE
8
BLACK
6
CONTINUOUS
10
110.9232579999999899
20
-121.8783989999999875
11
110.7693129999999968
21
-121.8146330000000006
0
LINE
8
BLACK
6
CONTINUOUS
10
110.7693129999999968
20
-121.8146330000000006
11
110.6307659999999942
21
-121.7220590000000016
0
LINE
8
BLACK
6
CONTINUOUS
10
110.6307659999999942
20
-121.7220590000000016
11
110.5129409999999979
21
-121.6042339999999911
0
LINE
8
BLACK
6
CONTINUOUS
10
110.5129409999999979
20
-121.6042339999999911
11
110.4203669999999988
21
-121.4656869999999884
0
LINE
8
BLACK
6
CONTINUOUS
10
110.4203669999999988
20
-121.4656869999999884
11
110.3566009999999977
21
-121.3117419999999953
0
LINE
8
BLACK
6
CONTINUOUS
10
110.3566009999999977
20
-121.3117419999999953
11
110.3240929999999906
21
-121.1483149999999966
0
LINE
8
BLACK
6
CONTINUOUS
10
110.3240929999999906
20
-121.1483149999999966
11
110.3240929999999906
21
-120.9816849999999988
0
LINE
8
BLACK
6
CONTINUOUS
10
110.3240929999999906
20
-120.9816849999999988
11
110.3566009999999977
21
-120.8182580000000002
0
LINE
8
BLACK
6
CONTINUOUS
10
110.3566009999999977
20
-120.8182580000000002
11
110.4203669999999988
21
-120.6643129999999928
0
LINE
8
BLACK
6
CONTINUOUS
10
110.4203669999999988
20
-120.6643129999999928
11
110.5129409999999979
21
-120.5257659999999902
0
LINE
8
BLACK
6
CONTINUOUS
10
110.5129409999999979
20
-120.5257659999999902
11
110.6307659999999942
21
-120.4079409999999939
0
LINE
8
BLACK
6
CONTINUOUS
10
110.6307659999999942
20
-120.4079409999999939
11
110.7693129999999968
21
-120.3153669999999948
0
LINE
8
BLACK
6
CONTINUOUS
10
110.7693129999999968
20
-120.3153669999999948
11
110.769999999999996
21
-120.3150819999999896
0
LINE
8
BLACK
6
CONTINUOUS
10
110.769999999999996
20
-120.3150819999999896
11
110.769999999999996
21
-118.2552469999999971
0
LINE
8
BLACK
6
CONTINUOUS
10
110.769999999999996
20
-118.2552469999999971
11
110.6624849999999896
21
-118.183408
0
LINE
8
BLACK
6
CONTINUOUS
10
110.6624849999999896
20
-118.183408
11
110.5515919999999994
21
-118.0725149999999957
0
LINE
8
BLACK
6
CONTINUOUS
10
110.5515919999999994
20
-118.0725149999999957
11
110.464462999999995
21
-117.9421169999999961
0
LINE
8
BLACK
6
CONTINUOUS
10
110.464462999999995
20
-117.9421169999999961
11
110.4044479999999879
21
-117.7972279999999898
0
LINE
8
BLACK
6
CONTINUOUS
10
110.4044479999999879
20
-117.7972279999999898
11
110.3738519999999994
21
-117.6434139999999928
0
LINE
8
BLACK
6
CONTINUOUS
10
110.3738519999999994
20
-117.6434139999999928
11
110.3738519999999994
21
-117.4865859999999884
0
LINE
8
BLACK
6
CONTINUOUS
10
110.3738519999999994
20
-117.4865859999999884
11
110.4044479999999879
21
-117.3327719999999914
0
LINE
8
BLACK
6
CONTINUOUS
10
110.4044479999999879
20
-117.3327719999999914
11
110.464462999999995
21
-117.1878829999999994
0
LINE
8
BLACK
6
CONTINUOUS
10
110.464462999999995
20
-117.1878829999999994
11
110.5515919999999994
21
-117.0574849999999998
0
LINE
8
BLACK
6
CONTINUOUS
10
110.5515919999999994
20
-117.0574849999999998
11
110.6624849999999896
21
-116.9465919999999954
0
LINE
8
BLACK
6
CONTINUOUS
10
110.6624849999999896
20
-116.9465919999999954
11
110.769999999999996
21
-116.8747520000000009
0
LINE
8
BLACK
6
CONTINUOUS
10
110.769999999999996
20
-116.8747520000000009
11
110.769999999999996
21
-116.8206849999999974
0
LINE
8
BLACK
6
CONTINUOUS
10
110.769999999999996
20
-116.8206849999999974
11
110.1643139999999903
21
-116.2149999999999892
0
LINE
8
BLACK
6
CONTINUOUS
10
110.1643139999999903
20
-116.2149999999999892
11
101.1006859999999961
21
-116.2149999999999892
0
LINE
8
BLACK
6
CONTINUOUS
10
101.1006859999999961
20
-116.2149999999999892
11
100.6899999999999977
21
-116.6256860000000017
0
LINE
8
BLACK
6
CONTINUOUS
10
100.6899999999999977
20
-116.6256860000000017
11
100.6899999999999977
21
-116.8097519999999889
0
LINE
8
BLACK
6
CONTINUOUS
10
100.6899999999999977
20
-116.8097519999999889
11
100.79751499999999
21
-116.8815919999999977
0
LINE
8
BLACK
6
CONTINUOUS
10
100.79751499999999
20
-116.8815919999999977
11
100.9084079999999943
21
-116.9924849999999878
0
LINE
8
BLACK
6
CONTINUOUS
10
100.9084079999999943
20
-116.9924849999999878
11
100.9955369999999988
21
-117.1228830000000016
0
LINE
8
BLACK
6
CONTINUOUS
10
100.9955369999999988
20
-117.1228830000000016
11
101.0555519999999916
21
-117.2677719999999937
0
LINE
8
BLACK
6
CONTINUOUS
10
101.0555519999999916
20
-117.2677719999999937
11
101.0861479999999943
21
-117.4215859999999907
0
LINE
8
BLACK
6
CONTINUOUS
10
101.0861479999999943
20
-117.4215859999999907
11
101.0861479999999943
21
-117.5784139999999951
0
LINE
8
BLACK
6
CONTINUOUS
10
101.0861479999999943
20
-117.5784139999999951
11
101.0555519999999916
21
-117.7322279999999921
0
LINE
8
BLACK
6
CONTINUOUS
10
101.0555519999999916
20
-117.7322279999999921
11
100.9955369999999988
21
-117.8771169999999984
0
LINE
8
BLACK
6
CONTINUOUS
10
100.9955369999999988
20
-117.8771169999999984
11
100.9084079999999943
21
-118.0075149999999979
0
LINE
8
BLACK
6
CONTINUOUS
10
100.9084079999999943
20
-118.0075149999999979
11
100.79751499999999
21
-118.1184079999999881
0
LINE
8
BLACK
6
CONTINUOUS
10
100.79751499999999
20
-118.1184079999999881
11
100.6671169999999904
21
-118.2055369999999925
0
LINE
8
BLACK
6
CONTINUOUS
10
100.6671169999999904
20
-118.2055369999999925
11
100.5222279999999984
21
-118.2655519999999996
0
LINE
8
BLACK
6
CONTINUOUS
10
100.5222279999999984
20
-118.2655519999999996
11
100.3684140000000014
21
-118.2961479999999881
0
LINE
8
BLACK
6
CONTINUOUS
10
100.3684140000000014
20
-118.2961479999999881
11
100.2115859999999969
21
-118.2961479999999881
0
LINE
8
BLACK
6
CONTINUOUS
10
100.2115859999999969
20
-118.2961479999999881
11
100.0577719999999999
21
-118.2655519999999996
0
LINE
8
BLACK
6
CONTINUOUS
10
100.0577719999999999
20
-118.2655519999999996
11
99.9128829999999937
21
-118.2055369999999925
0
LINE
8
BLACK
6
CONTINUOUS
10
99.9128829999999937
20
-118.2055369999999925
11
99.7824849999999941
21
-118.1184079999999881
0
LINE
8
BLACK
6
CONTINUOUS
10
99.7824849999999941
20
-118.1184079999999881
11
99.6715919999999898
21
-118.0075149999999979
0
LINE
8
BLACK
6
CONTINUOUS
10
99.6715919999999898
20
-118.0075149999999979
11
99.5844629999999995
21
-117.8771169999999984
0
LINE
8
BLACK
6
CONTINUOUS
10
99.5844629999999995
20
-117.8771169999999984
11
99.5244479999999925
21
-117.7322279999999921
0
LINE
8
BLACK
6
CONTINUOUS
10
99.5244479999999925
20
-117.7322279999999921
11
99.4938519999999897
21
-117.5784139999999951
0
LINE
8
BLACK
6
CONTINUOUS
10
99.4938519999999897
20
-117.5784139999999951
11
99.4938519999999897
21
-117.4215859999999907
0
LINE
8
BLACK
6
CONTINUOUS
10
99.4938519999999897
20
-117.4215859999999907
11
99.5244479999999925
21
-117.2677719999999937
0
LINE
8
BLACK
6
CONTINUOUS
10
99.5244479999999925
20
-117.2677719999999937
11
99.5844629999999995
21
-117.1228830000000016
0
LINE
8
BLACK
6
CONTINUOUS
10
99.5844629999999995
20
-117.1228830000000016
11
99.6715919999999898
21
-116.9924849999999878
0
LINE
8
BLACK
6
CONTINUOUS
10
99.6715919999999898
20
-116.9924849999999878
11
99.7824849999999941
21
-116.8815919999999977
0
LINE
8
BLACK
6
CONTINUOUS
10
99.7824849999999941
20
-116.8815919999999977
11
99.8900000000000006
21
-116.8097519999999889
0
LINE
8
BLACK
6
CONTINUOUS
10
99.8900000000000006
20
-116.8097519999999889
11
99.8900000000000006
21
-116.4599999999999937
0
LINE
8
BLACK
6
CONTINUOUS
10
99.8900000000000006
20
-116.4599999999999937
11
99.893422000000001
21
-116.4077899999999914
0
LINE
8
BLACK
6
CONTINUOUS
10
99.893422000000001
20
-116.4077899999999914
11
99.89890299999999
21
-116.3873339999999956
0
LINE
8
BLACK
6
CONTINUOUS
10
99.89890299999999
20
-116.3873339999999956
11
99.9204479999999933
21
-116.30692599999999
0
LINE
8
BLACK
6
CONTINUOUS
10
99.9204479999999933
20
-116.30692599999999
11
99.9726589999999931
21
-116.2164949999999948
0
LINE
8
BLACK
6
CONTINUOUS
10
99.9726589999999931
20
-116.2164949999999948
11
100.0071569999999923
21
-116.177156999999994
0
LINE
8
BLACK
6
CONTINUOUS
10
100.0071569999999923
20
-116.177156999999994
11
100.6521570000000025
21
-115.532156999999998
0
LINE
8
BLACK
6
CONTINUOUS
10
100.6521570000000025
20
-115.532156999999998
11
100.6914949999999891
21
-115.4976589999999987
0
LINE
8
BLACK
6
CONTINUOUS
10
100.6914949999999891
20
-115.4976589999999987
11
100.7819259999999986
21
-115.445447999999999
0
LINE
8
BLACK
6
CONTINUOUS
10
100.7819259999999986
20
-115.445447999999999
11
100.88279
21
-115.4184219999999925
0
LINE
8
BLACK
6
CONTINUOUS
10
100.88279
20
-115.4184219999999925
11
100.9350000000000023
21
-115.414999999999992
0
LINE
8
BLACK
6
CONTINUOUS
10
100.9350000000000023
20
-115.414999999999992
11
110.3299999999999983
21
-115.414999999999992
0
LINE
8
BLACK
6
CONTINUOUS
10
110.3299999999999983
20
-115.414999999999992
11
110.3822100000000006
21
-115.4184219999999925
0
LINE
8
BLACK
6
CONTINUOUS
10
113.9422280000000001
20
-116.7994479999999982
11
114.0871169999999921
21
-116.859462999999991
0
LINE
8
BLACK
6
CONTINUOUS
10
114.0871169999999921
20
-116.859462999999991
11
114.2175149999999917
21
-116.9465919999999954
0
LINE
8
BLACK
6
CONTINUOUS
10
114.2175149999999917
20
-116.9465919999999954
11
114.328407999999996
21
-117.0574849999999998
0
LINE
8
BLACK
6
CONTINUOUS
10
114.328407999999996
20
-117.0574849999999998
11
114.4155370000000005
21
-117.1878829999999994
0
LINE
8
BLACK
6
CONTINUOUS
10
114.4155370000000005
20
-117.1878829999999994
11
114.4755519999999933
21
-117.3327719999999914
0
LINE
8
BLACK
6
CONTINUOUS
10
114.4755519999999933
20
-117.3327719999999914
11
114.506147999999996
21
-117.4865859999999884
0
LINE
8
BLACK
6
CONTINUOUS
10
114.506147999999996
20
-117.4865859999999884
11
114.506147999999996
21
-117.6434139999999928
0
LINE
8
BLACK
6
CONTINUOUS
10
114.506147999999996
20
-117.6434139999999928
11
114.4755519999999933
21
-117.7972279999999898
0
LINE
8
BLACK
6
CONTINUOUS
10
114.4755519999999933
20
-117.7972279999999898
11
114.4155370000000005
21
-117.9421169999999961
0
LINE
8
BLACK
6
CONTINUOUS
10
114.4155370000000005
20
-117.9421169999999961
11
114.328407999999996
21
-118.0725149999999957
0
LINE
8
BLACK
6
CONTINUOUS
10
114.328407999999996
20
-118.0725149999999957
11
114.2175149999999917
21
-118.183408
0
LINE
8
BLACK
6
CONTINUOUS
10
114.2175149999999917
20
-118.183408
11
114.1099999999999994
21
-118.2552469999999971
0
LINE
8
BLACK
6
CONTINUOUS
10
114.1099999999999994
20
-118.2552469999999971
11
114.1099999999999994
21
-120.3150819999999896
0
LINE
8
BLACK
6
CONTINUOUS
10
114.1099999999999994
20
-120.3150819999999896
11
114.1106869999999986
21
-120.3153669999999948
0
LINE
8
BLACK
6
CONTINUOUS
10
114.1106869999999986
20
-120.3153669999999948
11
114.2492340000000013
21
-120.4079409999999939
0
LINE
8
BLACK
6
CONTINUOUS
10
114.2492340000000013
20
-120.4079409999999939
11
114.3670589999999976
21
-120.5257659999999902
0
LINE
8
BLACK
6
CONTINUOUS
10
114.3670589999999976
20
-120.5257659999999902
11
114.4596329999999966
21
-120.6643129999999928
0
LINE
8
BLACK
6
CONTINUOUS
10
114.4596329999999966
20
-120.6643129999999928
11
114.5233989999999977
21
-120.8182580000000002
0
LINE
8
BLACK
6
CONTINUOUS
10
114.5233989999999977
20
-120.8182580000000002
11
114.5559069999999906
21
-120.9816849999999988
0
LINE
8
BLACK
6
CONTINUOUS
10
114.5559069999999906
20
-120.9816849999999988
11
114.5559069999999906
21
-121.1483149999999966
0
LINE
8
BLACK
6
CONTINUOUS
10
114.5559069999999906
20
-121.1483149999999966
11
114.5233989999999977
21
-121.3117419999999953
0
LINE
8
BLACK
6
CONTINUOUS
10
114.5233989999999977
20
-121.3117419999999953
11
114.4596329999999966
21
-121.4656869999999884
0
LINE
8
BLACK
6
CONTINUOUS
10
114.4596329999999966
20
-121.4656869999999884
11
114.3670589999999976
21
-121.6042339999999911
0
LINE
8
BLACK
6
CONTINUOUS
10
114.3670589999999976
20
-121.6042339999999911
11
114.2492340000000013
21
-121.7220590000000016
0
LINE
8
BLACK
6
CONTINUOUS
10
114.2492340000000013
20
-121.7220590000000016
11
114.1106869999999986
21
-121.8146330000000006
0
LINE
8
BLACK
6
CONTINUOUS
10
114.1106869999999986
20
-121.8146330000000006
11
113.9567419999999913
21
-121.8783989999999875
0
LINE
8
BLACK
6
CONTINUOUS
10
113.9567419999999913
20
-121.8783989999999875
11
113.7933149999999927
21
-121.9109069999999946
0
LINE
8
BLACK
6
CONTINUOUS
10
113.7933149999999927
20
-121.9109069999999946
11
113.6266849999999948
21
-121.9109069999999946
0
LINE
8
BLACK
6
CONTINUOUS
10
113.6266849999999948
20
-121.9109069999999946
11
113.4632579999999962
21
-121.8783989999999875
0
LINE
8
BLACK
6
CONTINUOUS
10
113.4632579999999962
20
-121.8783989999999875
11
113.3093129999999888
21
-121.8146330000000006
0
LINE
8
BLACK
6
CONTINUOUS
10
113.3093129999999888
20
-121.8146330000000006
11
113.1707660000000004
21
-121.7220590000000016
0
LINE
8
BLACK
6
CONTINUOUS
10
113.1707660000000004
20
-121.7220590000000016
11
113.0529409999999899
21
-121.6042339999999911
0
LINE
8
BLACK
6
CONTINUOUS
10
113.0529409999999899
20
-121.6042339999999911
11
112.9603669999999909
21
-121.4656869999999884
0
LINE
8
BLACK
6
CONTINUOUS
10
112.9603669999999909
20
-121.4656869999999884
11
112.8966009999999898
21
-121.3117419999999953
0
LINE
8
BLACK
6
CONTINUOUS
10
112.8966009999999898
20
-121.3117419999999953
11
112.8640929999999969
21
-121.1483149999999966
0
LINE
8
BLACK
6
CONTINUOUS
10
112.8640929999999969
20
-121.1483149999999966
11
112.8640929999999969
21
-120.9816849999999988
0
LINE
8
BLACK
6
CONTINUOUS
10
112.8640929999999969
20
-120.9816849999999988
11
112.8966009999999898
21
-120.8182580000000002
0
LINE
8
BLACK
6
CONTINUOUS
10
112.8966009999999898
20
-120.8182580000000002
11
112.9603669999999909
21
-120.6643129999999928
0
LINE
8
BLACK
6
CONTINUOUS
10
112.9603669999999909
20
-120.6643129999999928
11
113.0529409999999899
21
-120.5257659999999902
0
LINE
8
BLACK
6
CONTINUOUS
10
113.0529409999999899
20
-120.5257659999999902
11
113.1707660000000004
21
-120.4079409999999939
0
LINE
8
BLACK
6
CONTINUOUS
10
113.1707660000000004
20
-120.4079409999999939
11
113.3093129999999888
21
-120.3153669999999948
0
LINE
8
BLACK
6
CONTINUOUS
10
113.3093129999999888
20
-120.3153669999999948
11
113.3099999999999881
21
-120.3150819999999896
0
LINE
8
BLACK
6
CONTINUOUS
10
113.3099999999999881
20
-120.3150819999999896
11
113.3099999999999881
21
-118.2552469999999971
0
LINE
8
BLACK
6
CONTINUOUS
10
113.3099999999999881
20
-118.2552469999999971
11
113.2024849999999958
21
-118.183408
0
LINE
8
BLACK
6
CONTINUOUS
10
113.2024849999999958
20
-118.183408
11
113.0915919999999915
21
-118.0725149999999957
0
LINE
8
BLACK
6
CONTINUOUS
10
113.0915919999999915
20
-118.0725149999999957
11
113.0044630000000012
21
-117.9421169999999961
0
LINE
8
BLACK
6
CONTINUOUS
10
113.0044630000000012
20
-117.9421169999999961
11
112.9444479999999942
21
-117.7972279999999898
0
LINE
8
BLACK
6
CONTINUOUS
10
112.9444479999999942
20
-117.7972279999999898
11
112.9138519999999914
21
-117.6434139999999928
0
LINE
8
BLACK
6
CONTINUOUS
10
112.9138519999999914
20
-117.6434139999999928
11
112.9138519999999914
21
-117.4865859999999884
0
LINE
8
BLACK
6
CONTINUOUS
10
112.9138519999999914
20
-117.4865859999999884
11
112.9444479999999942
21
-117.3327719999999914
0
LINE
8
BLACK
6
CONTINUOUS
10
112.9444479999999942
20
-117.3327719999999914
11
113.0044630000000012
21
-117.1878829999999994
0
LINE
8
BLACK
6
CONTINUOUS
10
113.0044630000000012
20
-117.1878829999999994
11
113.0915919999999915
21
-117.0574849999999998
0
LINE
8
BLACK
6
CONTINUOUS
10
113.0915919999999915
20
-117.0574849999999998
11
113.2024849999999958
21
-116.9465919999999954
0
LINE
8
BLACK
6
CONTINUOUS
10
113.2024849999999958
20
-116.9465919999999954
11
113.3328829999999954
21
-116.859462999999991
0
LINE
8
BLACK
6
CONTINUOUS
10
113.3328829999999954
20
-116.859462999999991
11
113.4777720000000016
21
-116.7994479999999982
0
LINE
8
BLACK
6
CONTINUOUS
10
113.4777720000000016
20
-116.7994479999999982
11
113.6315859999999986
21
-116.7688519999999954
0
LINE
8
BLACK
6
CONTINUOUS
10
113.6315859999999986
20
-116.7688519999999954
11
113.7884139999999888
21
-116.7688519999999954
0
LINE
8
BLACK
6
CONTINUOUS
10
113.7884139999999888
20
-116.7688519999999954
11
113.9422280000000001
21
-116.7994479999999982
0
LINE
8
BLACK
6
CONTINUOUS
10
87.2031989999999979
20
-115.6201420000000013
11
87.329977999999997
21
-115.6726549999999918
0
LINE
8
BLACK
6
CONTINUOUS
10
87.329977999999997
20
-115.6726549999999918
11
87.444074999999998
21
-115.7488929999999954
0
LINE
8
BLACK
6
CONTINUOUS
10
87.444074999999998
20
-115.7488929999999954
11
87.5411069999999967
21
-115.845924999999994
0
LINE
8
BLACK
6
CONTINUOUS
10
87.5411069999999967
20
-115.845924999999994
11
87.6173450000000003
21
-115.960021999999995
0
LINE
8
BLACK
6
CONTINUOUS
10
87.6173450000000003
20
-115.960021999999995
11
87.6698579999999907
21
-116.0868009999999941
0
LINE
8
BLACK
6
CONTINUOUS
10
87.6698579999999907
20
-116.0868009999999941
11
87.6966290000000015
21
-116.2213879999999904
0
LINE
8
BLACK
6
CONTINUOUS
10
87.6966290000000015
20
-116.2213879999999904
11
87.6966290000000015
21
-116.3586119999999937
0
LINE
8
BLACK
6
CONTINUOUS
10
87.6966290000000015
20
-116.3586119999999937
11
87.6698579999999907
21
-116.49319899999999
0
LINE
8
BLACK
6
CONTINUOUS
10
87.6698579999999907
20
-116.49319899999999
11
87.6173450000000003
21
-116.619977999999989
0
LINE
8
BLACK
6
CONTINUOUS
10
87.6173450000000003
20
-116.619977999999989
11
87.5411069999999967
21
-116.73407499999999
0
LINE
8
BLACK
6
CONTINUOUS
10
87.5411069999999967
20
-116.73407499999999
11
87.444074999999998
21
-116.8311069999999887
0
LINE
8
BLACK
6
CONTINUOUS
10
87.444074999999998
20
-116.8311069999999887
11
87.3999999999999915
21
-116.860557
0
LINE
8
BLACK
6
CONTINUOUS
10
87.3999999999999915
20
-116.860557
11
87.3999999999999915
21
-117.0999999999999943
0
LINE
8
BLACK
6
CONTINUOUS
10
87.3999999999999915
20
-117.0999999999999943
11
90.75
21
-117.0999999999999943
0
LINE
8
BLACK
6
CONTINUOUS
10
90.75
20
-117.0999999999999943
11
91.25
21
-117.0999999999999943
0
LINE
8
BLACK
6
CONTINUOUS
10
91.25
20
-117.0999999999999943
11
94.5197529999999944
21
-117.0999999999999943
0
LINE
8
BLACK
6
CONTINUOUS
10
94.5197529999999944
20
-117.0999999999999943
11
94.5915919999999915
21
-116.9924849999999878
0
LINE
8
BLACK
6
CONTINUOUS
10
94.5915919999999915
20
-116.9924849999999878
11
94.7024849999999958
21
-116.8815919999999977
0
LINE
8
BLACK
6
CONTINUOUS
10
94.7024849999999958
20
-116.8815919999999977
11
94.8328829999999954
21
-116.7944629999999933
0
LINE
8
BLACK
6
CONTINUOUS
10
94.8328829999999954
20
-116.7944629999999933
11
94.9777720000000016
21
-116.7344480000000004
0
LINE
8
BLACK
6
CONTINUOUS
10
94.9777720000000016
20
-116.7344480000000004
11
95.1315859999999986
21
-116.7038519999999977
0
LINE
8
BLACK
6
CONTINUOUS
10
95.1315859999999986
20
-116.7038519999999977
11
95.2884139999999888
21
-116.7038519999999977
0
LINE
8
BLACK
6
CONTINUOUS
10
95.2884139999999888
20
-116.7038519999999977
11
95.4422280000000001
21
-116.7344480000000004
0
LINE
8
BLACK
6
CONTINUOUS
10
95.4422280000000001
20
-116.7344480000000004
11
95.5871169999999921
21
-116.7944629999999933
0
LINE
8
BLACK
6
CONTINUOUS
10
95.5871169999999921
20
-116.7944629999999933
11
95.7175149999999917
21
-116.8815919999999977
0
LINE
8
BLACK
6
CONTINUOUS
10
95.7175149999999917
20
-116.8815919999999977
11
95.828407999999996
21
-116.9924849999999878
0
LINE
8
BLACK
6
CONTINUOUS
10
95.828407999999996
20
-116.9924849999999878
11
95.9155370000000005
21
-117.1228830000000016
0
LINE
8
BLACK
6
CONTINUOUS
10
95.9155370000000005
20
-117.1228830000000016
11
95.9755519999999933
21
-117.2677719999999937
0
LINE
8
BLACK
6
CONTINUOUS
10
95.9755519999999933
20
-117.2677719999999937
11
96.006147999999996
21
-117.4215859999999907
0
LINE
8
BLACK
6
CONTINUOUS
10
96.006147999999996
20
-117.4215859999999907
11
96.006147999999996
21
-117.5784139999999951
0
LINE
8
BLACK
6
CONTINUOUS
10
96.006147999999996
20
-117.5784139999999951
11
95.9755519999999933
21
-117.7322279999999921
0
LINE
8
BLACK
6
CONTINUOUS
10
95.9755519999999933
20
-117.7322279999999921
11
95.9155370000000005
21
-117.8771169999999984
0
LINE
8
BLACK
6
CONTINUOUS
10
95.9155370000000005
20
-117.8771169999999984
11
95.828407999999996
21
-118.0075149999999979
0
LINE
8
BLACK
6
CONTINUOUS
10
95.828407999999996
20
-118.0075149999999979
11
95.7175149999999917
21
-118.1184079999999881
0
LINE
8
BLACK
6
CONTINUOUS
10
95.7175149999999917
20
-118.1184079999999881
11
95.5871169999999921
21
-118.2055369999999925
0
LINE
8
BLACK
6
CONTINUOUS
10
95.5871169999999921
20
-118.2055369999999925
11
95.4422280000000001
21
-118.2655519999999996
0
LINE
8
BLACK
6
CONTINUOUS
10
95.4422280000000001
20
-118.2655519999999996
11
95.2884139999999888
21
-118.2961479999999881
0
LINE
8
BLACK
6
CONTINUOUS
10
95.2884139999999888
20
-118.2961479999999881
11
95.1315859999999986
21
-118.2961479999999881
0
LINE
8
BLACK
6
CONTINUOUS
10
95.1315859999999986
20
-118.2961479999999881
11
94.9777720000000016
21
-118.2655519999999996
0
LINE
8
BLACK
6
CONTINUOUS
10
94.9777720000000016
20
-118.2655519999999996
11
94.8328829999999954
21
-118.2055369999999925
0
LINE
8
BLACK
6
CONTINUOUS
10
94.8328829999999954
20
-118.2055369999999925
11
94.7024849999999958
21
-118.1184079999999881
0
LINE
8
BLACK
6
CONTINUOUS
10
94.7024849999999958
20
-118.1184079999999881
11
94.5915919999999915
21
-118.0075149999999979
0
LINE
8
BLACK
6
CONTINUOUS
10
94.5915919999999915
20
-118.0075149999999979
11
94.5197529999999944
21
-117.8999999999999915
0
LINE
8
BLACK
6
CONTINUOUS
10
94.5197529999999944
20
-117.8999999999999915
11
91.25
21
-117.8999999999999915
0
LINE
8
BLACK
6
CONTINUOUS
10
91.25
20
-117.8999999999999915
11
90.75
21
-117.8999999999999915
0
LINE
8
BLACK
6
CONTINUOUS
10
90.75
20
-117.8999999999999915
11
87.4156849999999963
21
-117.8999999999999915
0
LINE
8
BLACK
6
CONTINUOUS
10
87.4156849999999963
20
-117.8999999999999915
11
87.3999999999999915
21
-117.9156849999999963
0
LINE
8
BLACK
6
CONTINUOUS
10
87.3999999999999915
20
-117.9156849999999963
11
87.3999999999999915
21
-119.1394419999999883
0
LINE
8
BLACK
6
CONTINUOUS
10
87.3999999999999915
20
-119.1394419999999883
11
87.444074999999998
21
-119.1688929999999971
0
LINE
8
BLACK
6
CONTINUOUS
10
87.444074999999998
20
-119.1688929999999971
11
87.5411069999999967
21
-119.2659249999999957
0
LINE
8
BLACK
6
CONTINUOUS
10
87.5411069999999967
20
-119.2659249999999957
11
87.6173450000000003
21
-119.3800219999999968
0
LINE
8
BLACK
6
CONTINUOUS
10
87.6173450000000003
20
-119.3800219999999968
11
87.6698579999999907
21
-119.5068009999999958
0
LINE
8
BLACK
6
CONTINUOUS
10
87.6698579999999907
20
-119.5068009999999958
11
87.6966290000000015
21
-119.6413879999999921
0
LINE
8
BLACK
6
CONTINUOUS
10
87.6966290000000015
20
-119.6413879999999921
11
87.6966290000000015
21
-119.7786119999999954
0
LINE
8
BLACK
6
CONTINUOUS
10
87.6966290000000015
20
-119.7786119999999954
11
87.6698579999999907
21
-119.9131989999999917
0
LINE
8
BLACK
6
CONTINUOUS
10
87.6698579999999907
20
-119.9131989999999917
11
87.6173450000000003
21
-120.0399779999999907
0
LINE
8
BLACK
6
CONTINUOUS
10
87.6173450000000003
20
-120.0399779999999907
11
87.5411069999999967
21
-120.1540749999999917
0
LINE
8
BLACK
6
CONTINUOUS
10
87.5411069999999967
20
-120.1540749999999917
11
87.444074999999998
21
-120.2511069999999904
0
LINE
8
BLACK
6
CONTINUOUS
10
87.444074999999998
20
-120.2511069999999904
11
87.329977999999997
21
-120.327344999999994
0
LINE
8
BLACK
6
CONTINUOUS
10
87.329977999999997
20
-120.327344999999994
11
87.2031989999999979
21
-120.3798579999999987
0
LINE
8
BLACK
6
CONTINUOUS
10
87.2031989999999979
20
-120.3798579999999987
11
87.0686120000000017
21
-120.4066289999999952
0
LINE
8
BLACK
6
CONTINUOUS
10
87.0686120000000017
20
-120.4066289999999952
11
86.9313879999999983
21
-120.4066289999999952
0
LINE
8
BLACK
6
CONTINUOUS
10
86.9313879999999983
20
-120.4066289999999952
11
86.7968010000000021
21
-120.3798579999999987
0
LINE
8
BLACK
6
CONTINUOUS
10
86.7968010000000021
20
-120.3798579999999987
11
86.670022000000003
21
-120.327344999999994
0
LINE
8
BLACK
6
CONTINUOUS
10
86.670022000000003
20
-120.327344999999994
11
86.555925000000002
21
-120.2511069999999904
0
LINE
8
BLACK
6
CONTINUOUS
10
86.555925000000002
20
-120.2511069999999904
11
86.4588929999999891
21
-120.1540749999999917
0
LINE
8
BLACK
6
CONTINUOUS
10
86.4588929999999891
20
-120.1540749999999917
11
86.3826549999999997
21
-120.0399779999999907
0
LINE
8
BLACK
6
CONTINUOUS
10
86.3826549999999997
20
-120.0399779999999907
11
86.3301419999999951
21
-119.9131989999999917
0
LINE
8
BLACK
6
CONTINUOUS
10
86.3301419999999951
20
-119.9131989999999917
11
86.3033709999999985
21
-119.7786119999999954
0
LINE
8
BLACK
6
CONTINUOUS
10
86.3033709999999985
20
-119.7786119999999954
11
86.3033709999999985
21
-119.6413879999999921
0
LINE
8
BLACK
6
CONTINUOUS
10
86.3033709999999985
20
-119.6413879999999921
11
86.3301419999999951
21
-119.5068009999999958
0
LINE
8
BLACK
6
CONTINUOUS
10
86.3301419999999951
20
-119.5068009999999958
11
86.3826549999999997
21
-119.3800219999999968
0
LINE
8
BLACK
6
CONTINUOUS
10
86.3826549999999997
20
-119.3800219999999968
11
86.4588929999999891
21
-119.2659249999999957
0
LINE
8
BLACK
6
CONTINUOUS
10
86.4588929999999891
20
-119.2659249999999957
11
86.555925000000002
21
-119.1688929999999971
0
LINE
8
BLACK
6
CONTINUOUS
10
86.555925000000002
20
-119.1688929999999971
11
86.5999999999999943
21
-119.1394419999999883
0
LINE
8
BLACK
6
CONTINUOUS
10
86.5999999999999943
20
-119.1394419999999883
11
86.5999999999999943
21
-117.75
0
LINE
8
BLACK
6
CONTINUOUS
10
86.5999999999999943
20
-117.75
11
86.5999999999999943
21
-116.860557
0
LINE
8
BLACK
6
CONTINUOUS
10
86.5999999999999943
20
-116.860557
11
86.555925000000002
21
-116.8311069999999887
0
LINE
8
BLACK
6
CONTINUOUS
10
86.555925000000002
20
-116.8311069999999887
11
86.4588929999999891
21
-116.73407499999999
0
LINE
8
BLACK
6
CONTINUOUS
10
86.4588929999999891
20
-116.73407499999999
11
86.3826549999999997
21
-116.619977999999989
0
LINE
8
BLACK
6
CONTINUOUS
10
86.3826549999999997
20
-116.619977999999989
11
86.3301419999999951
21
-116.49319899999999
0
LINE
8
BLACK
6
CONTINUOUS
10
86.3301419999999951
20
-116.49319899999999
11
86.3033709999999985
21
-116.3586119999999937
0
LINE
8
BLACK
6
CONTINUOUS
10
86.3033709999999985
20
-116.3586119999999937
11
86.3033709999999985
21
-116.2213879999999904
0
LINE
8
BLACK
6
CONTINUOUS
10
86.3033709999999985
20
-116.2213879999999904
11
86.3301419999999951
21
-116.0868009999999941
0
LINE
8
BLACK
6
CONTINUOUS
10
86.3301419999999951
20
-116.0868009999999941
11
86.3826549999999997
21
-115.960021999999995
0
LINE
8
BLACK
6
CONTINUOUS
10
86.3826549999999997
20
-115.960021999999995
11
86.4588929999999891
21
-115.845924999999994
0
LINE
8
BLACK
6
CONTINUOUS
10
86.4588929999999891
20
-115.845924999999994
11
86.555925000000002
21
-115.7488929999999954
0
LINE
8
BLACK
6
CONTINUOUS
10
86.555925000000002
20
-115.7488929999999954
11
86.670022000000003
21
-115.6726549999999918
0
LINE
8
BLACK
6
CONTINUOUS
10
86.670022000000003
20
-115.6726549999999918
11
86.7968010000000021
21
-115.6201420000000013
0
LINE
8
BLACK
6
CONTINUOUS
10
86.7968010000000021
20
-115.6201420000000013
11
86.9313879999999983
21
-115.5933709999999905
0
LINE
8
BLACK
6
CONTINUOUS
10
86.9313879999999983
20
-115.5933709999999905
11
87.0686120000000017
21
-115.5933709999999905
0
LINE
8
BLACK
6
CONTINUOUS
10
87.0686120000000017
20
-115.5933709999999905
11
87.2031989999999979
21
-115.6201420000000013
0
LINE
8
BLACK
6
CONTINUOUS
10
119.0222279999999984
20
-116.7994479999999982
11
119.1671169999999904
21
-116.859462999999991
0
LINE
8
BLACK
6
CONTINUOUS
10
119.1671169999999904
20
-116.859462999999991
11
119.29751499999999
21
-116.9465919999999954
0
LINE
8
BLACK
6
CONTINUOUS
10
119.29751499999999
20
-116.9465919999999954
11
119.4084079999999943
21
-117.0574849999999998
0
LINE
8
BLACK
6
CONTINUOUS
10
119.4084079999999943
20
-117.0574849999999998
11
119.4955369999999988
21
-117.1878829999999994
0
LINE
8
BLACK
6
CONTINUOUS
10
119.4955369999999988
20
-117.1878829999999994
11
119.5555519999999916
21
-117.3327719999999914
0
LINE
8
BLACK
6
CONTINUOUS
10
119.5555519999999916
20
-117.3327719999999914
11
119.5861479999999943
21
-117.4865859999999884
0
LINE
8
BLACK
6
CONTINUOUS
10
119.5861479999999943
20
-117.4865859999999884
11
119.5861479999999943
21
-117.6434139999999928
0
LINE
8
BLACK
6
CONTINUOUS
10
119.5861479999999943
20
-117.6434139999999928
11
119.5555519999999916
21
-117.7972279999999898
0
LINE
8
BLACK
6
CONTINUOUS
10
119.5555519999999916
20
-117.7972279999999898
11
119.4955369999999988
21
-117.9421169999999961
0
LINE
8
BLACK
6
CONTINUOUS
10
119.4955369999999988
20
-117.9421169999999961
11
119.4084079999999943
21
-118.0725149999999957
0
LINE
8
BLACK
6
CONTINUOUS
10
119.4084079999999943
20
-118.0725149999999957
11
119.29751499999999
21
-118.183408
0
LINE
8
BLACK
6
CONTINUOUS
10
119.29751499999999
20
-118.183408
11
119.1671169999999904
21
-118.2705369999999903
0
LINE
8
BLACK
6
CONTINUOUS
10
119.1671169999999904
20
-118.2705369999999903
11
119.0222279999999984
21
-118.3305519999999973
0
LINE
8
BLACK
6
CONTINUOUS
10
119.0222279999999984
20
-118.3305519999999973
11
118.8684140000000014
21
-118.361148
0
LINE
8
BLACK
6
CONTINUOUS
10
118.8684140000000014
20
-118.361148
11
118.7115859999999969
21
-118.361148
0
LINE
8
BLACK
6
CONTINUOUS
10
118.7115859999999969
20
-118.361148
11
118.5577719999999999
21
-118.3305519999999973
0
LINE
8
BLACK
6
CONTINUOUS
10
118.5577719999999999
20
-118.3305519999999973
11
118.4128829999999937
21
-118.2705369999999903
0
LINE
8
BLACK
6
CONTINUOUS
10
118.4128829999999937
20
-118.2705369999999903
11
118.2824849999999941
21
-118.183408
0
LINE
8
BLACK
6
CONTINUOUS
10
118.2824849999999941
20
-118.183408
11
118.1715919999999898
21
-118.0725149999999957
0
LINE
8
BLACK
6
CONTINUOUS
10
118.1715919999999898
20
-118.0725149999999957
11
118.0844629999999995
21
-117.9421169999999961
0
LINE
8
BLACK
6
CONTINUOUS
10
118.0844629999999995
20
-117.9421169999999961
11
118.0244479999999925
21
-117.7972279999999898
0
LINE
8
BLACK
6
CONTINUOUS
10
118.0244479999999925
20
-117.7972279999999898
11
117.9938519999999897
21
-117.6434139999999928
0
LINE
8
BLACK
6
CONTINUOUS
10
117.9938519999999897
20
-117.6434139999999928
11
117.9938519999999897
21
-117.4865859999999884
0
LINE
8
BLACK
6
CONTINUOUS
10
117.9938519999999897
20
-117.4865859999999884
11
118.0244479999999925
21
-117.3327719999999914
0
LINE
8
BLACK
6
CONTINUOUS
10
118.0244479999999925
20
-117.3327719999999914
11
118.0844629999999995
21
-117.1878829999999994
0
LINE
8
BLACK
6
CONTINUOUS
10
118.0844629999999995
20
-117.1878829999999994
11
118.1715919999999898
21
-117.0574849999999998
0
LINE
8
BLACK
6
CONTINUOUS
10
118.1715919999999898
20
-117.0574849999999998
11
118.2824849999999941
21
-116.9465919999999954
0
LINE
8
BLACK
6
CONTINUOUS
10
118.2824849999999941
20
-116.9465919999999954
11
118.4128829999999937
21
-116.859462999999991
0
LINE
8
BLACK
6
CONTINUOUS
10
118.4128829999999937
20
-116.859462999999991
11
118.5577719999999999
21
-116.7994479999999982
0
LINE
8
BLACK
6
CONTINUOUS
10
118.5577719999999999
20
-116.7994479999999982
11
118.7115859999999969
21
-116.7688519999999954
0
LINE
8
BLACK
6
CONTINUOUS
10
118.7115859999999969
20
-116.7688519999999954
11
118.8684140000000014
21
-116.7688519999999954
0
LINE
8
BLACK
6
CONTINUOUS
10
118.8684140000000014
20
-116.7688519999999954
11
119.0222279999999984
21
-116.7994479999999982
0
LINE
8
BLACK
6
CONTINUOUS
10
121.5622279999999904
20
-116.7994479999999982
11
121.7071169999999967
21
-116.859462999999991
0
LINE
8
BLACK
6
CONTINUOUS
10
121.7071169999999967
20
-116.859462999999991
11
121.8375149999999962
21
-116.9465919999999954
0
LINE
8
BLACK
6
CONTINUOUS
10
121.8375149999999962
20
-116.9465919999999954
11
121.9484080000000006
21
-117.0574849999999998
0
LINE
8
BLACK
6
CONTINUOUS
10
121.9484080000000006
20
-117.0574849999999998
11
122.0355369999999908
21
-117.1878829999999994
0
LINE
8
BLACK
6
CONTINUOUS
10
122.0355369999999908
20
-117.1878829999999994
11
122.0955519999999979
21
-117.3327719999999914
0
LINE
8
BLACK
6
CONTINUOUS
10
122.0955519999999979
20
-117.3327719999999914
11
122.1261480000000006
21
-117.4865859999999884
0
LINE
8
BLACK
6
CONTINUOUS
10
122.1261480000000006
20
-117.4865859999999884
11
122.1261480000000006
21
-117.6434139999999928
0
LINE
8
BLACK
6
CONTINUOUS
10
122.1261480000000006
20
-117.6434139999999928
11
122.0955519999999979
21
-117.7972279999999898
0
LINE
8
BLACK
6
CONTINUOUS
10
122.0955519999999979
20
-117.7972279999999898
11
122.0355369999999908
21
-117.9421169999999961
0
LINE
8
BLACK
6
CONTINUOUS
10
122.0355369999999908
20
-117.9421169999999961
11
121.9484080000000006
21
-118.0725149999999957
0
LINE
8
BLACK
6
CONTINUOUS
10
121.9484080000000006
20
-118.0725149999999957
11
121.8375149999999962
21
-118.183408
0
LINE
8
BLACK
6
CONTINUOUS
10
121.8375149999999962
20
-118.183408
11
121.7071169999999967
21
-118.2705369999999903
0
LINE
8
BLACK
6
CONTINUOUS
10
121.7071169999999967
20
-118.2705369999999903
11
121.5622279999999904
21
-118.3305519999999973
0
LINE
8
BLACK
6
CONTINUOUS
10
121.5622279999999904
20
-118.3305519999999973
11
121.4084139999999934
21
-118.361148
0
LINE
8
BLACK
6
CONTINUOUS
10
121.4084139999999934
20
-118.361148
11
121.251585999999989
21
-118.361148
0
LINE
8
BLACK
6
CONTINUOUS
10
121.251585999999989
20
-118.361148
11
121.097771999999992
21
-118.3305519999999973
0
LINE
8
BLACK
6
CONTINUOUS
10
121.097771999999992
20
-118.3305519999999973
11
120.9528829999999999
21
-118.2705369999999903
0
LINE
8
BLACK
6
CONTINUOUS
10
120.9528829999999999
20
-118.2705369999999903
11
120.8224850000000004
21
-118.183408
0
LINE
8
BLACK
6
CONTINUOUS
10
120.8224850000000004
20
-118.183408
11
120.711591999999996
21
-118.0725149999999957
0
LINE
8
BLACK
6
CONTINUOUS
10
120.711591999999996
20
-118.0725149999999957
11
120.6244629999999916
21
-117.9421169999999961
0
LINE
8
BLACK
6
CONTINUOUS
10
120.6244629999999916
20
-117.9421169999999961
11
120.5644479999999987
21
-117.7972279999999898
0
LINE
8
BLACK
6
CONTINUOUS
10
120.5644479999999987
20
-117.7972279999999898
11
120.533851999999996
21
-117.6434139999999928
0
LINE
8
BLACK
6
CONTINUOUS
10
120.533851999999996
20
-117.6434139999999928
11
120.533851999999996
21
-117.4865859999999884
0
LINE
8
BLACK
6
CONTINUOUS
10
120.533851999999996
20
-117.4865859999999884
11
120.5644479999999987
21
-117.3327719999999914
0
LINE
8
BLACK
6
CONTINUOUS
10
120.5644479999999987
20
-117.3327719999999914
11
120.6244629999999916
21
-117.1878829999999994
0
LINE
8
BLACK
6
CONTINUOUS
10
120.6244629999999916
20
-117.1878829999999994
11
120.711591999999996
21
-117.0574849999999998
0
LINE
8
BLACK
6
CONTINUOUS
10
120.711591999999996
20
-117.0574849999999998
11
120.8224850000000004
21
-116.9465919999999954
0
LINE
8
BLACK
6
CONTINUOUS
10
120.8224850000000004
20
-116.9465919999999954
11
120.9528829999999999
21
-116.859462999999991
0
LINE
8
BLACK
6
CONTINUOUS
10
120.9528829999999999
20
-116.859462999999991
11
121.097771999999992
21
-116.7994479999999982
0
LINE
8
BLACK
6
CONTINUOUS
10
121.097771999999992
20
-116.7994479999999982
11
121.251585999999989
21
-116.7688519999999954
0
LINE
8
BLACK
6
CONTINUOUS
10
121.251585999999989
20
-116.7688519999999954
11
121.4084139999999934
21
-116.7688519999999954
0
LINE
8
BLACK
6
CONTINUOUS
10
121.4084139999999934
20
-116.7688519999999954
11
121.5622279999999904
21
-116.7994479999999982
0
LINE
8
BLACK
6
CONTINUOUS
10
97.9822279999999921
20
-109.1144479999999959
11
98.1271169999999984
21
-109.1744629999999887
0
LINE
8
BLACK
6
CONTINUOUS
10
98.1271169999999984
20
-109.1744629999999887
11
98.2575149999999979
21
-109.2615919999999932
0
LINE
8
BLACK
6
CONTINUOUS
10
98.2575149999999979
20
-109.2615919999999932
11
98.3684080000000023
21
-109.3724849999999975
0
LINE
8
BLACK
6
CONTINUOUS
10
98.3684080000000023
20
-109.3724849999999975
11
98.4555369999999925
21
-109.5028829999999971
0
LINE
8
BLACK
6
CONTINUOUS
10
98.4555369999999925
20
-109.5028829999999971
11
98.5155519999999996
21
-109.6477719999999891
0
LINE
8
BLACK
6
CONTINUOUS
10
98.5155519999999996
20
-109.6477719999999891
11
98.5461480000000023
21
-109.8015860000000004
0
LINE
8
BLACK
6
CONTINUOUS
10
98.5461480000000023
20
-109.8015860000000004
11
98.5461480000000023
21
-109.9584139999999906
0
LINE
8
BLACK
6
CONTINUOUS
10
98.5461480000000023
20
-109.9584139999999906
11
98.5155519999999996
21
-110.1122280000000018
0
LINE
8
BLACK
6
CONTINUOUS
10
98.5155519999999996
20
-110.1122280000000018
11
98.4555369999999925
21
-110.2571169999999938
0
LINE
8
BLACK
6
CONTINUOUS
10
98.4555369999999925
20
-110.2571169999999938
11
98.3684080000000023
21
-110.3875149999999934
0
LINE
8
BLACK
6
CONTINUOUS
10
98.3684080000000023
20
-110.3875149999999934
11
98.2575149999999979
21
-110.4984079999999977
0
LINE
8
BLACK
6
CONTINUOUS
10
98.2575149999999979
20
-110.4984079999999977
11
98.1499999999999915
21
-110.5702469999999948
0
LINE
8
BLACK
6
CONTINUOUS
10
98.1499999999999915
20
-110.5702469999999948
11
98.1499999999999915
21
-114.75
0
LINE
8
BLACK
6
CONTINUOUS
10
98.1499999999999915
20
-114.75
11
98.1499999999999915
21
-116.8097519999999889
0
LINE
8
BLACK
6
CONTINUOUS
10
98.1499999999999915
20
-116.8097519999999889
11
98.2575149999999979
21
-116.8815919999999977
0
LINE
8
BLACK
6
CONTINUOUS
10
98.2575149999999979
20
-116.8815919999999977
11
98.3684080000000023
21
-116.9924849999999878
0
LINE
8
BLACK
6
CONTINUOUS
10
98.3684080000000023
20
-116.9924849999999878
11
98.4555369999999925
21
-117.1228830000000016
0
LINE
8
BLACK
6
CONTINUOUS
10
98.4555369999999925
20
-117.1228830000000016
11
98.5155519999999996
21
-117.2677719999999937
0
LINE
8
BLACK
6
CONTINUOUS
10
98.5155519999999996
20
-117.2677719999999937
11
98.5461480000000023
21
-117.4215859999999907
0
LINE
8
BLACK
6
CONTINUOUS
10
98.5461480000000023
20
-117.4215859999999907
11
98.5461480000000023
21
-117.5784139999999951
0
LINE
8
BLACK
6
CONTINUOUS
10
98.5461480000000023
20
-117.5784139999999951
11
98.5155519999999996
21
-117.7322279999999921
0
LINE
8
BLACK
6
CONTINUOUS
10
98.5155519999999996
20
-117.7322279999999921
11
98.4555369999999925
21
-117.8771169999999984
0
LINE
8
BLACK
6
CONTINUOUS
10
98.4555369999999925
20
-117.8771169999999984
11
98.3684080000000023
21
-118.0075149999999979
0
LINE
8
BLACK
6
CONTINUOUS
10
98.3684080000000023
20
-118.0075149999999979
11
98.2575149999999979
21
-118.1184079999999881
0
LINE
8
BLACK
6
CONTINUOUS
10
98.2575149999999979
20
-118.1184079999999881
11
98.1271169999999984
21
-118.2055369999999925
0
LINE
8
BLACK
6
CONTINUOUS
10
98.1271169999999984
20
-118.2055369999999925
11
97.9822279999999921
21
-118.2655519999999996
0
LINE
8
BLACK
6
CONTINUOUS
10
97.9822279999999921
20
-118.2655519999999996
11
97.8284139999999951
21
-118.2961479999999881
0
LINE
8
BLACK
6
CONTINUOUS
10
97.8284139999999951
20
-118.2961479999999881
11
97.6715859999999907
21
-118.2961479999999881
0
LINE
8
BLACK
6
CONTINUOUS
10
97.6715859999999907
20
-118.2961479999999881
11
97.5177719999999937
21
-118.2655519999999996
0
LINE
8
BLACK
6
CONTINUOUS
10
97.5177719999999937
20
-118.2655519999999996
11
97.3728830000000016
21
-118.2055369999999925
0
LINE
8
BLACK
6
CONTINUOUS
10
97.3728830000000016
20
-118.2055369999999925
11
97.2424850000000021
21
-118.1184079999999881
0
LINE
8
BLACK
6
CONTINUOUS
10
97.2424850000000021
20
-118.1184079999999881
11
97.1315919999999977
21
-118.0075149999999979
0
LINE
8
BLACK
6
CONTINUOUS
10
97.1315919999999977
20
-118.0075149999999979
11
97.0444629999999933
21
-117.8771169999999984
0
LINE
8
BLACK
6
CONTINUOUS
10
97.0444629999999933
20
-117.8771169999999984
11
96.9844480000000004
21
-117.7322279999999921
0
LINE
8
BLACK
6
CONTINUOUS
10
96.9844480000000004
20
-117.7322279999999921
11
96.9538519999999977
21
-117.5784139999999951
0
LINE
8
BLACK
6
CONTINUOUS
10
96.9538519999999977
20
-117.5784139999999951
11
96.9538519999999977
21
-117.4215859999999907
0
LINE
8
BLACK
6
CONTINUOUS
10
96.9538519999999977
20
-117.4215859999999907
11
96.9844480000000004
21
-117.2677719999999937
0
LINE
8
BLACK
6
CONTINUOUS
10
96.9844480000000004
20
-117.2677719999999937
11
97.0444629999999933
21
-117.1228830000000016
0
LINE
8
BLACK
6
CONTINUOUS
10
97.0444629999999933
20
-117.1228830000000016
11
97.1315919999999977
21
-116.9924849999999878
0
LINE
8
BLACK
6
CONTINUOUS
10
97.1315919999999977
20
-116.9924849999999878
11
97.2424850000000021
21
-116.8815919999999977
0
LINE
8
BLACK
6
CONTINUOUS
10
97.2424850000000021
20
-116.8815919999999977
11
97.3499999999999943
21
-116.8097519999999889
0
LINE
8
BLACK
6
CONTINUOUS
10
97.3499999999999943
20
-116.8097519999999889
11
97.3499999999999943
21
-115.1499999999999915
0
LINE
8
BLACK
6
CONTINUOUS
10
97.3499999999999943
20
-115.1499999999999915
11
83.1499999999999915
21
-115.1499999999999915
0
LINE
8
BLACK
6
CONTINUOUS
10
83.1499999999999915
20
-115.1499999999999915
11
83.1499999999999915
21
-116.0197519999999969
0
LINE
8
BLACK
6
CONTINUOUS
10
83.1499999999999915
20
-116.0197519999999969
11
83.2575149999999979
21
-116.0915919999999915
0
LINE
8
BLACK
6
CONTINUOUS
10
83.2575149999999979
20
-116.0915919999999915
11
83.3684080000000023
21
-116.2024849999999958
0
LINE
8
BLACK
6
CONTINUOUS
10
83.3684080000000023
20
-116.2024849999999958
11
83.4555369999999925
21
-116.3328829999999954
0
LINE
8
BLACK
6
CONTINUOUS
10
83.4555369999999925
20
-116.3328829999999954
11
83.5155519999999996
21
-116.4777720000000016
0
LINE
8
BLACK
6
CONTINUOUS
10
83.5155519999999996
20
-116.4777720000000016
11
83.5461480000000023
21
-116.6315859999999986
0
LINE
8
BLACK
6
CONTINUOUS
10
83.5461480000000023
20
-116.6315859999999986
11
83.5461480000000023
21
-116.7884139999999888
0
LINE
8
BLACK
6
CONTINUOUS
10
83.5461480000000023
20
-116.7884139999999888
11
83.5155519999999996
21
-116.9422280000000001
0
LINE
8
BLACK
6
CONTINUOUS
10
83.5155519999999996
20
-116.9422280000000001
11
83.4555369999999925
21
-117.0871169999999921
0
LINE
8
BLACK
6
CONTINUOUS
10
83.4555369999999925
20
-117.0871169999999921
11
83.3684080000000023
21
-117.2175149999999917
0
LINE
8
BLACK
6
CONTINUOUS
10
83.3684080000000023
20
-117.2175149999999917
11
83.2575149999999979
21
-117.328407999999996
0
LINE
8
BLACK
6
CONTINUOUS
10
83.2575149999999979
20
-117.328407999999996
11
83.1271169999999984
21
-117.4155370000000005
0
LINE
8
BLACK
6
CONTINUOUS
10
83.1271169999999984
20
-117.4155370000000005
11
82.9822279999999921
21
-117.4755519999999933
0
LINE
8
BLACK
6
CONTINUOUS
10
82.9822279999999921
20
-117.4755519999999933
11
82.8284139999999951
21
-117.506147999999996
0
LINE
8
BLACK
6
CONTINUOUS
10
82.8284139999999951
20
-117.506147999999996
11
82.6715859999999907
21
-117.506147999999996
0
LINE
8
BLACK
6
CONTINUOUS
10
82.6715859999999907
20
-117.506147999999996
11
82.5177719999999937
21
-117.4755519999999933
0
LINE
8
BLACK
6
CONTINUOUS
10
82.5177719999999937
20
-117.4755519999999933
11
82.3728830000000016
21
-117.4155370000000005
0
LINE
8
BLACK
6
CONTINUOUS
10
82.3728830000000016
20
-117.4155370000000005
11
82.2424850000000021
21
-117.328407999999996
0
LINE
8
BLACK
6
CONTINUOUS
10
82.2424850000000021
20
-117.328407999999996
11
82.1315919999999977
21
-117.2175149999999917
0
LINE
8
BLACK
6
CONTINUOUS
10
82.1315919999999977
20
-117.2175149999999917
11
82.0444629999999933
21
-117.0871169999999921
0
LINE
8
BLACK
6
CONTINUOUS
10
82.0444629999999933
20
-117.0871169999999921
11
81.9844480000000004
21
-116.9422280000000001
0
LINE
8
BLACK
6
CONTINUOUS
10
81.9844480000000004
20
-116.9422280000000001
11
81.9538519999999977
21
-116.7884139999999888
0
LINE
8
BLACK
6
CONTINUOUS
10
81.9538519999999977
20
-116.7884139999999888
11
81.9538519999999977
21
-116.6315859999999986
0
LINE
8
BLACK
6
CONTINUOUS
10
81.9538519999999977
20
-116.6315859999999986
11
81.9844480000000004
21
-116.4777720000000016
0
LINE
8
BLACK
6
CONTINUOUS
10
81.9844480000000004
20
-116.4777720000000016
11
82.0444629999999933
21
-116.3328829999999954
0
LINE
8
BLACK
6
CONTINUOUS
10
82.0444629999999933
20
-116.3328829999999954
11
82.1315919999999977
21
-116.2024849999999958
0
LINE
8
BLACK
6
CONTINUOUS
10
82.1315919999999977
20
-116.2024849999999958
11
82.2424850000000021
21
-116.0915919999999915
0
LINE
8
BLACK
6
CONTINUOUS
10
82.2424850000000021
20
-116.0915919999999915
11
82.3499999999999943
21
-116.0197519999999969
0
LINE
8
BLACK
6
CONTINUOUS
10
82.3499999999999943
20
-116.0197519999999969
11
82.3499999999999943
21
-114.75
0
LINE
8
BLACK
6
CONTINUOUS
10
82.3499999999999943
20
-114.75
11
82.3499999999999943
21
-113.360557
0
LINE
8
BLACK
6
CONTINUOUS
10
82.3499999999999943
20
-113.360557
11
82.305925000000002
21
-113.3311069999999887
0
LINE
8
BLACK
6
CONTINUOUS
10
82.305925000000002
20
-113.3311069999999887
11
82.2088930000000033
21
-113.23407499999999
0
LINE
8
BLACK
6
CONTINUOUS
10
82.2088930000000033
20
-113.23407499999999
11
82.1326549999999997
21
-113.119977999999989
0
LINE
8
BLACK
6
CONTINUOUS
10
82.1326549999999997
20
-113.119977999999989
11
82.0801419999999951
21
-112.99319899999999
0
LINE
8
BLACK
6
CONTINUOUS
10
82.0801419999999951
20
-112.99319899999999
11
82.0533709999999985
21
-112.8586119999999937
0
LINE
8
BLACK
6
CONTINUOUS
10
82.0533709999999985
20
-112.8586119999999937
11
82.0533709999999985
21
-112.7213879999999904
0
LINE
8
BLACK
6
CONTINUOUS
10
82.0533709999999985
20
-112.7213879999999904
11
82.0801419999999951
21
-112.5868009999999941
0
LINE
8
BLACK
6
CONTINUOUS
10
82.0801419999999951
20
-112.5868009999999941
11
82.1326549999999997
21
-112.460021999999995
0
LINE
8
BLACK
6
CONTINUOUS
10
82.1326549999999997
20
-112.460021999999995
11
82.2088930000000033
21
-112.345924999999994
0
LINE
8
BLACK
6
CONTINUOUS
10
82.2088930000000033
20
-112.345924999999994
11
82.305925000000002
21
-112.2488929999999954
0
LINE
8
BLACK
6
CONTINUOUS
10
82.305925000000002
20
-112.2488929999999954
11
82.420022000000003
21
-112.1726549999999918
0
LINE
8
BLACK
6
CONTINUOUS
10
82.420022000000003
20
-112.1726549999999918
11
82.5468010000000021
21
-112.1201420000000013
0
LINE
8
BLACK
6
CONTINUOUS
10
82.5468010000000021
20
-112.1201420000000013
11
82.6813879999999983
21
-112.0933709999999905
0
LINE
8
BLACK
6
CONTINUOUS
10
82.6813879999999983
20
-112.0933709999999905
11
82.8186120000000017
21
-112.0933709999999905
0
LINE
8
BLACK
6
CONTINUOUS
10
82.8186120000000017
20
-112.0933709999999905
11
82.9531989999999979
21
-112.1201420000000013
0
LINE
8
BLACK
6
CONTINUOUS
10
82.9531989999999979
20
-112.1201420000000013
11
83.079977999999997
21
-112.1726549999999918
0
LINE
8
BLACK
6
CONTINUOUS
10
83.079977999999997
20
-112.1726549999999918
11
83.194074999999998
21
-112.2488929999999954
0
LINE
8
BLACK
6
CONTINUOUS
10
83.194074999999998
20
-112.2488929999999954
11
83.2911069999999967
21
-112.345924999999994
0
LINE
8
BLACK
6
CONTINUOUS
10
83.2911069999999967
20
-112.345924999999994
11
83.3673450000000003
21
-112.460021999999995
0
LINE
8
BLACK
6
CONTINUOUS
10
83.3673450000000003
20
-112.460021999999995
11
83.4198579999999907
21
-112.5868009999999941
0
LINE
8
BLACK
6
CONTINUOUS
10
83.4198579999999907
20
-112.5868009999999941
11
83.4466290000000015
21
-112.7213879999999904
0
LINE
8
BLACK
6
CONTINUOUS
10
83.4466290000000015
20
-112.7213879999999904
11
83.4466290000000015
21
-112.8586119999999937
0
LINE
8
BLACK
6
CONTINUOUS
10
83.4466290000000015
20
-112.8586119999999937
11
83.4198579999999907
21
-112.99319899999999
0
LINE
8
BLACK
6
CONTINUOUS
10
83.4198579999999907
20
-112.99319899999999
11
83.3673450000000003
21
-113.119977999999989
0
LINE
8
BLACK
6
CONTINUOUS
10
83.3673450000000003
20
-113.119977999999989
11
83.2911069999999967
21
-113.23407499999999
0
LINE
8
BLACK
6
CONTINUOUS
10
83.2911069999999967
20
-113.23407499999999
11
83.194074999999998
21
-113.3311069999999887
0
LINE
8
BLACK
6
CONTINUOUS
10
83.194074999999998
20
-113.3311069999999887
11
83.1499999999999915
21
-113.360557
0
LINE
8
BLACK
6
CONTINUOUS
10
83.1499999999999915
20
-113.360557
11
83.1499999999999915
21
-114.3499999999999943
0
LINE
8
BLACK
6
CONTINUOUS
10
83.1499999999999915
20
-114.3499999999999943
11
97.3499999999999943
21
-114.3499999999999943
0
LINE
8
BLACK
6
CONTINUOUS
10
97.3499999999999943
20
-114.3499999999999943
11
97.3499999999999943
21
-110.5702469999999948
0
LINE
8
BLACK
6
CONTINUOUS
10
97.3499999999999943
20
-110.5702469999999948
11
97.2424850000000021
21
-110.4984079999999977
0
LINE
8
BLACK
6
CONTINUOUS
10
97.2424850000000021
20
-110.4984079999999977
11
97.1315919999999977
21
-110.3875149999999934
0
LINE
8
BLACK
6
CONTINUOUS
10
97.1315919999999977
20
-110.3875149999999934
11
97.0444629999999933
21
-110.2571169999999938
0
LINE
8
BLACK
6
CONTINUOUS
10
97.0444629999999933
20
-110.2571169999999938
11
96.9844480000000004
21
-110.1122280000000018
0
LINE
8
BLACK
6
CONTINUOUS
10
96.9844480000000004
20
-110.1122280000000018
11
96.9538519999999977
21
-109.9584139999999906
0
LINE
8
BLACK
6
CONTINUOUS
10
96.9538519999999977
20
-109.9584139999999906
11
96.9538519999999977
21
-109.8015860000000004
0
LINE
8
BLACK
6
CONTINUOUS
10
96.9538519999999977
20
-109.8015860000000004
11
96.9844480000000004
21
-109.6477719999999891
0
LINE
8
BLACK
6
CONTINUOUS
10
96.9844480000000004
20
-109.6477719999999891
11
97.0444629999999933
21
-109.5028829999999971
0
LINE
8
BLACK
6
CONTINUOUS
10
97.0444629999999933
20
-109.5028829999999971
11
97.1315919999999977
21
-109.3724849999999975
0
LINE
8
BLACK
6
CONTINUOUS
10
97.1315919999999977
20
-109.3724849999999975
11
97.2424850000000021
21
-109.2615919999999932
0
LINE
8
BLACK
6
CONTINUOUS
10
97.2424850000000021
20
-109.2615919999999932
11
97.3728830000000016
21
-109.1744629999999887
0
LINE
8
BLACK
6
CONTINUOUS
10
97.3728830000000016
20
-109.1744629999999887
11
97.5177719999999937
21
-109.1144479999999959
0
LINE
8
BLACK
6
CONTINUOUS
10
97.5177719999999937
20
-109.1144479999999959
11
97.6715859999999907
21
-109.0838519999999932
0
LINE
8
BLACK
6
CONTINUOUS
10
97.6715859999999907
20
-109.0838519999999932
11
97.8284139999999951
21
-109.0838519999999932
0
LINE
8
BLACK
6
CONTINUOUS
10
97.8284139999999951
20
-109.0838519999999932
11
97.9822279999999921
21
-109.1144479999999959
0
LINE
8
BLACK
6
CONTINUOUS
10
120.0984129999999936
20
-113.7851849999999985
11
120.1190549999999888
21
-113.8018189999999947
0
LINE
8
BLACK
6
CONTINUOUS
10
120.1190549999999888
20
-113.8018189999999947
11
121.2565460000000002
21
-114.9393099999999919
0
LINE
8
BLACK
6
CONTINUOUS
10
121.2565460000000002
20
-114.9393099999999919
11
122.3178089999999969
21
-116.0005719999999911
0
LINE
8
BLACK
6
CONTINUOUS
10
122.3178089999999969
20
-116.0005719999999911
11
122.3512939999999958
21
-116.0618949999999927
0
LINE
8
BLACK
6
CONTINUOUS
10
122.3512939999999958
20
-116.0618949999999927
11
122.3463099999999883
21
-116.1315869999999961
0
LINE
8
BLACK
6
CONTINUOUS
10
122.3463099999999883
20
-116.1315869999999961
11
122.3044379999999904
21
-116.1875199999999921
0
LINE
8
BLACK
6
CONTINUOUS
10
122.3044379999999904
20
-116.1875199999999921
11
122.2389739999999989
21
-116.2119369999999918
0
LINE
8
BLACK
6
CONTINUOUS
10
122.2389739999999989
20
-116.2119369999999918
11
122.1735139999999973
21
-116.1976969999999909
0
LINE
8
BLACK
6
CONTINUOUS
10
122.1735139999999973
20
-116.1976969999999909
11
122.1731860000000012
21
-116.1983419999999967
0
LINE
8
BLACK
6
CONTINUOUS
10
122.1731860000000012
20
-116.1983419999999967
11
122.170732000000001
21
-116.1970910000000003
0
LINE
8
BLACK
6
CONTINUOUS
10
122.170732000000001
20
-116.1970910000000003
11
122.170700999999994
21
-116.1970850000000013
0
LINE
8
BLACK
6
CONTINUOUS
10
122.170700999999994
20
-116.1970850000000013
11
122.1705679999999887
21
-116.1970079999999967
0
LINE
8
BLACK
6
CONTINUOUS
10
122.1705679999999887
20
-116.1970079999999967
11
122.1649839999999898
21
-116.194162999999989
0
LINE
8
BLACK
6
CONTINUOUS
10
122.1649839999999898
20
-116.194162999999989
11
122.1212949999999893
21
-116.1719019999999887
0
LINE
8
BLACK
6
CONTINUOUS
10
122.1212949999999893
20
-116.1719019999999887
11
121.9443829999999878
21
-116.0817599999999885
0
LINE
8
BLACK
6
CONTINUOUS
10
121.9443829999999878
20
-116.0817599999999885
11
121.7047850000000011
21
-116.0039099999999905
0
LINE
8
BLACK
6
CONTINUOUS
10
121.7047850000000011
20
-116.0039099999999905
11
121.6086899999999957
21
-115.9886899999999912
0
LINE
8
BLACK
6
CONTINUOUS
10
121.6086899999999957
20
-115.9886899999999912
11
121.4559619999999995
21
-115.964500000000001
0
LINE
8
BLACK
6
CONTINUOUS
10
121.4559619999999995
20
-115.964500000000001
11
121.2040379999999971
21
-115.964500000000001
0
LINE
8
BLACK
6
CONTINUOUS
10
121.2040379999999971
20
-115.964500000000001
11
121.0863189999999889
21
-115.9831449999999933
0
LINE
8
BLACK
6
CONTINUOUS
10
121.0863189999999889
20
-115.9831449999999933
11
120.955213999999998
21
-116.0039099999999905
0
LINE
8
BLACK
6
CONTINUOUS
10
120.955213999999998
20
-116.0039099999999905
11
120.7156159999999971
21
-116.0817599999999885
0
LINE
8
BLACK
6
CONTINUOUS
10
120.7156159999999971
20
-116.0817599999999885
11
120.4911509999999879
21
-116.1961319999999915
0
LINE
8
BLACK
6
CONTINUOUS
10
120.4911509999999879
20
-116.1961319999999915
11
120.2873499999999893
21
-116.3442009999999982
0
LINE
8
BLACK
6
CONTINUOUS
10
120.2873499999999893
20
-116.3442009999999982
11
120.2873449999999877
21
-116.3442049999999881
0
LINE
8
BLACK
6
CONTINUOUS
10
120.2873449999999877
20
-116.3442049999999881
11
120.1476809999999915
21
-116.483869999999996
0
LINE
8
BLACK
6
CONTINUOUS
10
120.1476809999999915
20
-116.483869999999996
11
120.0863579999999899
21
-116.5173549999999949
0
LINE
8
BLACK
6
CONTINUOUS
10
120.0863579999999899
20
-116.5173549999999949
11
120.0166660000000007
21
-116.5123710000000017
0
LINE
8
BLACK
6
CONTINUOUS
10
120.0166660000000007
20
-116.5123710000000017
11
119.9723189999999988
21
-116.483869999999996
0
LINE
8
BLACK
6
CONTINUOUS
10
119.9723189999999988
20
-116.483869999999996
11
119.8326539999999909
21
-116.3442049999999881
0
LINE
8
BLACK
6
CONTINUOUS
10
119.8326539999999909
20
-116.3442049999999881
11
119.8326489999999893
21
-116.3442009999999982
0
LINE
8
BLACK
6
CONTINUOUS
10
119.8326489999999893
20
-116.3442009999999982
11
119.6288479999999907
21
-116.1961319999999915
0
LINE
8
BLACK
6
CONTINUOUS
10
119.6288479999999907
20
-116.1961319999999915
11
119.6288469999999933
21
-116.1961309999999941
0
LINE
8
BLACK
6
CONTINUOUS
10
119.6288469999999933
20
-116.1961309999999941
11
119.6288449999999983
21
-116.1961299999999966
0
LINE
8
BLACK
6
CONTINUOUS
10
119.6288449999999983
20
-116.1961299999999966
11
119.5565089999999913
21
-116.1592729999999989
0
LINE
8
BLACK
6
CONTINUOUS
10
119.5565089999999913
20
-116.1592729999999989
11
119.4043829999999957
21
-116.0817599999999885
0
LINE
8
BLACK
6
CONTINUOUS
10
119.4043829999999957
20
-116.0817599999999885
11
119.1647849999999949
21
-116.0039099999999905
0
LINE
8
BLACK
6
CONTINUOUS
10
119.1647849999999949
20
-116.0039099999999905
11
119.0686899999999895
21
-115.9886899999999912
0
LINE
8
BLACK
6
CONTINUOUS
10
119.0686899999999895
20
-115.9886899999999912
11
118.9159619999999933
21
-115.964500000000001
0
LINE
8
BLACK
6
CONTINUOUS
10
118.9159619999999933
20
-115.964500000000001
11
118.6640379999999908
21
-115.964500000000001
0
LINE
8
BLACK
6
CONTINUOUS
10
118.6640379999999908
20
-115.964500000000001
11
118.5463189999999969
21
-115.9831449999999933
0
LINE
8
BLACK
6
CONTINUOUS
10
118.5463189999999969
20
-115.9831449999999933
11
118.4152139999999918
21
-116.0039099999999905
0
LINE
8
BLACK
6
CONTINUOUS
10
118.4152139999999918
20
-116.0039099999999905
11
118.1756159999999909
21
-116.0817599999999885
0
LINE
8
BLACK
6
CONTINUOUS
10
118.1756159999999909
20
-116.0817599999999885
11
117.9511509999999959
21
-116.1961319999999915
0
LINE
8
BLACK
6
CONTINUOUS
10
117.9511509999999959
20
-116.1961319999999915
11
117.7473499999999973
21
-116.3442009999999982
0
LINE
8
BLACK
6
CONTINUOUS
10
117.7473499999999973
20
-116.3442009999999982
11
117.7473449999999957
21
-116.3442049999999881
0
LINE
8
BLACK
6
CONTINUOUS
10
117.7473449999999957
20
-116.3442049999999881
11
117.6621809999999897
21
-116.4293699999999916
0
LINE
8
BLACK
6
CONTINUOUS
10
117.6621809999999897
20
-116.4293699999999916
11
117.6008579999999881
21
-116.4628549999999905
0
LINE
8
BLACK
6
CONTINUOUS
10
117.6008579999999881
20
-116.4628549999999905
11
117.5311659999999989
21
-116.4578709999999973
0
LINE
8
BLACK
6
CONTINUOUS
10
117.5311659999999989
20
-116.4578709999999973
11
117.4752329999999887
21
-116.4159989999999993
0
LINE
8
BLACK
6
CONTINUOUS
10
117.4752329999999887
20
-116.4159989999999993
11
117.450815999999989
21
-116.3505349999999936
0
LINE
8
BLACK
6
CONTINUOUS
10
117.450815999999989
20
-116.3505349999999936
11
117.450499999999991
21
-116.3416889999999881
0
LINE
8
BLACK
6
CONTINUOUS
10
117.450499999999991
20
-116.3416889999999881
11
117.450499999999991
21
-116.1405189999999976
0
LINE
8
BLACK
6
CONTINUOUS
10
117.450499999999991
20
-116.1405189999999976
11
117.4411929999999984
21
-116.0817579999999936
0
LINE
8
BLACK
6
CONTINUOUS
10
117.4411929999999984
20
-116.0817579999999936
11
117.4411929999999984
21
-116.0817569999999961
0
LINE
8
BLACK
6
CONTINUOUS
10
117.4411929999999984
20
-116.0817569999999961
11
117.4209400000000016
21
-115.953881999999993
0
LINE
8
BLACK
6
CONTINUOUS
10
117.4209400000000016
20
-115.953881999999993
11
117.4209379999999925
21
-115.9538769999999914
0
LINE
8
BLACK
6
CONTINUOUS
10
117.4209379999999925
20
-115.9538769999999914
11
117.4125599999999991
21
-115.9280899999999974
0
LINE
8
BLACK
6
CONTINUOUS
10
117.4125599999999991
20
-115.9280899999999974
11
117.3625469999999922
21
-115.7741679999999889
0
LINE
8
BLACK
6
CONTINUOUS
10
117.3625469999999922
20
-115.7741679999999889
11
117.3625449999999972
21
-115.7741649999999964
0
LINE
8
BLACK
6
CONTINUOUS
10
117.3625449999999972
20
-115.7741649999999964
11
117.3625449999999972
21
-115.7741630000000015
0
LINE
8
BLACK
6
CONTINUOUS
10
117.3625449999999972
20
-115.7741630000000015
11
117.3135079999999988
21
-115.6779229999999927
0
LINE
8
BLACK
6
CONTINUOUS
10
117.3135079999999988
20
-115.6779229999999927
11
117.2767599999999959
21
-115.6058009999999996
0
LINE
8
BLACK
6
CONTINUOUS
10
117.2767599999999959
20
-115.6058009999999996
11
117.1656899999999979
21
-115.4529259999999908
0
LINE
8
BLACK
6
CONTINUOUS
10
117.1656899999999979
20
-115.4529259999999908
11
115.6899449999999945
21
-113.9771810000000016
0
LINE
8
BLACK
6
CONTINUOUS
10
115.6899449999999945
20
-113.9771810000000016
11
115.6564599999999956
21
-113.9158580000000001
0
LINE
8
BLACK
6
CONTINUOUS
10
115.6564599999999956
20
-113.9158580000000001
11
115.6614439999999888
21
-113.8461659999999966
0
LINE
8
BLACK
6
CONTINUOUS
10
115.6614439999999888
20
-113.8461659999999966
11
115.7033160000000009
21
-113.7902330000000006
0
LINE
8
BLACK
6
CONTINUOUS
10
115.7033160000000009
20
-113.7902330000000006
11
115.7687799999999925
21
-113.7658160000000009
0
LINE
8
BLACK
6
CONTINUOUS
10
115.7687799999999925
20
-113.7658160000000009
11
115.7776259999999979
21
-113.7654999999999887
0
LINE
8
BLACK
6
CONTINUOUS
10
115.7776259999999979
20
-113.7654999999999887
11
120.0313739999999996
21
-113.7654999999999887
0
LINE
8
BLACK
6
CONTINUOUS
10
120.0313739999999996
20
-113.7654999999999887
11
120.0984129999999936
21
-113.7851849999999985
0
LINE
8
BLACK
6
CONTINUOUS
10
113.8484129999999936
20
-115.5351849999999985
11
113.8690549999999888
21
-115.5518189999999947
0
LINE
8
BLACK
6
CONTINUOUS
10
113.8690549999999888
20
-115.5518189999999947
11
114.0957719999999966
21
-115.7785359999999883
0
LINE
8
BLACK
6
CONTINUOUS
10
114.0957719999999966
20
-115.7785359999999883
11
114.1292569999999955
21
-115.8398589999999899
0
LINE
8
BLACK
6
CONTINUOUS
10
114.1292569999999955
20
-115.8398589999999899
11
114.1242729999999881
21
-115.9095509999999933
0
LINE
8
BLACK
6
CONTINUOUS
10
114.1242729999999881
20
-115.9095509999999933
11
114.0824009999999902
21
-115.9654839999999894
0
LINE
8
BLACK
6
CONTINUOUS
10
114.0824009999999902
20
-115.9654839999999894
11
114.0169369999999986
21
-115.989900999999989
0
LINE
8
BLACK
6
CONTINUOUS
10
114.0169369999999986
20
-115.989900999999989
11
113.9886929999999978
21
-115.9886899999999912
0
LINE
8
BLACK
6
CONTINUOUS
10
113.9886929999999978
20
-115.9886899999999912
11
113.8692349999999891
21
-115.9697699999999969
0
LINE
8
BLACK
6
CONTINUOUS
10
113.8692349999999891
20
-115.9697699999999969
11
113.835961999999995
21
-115.964500000000001
0
LINE
8
BLACK
6
CONTINUOUS
10
113.835961999999995
20
-115.964500000000001
11
113.5840379999999925
21
-115.964500000000001
0
LINE
8
BLACK
6
CONTINUOUS
10
113.5840379999999925
20
-115.964500000000001
11
113.4663189999999986
21
-115.9831449999999933
0
LINE
8
BLACK
6
CONTINUOUS
10
113.4663189999999986
20
-115.9831449999999933
11
113.3352139999999935
21
-116.0039099999999905
0
LINE
8
BLACK
6
CONTINUOUS
10
113.3352139999999935
20
-116.0039099999999905
11
113.0956159999999926
21
-116.0817599999999885
0
LINE
8
BLACK
6
CONTINUOUS
10
113.0956159999999926
20
-116.0817599999999885
11
112.8711509999999976
21
-116.1961319999999915
0
LINE
8
BLACK
6
CONTINUOUS
10
112.8711509999999976
20
-116.1961319999999915
11
112.6673509999999965
21
-116.3442000000000007
0
LINE
8
BLACK
6
CONTINUOUS
10
112.6673509999999965
20
-116.3442000000000007
11
112.5535950000000014
21
-116.4579559999999958
0
LINE
8
BLACK
6
CONTINUOUS
10
112.5535950000000014
20
-116.4579559999999958
11
112.4922719999999998
21
-116.4914399999999972
0
LINE
8
BLACK
6
CONTINUOUS
10
112.4922719999999998
20
-116.4914399999999972
11
112.4225799999999964
21
-116.4864559999999898
0
LINE
8
BLACK
6
CONTINUOUS
10
112.4225799999999964
20
-116.4864559999999898
11
112.3666470000000004
21
-116.4445839999999919
0
LINE
8
BLACK
6
CONTINUOUS
10
112.3666470000000004
20
-116.4445839999999919
11
112.3434409999999986
21
-116.3896719999999902
0
LINE
8
BLACK
6
CONTINUOUS
10
112.3434409999999986
20
-116.3896719999999902
11
112.3430699999999973
21
-116.3873339999999956
0
LINE
8
BLACK
6
CONTINUOUS
10
112.3430699999999973
20
-116.3873339999999956
11
112.3409399999999891
21
-116.3738819999999947
0
LINE
8
BLACK
6
CONTINUOUS
10
112.3409399999999891
20
-116.3738819999999947
11
112.2825469999999939
21
-116.1941679999999906
0
LINE
8
BLACK
6
CONTINUOUS
10
112.2825469999999939
20
-116.1941679999999906
11
112.2825449999999989
21
-116.1941649999999981
0
LINE
8
BLACK
6
CONTINUOUS
10
112.2825449999999989
20
-116.1941649999999981
11
112.2825449999999989
21
-116.194162999999989
0
LINE
8
BLACK
6
CONTINUOUS
10
112.2825449999999989
20
-116.194162999999989
11
112.2252709999999922
21
-116.0817569999999961
0
LINE
8
BLACK
6
CONTINUOUS
10
112.2252709999999922
20
-116.0817569999999961
11
112.1967599999999976
21
-116.0258010000000013
0
LINE
8
BLACK
6
CONTINUOUS
10
112.1967599999999976
20
-116.0258010000000013
11
112.1445080000000019
21
-115.953881999999993
0
LINE
8
BLACK
6
CONTINUOUS
10
112.1445080000000019
20
-115.953881999999993
11
112.0856899999999996
21
-115.8729259999999925
0
LINE
8
BLACK
6
CONTINUOUS
10
112.0856899999999996
20
-115.8729259999999925
11
111.9399449999999945
21
-115.7271810000000016
0
LINE
8
BLACK
6
CONTINUOUS
10
111.9399449999999945
20
-115.7271810000000016
11
111.9064599999999956
21
-115.6658580000000001
0
LINE
8
BLACK
6
CONTINUOUS
10
111.9064599999999956
20
-115.6658580000000001
11
111.9114439999999888
21
-115.5961659999999966
0
LINE
8
BLACK
6
CONTINUOUS
10
111.9114439999999888
20
-115.5961659999999966
11
111.9533160000000009
21
-115.5402330000000006
0
LINE
8
BLACK
6
CONTINUOUS
10
111.9533160000000009
20
-115.5402330000000006
11
112.0187799999999925
21
-115.5158160000000009
0
LINE
8
BLACK
6
CONTINUOUS
10
112.0187799999999925
20
-115.5158160000000009
11
112.0276259999999979
21
-115.5154999999999887
0
LINE
8
BLACK
6
CONTINUOUS
10
112.0276259999999979
20
-115.5154999999999887
11
113.7813739999999996
21
-115.5154999999999887
0
LINE
8
BLACK
6
CONTINUOUS
10
113.7813739999999996
20
-115.5154999999999887
11
113.8484129999999936
21
-115.5351849999999985
0
LINE
8
BLACK
6
CONTINUOUS
10
94.3051759999999888
20
-115.9701850000000007
11
94.3509310000000028
21
-116.0229889999999955
0
LINE
8
BLACK
6
CONTINUOUS
10
94.3509310000000028
20
-116.0229889999999955
11
94.360874999999993
21
-116.0921469999999971
0
LINE
8
BLACK
6
CONTINUOUS
10
94.360874999999993
20
-116.0921469999999971
11
94.3318499999999887
21
-116.1557029999999884
0
LINE
8
BLACK
6
CONTINUOUS
10
94.3318499999999887
20
-116.1557029999999884
11
94.3110219999999941
21
-116.1748179999999877
0
LINE
8
BLACK
6
CONTINUOUS
10
94.3110219999999941
20
-116.1748179999999877
11
94.1720069999999936
21
-116.275818000000001
0
LINE
8
BLACK
6
CONTINUOUS
10
94.1720069999999936
20
-116.275818000000001
11
94.1062009999999987
21
-116.2992979999999932
0
LINE
8
BLACK
6
CONTINUOUS
10
94.1062009999999987
20
-116.2992979999999932
11
94.0991219999999942
21
-116.2994999999999948
0
LINE
8
BLACK
6
CONTINUOUS
10
94.0991219999999942
20
-116.2994999999999948
11
88.6244999999999976
21
-116.2994999999999948
0
LINE
8
BLACK
6
CONTINUOUS
10
88.6244999999999976
20
-116.2994999999999948
11
88.6241160000000008
21
-116.2993869999999959
0
LINE
8
BLACK
6
CONTINUOUS
10
88.6241160000000008
20
-116.2993869999999959
11
88.6237299999999948
21
-116.2994979999999998
0
LINE
8
BLACK
6
CONTINUOUS
10
88.6237299999999948
20
-116.2994979999999998
11
88.5905619999999914
21
-116.2895339999999891
0
LINE
8
BLACK
6
CONTINUOUS
10
88.5905619999999914
20
-116.2895339999999891
11
88.5574609999999893
21
-116.2798149999999993
0
LINE
8
BLACK
6
CONTINUOUS
10
88.5574609999999893
20
-116.2798149999999993
11
88.5571989999999971
21
-116.2795119999999969
0
LINE
8
BLACK
6
CONTINUOUS
10
88.5571989999999971
20
-116.2795119999999969
11
88.5568140000000028
21
-116.2793969999999888
0
LINE
8
BLACK
6
CONTINUOUS
10
88.5568140000000028
20
-116.2793969999999888
11
88.5342830000000021
21
-116.2530670000000015
0
LINE
8
BLACK
6
CONTINUOUS
10
88.5342830000000021
20
-116.2530670000000015
11
88.5117059999999896
21
-116.2270109999999903
0
LINE
8
BLACK
6
CONTINUOUS
10
88.5117059999999896
20
-116.2270109999999903
11
88.5115610000000004
21
-116.2265119999999996
0
LINE
8
BLACK
6
CONTINUOUS
10
88.5115610000000004
20
-116.2265119999999996
11
88.5113879999999966
21
-116.226309999999998
0
LINE
8
BLACK
6
CONTINUOUS
10
88.5113879999999966
20
-116.226309999999998
11
88.5110650000000021
21
-116.2248019999999968
0
LINE
8
BLACK
6
CONTINUOUS
10
88.5110650000000021
20
-116.2248019999999968
11
88.5016549999999995
21
-116.1923850000000016
0
LINE
8
BLACK
6
CONTINUOUS
10
88.5016549999999995
20
-116.1923850000000016
11
88.5005000000000024
21
-116.1839809999999886
0
LINE
8
BLACK
6
CONTINUOUS
10
88.5005000000000024
20
-116.1839809999999886
11
88.5005000000000024
21
-116.1719079999999877
0
LINE
8
BLACK
6
CONTINUOUS
10
88.5005000000000024
20
-116.1719079999999877
11
88.4879459999999938
21
-116.0926439999999928
0
LINE
8
BLACK
6
CONTINUOUS
10
88.4879459999999938
20
-116.0926439999999928
11
88.48777299999999
21
-116.0913849999999883
0
LINE
8
BLACK
6
CONTINUOUS
10
88.48777299999999
20
-116.0913849999999883
11
88.4927759999999921
21
-116.0580559999999934
0
LINE
8
BLACK
6
CONTINUOUS
10
88.4927759999999921
20
-116.0580559999999934
11
88.4970989999999915
21
-116.024604999999994
0
LINE
8
BLACK
6
CONTINUOUS
10
88.4970989999999915
20
-116.024604999999994
11
88.497950000000003
21
-116.0235929999999911
0
LINE
8
BLACK
6
CONTINUOUS
10
88.497950000000003
20
-116.0235929999999911
11
88.4981459999999913
21
-116.0222890000000007
0
LINE
8
BLACK
6
CONTINUOUS
10
88.4981459999999913
20
-116.0222890000000007
11
88.5203719999999947
21
-115.9969579999999922
0
LINE
8
BLACK
6
CONTINUOUS
10
88.5203719999999947
20
-115.9969579999999922
11
88.5420949999999891
21
-115.971153000000001
0
LINE
8
BLACK
6
CONTINUOUS
10
88.5420949999999891
20
-115.971153000000001
11
88.5433560000000028
21
-115.9707619999999935
0
LINE
8
BLACK
6
CONTINUOUS
10
88.5433560000000028
20
-115.9707619999999935
11
88.5442279999999897
21
-115.9697699999999969
0
LINE
8
BLACK
6
CONTINUOUS
10
88.5442279999999897
20
-115.9697699999999969
11
88.5766589999999923
21
-115.9604649999999992
0
LINE
8
BLACK
6
CONTINUOUS
10
88.5766589999999923
20
-115.9604649999999992
11
88.6088469999999973
21
-115.9505130000000008
0
LINE
8
BLACK
6
CONTINUOUS
10
88.6088469999999973
20
-115.9505130000000008
11
88.6106180000000023
21
-115.950499999999991
0
LINE
8
BLACK
6
CONTINUOUS
10
88.6106180000000023
20
-115.950499999999991
11
94.2381369999999947
21
-115.950499999999991
0
LINE
8
BLACK
6
CONTINUOUS
10
94.2381369999999947
20
-115.950499999999991
11
94.3051759999999888
21
-115.9701850000000007
0
LINE
8
BLACK
6
CONTINUOUS
10
99.1557030000000026
20
-111.0095979999999969
11
99.1621809999999897
21
-111.0156300000000016
0
LINE
8
BLACK
6
CONTINUOUS
10
99.1621809999999897
20
-111.0156300000000016
11
99.2473449999999957
21
-111.1007939999999934
0
LINE
8
BLACK
6
CONTINUOUS
10
99.2473449999999957
20
-111.1007939999999934
11
99.2473499999999973
21
-111.1007979999999975
0
LINE
8
BLACK
6
CONTINUOUS
10
99.2473499999999973
20
-111.1007979999999975
11
99.4033560000000023
21
-111.2141419999999954
0
LINE
8
BLACK
6
CONTINUOUS
10
99.4033560000000023
20
-111.2141419999999954
11
99.451155
21
-111.2488699999999966
0
LINE
8
BLACK
6
CONTINUOUS
10
99.451155
20
-111.2488699999999966
11
99.5376320000000021
21
-111.2929319999999933
0
LINE
8
BLACK
6
CONTINUOUS
10
99.5376320000000021
20
-111.2929319999999933
11
99.6756159999999909
21
-111.363238999999993
0
LINE
8
BLACK
6
CONTINUOUS
10
99.6756159999999909
20
-111.363238999999993
11
99.6756180000000001
21
-111.363238999999993
0
LINE
8
BLACK
6
CONTINUOUS
10
99.6756180000000001
20
-111.363238999999993
11
99.6756209999999925
21
-111.3632409999999879
0
LINE
8
BLACK
6
CONTINUOUS
10
99.6756209999999925
20
-111.3632409999999879
11
99.9152149999999892
21
-111.4410899999999884
0
LINE
8
BLACK
6
CONTINUOUS
10
99.9152149999999892
20
-111.4410899999999884
11
100.1640379999999908
21
-111.4804999999999922
0
LINE
8
BLACK
6
CONTINUOUS
10
100.1640379999999908
20
-111.4804999999999922
11
100.1640390000000025
21
-111.4804999999999922
0
LINE
8
BLACK
6
CONTINUOUS
10
100.1640390000000025
20
-111.4804999999999922
11
100.4159609999999958
21
-111.4804999999999922
0
LINE
8
BLACK
6
CONTINUOUS
10
100.4159609999999958
20
-111.4804999999999922
11
100.4159619999999933
21
-111.4804999999999922
0
LINE
8
BLACK
6
CONTINUOUS
10
100.4159619999999933
20
-111.4804999999999922
11
100.6647849999999949
21
-111.4410899999999884
0
LINE
8
BLACK
6
CONTINUOUS
10
100.6647849999999949
20
-111.4410899999999884
11
100.9043789999999916
21
-111.3632409999999879
0
LINE
8
BLACK
6
CONTINUOUS
10
100.9043789999999916
20
-111.3632409999999879
11
101.1288449999999983
21
-111.2488699999999966
0
LINE
8
BLACK
6
CONTINUOUS
10
101.1288449999999983
20
-111.2488699999999966
11
101.3250829999999922
21
-111.1062939999999912
0
LINE
8
BLACK
6
CONTINUOUS
10
101.3250829999999922
20
-111.1062939999999912
11
101.3571109999999891
21
-111.0948669999999936
0
LINE
8
BLACK
6
CONTINUOUS
10
101.3571109999999891
20
-111.0948669999999936
11
101.3889009999999899
21
-111.0829459999999926
0
LINE
8
BLACK
6
CONTINUOUS
10
101.3889009999999899
20
-111.0829459999999926
11
101.3899109999999979
21
-111.083162999999999
0
LINE
8
BLACK
6
CONTINUOUS
10
101.3899109999999979
20
-111.083162999999999
11
101.3908869999999922
21
-111.082815999999994
0
LINE
8
BLACK
6
CONTINUOUS
10
101.3908869999999922
20
-111.082815999999994
11
101.4240190000000013
21
-111.0905199999999979
0
LINE
8
BLACK
6
CONTINUOUS
10
101.4240190000000013
20
-111.0905199999999979
11
101.4572000000000003
21
-111.0976769999999902
0
LINE
8
BLACK
6
CONTINUOUS
10
101.4572000000000003
20
-111.0976769999999902
11
101.4581409999999977
21
-111.0984539999999896
0
LINE
8
BLACK
6
CONTINUOUS
10
101.4581409999999977
20
-111.0984539999999896
11
101.4589409999999958
21
-111.0986410000000006
0
LINE
8
BLACK
6
CONTINUOUS
10
101.4589409999999958
20
-111.0986410000000006
11
101.4854919999999936
21
-111.1187779999999918
0
LINE
8
BLACK
6
CONTINUOUS
10
101.4854919999999936
20
-111.1187779999999918
11
101.489885000000001
21
-111.1231559999999945
0
LINE
8
BLACK
6
CONTINUOUS
10
101.489885000000001
20
-111.1231559999999945
11
101.5335899999999896
21
-111.17640999999999
0
LINE
8
BLACK
6
CONTINUOUS
10
101.5335899999999896
20
-111.17640999999999
11
101.5887879999999939
21
-111.2217089999999899
0
LINE
8
BLACK
6
CONTINUOUS
10
101.5887879999999939
20
-111.2217089999999899
11
101.5930259999999947
21
-111.2259320000000002
0
LINE
8
BLACK
6
CONTINUOUS
10
101.5930259999999947
20
-111.2259320000000002
11
101.6070619999999991
21
-111.2515299999999883
0
LINE
8
BLACK
6
CONTINUOUS
10
101.6070619999999991
20
-111.2515299999999883
11
101.6234989999999954
21
-111.275660000000002
0
LINE
8
BLACK
6
CONTINUOUS
10
101.6234989999999954
20
-111.275660000000002
11
101.6247899999999902
21
-111.2838589999999925
0
LINE
8
BLACK
6
CONTINUOUS
10
101.6247899999999902
20
-111.2838589999999925
11
101.6266189999999909
21
-111.287194999999997
0
LINE
8
BLACK
6
CONTINUOUS
10
101.6266189999999909
20
-111.287194999999997
11
101.6262179999999944
21
-111.2929319999999933
0
LINE
8
BLACK
6
CONTINUOUS
10
101.6262179999999944
20
-111.2929319999999933
11
101.6294999999999931
21
-111.3137679999999961
0
LINE
8
BLACK
6
CONTINUOUS
10
101.6294999999999931
20
-111.3137679999999961
11
101.6294999999999931
21
-112.9094860000000011
0
LINE
8
BLACK
6
CONTINUOUS
10
101.6294999999999931
20
-112.9094860000000011
11
101.6590589999999992
21
-113.0961179999999899
0
LINE
8
BLACK
6
CONTINUOUS
10
101.6590589999999992
20
-113.0961179999999899
11
101.7174539999999894
21
-113.2758359999999982
0
LINE
8
BLACK
6
CONTINUOUS
10
101.7174539999999894
20
-113.2758359999999982
11
101.7847209999999905
21
-113.4078529999999887
0
LINE
8
BLACK
6
CONTINUOUS
10
101.7847209999999905
20
-113.4078529999999887
11
101.8032400000000024
21
-113.4441989999999976
0
LINE
8
BLACK
6
CONTINUOUS
10
101.8032400000000024
20
-113.4441989999999976
11
101.9143100000000004
21
-113.5970739999999921
0
LINE
8
BLACK
6
CONTINUOUS
10
101.9143100000000004
20
-113.5970739999999921
11
101.9143119999999954
21
-113.5970760000000013
0
LINE
8
BLACK
6
CONTINUOUS
10
101.9143119999999954
20
-113.5970760000000013
11
102.7200550000000021
21
-114.4028189999999938
0
LINE
8
BLACK
6
CONTINUOUS
10
102.7200550000000021
20
-114.4028189999999938
11
102.753540000000001
21
-114.4641419999999954
0
LINE
8
BLACK
6
CONTINUOUS
10
102.753540000000001
20
-114.4641419999999954
11
102.7485559999999936
21
-114.5338339999999988
0
LINE
8
BLACK
6
CONTINUOUS
10
102.7485559999999936
20
-114.5338339999999988
11
102.7066839999999956
21
-114.5897669999999948
0
LINE
8
BLACK
6
CONTINUOUS
10
102.7066839999999956
20
-114.5897669999999948
11
102.6412199999999899
21
-114.6141839999999945
0
LINE
8
BLACK
6
CONTINUOUS
10
102.6412199999999899
20
-114.6141839999999945
11
102.6323739999999987
21
-114.6144999999999925
0
LINE
8
BLACK
6
CONTINUOUS
10
102.6323739999999987
20
-114.6144999999999925
11
100.8405139999999989
21
-114.6144999999999925
0
LINE
8
BLACK
6
CONTINUOUS
10
100.8405139999999989
20
-114.6144999999999925
11
100.6538809999999984
21
-114.6440589999999986
0
LINE
8
BLACK
6
CONTINUOUS
10
100.6538809999999984
20
-114.6440589999999986
11
100.4741629999999901
21
-114.7024539999999888
0
LINE
8
BLACK
6
CONTINUOUS
10
100.4741629999999901
20
-114.7024539999999888
11
100.3057999999999907
21
-114.7882400000000018
0
LINE
8
BLACK
6
CONTINUOUS
10
100.3057999999999907
20
-114.7882400000000018
11
100.2185789999999912
21
-114.8516099999999938
0
LINE
8
BLACK
6
CONTINUOUS
10
100.2185789999999912
20
-114.8516099999999938
11
100.1529269999999912
21
-114.8993099999999998
0
LINE
8
BLACK
6
CONTINUOUS
10
100.1529269999999912
20
-114.8993099999999998
11
100.1529249999999962
21
-114.8993119999999948
0
LINE
8
BLACK
6
CONTINUOUS
10
100.1529249999999962
20
-114.8993119999999948
11
100.1529239999999987
21
-114.8993119999999948
0
LINE
8
BLACK
6
CONTINUOUS
10
100.1529239999999987
20
-114.8993119999999948
11
99.3743119999999891
21
-115.6779229999999927
0
LINE
8
BLACK
6
CONTINUOUS
10
99.3743119999999891
20
-115.6779229999999927
11
99.3743070000000017
21
-115.6779289999999918
0
LINE
8
BLACK
6
CONTINUOUS
10
99.3743070000000017
20
-115.6779289999999918
11
99.3385239999999925
21
-115.7271810000000016
0
LINE
8
BLACK
6
CONTINUOUS
10
99.3385239999999925
20
-115.7271810000000016
11
99.3297120000000007
21
-115.739309999999989
0
LINE
8
BLACK
6
CONTINUOUS
10
99.3297120000000007
20
-115.739309999999989
11
99.3143029999999953
21
-115.760518999999988
0
LINE
8
BLACK
6
CONTINUOUS
10
99.3143029999999953
20
-115.760518999999988
11
99.2632399999999961
21
-115.8307999999999964
0
LINE
8
BLACK
6
CONTINUOUS
10
99.2632399999999961
20
-115.8307999999999964
11
99.1849849999999975
21
-115.984384999999989
0
LINE
8
BLACK
6
CONTINUOUS
10
99.1849849999999975
20
-115.984384999999989
11
99.1370099999999894
21
-116.0351809999999944
0
LINE
8
BLACK
6
CONTINUOUS
10
99.1370099999999894
20
-116.0351809999999944
11
99.0691889999999944
21
-116.0519759999999962
0
LINE
8
BLACK
6
CONTINUOUS
10
99.0691889999999944
20
-116.0519759999999962
11
99.0030539999999917
21
-116.0294389999999964
0
LINE
8
BLACK
6
CONTINUOUS
10
99.0030539999999917
20
-116.0294389999999964
11
98.9596030000000013
21
-115.9747229999999973
0
LINE
8
BLACK
6
CONTINUOUS
10
98.9596030000000013
20
-115.9747229999999973
11
98.950499999999991
21
-115.9280899999999974
0
LINE
8
BLACK
6
CONTINUOUS
10
98.950499999999991
20
-115.9280899999999974
11
98.950499999999991
21
-111.1033109999999908
0
LINE
8
BLACK
6
CONTINUOUS
10
98.950499999999991
20
-111.1033109999999908
11
98.9701850000000007
21
-111.0362719999999968
0
LINE
8
BLACK
6
CONTINUOUS
10
98.9701850000000007
20
-111.0362719999999968
11
99.0229889999999955
21
-110.990516999999997
0
LINE
8
BLACK
6
CONTINUOUS
10
99.0229889999999955
20
-110.990516999999997
11
99.0921469999999971
21
-110.9805729999999926
0
LINE
8
BLACK
6
CONTINUOUS
10
99.0921469999999971
20
-110.9805729999999926
11
99.1557030000000026
21
-111.0095979999999969
0
LINE
8
BLACK
6
CONTINUOUS
10
87.2031989999999979
20
-107.1201420000000013
11
87.329977999999997
21
-107.1726549999999918
0
LINE
8
BLACK
6
CONTINUOUS
10
87.329977999999997
20
-107.1726549999999918
11
87.444074999999998
21
-107.2488929999999954
0
LINE
8
BLACK
6
CONTINUOUS
10
87.444074999999998
20
-107.2488929999999954
11
87.5411069999999967
21
-107.345924999999994
0
LINE
8
BLACK
6
CONTINUOUS
10
87.5411069999999967
20
-107.345924999999994
11
87.6173450000000003
21
-107.460021999999995
0
LINE
8
BLACK
6
CONTINUOUS
10
87.6173450000000003
20
-107.460021999999995
11
87.6698579999999907
21
-107.5868009999999941
0
LINE
8
BLACK
6
CONTINUOUS
10
87.6698579999999907
20
-107.5868009999999941
11
87.6966290000000015
21
-107.7213879999999904
0
LINE
8
BLACK
6
CONTINUOUS
10
87.6966290000000015
20
-107.7213879999999904
11
87.6966290000000015
21
-107.8586119999999937
0
LINE
8
BLACK
6
CONTINUOUS
10
87.6966290000000015
20
-107.8586119999999937
11
87.6698579999999907
21
-107.99319899999999
0
LINE
8
BLACK
6
CONTINUOUS
10
87.6698579999999907
20
-107.99319899999999
11
87.6173450000000003
21
-108.119977999999989
0
LINE
8
BLACK
6
CONTINUOUS
10
87.6173450000000003
20
-108.119977999999989
11
87.5411069999999967
21
-108.23407499999999
0
LINE
8
BLACK
6
CONTINUOUS
10
87.5411069999999967
20
-108.23407499999999
11
87.444074999999998
21
-108.3311069999999887
0
LINE
8
BLACK
6
CONTINUOUS
10
87.444074999999998
20
-108.3311069999999887
11
87.3999999999999915
21
-108.360557
0
LINE
8
BLACK
6
CONTINUOUS
10
87.3999999999999915
20
-108.360557
11
87.3999999999999915
21
-108.75
0
LINE
8
BLACK
6
CONTINUOUS
10
87.3999999999999915
20
-108.75
11
87.3999999999999915
21
-108.8499999999999943
0
LINE
8
BLACK
6
CONTINUOUS
10
87.3999999999999915
20
-108.8499999999999943
11
89.584313999999992
21
-108.8499999999999943
0
LINE
8
BLACK
6
CONTINUOUS
10
89.584313999999992
20
-108.8499999999999943
11
91.2171570000000003
21
-107.2171570000000003
0
LINE
8
BLACK
6
CONTINUOUS
10
91.2171570000000003
20
-107.2171570000000003
11
91.256495000000001
21
-107.182659000000001
0
LINE
8
BLACK
6
CONTINUOUS
10
91.256495000000001
20
-107.182659000000001
11
91.3469259999999963
21
-107.1304480000000012
0
LINE
8
BLACK
6
CONTINUOUS
10
91.3469259999999963
20
-107.1304480000000012
11
91.4477899999999977
21
-107.1034219999999948
0
LINE
8
BLACK
6
CONTINUOUS
10
91.4477899999999977
20
-107.1034219999999948
11
91.5
21
-107.0999999999999943
0
LINE
8
BLACK
6
CONTINUOUS
10
91.5
20
-107.0999999999999943
11
99.25
21
-107.0999999999999943
0
LINE
8
BLACK
6
CONTINUOUS
10
99.25
20
-107.0999999999999943
11
99.3022100000000023
21
-107.1034219999999948
0
LINE
8
BLACK
6
CONTINUOUS
10
99.3022100000000023
20
-107.1034219999999948
11
99.4030739999999895
21
-107.1304480000000012
0
LINE
8
BLACK
6
CONTINUOUS
10
99.4030739999999895
20
-107.1304480000000012
11
99.493504999999999
21
-107.182659000000001
0
LINE
8
BLACK
6
CONTINUOUS
10
99.493504999999999
20
-107.182659000000001
11
99.5328429999999997
21
-107.2171570000000003
0
LINE
8
BLACK
6
CONTINUOUS
10
99.5328429999999997
20
-107.2171570000000003
11
100.5728429999999918
21
-108.2571569999999923
0
LINE
8
BLACK
6
CONTINUOUS
10
100.5728429999999918
20
-108.2571569999999923
11
100.607340999999991
21
-108.2964949999999931
0
LINE
8
BLACK
6
CONTINUOUS
10
100.607340999999991
20
-108.2964949999999931
11
100.6595519999999908
21
-108.3869259999999883
0
LINE
8
BLACK
6
CONTINUOUS
10
100.6595519999999908
20
-108.3869259999999883
11
100.6595519999999908
21
-108.386927
0
LINE
8
BLACK
6
CONTINUOUS
10
100.6595519999999908
20
-108.386927
11
100.6865779999999972
21
-108.4877899999999897
0
LINE
8
BLACK
6
CONTINUOUS
10
100.6865779999999972
20
-108.4877899999999897
11
100.6899999999999977
21
-108.539999999999992
0
LINE
8
BLACK
6
CONTINUOUS
10
100.6899999999999977
20
-108.539999999999992
11
100.6899999999999977
21
-109.1897519999999986
0
LINE
8
BLACK
6
CONTINUOUS
10
100.6899999999999977
20
-109.1897519999999986
11
100.79751499999999
21
-109.2615919999999932
0
LINE
8
BLACK
6
CONTINUOUS
10
100.79751499999999
20
-109.2615919999999932
11
100.9084079999999943
21
-109.3724849999999975
0
LINE
8
BLACK
6
CONTINUOUS
10
100.9084079999999943
20
-109.3724849999999975
11
100.9955369999999988
21
-109.5028829999999971
0
LINE
8
BLACK
6
CONTINUOUS
10
100.9955369999999988
20
-109.5028829999999971
11
101.0555519999999916
21
-109.6477719999999891
0
LINE
8
BLACK
6
CONTINUOUS
10
101.0555519999999916
20
-109.6477719999999891
11
101.0861479999999943
21
-109.8015860000000004
0
LINE
8
BLACK
6
CONTINUOUS
10
101.0861479999999943
20
-109.8015860000000004
11
101.0861479999999943
21
-109.9584139999999906
0
LINE
8
BLACK
6
CONTINUOUS
10
101.0861479999999943
20
-109.9584139999999906
11
101.0555519999999916
21
-110.1122280000000018
0
LINE
8
BLACK
6
CONTINUOUS
10
101.0555519999999916
20
-110.1122280000000018
11
100.9955369999999988
21
-110.2571169999999938
0
LINE
8
BLACK
6
CONTINUOUS
10
100.9955369999999988
20
-110.2571169999999938
11
100.9084079999999943
21
-110.3875149999999934
0
LINE
8
BLACK
6
CONTINUOUS
10
100.9084079999999943
20
-110.3875149999999934
11
100.79751499999999
21
-110.4984079999999977
0
LINE
8
BLACK
6
CONTINUOUS
10
100.79751499999999
20
-110.4984079999999977
11
100.6671169999999904
21
-110.585536999999988
0
LINE
8
BLACK
6
CONTINUOUS
10
100.6671169999999904
20
-110.585536999999988
11
100.5222279999999984
21
-110.645551999999995
0
LINE
8
BLACK
6
CONTINUOUS
10
100.5222279999999984
20
-110.645551999999995
11
100.3684140000000014
21
-110.6761479999999978
0
LINE
8
BLACK
6
CONTINUOUS
10
100.3684140000000014
20
-110.6761479999999978
11
100.2115859999999969
21
-110.6761479999999978
0
LINE
8
BLACK
6
CONTINUOUS
10
100.2115859999999969
20
-110.6761479999999978
11
100.0577719999999999
21
-110.645551999999995
0
LINE
8
BLACK
6
CONTINUOUS
10
100.0577719999999999
20
-110.645551999999995
11
99.9128829999999937
21
-110.585536999999988
0
LINE
8
BLACK
6
CONTINUOUS
10
99.9128829999999937
20
-110.585536999999988
11
99.7824849999999941
21
-110.4984079999999977
0
LINE
8
BLACK
6
CONTINUOUS
10
99.7824849999999941
20
-110.4984079999999977
11
99.6715919999999898
21
-110.3875149999999934
0
LINE
8
BLACK
6
CONTINUOUS
10
99.6715919999999898
20
-110.3875149999999934
11
99.5844629999999995
21
-110.2571169999999938
0
LINE
8
BLACK
6
CONTINUOUS
10
99.5844629999999995
20
-110.2571169999999938
11
99.5244479999999925
21
-110.1122280000000018
0
LINE
8
BLACK
6
CONTINUOUS
10
99.5244479999999925
20
-110.1122280000000018
11
99.4938519999999897
21
-109.9584139999999906
0
LINE
8
BLACK
6
CONTINUOUS
10
99.4938519999999897
20
-109.9584139999999906
11
99.4938519999999897
21
-109.8015860000000004
0
LINE
8
BLACK
6
CONTINUOUS
10
99.4938519999999897
20
-109.8015860000000004
11
99.5244479999999925
21
-109.6477719999999891
0
LINE
8
BLACK
6
CONTINUOUS
10
99.5244479999999925
20
-109.6477719999999891
11
99.5844629999999995
21
-109.5028829999999971
0
LINE
8
BLACK
6
CONTINUOUS
10
99.5844629999999995
20
-109.5028829999999971
11
99.6715919999999898
21
-109.3724849999999975
0
LINE
8
BLACK
6
CONTINUOUS
10
99.6715919999999898
20
-109.3724849999999975
11
99.7824849999999941
21
-109.2615919999999932
0
LINE
8
BLACK
6
CONTINUOUS
10
99.7824849999999941
20
-109.2615919999999932
11
99.8900000000000006
21
-109.1897519999999986
0
LINE
8
BLACK
6
CONTINUOUS
10
99.8900000000000006
20
-109.1897519999999986
11
99.8900000000000006
21
-108.705686
0
LINE
8
BLACK
6
CONTINUOUS
10
99.8900000000000006
20
-108.705686
11
99.084313999999992
21
-107.8999999999999915
0
LINE
8
BLACK
6
CONTINUOUS
10
99.084313999999992
20
-107.8999999999999915
11
91.6656859999999938
21
-107.8999999999999915
0
LINE
8
BLACK
6
CONTINUOUS
10
91.6656859999999938
20
-107.8999999999999915
11
90.0328429999999997
21
-109.5328429999999997
0
LINE
8
BLACK
6
CONTINUOUS
10
90.0328429999999997
20
-109.5328429999999997
11
89.993504999999999
21
-109.567340999999999
0
LINE
8
BLACK
6
CONTINUOUS
10
89.993504999999999
20
-109.567340999999999
11
89.9030739999999895
21
-109.6195519999999988
0
LINE
8
BLACK
6
CONTINUOUS
10
89.9030739999999895
20
-109.6195519999999988
11
89.8022100000000023
21
-109.646577999999991
0
LINE
8
BLACK
6
CONTINUOUS
10
89.8022100000000023
20
-109.646577999999991
11
89.75
21
-109.6499999999999915
0
LINE
8
BLACK
6
CONTINUOUS
10
89.75
20
-109.6499999999999915
11
87.3999999999999915
21
-109.6499999999999915
0
LINE
8
BLACK
6
CONTINUOUS
10
87.3999999999999915
20
-109.6499999999999915
11
87.3999999999999915
21
-110.6394419999999883
0
LINE
8
BLACK
6
CONTINUOUS
10
87.3999999999999915
20
-110.6394419999999883
11
87.444074999999998
21
-110.6688929999999971
0
LINE
8
BLACK
6
CONTINUOUS
10
87.444074999999998
20
-110.6688929999999971
11
87.5411069999999967
21
-110.7659249999999957
0
LINE
8
BLACK
6
CONTINUOUS
10
87.5411069999999967
20
-110.7659249999999957
11
87.6173450000000003
21
-110.8800219999999968
0
LINE
8
BLACK
6
CONTINUOUS
10
87.6173450000000003
20
-110.8800219999999968
11
87.6698579999999907
21
-111.0068009999999958
0
LINE
8
BLACK
6
CONTINUOUS
10
87.6698579999999907
20
-111.0068009999999958
11
87.6966290000000015
21
-111.1413879999999921
0
LINE
8
BLACK
6
CONTINUOUS
10
87.6966290000000015
20
-111.1413879999999921
11
87.6966290000000015
21
-111.2786119999999954
0
LINE
8
BLACK
6
CONTINUOUS
10
87.6966290000000015
20
-111.2786119999999954
11
87.6698579999999907
21
-111.4131989999999917
0
LINE
8
BLACK
6
CONTINUOUS
10
87.6698579999999907
20
-111.4131989999999917
11
87.6173450000000003
21
-111.5399779999999907
0
LINE
8
BLACK
6
CONTINUOUS
10
87.6173450000000003
20
-111.5399779999999907
11
87.5411069999999967
21
-111.6540749999999917
0
LINE
8
BLACK
6
CONTINUOUS
10
87.5411069999999967
20
-111.6540749999999917
11
87.444074999999998
21
-111.7511069999999904
0
LINE
8
BLACK
6
CONTINUOUS
10
87.444074999999998
20
-111.7511069999999904
11
87.329977999999997
21
-111.827344999999994
0
LINE
8
BLACK
6
CONTINUOUS
10
87.329977999999997
20
-111.827344999999994
11
87.2031989999999979
21
-111.8798579999999987
0
LINE
8
BLACK
6
CONTINUOUS
10
87.2031989999999979
20
-111.8798579999999987
11
87.0686120000000017
21
-111.9066289999999952
0
LINE
8
BLACK
6
CONTINUOUS
10
87.0686120000000017
20
-111.9066289999999952
11
86.9313879999999983
21
-111.9066289999999952
0
LINE
8
BLACK
6
CONTINUOUS
10
86.9313879999999983
20
-111.9066289999999952
11
86.7968010000000021
21
-111.8798579999999987
0
LINE
8
BLACK
6
CONTINUOUS
10
86.7968010000000021
20
-111.8798579999999987
11
86.670022000000003
21
-111.827344999999994
0
LINE
8
BLACK
6
CONTINUOUS
10
86.670022000000003
20
-111.827344999999994
11
86.555925000000002
21
-111.7511069999999904
0
LINE
8
BLACK
6
CONTINUOUS
10
86.555925000000002
20
-111.7511069999999904
11
86.4588929999999891
21
-111.6540749999999917
0
LINE
8
BLACK
6
CONTINUOUS
10
86.4588929999999891
20
-111.6540749999999917
11
86.3826549999999997
21
-111.5399779999999907
0
LINE
8
BLACK
6
CONTINUOUS
10
86.3826549999999997
20
-111.5399779999999907
11
86.3301419999999951
21
-111.4131989999999917
0
LINE
8
BLACK
6
CONTINUOUS
10
86.3301419999999951
20
-111.4131989999999917
11
86.3033709999999985
21
-111.2786119999999954
0
LINE
8
BLACK
6
CONTINUOUS
10
86.3033709999999985
20
-111.2786119999999954
11
86.3033709999999985
21
-111.1413879999999921
0
LINE
8
BLACK
6
CONTINUOUS
10
86.3033709999999985
20
-111.1413879999999921
11
86.3301419999999951
21
-111.0068009999999958
0
LINE
8
BLACK
6
CONTINUOUS
10
86.3301419999999951
20
-111.0068009999999958
11
86.3826549999999997
21
-110.8800219999999968
0
LINE
8
BLACK
6
CONTINUOUS
10
86.3826549999999997
20
-110.8800219999999968
11
86.4588929999999891
21
-110.7659249999999957
0
LINE
8
BLACK
6
CONTINUOUS
10
86.4588929999999891
20
-110.7659249999999957
11
86.555925000000002
21
-110.6688929999999971
0
LINE
8
BLACK
6
CONTINUOUS
10
86.555925000000002
20
-110.6688929999999971
11
86.5999999999999943
21
-110.6394419999999883
0
LINE
8
BLACK
6
CONTINUOUS
10
86.5999999999999943
20
-110.6394419999999883
11
86.5999999999999943
21
-109.25
0
LINE
8
BLACK
6
CONTINUOUS
10
86.5999999999999943
20
-109.25
11
86.5999999999999943
21
-108.75
0
LINE
8
BLACK
6
CONTINUOUS
10
86.5999999999999943
20
-108.75
11
86.5999999999999943
21
-108.360557
0
LINE
8
BLACK
6
CONTINUOUS
10
86.5999999999999943
20
-108.360557
11
86.555925000000002
21
-108.3311069999999887
0
LINE
8
BLACK
6
CONTINUOUS
10
86.555925000000002
20
-108.3311069999999887
11
86.4588929999999891
21
-108.23407499999999
0
LINE
8
BLACK
6
CONTINUOUS
10
86.4588929999999891
20
-108.23407499999999
11
86.3826549999999997
21
-108.119977999999989
0
LINE
8
BLACK
6
CONTINUOUS
10
86.3826549999999997
20
-108.119977999999989
11
86.3301419999999951
21
-107.99319899999999
0
LINE
8
BLACK
6
CONTINUOUS
10
86.3301419999999951
20
-107.99319899999999
11
86.3033709999999985
21
-107.8586119999999937
0
LINE
8
BLACK
6
CONTINUOUS
10
86.3033709999999985
20
-107.8586119999999937
11
86.3033709999999985
21
-107.7213879999999904
0
LINE
8
BLACK
6
CONTINUOUS
10
86.3033709999999985
20
-107.7213879999999904
11
86.3301419999999951
21
-107.5868009999999941
0
LINE
8
BLACK
6
CONTINUOUS
10
86.3301419999999951
20
-107.5868009999999941
11
86.3826549999999997
21
-107.460021999999995
0
LINE
8
BLACK
6
CONTINUOUS
10
86.3826549999999997
20
-107.460021999999995
11
86.4588929999999891
21
-107.345924999999994
0
LINE
8
BLACK
6
CONTINUOUS
10
86.4588929999999891
20
-107.345924999999994
11
86.555925000000002
21
-107.2488929999999954
0
LINE
8
BLACK
6
CONTINUOUS
10
86.555925000000002
20
-107.2488929999999954
11
86.670022000000003
21
-107.1726549999999918
0
LINE
8
BLACK
6
CONTINUOUS
10
86.670022000000003
20
-107.1726549999999918
11
86.7968010000000021
21
-107.1201420000000013
0
LINE
8
BLACK
6
CONTINUOUS
10
86.7968010000000021
20
-107.1201420000000013
11
86.9313879999999983
21
-107.0933709999999905
0
LINE
8
BLACK
6
CONTINUOUS
10
86.9313879999999983
20
-107.0933709999999905
11
87.0686120000000017
21
-107.0933709999999905
0
LINE
8
BLACK
6
CONTINUOUS
10
87.0686120000000017
20
-107.0933709999999905
11
87.2031989999999979
21
-107.1201420000000013
0
LINE
8
BLACK
6
CONTINUOUS
10
112.4569739999999882
20
-110.9957429999999903
11
112.4833339999999993
21
-110.9976289999999892
0
LINE
8
BLACK
6
CONTINUOUS
10
112.4833339999999993
20
-110.9976289999999892
11
112.4923869999999937
21
-111.0034469999999942
0
LINE
8
BLACK
6
CONTINUOUS
10
112.4923869999999937
20
-111.0034469999999942
11
112.4994269999999972
21
-111.0049789999999916
0
LINE
8
BLACK
6
CONTINUOUS
10
112.4994269999999972
20
-111.0049789999999916
11
112.5276810000000012
21
-111.0261299999999949
0
LINE
8
BLACK
6
CONTINUOUS
10
112.5276810000000012
20
-111.0261299999999949
11
112.6543700000000001
21
-111.1528189999999938
0
LINE
8
BLACK
6
CONTINUOUS
10
112.6543700000000001
20
-111.1528189999999938
11
112.687854999999999
21
-111.2141419999999954
0
LINE
8
BLACK
6
CONTINUOUS
10
112.687854999999999
20
-111.2141419999999954
11
112.6828709999999916
21
-111.2838339999999988
0
LINE
8
BLACK
6
CONTINUOUS
10
112.6828709999999916
20
-111.2838339999999988
11
112.6409989999999937
21
-111.3397669999999948
0
LINE
8
BLACK
6
CONTINUOUS
10
112.6409989999999937
20
-111.3397669999999948
11
112.5755349999999879
21
-111.3641839999999945
0
LINE
8
BLACK
6
CONTINUOUS
10
112.5755349999999879
20
-111.3641839999999945
11
112.5666889999999967
21
-111.3644999999999925
0
LINE
8
BLACK
6
CONTINUOUS
10
112.5666889999999967
20
-111.3644999999999925
11
112.3133109999999988
21
-111.3644999999999925
0
LINE
8
BLACK
6
CONTINUOUS
10
112.3133109999999988
20
-111.3644999999999925
11
112.2462719999999905
21
-111.344814999999997
0
LINE
8
BLACK
6
CONTINUOUS
10
112.2462719999999905
20
-111.344814999999997
11
112.2005169999999907
21
-111.292010999999988
0
LINE
8
BLACK
6
CONTINUOUS
10
112.2005169999999907
20
-111.292010999999988
11
112.1905730000000005
21
-111.2228530000000006
0
LINE
8
BLACK
6
CONTINUOUS
10
112.1905730000000005
20
-111.2228530000000006
11
112.2195979999999906
21
-111.1592969999999951
0
LINE
8
BLACK
6
CONTINUOUS
10
112.2195979999999906
20
-111.1592969999999951
11
112.2256299999999953
21
-111.1528189999999938
0
LINE
8
BLACK
6
CONTINUOUS
10
112.2256299999999953
20
-111.1528189999999938
11
112.3523189999999943
21
-111.0261299999999949
0
LINE
8
BLACK
6
CONTINUOUS
10
112.3523189999999943
20
-111.0261299999999949
11
112.3602640000000008
21
-111.0217909999999932
0
LINE
8
BLACK
6
CONTINUOUS
10
112.3602640000000008
20
-111.0217909999999932
11
112.3656900000000007
21
-111.0145440000000008
0
LINE
8
BLACK
6
CONTINUOUS
10
112.3656900000000007
20
-111.0145440000000008
11
112.3904489999999896
21
-111.0053089999999969
0
LINE
8
BLACK
6
CONTINUOUS
10
112.3904489999999896
20
-111.0053089999999969
11
112.4136419999999958
21
-110.992644999999996
0
LINE
8
BLACK
6
CONTINUOUS
10
112.4136419999999958
20
-110.992644999999996
11
112.422670999999994
21
-110.9932900000000018
0
LINE
8
BLACK
6
CONTINUOUS
10
112.422670999999994
20
-110.9932900000000018
11
112.4311539999999923
21
-110.9901270000000011
0
LINE
8
BLACK
6
CONTINUOUS
10
112.4311539999999923
20
-110.9901270000000011
11
112.4569739999999882
21
-110.9957429999999903
0
LINE
8
BLACK
6
CONTINUOUS
10
115.0233339999999913
20
-110.9976289999999892
11
115.0676809999999932
21
-111.0261299999999949
0
LINE
8
BLACK
6
CONTINUOUS
10
115.0676809999999932
20
-111.0261299999999949
11
115.1943699999999922
21
-111.1528189999999938
0
LINE
8
BLACK
6
CONTINUOUS
10
115.1943699999999922
20
-111.1528189999999938
11
115.227854999999991
21
-111.2141419999999954
0
LINE
8
BLACK
6
CONTINUOUS
10
115.227854999999991
20
-111.2141419999999954
11
115.2228709999999978
21
-111.2838339999999988
0
LINE
8
BLACK
6
CONTINUOUS
10
115.2228709999999978
20
-111.2838339999999988
11
115.1809989999999999
21
-111.3397669999999948
0
LINE
8
BLACK
6
CONTINUOUS
10
115.1809989999999999
20
-111.3397669999999948
11
115.1155349999999942
21
-111.3641839999999945
0
LINE
8
BLACK
6
CONTINUOUS
10
115.1155349999999942
20
-111.3641839999999945
11
115.1066889999999887
21
-111.3644999999999925
0
LINE
8
BLACK
6
CONTINUOUS
10
115.1066889999999887
20
-111.3644999999999925
11
114.8533109999999908
21
-111.3644999999999925
0
LINE
8
BLACK
6
CONTINUOUS
10
114.8533109999999908
20
-111.3644999999999925
11
114.7862719999999968
21
-111.344814999999997
0
LINE
8
BLACK
6
CONTINUOUS
10
114.7862719999999968
20
-111.344814999999997
11
114.740516999999997
21
-111.292010999999988
0
LINE
8
BLACK
6
CONTINUOUS
10
114.740516999999997
20
-111.292010999999988
11
114.7305729999999926
21
-111.2228530000000006
0
LINE
8
BLACK
6
CONTINUOUS
10
114.7305729999999926
20
-111.2228530000000006
11
114.7595979999999969
21
-111.1592969999999951
0
LINE
8
BLACK
6
CONTINUOUS
10
114.7595979999999969
20
-111.1592969999999951
11
114.7656300000000016
21
-111.1528189999999938
0
LINE
8
BLACK
6
CONTINUOUS
10
114.7656300000000016
20
-111.1528189999999938
11
114.8923190000000005
21
-111.0261299999999949
0
LINE
8
BLACK
6
CONTINUOUS
10
114.8923190000000005
20
-111.0261299999999949
11
114.9536419999999879
21
-110.992644999999996
0
LINE
8
BLACK
6
CONTINUOUS
10
114.9536419999999879
20
-110.992644999999996
11
115.0233339999999913
21
-110.9976289999999892
0
LINE
8
BLACK
6
CONTINUOUS
10
117.5369740000000007
20
-110.9957429999999903
11
117.5633339999999976
21
-110.9976289999999892
0
LINE
8
BLACK
6
CONTINUOUS
10
117.5633339999999976
20
-110.9976289999999892
11
117.572386999999992
21
-111.0034469999999942
0
LINE
8
BLACK
6
CONTINUOUS
10
117.572386999999992
20
-111.0034469999999942
11
117.5794269999999955
21
-111.0049789999999916
0
LINE
8
BLACK
6
CONTINUOUS
10
117.5794269999999955
20
-111.0049789999999916
11
117.6076809999999995
21
-111.0261299999999949
0
LINE
8
BLACK
6
CONTINUOUS
10
117.6076809999999995
20
-111.0261299999999949
11
117.7343699999999984
21
-111.1528189999999938
0
LINE
8
BLACK
6
CONTINUOUS
10
117.7343699999999984
20
-111.1528189999999938
11
117.7678549999999973
21
-111.2141419999999954
0
LINE
8
BLACK
6
CONTINUOUS
10
117.7678549999999973
20
-111.2141419999999954
11
117.7628709999999899
21
-111.2838339999999988
0
LINE
8
BLACK
6
CONTINUOUS
10
117.7628709999999899
20
-111.2838339999999988
11
117.720998999999992
21
-111.3397669999999948
0
LINE
8
BLACK
6
CONTINUOUS
10
117.720998999999992
20
-111.3397669999999948
11
117.6555350000000004
21
-111.3641839999999945
0
LINE
8
BLACK
6
CONTINUOUS
10
117.6555350000000004
20
-111.3641839999999945
11
117.646688999999995
21
-111.3644999999999925
0
LINE
8
BLACK
6
CONTINUOUS
10
117.646688999999995
20
-111.3644999999999925
11
117.3933109999999971
21
-111.3644999999999925
0
LINE
8
BLACK
6
CONTINUOUS
10
117.3933109999999971
20
-111.3644999999999925
11
117.3262719999999888
21
-111.344814999999997
0
LINE
8
BLACK
6
CONTINUOUS
10
117.3262719999999888
20
-111.344814999999997
11
117.280516999999989
21
-111.292010999999988
0
LINE
8
BLACK
6
CONTINUOUS
10
117.280516999999989
20
-111.292010999999988
11
117.2705729999999988
21
-111.2228530000000006
0
LINE
8
BLACK
6
CONTINUOUS
10
117.2705729999999988
20
-111.2228530000000006
11
117.2995979999999889
21
-111.1592969999999951
0
LINE
8
BLACK
6
CONTINUOUS
10
117.2995979999999889
20
-111.1592969999999951
11
117.3056299999999936
21
-111.1528189999999938
0
LINE
8
BLACK
6
CONTINUOUS
10
117.3056299999999936
20
-111.1528189999999938
11
117.4323189999999926
21
-111.0261299999999949
0
LINE
8
BLACK
6
CONTINUOUS
10
117.4323189999999926
20
-111.0261299999999949
11
117.4402639999999991
21
-111.0217909999999932
0
LINE
8
BLACK
6
CONTINUOUS
10
117.4402639999999991
20
-111.0217909999999932
11
117.445689999999999
21
-111.0145440000000008
0
LINE
8
BLACK
6
CONTINUOUS
10
117.445689999999999
20
-111.0145440000000008
11
117.4704489999999879
21
-111.0053089999999969
0
LINE
8
BLACK
6
CONTINUOUS
10
117.4704489999999879
20
-111.0053089999999969
11
117.4936419999999941
21
-110.992644999999996
0
LINE
8
BLACK
6
CONTINUOUS
10
117.4936419999999941
20
-110.992644999999996
11
117.5026709999999923
21
-110.9932900000000018
0
LINE
8
BLACK
6
CONTINUOUS
10
117.5026709999999923
20
-110.9932900000000018
11
117.5111539999999906
21
-110.9901270000000011
0
LINE
8
BLACK
6
CONTINUOUS
10
117.5111539999999906
20
-110.9901270000000011
11
117.5369740000000007
21
-110.9957429999999903
0
LINE
8
BLACK
6
CONTINUOUS
10
120.1033339999999896
20
-110.9976289999999892
11
120.1476809999999915
21
-111.0261299999999949
0
LINE
8
BLACK
6
CONTINUOUS
10
120.1476809999999915
20
-111.0261299999999949
11
120.2743699999999905
21
-111.1528189999999938
0
LINE
8
BLACK
6
CONTINUOUS
10
120.2743699999999905
20
-111.1528189999999938
11
120.3078549999999893
21
-111.2141419999999954
0
LINE
8
BLACK
6
CONTINUOUS
10
120.3078549999999893
20
-111.2141419999999954
11
120.3028709999999961
21
-111.2838339999999988
0
LINE
8
BLACK
6
CONTINUOUS
10
120.3028709999999961
20
-111.2838339999999988
11
120.2609989999999982
21
-111.3397669999999948
0
LINE
8
BLACK
6
CONTINUOUS
10
120.2609989999999982
20
-111.3397669999999948
11
120.1955349999999925
21
-111.3641839999999945
0
LINE
8
BLACK
6
CONTINUOUS
10
120.1955349999999925
20
-111.3641839999999945
11
120.1866890000000012
21
-111.3644999999999925
0
LINE
8
BLACK
6
CONTINUOUS
10
120.1866890000000012
20
-111.3644999999999925
11
119.9333109999999891
21
-111.3644999999999925
0
LINE
8
BLACK
6
CONTINUOUS
10
119.9333109999999891
20
-111.3644999999999925
11
119.866271999999995
21
-111.344814999999997
0
LINE
8
BLACK
6
CONTINUOUS
10
119.866271999999995
20
-111.344814999999997
11
119.8205169999999953
21
-111.292010999999988
0
LINE
8
BLACK
6
CONTINUOUS
10
119.8205169999999953
20
-111.292010999999988
11
119.8105729999999909
21
-111.2228530000000006
0
LINE
8
BLACK
6
CONTINUOUS
10
119.8105729999999909
20
-111.2228530000000006
11
119.8395979999999952
21
-111.1592969999999951
0
LINE
8
BLACK
6
CONTINUOUS
10
119.8395979999999952
20
-111.1592969999999951
11
119.8456299999999999
21
-111.1528189999999938
0
LINE
8
BLACK
6
CONTINUOUS
10
119.8456299999999999
20
-111.1528189999999938
11
119.9723189999999988
21
-111.0261299999999949
0
LINE
8
BLACK
6
CONTINUOUS
10
119.9723189999999988
20
-111.0261299999999949
11
120.0336420000000004
21
-110.992644999999996
0
LINE
8
BLACK
6
CONTINUOUS
10
120.0336420000000004
20
-110.992644999999996
11
120.1033339999999896
21
-110.9976289999999892
0
LINE
8
BLACK
6
CONTINUOUS
10
124.5156709999999975
20
-109.1640299999999968
11
124.5967769999999888
21
-109.2182229999999947
0
LINE
8
BLACK
6
CONTINUOUS
10
124.5967769999999888
20
-109.2182229999999947
11
124.6509700000000009
21
-109.2993290000000002
0
LINE
8
BLACK
6
CONTINUOUS
10
124.6509700000000009
20
-109.2993290000000002
11
124.6699999999999875
21
-109.394999999999996
0
LINE
8
BLACK
6
CONTINUOUS
10
124.6699999999999875
20
-109.394999999999996
11
124.6699999999999875
21
-110.4949999999999903
0
LINE
8
BLACK
6
CONTINUOUS
10
124.6699999999999875
20
-110.4949999999999903
11
124.6509700000000009
21
-110.5906710000000004
0
LINE
8
BLACK
6
CONTINUOUS
10
124.6509700000000009
20
-110.5906710000000004
11
124.5967769999999888
21
-110.6717769999999916
0
LINE
8
BLACK
6
CONTINUOUS
10
124.5967769999999888
20
-110.6717769999999916
11
124.5156709999999975
21
-110.7259699999999896
0
LINE
8
BLACK
6
CONTINUOUS
10
124.5156709999999975
20
-110.7259699999999896
11
124.4199999999999875
21
-110.7449999999999903
0
LINE
8
BLACK
6
CONTINUOUS
10
124.4199999999999875
20
-110.7449999999999903
11
123.3199999999999932
21
-110.7449999999999903
0
LINE
8
BLACK
6
CONTINUOUS
10
123.3199999999999932
20
-110.7449999999999903
11
123.2243289999999973
21
-110.7259699999999896
0
LINE
8
BLACK
6
CONTINUOUS
10
123.2243289999999973
20
-110.7259699999999896
11
123.1432229999999919
21
-110.6717769999999916
0
LINE
8
BLACK
6
CONTINUOUS
10
123.1432229999999919
20
-110.6717769999999916
11
123.0890299999999939
21
-110.5906710000000004
0
LINE
8
BLACK
6
CONTINUOUS
10
123.0890299999999939
20
-110.5906710000000004
11
123.0699999999999932
21
-110.4949999999999903
0
LINE
8
BLACK
6
CONTINUOUS
10
123.0699999999999932
20
-110.4949999999999903
11
123.0699999999999932
21
-109.394999999999996
0
LINE
8
BLACK
6
CONTINUOUS
10
123.0699999999999932
20
-109.394999999999996
11
123.0890299999999939
21
-109.2993290000000002
0
LINE
8
BLACK
6
CONTINUOUS
10
123.0890299999999939
20
-109.2993290000000002
11
123.1432229999999919
21
-109.2182229999999947
0
LINE
8
BLACK
6
CONTINUOUS
10
123.1432229999999919
20
-109.2182229999999947
11
123.2243289999999973
21
-109.1640299999999968
0
LINE
8
BLACK
6
CONTINUOUS
10
123.2243289999999973
20
-109.1640299999999968
11
123.3199999999999932
21
-109.144999999999996
0
LINE
8
BLACK
6
CONTINUOUS
10
123.3199999999999932
20
-109.144999999999996
11
124.4199999999999875
21
-109.144999999999996
0
LINE
8
BLACK
6
CONTINUOUS
10
124.4199999999999875
20
-109.144999999999996
11
124.5156709999999975
21
-109.1640299999999968
0
LINE
8
BLACK
6
CONTINUOUS
10
111.4022279999999938
20
-109.1794479999999936
11
111.5471170000000001
21
-109.2394630000000006
0
LINE
8
BLACK
6
CONTINUOUS
10
111.5471170000000001
20
-109.2394630000000006
11
111.6775149999999996
21
-109.3265919999999909
0
LINE
8
BLACK
6
CONTINUOUS
10
111.6775149999999996
20
-109.3265919999999909
11
111.7884079999999898
21
-109.4374849999999952
0
LINE
8
BLACK
6
CONTINUOUS
10
111.7884079999999898
20
-109.4374849999999952
11
111.8755369999999942
21
-109.5678829999999948
0
LINE
8
BLACK
6
CONTINUOUS
10
111.8755369999999942
20
-109.5678829999999948
11
111.9355520000000013
21
-109.7127720000000011
0
LINE
8
BLACK
6
CONTINUOUS
10
111.9355520000000013
20
-109.7127720000000011
11
111.9661479999999898
21
-109.8665859999999981
0
LINE
8
BLACK
6
CONTINUOUS
10
111.9661479999999898
20
-109.8665859999999981
11
111.9661479999999898
21
-110.0234139999999883
0
LINE
8
BLACK
6
CONTINUOUS
10
111.9661479999999898
20
-110.0234139999999883
11
111.9355520000000013
21
-110.1772279999999995
0
LINE
8
BLACK
6
CONTINUOUS
10
111.9355520000000013
20
-110.1772279999999995
11
111.8755369999999942
21
-110.3221169999999915
0
LINE
8
BLACK
6
CONTINUOUS
10
111.8755369999999942
20
-110.3221169999999915
11
111.7884079999999898
21
-110.4525149999999911
0
LINE
8
BLACK
6
CONTINUOUS
10
111.7884079999999898
20
-110.4525149999999911
11
111.6775149999999996
21
-110.5634079999999955
0
LINE
8
BLACK
6
CONTINUOUS
10
111.6775149999999996
20
-110.5634079999999955
11
111.5471170000000001
21
-110.6505369999999999
0
LINE
8
BLACK
6
CONTINUOUS
10
111.5471170000000001
20
-110.6505369999999999
11
111.4022279999999938
21
-110.7105519999999927
0
LINE
8
BLACK
6
CONTINUOUS
10
111.4022279999999938
20
-110.7105519999999927
11
111.2484139999999968
21
-110.7411479999999955
0
LINE
8
BLACK
6
CONTINUOUS
10
111.2484139999999968
20
-110.7411479999999955
11
111.0915859999999924
21
-110.7411479999999955
0
LINE
8
BLACK
6
CONTINUOUS
10
111.0915859999999924
20
-110.7411479999999955
11
110.9377719999999954
21
-110.7105519999999927
0
LINE
8
BLACK
6
CONTINUOUS
10
110.9377719999999954
20
-110.7105519999999927
11
110.7928829999999891
21
-110.6505369999999999
0
LINE
8
BLACK
6
CONTINUOUS
10
110.7928829999999891
20
-110.6505369999999999
11
110.6624849999999896
21
-110.5634079999999955
0
LINE
8
BLACK
6
CONTINUOUS
10
110.6624849999999896
20
-110.5634079999999955
11
110.5515919999999994
21
-110.4525149999999911
0
LINE
8
BLACK
6
CONTINUOUS
10
110.5515919999999994
20
-110.4525149999999911
11
110.464462999999995
21
-110.3221169999999915
0
LINE
8
BLACK
6
CONTINUOUS
10
110.464462999999995
20
-110.3221169999999915
11
110.4044479999999879
21
-110.1772279999999995
0
LINE
8
BLACK
6
CONTINUOUS
10
110.4044479999999879
20
-110.1772279999999995
11
110.3738519999999994
21
-110.0234139999999883
0
LINE
8
BLACK
6
CONTINUOUS
10
110.3738519999999994
20
-110.0234139999999883
11
110.3738519999999994
21
-109.8665859999999981
0
LINE
8
BLACK
6
CONTINUOUS
10
110.3738519999999994
20
-109.8665859999999981
11
110.4044479999999879
21
-109.7127720000000011
0
LINE
8
BLACK
6
CONTINUOUS
10
110.4044479999999879
20
-109.7127720000000011
11
110.464462999999995
21
-109.5678829999999948
0
LINE
8
BLACK
6
CONTINUOUS
10
110.464462999999995
20
-109.5678829999999948
11
110.5515919999999994
21
-109.4374849999999952
0
LINE
8
BLACK
6
CONTINUOUS
10
110.5515919999999994
20
-109.4374849999999952
11
110.6624849999999896
21
-109.3265919999999909
0
LINE
8
BLACK
6
CONTINUOUS
10
110.6624849999999896
20
-109.3265919999999909
11
110.7928829999999891
21
-109.2394630000000006
0
LINE
8
BLACK
6
CONTINUOUS
10
110.7928829999999891
20
-109.2394630000000006
11
110.9377719999999954
21
-109.1794479999999936
0
LINE
8
BLACK
6
CONTINUOUS
10
110.9377719999999954
20
-109.1794479999999936
11
111.0915859999999924
21
-109.1488519999999909
0
LINE
8
BLACK
6
CONTINUOUS
10
111.0915859999999924
20
-109.1488519999999909
11
111.2484139999999968
21
-109.1488519999999909
0
LINE
8
BLACK
6
CONTINUOUS
10
111.2484139999999968
20
-109.1488519999999909
11
111.4022279999999938
21
-109.1794479999999936
0
LINE
8
BLACK
6
CONTINUOUS
10
113.9422280000000001
20
-109.1794479999999936
11
114.0871169999999921
21
-109.2394630000000006
0
LINE
8
BLACK
6
CONTINUOUS
10
114.0871169999999921
20
-109.2394630000000006
11
114.2175149999999917
21
-109.3265919999999909
0
LINE
8
BLACK
6
CONTINUOUS
10
114.2175149999999917
20
-109.3265919999999909
11
114.328407999999996
21
-109.4374849999999952
0
LINE
8
BLACK
6
CONTINUOUS
10
114.328407999999996
20
-109.4374849999999952
11
114.4155370000000005
21
-109.5678829999999948
0
LINE
8
BLACK
6
CONTINUOUS
10
114.4155370000000005
20
-109.5678829999999948
11
114.4755519999999933
21
-109.7127720000000011
0
LINE
8
BLACK
6
CONTINUOUS
10
114.4755519999999933
20
-109.7127720000000011
11
114.506147999999996
21
-109.8665859999999981
0
LINE
8
BLACK
6
CONTINUOUS
10
114.506147999999996
20
-109.8665859999999981
11
114.506147999999996
21
-110.0234139999999883
0
LINE
8
BLACK
6
CONTINUOUS
10
114.506147999999996
20
-110.0234139999999883
11
114.4755519999999933
21
-110.1772279999999995
0
LINE
8
BLACK
6
CONTINUOUS
10
114.4755519999999933
20
-110.1772279999999995
11
114.4155370000000005
21
-110.3221169999999915
0
LINE
8
BLACK
6
CONTINUOUS
10
114.4155370000000005
20
-110.3221169999999915
11
114.328407999999996
21
-110.4525149999999911
0
LINE
8
BLACK
6
CONTINUOUS
10
114.328407999999996
20
-110.4525149999999911
11
114.2175149999999917
21
-110.5634079999999955
0
LINE
8
BLACK
6
CONTINUOUS
10
114.2175149999999917
20
-110.5634079999999955
11
114.0871169999999921
21
-110.6505369999999999
0
LINE
8
BLACK
6
CONTINUOUS
10
114.0871169999999921
20
-110.6505369999999999
11
113.9422280000000001
21
-110.7105519999999927
0
LINE
8
BLACK
6
CONTINUOUS
10
113.9422280000000001
20
-110.7105519999999927
11
113.7884139999999888
21
-110.7411479999999955
0
LINE
8
BLACK
6
CONTINUOUS
10
113.7884139999999888
20
-110.7411479999999955
11
113.6315859999999986
21
-110.7411479999999955
0
LINE
8
BLACK
6
CONTINUOUS
10
113.6315859999999986
20
-110.7411479999999955
11
113.4777720000000016
21
-110.7105519999999927
0
LINE
8
BLACK
6
CONTINUOUS
10
113.4777720000000016
20
-110.7105519999999927
11
113.3328829999999954
21
-110.6505369999999999
0
LINE
8
BLACK
6
CONTINUOUS
10
113.3328829999999954
20
-110.6505369999999999
11
113.2024849999999958
21
-110.5634079999999955
0
LINE
8
BLACK
6
CONTINUOUS
10
113.2024849999999958
20
-110.5634079999999955
11
113.0915919999999915
21
-110.4525149999999911
0
LINE
8
BLACK
6
CONTINUOUS
10
113.0915919999999915
20
-110.4525149999999911
11
113.0044630000000012
21
-110.3221169999999915
0
LINE
8
BLACK
6
CONTINUOUS
10
113.0044630000000012
20
-110.3221169999999915
11
112.9444479999999942
21
-110.1772279999999995
0
LINE
8
BLACK
6
CONTINUOUS
10
112.9444479999999942
20
-110.1772279999999995
11
112.9138519999999914
21
-110.0234139999999883
0
LINE
8
BLACK
6
CONTINUOUS
10
112.9138519999999914
20
-110.0234139999999883
11
112.9138519999999914
21
-109.8665859999999981
0
LINE
8
BLACK
6
CONTINUOUS
10
112.9138519999999914
20
-109.8665859999999981
11
112.9444479999999942
21
-109.7127720000000011
0
LINE
8
BLACK
6
CONTINUOUS
10
112.9444479999999942
20
-109.7127720000000011
11
113.0044630000000012
21
-109.5678829999999948
0
LINE
8
BLACK
6
CONTINUOUS
10
113.0044630000000012
20
-109.5678829999999948
11
113.0915919999999915
21
-109.4374849999999952
0
LINE
8
BLACK
6
CONTINUOUS
10
113.0915919999999915
20
-109.4374849999999952
11
113.2024849999999958
21
-109.3265919999999909
0
LINE
8
BLACK
6
CONTINUOUS
10
113.2024849999999958
20
-109.3265919999999909
11
113.3328829999999954
21
-109.2394630000000006
0
LINE
8
BLACK
6
CONTINUOUS
10
113.3328829999999954
20
-109.2394630000000006
11
113.4777720000000016
21
-109.1794479999999936
0
LINE
8
BLACK
6
CONTINUOUS
10
113.4777720000000016
20
-109.1794479999999936
11
113.6315859999999986
21
-109.1488519999999909
0
LINE
8
BLACK
6
CONTINUOUS
10
113.6315859999999986
20
-109.1488519999999909
11
113.7884139999999888
21
-109.1488519999999909
0
LINE
8
BLACK
6
CONTINUOUS
10
113.7884139999999888
20
-109.1488519999999909
11
113.9422280000000001
21
-109.1794479999999936
0
LINE
8
BLACK
6
CONTINUOUS
10
116.4822279999999921
20
-109.1794479999999936
11
116.6271169999999984
21
-109.2394630000000006
0
LINE
8
BLACK
6
CONTINUOUS
10
116.6271169999999984
20
-109.2394630000000006
11
116.7575149999999979
21
-109.3265919999999909
0
LINE
8
BLACK
6
CONTINUOUS
10
116.7575149999999979
20
-109.3265919999999909
11
116.8684079999999881
21
-109.4374849999999952
0
LINE
8
BLACK
6
CONTINUOUS
10
116.8684079999999881
20
-109.4374849999999952
11
116.9555369999999925
21
-109.5678829999999948
0
LINE
8
BLACK
6
CONTINUOUS
10
116.9555369999999925
20
-109.5678829999999948
11
117.0155519999999996
21
-109.7127720000000011
0
LINE
8
BLACK
6
CONTINUOUS
10
117.0155519999999996
20
-109.7127720000000011
11
117.0461479999999881
21
-109.8665859999999981
0
LINE
8
BLACK
6
CONTINUOUS
10
117.0461479999999881
20
-109.8665859999999981
11
117.0461479999999881
21
-110.0234139999999883
0
LINE
8
BLACK
6
CONTINUOUS
10
117.0461479999999881
20
-110.0234139999999883
11
117.0155519999999996
21
-110.1772279999999995
0
LINE
8
BLACK
6
CONTINUOUS
10
117.0155519999999996
20
-110.1772279999999995
11
116.9555369999999925
21
-110.3221169999999915
0
LINE
8
BLACK
6
CONTINUOUS
10
116.9555369999999925
20
-110.3221169999999915
11
116.8684079999999881
21
-110.4525149999999911
0
LINE
8
BLACK
6
CONTINUOUS
10
116.8684079999999881
20
-110.4525149999999911
11
116.7575149999999979
21
-110.5634079999999955
0
LINE
8
BLACK
6
CONTINUOUS
10
116.7575149999999979
20
-110.5634079999999955
11
116.6271169999999984
21
-110.6505369999999999
0
LINE
8
BLACK
6
CONTINUOUS
10
116.6271169999999984
20
-110.6505369999999999
11
116.4822279999999921
21
-110.7105519999999927
0
LINE
8
BLACK
6
CONTINUOUS
10
116.4822279999999921
20
-110.7105519999999927
11
116.3284139999999951
21
-110.7411479999999955
0
LINE
8
BLACK
6
CONTINUOUS
10
116.3284139999999951
20
-110.7411479999999955
11
116.1715859999999907
21
-110.7411479999999955
0
LINE
8
BLACK
6
CONTINUOUS
10
116.1715859999999907
20
-110.7411479999999955
11
116.0177719999999937
21
-110.7105519999999927
0
LINE
8
BLACK
6
CONTINUOUS
10
116.0177719999999937
20
-110.7105519999999927
11
115.8728830000000016
21
-110.6505369999999999
0
LINE
8
BLACK
6
CONTINUOUS
10
115.8728830000000016
20
-110.6505369999999999
11
115.7424849999999878
21
-110.5634079999999955
0
LINE
8
BLACK
6
CONTINUOUS
10
115.7424849999999878
20
-110.5634079999999955
11
115.6315919999999977
21
-110.4525149999999911
0
LINE
8
BLACK
6
CONTINUOUS
10
115.6315919999999977
20
-110.4525149999999911
11
115.5444629999999933
21
-110.3221169999999915
0
LINE
8
BLACK
6
CONTINUOUS
10
115.5444629999999933
20
-110.3221169999999915
11
115.4844480000000004
21
-110.1772279999999995
0
LINE
8
BLACK
6
CONTINUOUS
10
115.4844480000000004
20
-110.1772279999999995
11
115.4538519999999977
21
-110.0234139999999883
0
LINE
8
BLACK
6
CONTINUOUS
10
115.4538519999999977
20
-110.0234139999999883
11
115.4538519999999977
21
-109.8665859999999981
0
LINE
8
BLACK
6
CONTINUOUS
10
115.4538519999999977
20
-109.8665859999999981
11
115.4844480000000004
21
-109.7127720000000011
0
LINE
8
BLACK
6
CONTINUOUS
10
115.4844480000000004
20
-109.7127720000000011
11
115.5444629999999933
21
-109.5678829999999948
0
LINE
8
BLACK
6
CONTINUOUS
10
115.5444629999999933
20
-109.5678829999999948
11
115.6315919999999977
21
-109.4374849999999952
0
LINE
8
BLACK
6
CONTINUOUS
10
115.6315919999999977
20
-109.4374849999999952
11
115.7424849999999878
21
-109.3265919999999909
0
LINE
8
BLACK
6
CONTINUOUS
10
115.7424849999999878
20
-109.3265919999999909
11
115.8728830000000016
21
-109.2394630000000006
0
LINE
8
BLACK
6
CONTINUOUS
10
115.8728830000000016
20
-109.2394630000000006
11
116.0177719999999937
21
-109.1794479999999936
0
LINE
8
BLACK
6
CONTINUOUS
10
116.0177719999999937
20
-109.1794479999999936
11
116.1715859999999907
21
-109.1488519999999909
0
LINE
8
BLACK
6
CONTINUOUS
10
116.1715859999999907
20
-109.1488519999999909
11
116.3284139999999951
21
-109.1488519999999909
0
LINE
8
BLACK
6
CONTINUOUS
10
116.3284139999999951
20
-109.1488519999999909
11
116.4822279999999921
21
-109.1794479999999936
0
LINE
8
BLACK
6
CONTINUOUS
10
119.0222279999999984
20
-109.1794479999999936
11
119.1671169999999904
21
-109.2394630000000006
0
LINE
8
BLACK
6
CONTINUOUS
10
119.1671169999999904
20
-109.2394630000000006
11
119.29751499999999
21
-109.3265919999999909
0
LINE
8
BLACK
6
CONTINUOUS
10
119.29751499999999
20
-109.3265919999999909
11
119.4084079999999943
21
-109.4374849999999952
0
LINE
8
BLACK
6
CONTINUOUS
10
119.4084079999999943
20
-109.4374849999999952
11
119.4955369999999988
21
-109.5678829999999948
0
LINE
8
BLACK
6
CONTINUOUS
10
119.4955369999999988
20
-109.5678829999999948
11
119.5555519999999916
21
-109.7127720000000011
0
LINE
8
BLACK
6
CONTINUOUS
10
119.5555519999999916
20
-109.7127720000000011
11
119.5861479999999943
21
-109.8665859999999981
0
LINE
8
BLACK
6
CONTINUOUS
10
119.5861479999999943
20
-109.8665859999999981
11
119.5861479999999943
21
-110.0234139999999883
0
LINE
8
BLACK
6
CONTINUOUS
10
119.5861479999999943
20
-110.0234139999999883
11
119.5555519999999916
21
-110.1772279999999995
0
LINE
8
BLACK
6
CONTINUOUS
10
119.5555519999999916
20
-110.1772279999999995
11
119.4955369999999988
21
-110.3221169999999915
0
LINE
8
BLACK
6
CONTINUOUS
10
119.4955369999999988
20
-110.3221169999999915
11
119.4084079999999943
21
-110.4525149999999911
0
LINE
8
BLACK
6
CONTINUOUS
10
119.4084079999999943
20
-110.4525149999999911
11
119.29751499999999
21
-110.5634079999999955
0
LINE
8
BLACK
6
CONTINUOUS
10
119.29751499999999
20
-110.5634079999999955
11
119.1671169999999904
21
-110.6505369999999999
0
LINE
8
BLACK
6
CONTINUOUS
10
119.1671169999999904
20
-110.6505369999999999
11
119.0222279999999984
21
-110.7105519999999927
0
LINE
8
BLACK
6
CONTINUOUS
10
119.0222279999999984
20
-110.7105519999999927
11
118.8684140000000014
21
-110.7411479999999955
0
LINE
8
BLACK
6
CONTINUOUS
10
118.8684140000000014
20
-110.7411479999999955
11
118.7115859999999969
21
-110.7411479999999955
0
LINE
8
BLACK
6
CONTINUOUS
10
118.7115859999999969
20
-110.7411479999999955
11
118.5577719999999999
21
-110.7105519999999927
0
LINE
8
BLACK
6
CONTINUOUS
10
118.5577719999999999
20
-110.7105519999999927
11
118.4128829999999937
21
-110.6505369999999999
0
LINE
8
BLACK
6
CONTINUOUS
10
118.4128829999999937
20
-110.6505369999999999
11
118.2824849999999941
21
-110.5634079999999955
0
LINE
8
BLACK
6
CONTINUOUS
10
118.2824849999999941
20
-110.5634079999999955
11
118.1715919999999898
21
-110.4525149999999911
0
LINE
8
BLACK
6
CONTINUOUS
10
118.1715919999999898
20
-110.4525149999999911
11
118.0844629999999995
21
-110.3221169999999915
0
LINE
8
BLACK
6
CONTINUOUS
10
118.0844629999999995
20
-110.3221169999999915
11
118.0244479999999925
21
-110.1772279999999995
0
LINE
8
BLACK
6
CONTINUOUS
10
118.0244479999999925
20
-110.1772279999999995
11
117.9938519999999897
21
-110.0234139999999883
0
LINE
8
BLACK
6
CONTINUOUS
10
117.9938519999999897
20
-110.0234139999999883
11
117.9938519999999897
21
-109.8665859999999981
0
LINE
8
BLACK
6
CONTINUOUS
10
117.9938519999999897
20
-109.8665859999999981
11
118.0244479999999925
21
-109.7127720000000011
0
LINE
8
BLACK
6
CONTINUOUS
10
118.0244479999999925
20
-109.7127720000000011
11
118.0844629999999995
21
-109.5678829999999948
0
LINE
8
BLACK
6
CONTINUOUS
10
118.0844629999999995
20
-109.5678829999999948
11
118.1715919999999898
21
-109.4374849999999952
0
LINE
8
BLACK
6
CONTINUOUS
10
118.1715919999999898
20
-109.4374849999999952
11
118.2824849999999941
21
-109.3265919999999909
0
LINE
8
BLACK
6
CONTINUOUS
10
118.2824849999999941
20
-109.3265919999999909
11
118.4128829999999937
21
-109.2394630000000006
0
LINE
8
BLACK
6
CONTINUOUS
10
118.4128829999999937
20
-109.2394630000000006
11
118.5577719999999999
21
-109.1794479999999936
0
LINE
8
BLACK
6
CONTINUOUS
10
118.5577719999999999
20
-109.1794479999999936
11
118.7115859999999969
21
-109.1488519999999909
0
LINE
8
BLACK
6
CONTINUOUS
10
118.7115859999999969
20
-109.1488519999999909
11
118.8684140000000014
21
-109.1488519999999909
0
LINE
8
BLACK
6
CONTINUOUS
10
118.8684140000000014
20
-109.1488519999999909
11
119.0222279999999984
21
-109.1794479999999936
0
LINE
8
BLACK
6
CONTINUOUS
10
121.5622279999999904
20
-109.1794479999999936
11
121.7071169999999967
21
-109.2394630000000006
0
LINE
8
BLACK
6
CONTINUOUS
10
121.7071169999999967
20
-109.2394630000000006
11
121.8375149999999962
21
-109.3265919999999909
0
LINE
8
BLACK
6
CONTINUOUS
10
121.8375149999999962
20
-109.3265919999999909
11
121.9484080000000006
21
-109.4374849999999952
0
LINE
8
BLACK
6
CONTINUOUS
10
121.9484080000000006
20
-109.4374849999999952
11
122.0355369999999908
21
-109.5678829999999948
0
LINE
8
BLACK
6
CONTINUOUS
10
122.0355369999999908
20
-109.5678829999999948
11
122.0955519999999979
21
-109.7127720000000011
0
LINE
8
BLACK
6
CONTINUOUS
10
122.0955519999999979
20
-109.7127720000000011
11
122.1261480000000006
21
-109.8665859999999981
0
LINE
8
BLACK
6
CONTINUOUS
10
122.1261480000000006
20
-109.8665859999999981
11
122.1261480000000006
21
-110.0234139999999883
0
LINE
8
BLACK
6
CONTINUOUS
10
122.1261480000000006
20
-110.0234139999999883
11
122.0955519999999979
21
-110.1772279999999995
0
LINE
8
BLACK
6
CONTINUOUS
10
122.0955519999999979
20
-110.1772279999999995
11
122.0355369999999908
21
-110.3221169999999915
0
LINE
8
BLACK
6
CONTINUOUS
10
122.0355369999999908
20
-110.3221169999999915
11
121.9484080000000006
21
-110.4525149999999911
0
LINE
8
BLACK
6
CONTINUOUS
10
121.9484080000000006
20
-110.4525149999999911
11
121.8375149999999962
21
-110.5634079999999955
0
LINE
8
BLACK
6
CONTINUOUS
10
121.8375149999999962
20
-110.5634079999999955
11
121.7071169999999967
21
-110.6505369999999999
0
LINE
8
BLACK
6
CONTINUOUS
10
121.7071169999999967
20
-110.6505369999999999
11
121.5622279999999904
21
-110.7105519999999927
0
LINE
8
BLACK
6
CONTINUOUS
10
121.5622279999999904
20
-110.7105519999999927
11
121.4084139999999934
21
-110.7411479999999955
0
LINE
8
BLACK
6
CONTINUOUS
10
121.4084139999999934
20
-110.7411479999999955
11
121.251585999999989
21
-110.7411479999999955
0
LINE
8
BLACK
6
CONTINUOUS
10
121.251585999999989
20
-110.7411479999999955
11
121.097771999999992
21
-110.7105519999999927
0
LINE
8
BLACK
6
CONTINUOUS
10
121.097771999999992
20
-110.7105519999999927
11
120.9528829999999999
21
-110.6505369999999999
0
LINE
8
BLACK
6
CONTINUOUS
10
120.9528829999999999
20
-110.6505369999999999
11
120.8224850000000004
21
-110.5634079999999955
0
LINE
8
BLACK
6
CONTINUOUS
10
120.8224850000000004
20
-110.5634079999999955
11
120.711591999999996
21
-110.4525149999999911
0
LINE
8
BLACK
6
CONTINUOUS
10
120.711591999999996
20
-110.4525149999999911
11
120.6244629999999916
21
-110.3221169999999915
0
LINE
8
BLACK
6
CONTINUOUS
10
120.6244629999999916
20
-110.3221169999999915
11
120.5644479999999987
21
-110.1772279999999995
0
LINE
8
BLACK
6
CONTINUOUS
10
120.5644479999999987
20
-110.1772279999999995
11
120.533851999999996
21
-110.0234139999999883
0
LINE
8
BLACK
6
CONTINUOUS
10
120.533851999999996
20
-110.0234139999999883
11
120.533851999999996
21
-109.8665859999999981
0
LINE
8
BLACK
6
CONTINUOUS
10
120.533851999999996
20
-109.8665859999999981
11
120.5644479999999987
21
-109.7127720000000011
0
LINE
8
BLACK
6
CONTINUOUS
10
120.5644479999999987
20
-109.7127720000000011
11
120.6244629999999916
21
-109.5678829999999948
0
LINE
8
BLACK
6
CONTINUOUS
10
120.6244629999999916
20
-109.5678829999999948
11
120.711591999999996
21
-109.4374849999999952
0
LINE
8
BLACK
6
CONTINUOUS
10
120.711591999999996
20
-109.4374849999999952
11
120.8224850000000004
21
-109.3265919999999909
0
LINE
8
BLACK
6
CONTINUOUS
10
120.8224850000000004
20
-109.3265919999999909
11
120.9528829999999999
21
-109.2394630000000006
0
LINE
8
BLACK
6
CONTINUOUS
10
120.9528829999999999
20
-109.2394630000000006
11
121.097771999999992
21
-109.1794479999999936
0
LINE
8
BLACK
6
CONTINUOUS
10
121.097771999999992
20
-109.1794479999999936
11
121.251585999999989
21
-109.1488519999999909
0
LINE
8
BLACK
6
CONTINUOUS
10
121.251585999999989
20
-109.1488519999999909
11
121.4084139999999934
21
-109.1488519999999909
0
LINE
8
BLACK
6
CONTINUOUS
10
121.4084139999999934
20
-109.1488519999999909
11
121.5622279999999904
21
-109.1794479999999936
0
LINE
8
BLACK
6
CONTINUOUS
10
105.3022100000000023
20
-99.8534219999999948
11
105.4030739999999895
21
-99.8804480000000012
0
LINE
8
BLACK
6
CONTINUOUS
10
105.4030739999999895
20
-99.8804480000000012
11
105.493504999999999
21
-99.932659000000001
0
LINE
8
BLACK
6
CONTINUOUS
10
105.493504999999999
20
-99.932659000000001
11
105.5328429999999997
21
-99.9671570000000003
0
LINE
8
BLACK
6
CONTINUOUS
10
105.5328429999999997
20
-99.9671570000000003
11
106.3728419999999915
21
-100.8071569999999895
0
LINE
8
BLACK
6
CONTINUOUS
10
106.3728419999999915
20
-100.8071569999999895
11
106.4073409999999882
21
-100.8464949999999902
0
LINE
8
BLACK
6
CONTINUOUS
10
106.4073409999999882
20
-100.8464949999999902
11
106.4595520000000022
21
-100.9369269999999972
0
LINE
8
BLACK
6
CONTINUOUS
10
106.4595520000000022
20
-100.9369269999999972
11
106.4865779999999944
21
-101.0377900000000011
0
LINE
8
BLACK
6
CONTINUOUS
10
106.4865779999999944
20
-101.0377900000000011
11
106.4899999999999949
21
-101.0899999999999892
0
LINE
8
BLACK
6
CONTINUOUS
10
106.4899999999999949
20
-101.0899999999999892
11
106.4899999999999949
21
-101.9600819999999999
0
LINE
8
BLACK
6
CONTINUOUS
10
106.4899999999999949
20
-101.9600819999999999
11
106.4906869999999941
21
-101.9603669999999909
0
LINE
8
BLACK
6
CONTINUOUS
10
106.4906869999999941
20
-101.9603669999999909
11
106.6292339999999967
21
-102.0529409999999899
0
LINE
8
BLACK
6
CONTINUOUS
10
106.6292339999999967
20
-102.0529409999999899
11
106.747058999999993
21
-102.1707660000000004
0
LINE
8
BLACK
6
CONTINUOUS
10
106.747058999999993
20
-102.1707660000000004
11
106.8396329999999921
21
-102.3093129999999888
0
LINE
8
BLACK
6
CONTINUOUS
10
106.8396329999999921
20
-102.3093129999999888
11
106.9033989999999932
21
-102.4632579999999962
0
LINE
8
BLACK
6
CONTINUOUS
10
106.9033989999999932
20
-102.4632579999999962
11
106.9359070000000003
21
-102.6266849999999948
0
LINE
8
BLACK
6
CONTINUOUS
10
106.9359070000000003
20
-102.6266849999999948
11
106.9359070000000003
21
-102.7933149999999927
0
LINE
8
BLACK
6
CONTINUOUS
10
106.9359070000000003
20
-102.7933149999999927
11
106.9033989999999932
21
-102.9567419999999913
0
LINE
8
BLACK
6
CONTINUOUS
10
106.9033989999999932
20
-102.9567419999999913
11
106.8396329999999921
21
-103.1106869999999986
0
LINE
8
BLACK
6
CONTINUOUS
10
106.8396329999999921
20
-103.1106869999999986
11
106.747058999999993
21
-103.2492340000000013
0
LINE
8
BLACK
6
CONTINUOUS
10
106.747058999999993
20
-103.2492340000000013
11
106.6292339999999967
21
-103.3670589999999976
0
LINE
8
BLACK
6
CONTINUOUS
10
106.6292339999999967
20
-103.3670589999999976
11
106.4906869999999941
21
-103.4596329999999966
0
LINE
8
BLACK
6
CONTINUOUS
10
106.4906869999999941
20
-103.4596329999999966
11
106.336742000000001
21
-103.5233989999999977
0
LINE
8
BLACK
6
CONTINUOUS
10
106.336742000000001
20
-103.5233989999999977
11
106.1733149999999881
21
-103.5559069999999906
0
LINE
8
BLACK
6
CONTINUOUS
10
106.1733149999999881
20
-103.5559069999999906
11
106.0066849999999903
21
-103.5559069999999906
0
LINE
8
BLACK
6
CONTINUOUS
10
106.0066849999999903
20
-103.5559069999999906
11
105.8432579999999916
21
-103.5233989999999977
0
LINE
8
BLACK
6
CONTINUOUS
10
105.8432579999999916
20
-103.5233989999999977
11
105.6893129999999985
21
-103.4596329999999966
0
LINE
8
BLACK
6
CONTINUOUS
10
105.6893129999999985
20
-103.4596329999999966
11
105.5507659999999959
21
-103.3670589999999976
0
LINE
8
BLACK
6
CONTINUOUS
10
105.5507659999999959
20
-103.3670589999999976
11
105.4329409999999996
21
-103.2492340000000013
0
LINE
8
BLACK
6
CONTINUOUS
10
105.4329409999999996
20
-103.2492340000000013
11
105.3403670000000005
21
-103.1106869999999986
0
LINE
8
BLACK
6
CONTINUOUS
10
105.3403670000000005
20
-103.1106869999999986
11
105.2766009999999994
21
-102.9567419999999913
0
LINE
8
BLACK
6
CONTINUOUS
10
105.2766009999999994
20
-102.9567419999999913
11
105.2440929999999923
21
-102.7933149999999927
0
LINE
8
BLACK
6
CONTINUOUS
10
105.2440929999999923
20
-102.7933149999999927
11
105.2440929999999923
21
-102.6266849999999948
0
LINE
8
BLACK
6
CONTINUOUS
10
105.2440929999999923
20
-102.6266849999999948
11
105.2766009999999994
21
-102.4632579999999962
0
LINE
8
BLACK
6
CONTINUOUS
10
105.2766009999999994
20
-102.4632579999999962
11
105.3403670000000005
21
-102.3093129999999888
0
LINE
8
BLACK
6
CONTINUOUS
10
105.3403670000000005
20
-102.3093129999999888
11
105.4329409999999996
21
-102.1707660000000004
0
LINE
8
BLACK
6
CONTINUOUS
10
105.4329409999999996
20
-102.1707660000000004
11
105.5507659999999959
21
-102.0529409999999899
0
LINE
8
BLACK
6
CONTINUOUS
10
105.5507659999999959
20
-102.0529409999999899
11
105.6893129999999985
21
-101.9603669999999909
0
LINE
8
BLACK
6
CONTINUOUS
10
105.6893129999999985
20
-101.9603669999999909
11
105.6899999999999977
21
-101.9600819999999999
0
LINE
8
BLACK
6
CONTINUOUS
10
105.6899999999999977
20
-101.9600819999999999
11
105.6899999999999977
21
-101.2556849999999997
0
LINE
8
BLACK
6
CONTINUOUS
10
105.6899999999999977
20
-101.2556849999999997
11
105.084313999999992
21
-100.6499999999999915
0
LINE
8
BLACK
6
CONTINUOUS
10
105.084313999999992
20
-100.6499999999999915
11
85.9156849999999963
21
-100.6499999999999915
0
LINE
8
BLACK
6
CONTINUOUS
10
85.9156849999999963
20
-100.6499999999999915
11
83.1499999999999915
21
-103.4156849999999963
0
LINE
8
BLACK
6
CONTINUOUS
10
83.1499999999999915
20
-103.4156849999999963
11
83.1499999999999915
21
-107.1394419999999883
0
LINE
8
BLACK
6
CONTINUOUS
10
83.1499999999999915
20
-107.1394419999999883
11
83.194074999999998
21
-107.1688929999999971
0
LINE
8
BLACK
6
CONTINUOUS
10
83.194074999999998
20
-107.1688929999999971
11
83.2911069999999967
21
-107.2659249999999957
0
LINE
8
BLACK
6
CONTINUOUS
10
83.2911069999999967
20
-107.2659249999999957
11
83.3673450000000003
21
-107.3800219999999968
0
LINE
8
BLACK
6
CONTINUOUS
10
83.3673450000000003
20
-107.3800219999999968
11
83.4198579999999907
21
-107.5068009999999958
0
LINE
8
BLACK
6
CONTINUOUS
10
83.4198579999999907
20
-107.5068009999999958
11
83.4466290000000015
21
-107.6413879999999921
0
LINE
8
BLACK
6
CONTINUOUS
10
83.4466290000000015
20
-107.6413879999999921
11
83.4466290000000015
21
-107.7786119999999954
0
LINE
8
BLACK
6
CONTINUOUS
10
83.4466290000000015
20
-107.7786119999999954
11
83.4198579999999907
21
-107.9131989999999917
0
LINE
8
BLACK
6
CONTINUOUS
10
83.4198579999999907
20
-107.9131989999999917
11
83.3673450000000003
21
-108.0399779999999907
0
LINE
8
BLACK
6
CONTINUOUS
10
83.3673450000000003
20
-108.0399779999999907
11
83.2911069999999967
21
-108.1540749999999917
0
LINE
8
BLACK
6
CONTINUOUS
10
83.2911069999999967
20
-108.1540749999999917
11
83.194074999999998
21
-108.2511069999999904
0
LINE
8
BLACK
6
CONTINUOUS
10
83.194074999999998
20
-108.2511069999999904
11
83.079977999999997
21
-108.327344999999994
0
LINE
8
BLACK
6
CONTINUOUS
10
83.079977999999997
20
-108.327344999999994
11
82.9531989999999979
21
-108.3798579999999987
0
LINE
8
BLACK
6
CONTINUOUS
10
82.9531989999999979
20
-108.3798579999999987
11
82.8186120000000017
21
-108.4066289999999952
0
LINE
8
BLACK
6
CONTINUOUS
10
82.8186120000000017
20
-108.4066289999999952
11
82.6813879999999983
21
-108.4066289999999952
0
LINE
8
BLACK
6
CONTINUOUS
10
82.6813879999999983
20
-108.4066289999999952
11
82.5468010000000021
21
-108.3798579999999987
0
LINE
8
BLACK
6
CONTINUOUS
10
82.5468010000000021
20
-108.3798579999999987
11
82.420022000000003
21
-108.327344999999994
0
LINE
8
BLACK
6
CONTINUOUS
10
82.420022000000003
20
-108.327344999999994
11
82.305925000000002
21
-108.2511069999999904
0
LINE
8
BLACK
6
CONTINUOUS
10
82.305925000000002
20
-108.2511069999999904
11
82.2088930000000033
21
-108.1540749999999917
0
LINE
8
BLACK
6
CONTINUOUS
10
82.2088930000000033
20
-108.1540749999999917
11
82.1326549999999997
21
-108.0399779999999907
0
LINE
8
BLACK
6
CONTINUOUS
10
82.1326549999999997
20
-108.0399779999999907
11
82.0801419999999951
21
-107.9131989999999917
0
LINE
8
BLACK
6
CONTINUOUS
10
82.0801419999999951
20
-107.9131989999999917
11
82.0533709999999985
21
-107.7786119999999954
0
LINE
8
BLACK
6
CONTINUOUS
10
82.0533709999999985
20
-107.7786119999999954
11
82.0533709999999985
21
-107.6413879999999921
0
LINE
8
BLACK
6
CONTINUOUS
10
82.0533709999999985
20
-107.6413879999999921
11
82.0801419999999951
21
-107.5068009999999958
0
LINE
8
BLACK
6
CONTINUOUS
10
82.0801419999999951
20
-107.5068009999999958
11
82.1326549999999997
21
-107.3800219999999968
0
LINE
8
BLACK
6
CONTINUOUS
10
82.1326549999999997
20
-107.3800219999999968
11
82.2088930000000033
21
-107.2659249999999957
0
LINE
8
BLACK
6
CONTINUOUS
10
82.2088930000000033
20
-107.2659249999999957
11
82.305925000000002
21
-107.1688929999999971
0
LINE
8
BLACK
6
CONTINUOUS
10
82.305925000000002
20
-107.1688929999999971
11
82.3499999999999943
21
-107.1394419999999883
0
LINE
8
BLACK
6
CONTINUOUS
10
82.3499999999999943
20
-107.1394419999999883
11
82.3499999999999943
21
-103.25
0
LINE
8
BLACK
6
CONTINUOUS
10
82.3499999999999943
20
-103.25
11
82.3534219999999948
21
-103.1977899999999977
0
LINE
8
BLACK
6
CONTINUOUS
10
82.3534219999999948
20
-103.1977899999999977
11
82.3767610000000019
21
-103.1106869999999986
0
LINE
8
BLACK
6
CONTINUOUS
10
82.3767610000000019
20
-103.1106869999999986
11
82.3804480000000012
21
-103.0969259999999963
0
LINE
8
BLACK
6
CONTINUOUS
10
82.3804480000000012
20
-103.0969259999999963
11
82.432659000000001
21
-103.006495000000001
0
LINE
8
BLACK
6
CONTINUOUS
10
82.432659000000001
20
-103.006495000000001
11
82.4671570000000003
21
-102.9671570000000003
0
LINE
8
BLACK
6
CONTINUOUS
10
82.4671570000000003
20
-102.9671570000000003
11
85.4671579999999977
21
-99.9671570000000003
0
LINE
8
BLACK
6
CONTINUOUS
10
85.4671579999999977
20
-99.9671570000000003
11
85.506495000000001
21
-99.932659000000001
0
LINE
8
BLACK
6
CONTINUOUS
10
85.506495000000001
20
-99.932659000000001
11
85.5969259999999963
21
-99.8804480000000012
0
LINE
8
BLACK
6
CONTINUOUS
10
85.5969259999999963
20
-99.8804480000000012
11
85.6977899999999977
21
-99.8534219999999948
0
LINE
8
BLACK
6
CONTINUOUS
10
85.6977899999999977
20
-99.8534219999999948
11
85.75
21
-99.8499999999999943
0
LINE
8
BLACK
6
CONTINUOUS
10
85.75
20
-99.8499999999999943
11
105.25
21
-99.8499999999999943
0
LINE
8
BLACK
6
CONTINUOUS
10
105.25
20
-99.8499999999999943
11
105.3022100000000023
21
-99.8534219999999948
0
LINE
8
BLACK
6
CONTINUOUS
10
130.6925389999999823
20
-96.2701849999999979
11
130.7382939999999962
21
-96.3229889999999926
0
LINE
8
BLACK
6
CONTINUOUS
10
130.7382939999999962
20
-96.3229889999999926
11
130.7494999999999834
21
-96.3744999999999976
0
LINE
8
BLACK
6
CONTINUOUS
10
130.7494999999999834
20
-96.3744999999999976
11
130.7494999999999834
21
-131.6254999999999882
0
LINE
8
BLACK
6
CONTINUOUS
10
130.7494999999999834
20
-131.6254999999999882
11
130.7298150000000021
21
-131.6925389999999823
0
LINE
8
BLACK
6
CONTINUOUS
10
130.7298150000000021
20
-131.6925389999999823
11
130.6770109999999931
21
-131.7382939999999962
0
LINE
8
BLACK
6
CONTINUOUS
10
130.6770109999999931
20
-131.7382939999999962
11
130.6254999999999882
21
-131.7494999999999834
0
LINE
8
BLACK
6
CONTINUOUS
10
130.6254999999999882
20
-131.7494999999999834
11
79.3744999999999976
21
-131.7494999999999834
0
LINE
8
BLACK
6
CONTINUOUS
10
79.3744999999999976
20
-131.7494999999999834
11
79.3074609999999893
21
-131.7298150000000021
0
LINE
8
BLACK
6
CONTINUOUS
10
79.3074609999999893
20
-131.7298150000000021
11
79.2617059999999896
21
-131.6770109999999931
0
LINE
8
BLACK
6
CONTINUOUS
10
79.2617059999999896
20
-131.6770109999999931
11
79.2505000000000024
21
-131.6254999999999882
0
LINE
8
BLACK
6
CONTINUOUS
10
79.2505000000000024
20
-131.6254999999999882
11
79.2505000000000024
21
-125.7978820000000013
0
LINE
8
BLACK
6
CONTINUOUS
10
79.2505000000000024
20
-125.7978820000000013
11
79.2505000000000024
21
-124.6955519999999922
0
LINE
8
BLACK
6
CONTINUOUS
10
79.2505000000000024
20
-124.6955519999999922
11
79.2505000000000024
21
-123.7821159999999878
0
LINE
8
BLACK
6
CONTINUOUS
10
79.2505000000000024
20
-123.7821159999999878
11
79.2505000000000024
21
-121.6076819999999969
0
LINE
8
BLACK
6
CONTINUOUS
10
79.2505000000000024
20
-121.6076819999999969
11
79.2505000000000024
21
-116.5840379999999925
0
LINE
8
BLACK
6
CONTINUOUS
10
79.2505000000000024
20
-116.5840379999999925
11
79.2505000000000024
21
-96.3744999999999976
0
LINE
8
BLACK
6
CONTINUOUS
10
79.2505000000000024
20
-96.3744999999999976
11
79.2701849999999979
21
-96.3074609999999893
0
LINE
8
BLACK
6
CONTINUOUS
10
79.2701849999999979
20
-96.3074609999999893
11
79.3229889999999926
21
-96.2617059999999896
0
LINE
8
BLACK
6
CONTINUOUS
10
79.3229889999999926
20
-96.2617059999999896
11
79.3744999999999976
21
-96.2505000000000024
0
LINE
8
BLACK
6
CONTINUOUS
10
79.3744999999999976
20
-96.2505000000000024
11
130.6254999999999882
21
-96.2505000000000024
0
LINE
8
BLACK
6
CONTINUOUS
10
130.6254999999999882
20
-96.2505000000000024
11
130.6925389999999823
21
-96.2701849999999979
0
LINE
8
BLACK
6
CONTINUOUS
10
81.1495000000000033
20
-116.8359609999999975
11
81.1889099999999928
21
-117.0847849999999966
0
LINE
8
BLACK
6
CONTINUOUS
10
81.1889099999999928
20
-117.0847849999999966
11
81.2667599999999908
21
-117.3243829999999974
0
LINE
8
BLACK
6
CONTINUOUS
10
81.2667599999999908
20
-117.3243829999999974
11
81.3811319999999938
21
-117.5488479999999925
0
LINE
8
BLACK
6
CONTINUOUS
10
81.3811319999999938
20
-117.5488479999999925
11
81.5292010000000005
21
-117.752648999999991
0
LINE
8
BLACK
6
CONTINUOUS
10
81.5292010000000005
20
-117.752648999999991
11
81.5292049999999904
21
-117.7526539999999926
0
LINE
8
BLACK
6
CONTINUOUS
10
81.5292049999999904
20
-117.7526539999999926
11
81.7073449999999895
21
-117.9307939999999917
0
LINE
8
BLACK
6
CONTINUOUS
10
81.7073449999999895
20
-117.9307939999999917
11
81.707349999999991
21
-117.9307979999999958
0
LINE
8
BLACK
6
CONTINUOUS
10
81.707349999999991
20
-117.9307979999999958
11
81.7197199999999953
21
-117.9397850000000005
0
LINE
8
BLACK
6
CONTINUOUS
10
81.7197199999999953
20
-117.9397850000000005
11
81.9111549999999937
21
-118.0788699999999949
0
LINE
8
BLACK
6
CONTINUOUS
10
81.9111549999999937
20
-118.0788699999999949
11
82.0541839999999922
21
-118.1517470000000003
0
LINE
8
BLACK
6
CONTINUOUS
10
82.0541839999999922
20
-118.1517470000000003
11
82.1356159999999988
21
-118.1932389999999913
0
LINE
8
BLACK
6
CONTINUOUS
10
82.1356159999999988
20
-118.1932389999999913
11
82.1356179999999938
21
-118.1932389999999913
0
LINE
8
BLACK
6
CONTINUOUS
10
82.1356179999999938
20
-118.1932389999999913
11
82.1356210000000004
21
-118.1932410000000004
0
LINE
8
BLACK
6
CONTINUOUS
10
82.1356210000000004
20
-118.1932410000000004
11
82.3752149999999972
21
-118.2710900000000009
0
LINE
8
BLACK
6
CONTINUOUS
10
82.3752149999999972
20
-118.2710900000000009
11
82.6240379999999988
21
-118.3104999999999905
0
LINE
8
BLACK
6
CONTINUOUS
10
82.6240379999999988
20
-118.3104999999999905
11
82.6240389999999962
21
-118.3104999999999905
0
LINE
8
BLACK
6
CONTINUOUS
10
82.6240389999999962
20
-118.3104999999999905
11
82.8759609999999896
21
-118.3104999999999905
0
LINE
8
BLACK
6
CONTINUOUS
10
82.8759609999999896
20
-118.3104999999999905
11
82.8759620000000012
21
-118.3104999999999905
0
LINE
8
BLACK
6
CONTINUOUS
10
82.8759620000000012
20
-118.3104999999999905
11
83.1247850000000028
21
-118.2710900000000009
0
LINE
8
BLACK
6
CONTINUOUS
10
83.1247850000000028
20
-118.2710900000000009
11
83.3643789999999996
21
-118.1932410000000004
0
LINE
8
BLACK
6
CONTINUOUS
10
83.3643789999999996
20
-118.1932410000000004
11
83.5888449999999921
21
-118.0788699999999949
0
LINE
8
BLACK
6
CONTINUOUS
10
83.5888449999999921
20
-118.0788699999999949
11
83.7926559999999938
21
-117.9307929999999942
0
LINE
8
BLACK
6
CONTINUOUS
10
83.7926559999999938
20
-117.9307929999999942
11
83.9707930000000005
21
-117.7526560000000018
0
LINE
8
BLACK
6
CONTINUOUS
10
83.9707930000000005
20
-117.7526560000000018
11
84.1188700000000011
21
-117.548845
0
LINE
8
BLACK
6
CONTINUOUS
10
84.1188700000000011
20
-117.548845
11
84.2332409999999925
21
-117.3243789999999933
0
LINE
8
BLACK
6
CONTINUOUS
10
84.2332409999999925
20
-117.3243789999999933
11
84.311089999999993
21
-117.0847849999999966
0
LINE
8
BLACK
6
CONTINUOUS
10
84.311089999999993
20
-117.0847849999999966
11
84.3504999999999967
21
-116.835961999999995
0
LINE
8
BLACK
6
CONTINUOUS
10
84.3504999999999967
20
-116.835961999999995
11
84.3504999999999967
21
-116.5840379999999925
0
LINE
8
BLACK
6
CONTINUOUS
10
84.3504999999999967
20
-116.5840379999999925
11
84.3414669999999944
21
-116.5270069999999976
0
LINE
8
BLACK
6
CONTINUOUS
10
84.3414669999999944
20
-116.5270069999999976
11
84.311089999999993
21
-116.3352139999999935
0
LINE
8
BLACK
6
CONTINUOUS
10
84.311089999999993
20
-116.3352139999999935
11
84.2757699999999943
21
-116.2265119999999996
0
LINE
8
BLACK
6
CONTINUOUS
10
84.2757699999999943
20
-116.2265119999999996
11
84.2388270000000006
21
-116.1128149999999977
0
LINE
8
BLACK
6
CONTINUOUS
10
84.2388270000000006
20
-116.1128149999999977
11
84.2368329999999901
21
-116.0429779999999909
0
LINE
8
BLACK
6
CONTINUOUS
10
84.2368329999999901
20
-116.0429779999999909
11
84.2729130000000026
21
-115.9831449999999933
0
LINE
8
BLACK
6
CONTINUOUS
10
84.2729130000000026
20
-115.9831449999999933
11
84.3356139999999925
21
-115.9523159999999962
0
LINE
8
BLACK
6
CONTINUOUS
10
84.3356139999999925
20
-115.9523159999999962
11
84.3567589999999967
21
-115.950499999999991
0
LINE
8
BLACK
6
CONTINUOUS
10
84.3567589999999967
20
-115.950499999999991
11
85.3893819999999977
21
-115.950499999999991
0
LINE
8
BLACK
6
CONTINUOUS
10
85.3893819999999977
20
-115.950499999999991
11
85.4564209999999917
21
-115.9701850000000007
0
LINE
8
BLACK
6
CONTINUOUS
10
85.4564209999999917
20
-115.9701850000000007
11
85.5021759999999915
21
-116.0229889999999955
0
LINE
8
BLACK
6
CONTINUOUS
10
85.5021759999999915
20
-116.0229889999999955
11
85.5121199999999959
21
-116.0921469999999971
0
LINE
8
BLACK
6
CONTINUOUS
10
85.5121199999999959
20
-116.0921469999999971
11
85.5118549999999971
21
-116.0938979999999958
0
LINE
8
BLACK
6
CONTINUOUS
10
85.5118549999999971
20
-116.0938979999999958
11
85.4994999999999976
21
-116.1719019999999887
0
LINE
8
BLACK
6
CONTINUOUS
10
85.4994999999999976
20
-116.1719019999999887
11
85.4994999999999976
21
-116.4080969999999979
0
LINE
8
BLACK
6
CONTINUOUS
10
85.4994999999999976
20
-116.4080969999999979
11
85.536445999999998
21
-116.6413679999999999
0
LINE
8
BLACK
6
CONTINUOUS
10
85.536445999999998
20
-116.6413679999999999
11
85.6094329999999957
21
-116.8659959999999955
0
LINE
8
BLACK
6
CONTINUOUS
10
85.6094329999999957
20
-116.8659959999999955
11
85.7161649999999895
21
-117.0754680000000008
0
LINE
8
BLACK
6
CONTINUOUS
10
85.7161649999999895
20
-117.0754680000000008
11
85.7166569999999979
21
-117.0764329999999944
0
LINE
8
BLACK
6
CONTINUOUS
10
85.7166569999999979
20
-117.0764329999999944
11
85.775818000000001
21
-117.1578609999999969
0
LINE
8
BLACK
6
CONTINUOUS
10
85.775818000000001
20
-117.1578609999999969
11
85.7992979999999932
21
-117.2236659999999944
0
LINE
8
BLACK
6
CONTINUOUS
10
85.7992979999999932
20
-117.2236659999999944
11
85.7994999999999948
21
-117.2307459999999963
0
LINE
8
BLACK
6
CONTINUOUS
10
85.7994999999999948
20
-117.2307459999999963
11
85.7994999999999948
21
-118.769252999999992
0
LINE
8
BLACK
6
CONTINUOUS
10
85.7994999999999948
20
-118.769252999999992
11
85.7798149999999993
21
-118.8362920000000003
0
LINE
8
BLACK
6
CONTINUOUS
10
85.7798149999999993
20
-118.8362920000000003
11
85.775818000000001
21
-118.8421379999999914
0
LINE
8
BLACK
6
CONTINUOUS
10
85.775818000000001
20
-118.8421379999999914
11
85.7166589999999928
21
-118.9235630000000015
0
LINE
8
BLACK
6
CONTINUOUS
10
85.7166589999999928
20
-118.9235630000000015
11
85.6094329999999957
21
-119.1340029999999928
0
LINE
8
BLACK
6
CONTINUOUS
10
85.6094329999999957
20
-119.1340029999999928
11
85.536445999999998
21
-119.3586309999999884
0
LINE
8
BLACK
6
CONTINUOUS
10
85.536445999999998
20
-119.3586309999999884
11
85.4994999999999976
21
-119.5919019999999904
0
LINE
8
BLACK
6
CONTINUOUS
10
85.4994999999999976
20
-119.5919019999999904
11
85.4994999999999976
21
-119.8280969999999996
0
LINE
8
BLACK
6
CONTINUOUS
10
85.4994999999999976
20
-119.8280969999999996
11
85.536445999999998
21
-120.0613680000000016
0
LINE
8
BLACK
6
CONTINUOUS
10
85.536445999999998
20
-120.0613680000000016
11
85.6094329999999957
21
-120.2859959999999973
0
LINE
8
BLACK
6
CONTINUOUS
10
85.6094329999999957
20
-120.2859959999999973
11
85.7166569999999979
21
-120.4964329999999961
0
LINE
8
BLACK
6
CONTINUOUS
10
85.7166569999999979
20
-120.4964329999999961
11
85.8554829999999924
21
-120.687509999999989
0
LINE
8
BLACK
6
CONTINUOUS
10
85.8554829999999924
20
-120.687509999999989
11
86.0224899999999906
21
-120.8545170000000013
0
LINE
8
BLACK
6
CONTINUOUS
10
86.0224899999999906
20
-120.8545170000000013
11
86.2135669999999976
21
-120.9933429999999959
0
LINE
8
BLACK
6
CONTINUOUS
10
86.2135669999999976
20
-120.9933429999999959
11
86.2828489999999988
21
-121.0286439999999999
0
LINE
8
BLACK
6
CONTINUOUS
10
86.2828489999999988
20
-121.0286439999999999
11
86.424002999999999
21
-121.1005660000000006
0
LINE
8
BLACK
6
CONTINUOUS
10
86.424002999999999
20
-121.1005660000000006
11
86.424004999999994
21
-121.1005660000000006
0
LINE
8
BLACK
6
CONTINUOUS
10
86.424004999999994
20
-121.1005660000000006
11
86.4240080000000006
21
-121.1005679999999955
0
LINE
8
BLACK
6
CONTINUOUS
10
86.4240080000000006
20
-121.1005679999999955
11
86.5444119999999941
21
-121.13968899999999
0
LINE
8
BLACK
6
CONTINUOUS
10
86.5444119999999941
20
-121.13968899999999
11
86.6486309999999946
21
-121.1735529999999983
0
LINE
8
BLACK
6
CONTINUOUS
10
86.6486309999999946
20
-121.1735529999999983
11
86.8819029999999941
21
-121.2104999999999961
0
LINE
8
BLACK
6
CONTINUOUS
10
86.8819029999999941
20
-121.2104999999999961
11
86.8819079999999957
21
-121.2104999999999961
0
LINE
8
BLACK
6
CONTINUOUS
10
86.8819079999999957
20
-121.2104999999999961
11
87.1180969999999917
21
-121.2104999999999961
0
LINE
8
BLACK
6
CONTINUOUS
10
87.1180969999999917
20
-121.2104999999999961
11
87.3513679999999937
21
-121.1735529999999983
0
LINE
8
BLACK
6
CONTINUOUS
10
87.3513679999999937
20
-121.1735529999999983
11
87.5759919999999994
21
-121.1005679999999955
0
LINE
8
BLACK
6
CONTINUOUS
10
87.5759919999999994
20
-121.1005679999999955
11
87.7864330000000024
21
-120.9933429999999959
0
LINE
8
BLACK
6
CONTINUOUS
10
87.7864330000000024
20
-120.9933429999999959
11
87.9775099999999952
21
-120.8545170000000013
0
LINE
8
BLACK
6
CONTINUOUS
10
87.9775099999999952
20
-120.8545170000000013
11
88.1445169999999933
21
-120.687509999999989
0
LINE
8
BLACK
6
CONTINUOUS
10
88.1445169999999933
20
-120.687509999999989
11
88.2833430000000021
21
-120.4964329999999961
0
LINE
8
BLACK
6
CONTINUOUS
10
88.2833430000000021
20
-120.4964329999999961
11
88.3905680000000018
21
-120.2859919999999931
0
LINE
8
BLACK
6
CONTINUOUS
10
88.3905680000000018
20
-120.2859919999999931
11
88.4635529999999903
21
-120.0613680000000016
0
LINE
8
BLACK
6
CONTINUOUS
10
88.4635529999999903
20
-120.0613680000000016
11
88.5005000000000024
21
-119.8280969999999996
0
LINE
8
BLACK
6
CONTINUOUS
10
88.5005000000000024
20
-119.8280969999999996
11
88.5005000000000024
21
-119.5919019999999904
0
LINE
8
BLACK
6
CONTINUOUS
10
88.5005000000000024
20
-119.5919019999999904
11
88.4635529999999903
21
-119.3586309999999884
0
LINE
8
BLACK
6
CONTINUOUS
10
88.4635529999999903
20
-119.3586309999999884
11
88.3963109999999972
21
-119.1516829999999914
0
LINE
8
BLACK
6
CONTINUOUS
10
88.3963109999999972
20
-119.1516829999999914
11
88.3905680000000018
21
-119.1340079999999944
0
LINE
8
BLACK
6
CONTINUOUS
10
88.3905680000000018
20
-119.1340079999999944
11
88.3905659999999926
21
-119.1340049999999877
0
LINE
8
BLACK
6
CONTINUOUS
10
88.3905659999999926
20
-119.1340049999999877
11
88.3905659999999926
21
-119.1340029999999928
0
LINE
8
BLACK
6
CONTINUOUS
10
88.3905659999999926
20
-119.1340029999999928
11
88.3137469999999922
21
-118.9832389999999975
0
LINE
8
BLACK
6
CONTINUOUS
10
88.3137469999999922
20
-118.9832389999999975
11
88.2833430000000021
21
-118.9235669999999914
0
LINE
8
BLACK
6
CONTINUOUS
10
88.2833430000000021
20
-118.9235669999999914
11
88.2643199999999979
21
-118.8973839999999882
0
LINE
8
BLACK
6
CONTINUOUS
10
88.2643199999999979
20
-118.8973839999999882
11
88.240840999999989
21
-118.8315799999999882
0
LINE
8
BLACK
6
CONTINUOUS
10
88.240840999999989
20
-118.8315799999999882
11
88.2566659999999956
21
-118.7635259999999988
0
LINE
8
BLACK
6
CONTINUOUS
10
88.2566659999999956
20
-118.7635259999999988
11
88.3067709999999977
21
-118.7148309999999896
0
LINE
8
BLACK
6
CONTINUOUS
10
88.3067709999999977
20
-118.7148309999999896
11
88.3646389999999968
21
-118.700499999999991
0
LINE
8
BLACK
6
CONTINUOUS
10
88.3646389999999968
20
-118.700499999999991
11
90.6555189999999982
21
-118.700499999999991
0
LINE
8
BLACK
6
CONTINUOUS
10
90.6555189999999982
20
-118.700499999999991
11
91.1555189999999982
21
-118.700499999999991
0
LINE
8
BLACK
6
CONTINUOUS
10
91.1555189999999982
20
-118.700499999999991
11
93.385360999999989
21
-118.700499999999991
0
LINE
8
BLACK
6
CONTINUOUS
10
93.385360999999989
20
-118.700499999999991
11
93.4523999999999972
21
-118.7201850000000007
0
LINE
8
BLACK
6
CONTINUOUS
10
93.4523999999999972
20
-118.7201850000000007
11
93.498154999999997
21
-118.7729889999999955
0
LINE
8
BLACK
6
CONTINUOUS
10
93.498154999999997
20
-118.7729889999999955
11
93.5080990000000014
21
-118.8421469999999971
0
LINE
8
BLACK
6
CONTINUOUS
10
93.5080990000000014
20
-118.8421469999999971
11
93.4856789999999904
21
-118.8973859999999974
0
LINE
8
BLACK
6
CONTINUOUS
10
93.4856789999999904
20
-118.8973859999999974
11
93.4666569999999979
21
-118.9235659999999939
0
LINE
8
BLACK
6
CONTINUOUS
10
93.4666569999999979
20
-118.9235659999999939
11
93.3594329999999957
21
-119.1340029999999928
0
LINE
8
BLACK
6
CONTINUOUS
10
93.3594329999999957
20
-119.1340029999999928
11
93.286445999999998
21
-119.3586309999999884
0
LINE
8
BLACK
6
CONTINUOUS
10
93.286445999999998
20
-119.3586309999999884
11
93.2494999999999976
21
-119.5919019999999904
0
LINE
8
BLACK
6
CONTINUOUS
10
93.2494999999999976
20
-119.5919019999999904
11
93.2494999999999976
21
-119.8280969999999996
0
LINE
8
BLACK
6
CONTINUOUS
10
93.2494999999999976
20
-119.8280969999999996
11
93.286445999999998
21
-120.0613680000000016
0
LINE
8
BLACK
6
CONTINUOUS
10
93.286445999999998
20
-120.0613680000000016
11
93.3594329999999957
21
-120.2859959999999973
0
LINE
8
BLACK
6
CONTINUOUS
10
93.3594329999999957
20
-120.2859959999999973
11
93.4666569999999979
21
-120.4964329999999961
0
LINE
8
BLACK
6
CONTINUOUS
10
93.4666569999999979
20
-120.4964329999999961
11
93.6054829999999924
21
-120.687509999999989
0
LINE
8
BLACK
6
CONTINUOUS
10
93.6054829999999924
20
-120.687509999999989
11
93.7724899999999906
21
-120.8545170000000013
0
LINE
8
BLACK
6
CONTINUOUS
10
93.7724899999999906
20
-120.8545170000000013
11
93.9635669999999976
21
-120.9933429999999959
0
LINE
8
BLACK
6
CONTINUOUS
10
93.9635669999999976
20
-120.9933429999999959
11
94.0328489999999988
21
-121.0286439999999999
0
LINE
8
BLACK
6
CONTINUOUS
10
94.0328489999999988
20
-121.0286439999999999
11
94.174002999999999
21
-121.1005660000000006
0
LINE
8
BLACK
6
CONTINUOUS
10
94.174002999999999
20
-121.1005660000000006
11
94.174004999999994
21
-121.1005660000000006
0
LINE
8
BLACK
6
CONTINUOUS
10
94.174004999999994
20
-121.1005660000000006
11
94.1740080000000006
21
-121.1005679999999955
0
LINE
8
BLACK
6
CONTINUOUS
10
94.1740080000000006
20
-121.1005679999999955
11
94.2944119999999941
21
-121.13968899999999
0
LINE
8
BLACK
6
CONTINUOUS
10
94.2944119999999941
20
-121.13968899999999
11
94.3986309999999946
21
-121.1735529999999983
0
LINE
8
BLACK
6
CONTINUOUS
10
94.3986309999999946
20
-121.1735529999999983
11
94.6319029999999941
21
-121.2104999999999961
0
LINE
8
BLACK
6
CONTINUOUS
10
94.6319029999999941
20
-121.2104999999999961
11
94.6319079999999957
21
-121.2104999999999961
0
LINE
8
BLACK
6
CONTINUOUS
10
94.6319079999999957
20
-121.2104999999999961
11
94.8680969999999917
21
-121.2104999999999961
0
LINE
8
BLACK
6
CONTINUOUS
10
94.8680969999999917
20
-121.2104999999999961
11
95.1013679999999937
21
-121.1735529999999983
0
LINE
8
BLACK
6
CONTINUOUS
10
95.1013679999999937
20
-121.1735529999999983
11
95.3259919999999994
21
-121.1005679999999955
0
LINE
8
BLACK
6
CONTINUOUS
10
95.3259919999999994
20
-121.1005679999999955
11
95.5364330000000024
21
-120.9933429999999959
0
LINE
8
BLACK
6
CONTINUOUS
10
95.5364330000000024
20
-120.9933429999999959
11
95.574237999999994
21
-120.9658749999999969
0
LINE
8
BLACK
6
CONTINUOUS
10
95.574237999999994
20
-120.9658749999999969
11
95.6178620000000024
21
-120.9341819999999927
0
LINE
8
BLACK
6
CONTINUOUS
10
95.6178620000000024
20
-120.9341819999999927
11
95.6836679999999973
21
-120.9107020000000006
0
LINE
8
BLACK
6
CONTINUOUS
10
95.6836679999999973
20
-120.9107020000000006
11
95.6907470000000018
21
-120.910499999999999
0
LINE
8
BLACK
6
CONTINUOUS
10
95.6907470000000018
20
-120.910499999999999
11
96.9254999999999995
21
-120.910499999999999
0
LINE
8
BLACK
6
CONTINUOUS
10
96.9254999999999995
20
-120.910499999999999
11
96.9925389999999936
21
-120.9301849999999945
0
LINE
8
BLACK
6
CONTINUOUS
10
96.9925389999999936
20
-120.9301849999999945
11
97.0382939999999934
21
-120.9829889999999892
0
LINE
8
BLACK
6
CONTINUOUS
10
97.0382939999999934
20
-120.9829889999999892
11
97.0494999999999948
21
-121.0344999999999942
0
LINE
8
BLACK
6
CONTINUOUS
10
97.0494999999999948
20
-121.0344999999999942
11
97.0494999999999948
21
-121.8194609999999898
0
LINE
8
BLACK
6
CONTINUOUS
10
97.0494999999999948
20
-121.8194609999999898
11
97.0790590000000009
21
-122.0060929999999928
0
LINE
8
BLACK
6
CONTINUOUS
10
97.0790590000000009
20
-122.0060929999999928
11
97.1374539999999911
21
-122.1858110000000011
0
LINE
8
BLACK
6
CONTINUOUS
10
97.1374539999999911
20
-122.1858110000000011
11
97.1998629999999935
21
-122.3082939999999894
0
LINE
8
BLACK
6
CONTINUOUS
10
97.1998629999999935
20
-122.3082939999999894
11
97.2232399999999899
21
-122.3541740000000004
0
LINE
8
BLACK
6
CONTINUOUS
10
97.2232399999999899
20
-122.3541740000000004
11
97.3343100000000021
21
-122.507048999999995
0
LINE
8
BLACK
6
CONTINUOUS
10
97.3343100000000021
20
-122.507048999999995
11
97.6491199999999964
21
-122.8218589999999892
0
LINE
8
BLACK
6
CONTINUOUS
10
97.6491199999999964
20
-122.8218589999999892
11
97.9480719999999963
21
-123.1208099999999916
0
LINE
8
BLACK
6
CONTINUOUS
10
97.9480719999999963
20
-123.1208099999999916
11
97.9815569999999951
21
-123.1821329999999932
0
LINE
8
BLACK
6
CONTINUOUS
10
97.9815569999999951
20
-123.1821329999999932
11
97.9765730000000019
21
-123.2518239999999992
0
LINE
8
BLACK
6
CONTINUOUS
10
97.9765730000000019
20
-123.2518239999999992
11
97.9347020000000015
21
-123.3077579999999926
0
LINE
8
BLACK
6
CONTINUOUS
10
97.9347020000000015
20
-123.3077579999999926
11
97.8987089999999966
21
-123.3264219999999938
0
LINE
8
BLACK
6
CONTINUOUS
10
97.8987089999999966
20
-123.3264219999999938
11
97.674004999999994
21
-123.3994329999999877
0
LINE
8
BLACK
6
CONTINUOUS
10
97.674004999999994
20
-123.3994329999999877
11
97.4635660000000001
21
-123.5066569999999899
0
LINE
8
BLACK
6
CONTINUOUS
10
97.4635660000000001
20
-123.5066569999999899
11
97.3995319999999936
21
-123.553180999999995
0
LINE
8
BLACK
6
CONTINUOUS
10
97.3995319999999936
20
-123.553180999999995
11
97.2724899999999906
21
-123.6454829999999987
0
LINE
8
BLACK
6
CONTINUOUS
10
97.2724899999999906
20
-123.6454829999999987
11
97.2724879999999956
21
-123.6454849999999936
0
LINE
8
BLACK
6
CONTINUOUS
10
97.2724879999999956
20
-123.6454849999999936
11
97.2724869999999981
21
-123.6454849999999936
0
LINE
8
BLACK
6
CONTINUOUS
10
97.2724869999999981
20
-123.6454849999999936
11
97.1054850000000016
21
-123.8124869999999902
0
LINE
8
BLACK
6
CONTINUOUS
10
97.1054850000000016
20
-123.8124869999999902
11
97.1054850000000016
21
-123.8124879999999877
0
LINE
8
BLACK
6
CONTINUOUS
10
97.1054850000000016
20
-123.8124879999999877
11
97.1054829999999924
21
-123.8124899999999968
0
LINE
8
BLACK
6
CONTINUOUS
10
97.1054829999999924
20
-123.8124899999999968
11
97.0458619999999996
21
-123.8945499999999953
0
LINE
8
BLACK
6
CONTINUOUS
10
97.0458619999999996
20
-123.8945499999999953
11
96.9666569999999979
21
-124.0035659999999922
0
LINE
8
BLACK
6
CONTINUOUS
10
96.9666569999999979
20
-124.0035659999999922
11
96.8594329999999957
21
-124.2140029999999911
0
LINE
8
BLACK
6
CONTINUOUS
10
96.8594329999999957
20
-124.2140029999999911
11
96.786445999999998
21
-124.4386310000000009
0
LINE
8
BLACK
6
CONTINUOUS
10
96.786445999999998
20
-124.4386310000000009
11
96.7494999999999976
21
-124.6719019999999887
0
LINE
8
BLACK
6
CONTINUOUS
10
96.7494999999999976
20
-124.6719019999999887
11
96.7494999999999976
21
-124.7923739999999952
0
LINE
8
BLACK
6
CONTINUOUS
10
96.7494999999999976
20
-124.7923739999999952
11
96.7298150000000021
21
-124.8594129999999893
0
LINE
8
BLACK
6
CONTINUOUS
10
96.7298150000000021
20
-124.8594129999999893
11
96.6770109999999931
21
-124.9051679999999891
0
LINE
8
BLACK
6
CONTINUOUS
10
96.6770109999999931
20
-124.9051679999999891
11
96.6078529999999915
21
-124.9151119999999935
0
LINE
8
BLACK
6
CONTINUOUS
10
96.6078529999999915
20
-124.9151119999999935
11
96.5442970000000003
21
-124.8860869999999892
0
LINE
8
BLACK
6
CONTINUOUS
10
96.5442970000000003
20
-124.8860869999999892
11
96.5378189999999989
21
-124.8800549999999987
0
LINE
8
BLACK
6
CONTINUOUS
10
96.5378189999999989
20
-124.8800549999999987
11
96.2640889999999985
21
-124.6063249999999982
0
LINE
8
BLACK
6
CONTINUOUS
10
96.2640889999999985
20
-124.6063249999999982
11
96.2306039999999996
21
-124.5450019999999967
0
LINE
8
BLACK
6
CONTINUOUS
10
96.2306039999999996
20
-124.5450019999999967
11
96.2293039999999991
21
-124.5380849999999953
0
LINE
8
BLACK
6
CONTINUOUS
10
96.2293039999999991
20
-124.5380849999999953
11
96.2135529999999903
21
-124.4386319999999984
0
LINE
8
BLACK
6
CONTINUOUS
10
96.2135529999999903
20
-124.4386319999999984
11
96.1405680000000018
21
-124.2140079999999926
0
LINE
8
BLACK
6
CONTINUOUS
10
96.1405680000000018
20
-124.2140079999999926
11
96.1405659999999926
21
-124.2140050000000002
0
LINE
8
BLACK
6
CONTINUOUS
10
96.1405659999999926
20
-124.2140050000000002
11
96.1405659999999926
21
-124.2140029999999911
0
LINE
8
BLACK
6
CONTINUOUS
10
96.1405659999999926
20
-124.2140029999999911
11
96.0333419999999904
21
-124.0035659999999922
0
LINE
8
BLACK
6
CONTINUOUS
10
96.0333419999999904
20
-124.0035659999999922
11
95.8945169999999933
21
-123.8124899999999968
0
LINE
8
BLACK
6
CONTINUOUS
10
95.8945169999999933
20
-123.8124899999999968
11
95.7275099999999952
21
-123.6454829999999987
0
LINE
8
BLACK
6
CONTINUOUS
10
95.7275099999999952
20
-123.6454829999999987
11
95.5364330000000024
21
-123.5066569999999899
0
LINE
8
BLACK
6
CONTINUOUS
10
95.5364330000000024
20
-123.5066569999999899
11
95.3259959999999893
21
-123.3994329999999877
0
LINE
8
BLACK
6
CONTINUOUS
10
95.3259959999999893
20
-123.3994329999999877
11
95.1013679999999937
21
-123.32644599999999
0
LINE
8
BLACK
6
CONTINUOUS
10
95.1013679999999937
20
-123.32644599999999
11
94.8680969999999917
21
-123.2894999999999897
0
LINE
8
BLACK
6
CONTINUOUS
10
94.8680969999999917
20
-123.2894999999999897
11
94.8680919999999901
21
-123.2894999999999897
0
LINE
8
BLACK
6
CONTINUOUS
10
94.8680919999999901
20
-123.2894999999999897
11
94.6319079999999957
21
-123.2894999999999897
0
LINE
8
BLACK
6
CONTINUOUS
10
94.6319079999999957
20
-123.2894999999999897
11
94.6319029999999941
21
-123.2894999999999897
0
LINE
8
BLACK
6
CONTINUOUS
10
94.6319029999999941
20
-123.2894999999999897
11
94.3986309999999946
21
-123.32644599999999
0
LINE
8
BLACK
6
CONTINUOUS
10
94.3986309999999946
20
-123.32644599999999
11
94.174002999999999
21
-123.3994329999999877
0
LINE
8
BLACK
6
CONTINUOUS
10
94.174002999999999
20
-123.3994329999999877
11
93.9635660000000001
21
-123.5066569999999899
0
LINE
8
BLACK
6
CONTINUOUS
10
93.9635660000000001
20
-123.5066569999999899
11
93.8995319999999936
21
-123.553180999999995
0
LINE
8
BLACK
6
CONTINUOUS
10
93.8995319999999936
20
-123.553180999999995
11
93.7724899999999906
21
-123.6454829999999987
0
LINE
8
BLACK
6
CONTINUOUS
10
93.7724899999999906
20
-123.6454829999999987
11
93.7724879999999956
21
-123.6454849999999936
0
LINE
8
BLACK
6
CONTINUOUS
10
93.7724879999999956
20
-123.6454849999999936
11
93.7724869999999981
21
-123.6454849999999936
0
LINE
8
BLACK
6
CONTINUOUS
10
93.7724869999999981
20
-123.6454849999999936
11
93.6054850000000016
21
-123.8124869999999902
0
LINE
8
BLACK
6
CONTINUOUS
10
93.6054850000000016
20
-123.8124869999999902
11
93.6054850000000016
21
-123.8124879999999877
0
LINE
8
BLACK
6
CONTINUOUS
10
93.6054850000000016
20
-123.8124879999999877
11
93.6054829999999924
21
-123.8124899999999968
0
LINE
8
BLACK
6
CONTINUOUS
10
93.6054829999999924
20
-123.8124899999999968
11
93.5458619999999996
21
-123.8945499999999953
0
LINE
8
BLACK
6
CONTINUOUS
10
93.5458619999999996
20
-123.8945499999999953
11
93.4666569999999979
21
-124.0035659999999922
0
LINE
8
BLACK
6
CONTINUOUS
10
93.4666569999999979
20
-124.0035659999999922
11
93.3594329999999957
21
-124.2140029999999911
0
LINE
8
BLACK
6
CONTINUOUS
10
93.3594329999999957
20
-124.2140029999999911
11
93.286445999999998
21
-124.4386310000000009
0
LINE
8
BLACK
6
CONTINUOUS
10
93.286445999999998
20
-124.4386310000000009
11
93.2494999999999976
21
-124.6719019999999887
0
LINE
8
BLACK
6
CONTINUOUS
10
93.2494999999999976
20
-124.6719019999999887
11
93.2494999999999976
21
-124.9080969999999979
0
LINE
8
BLACK
6
CONTINUOUS
10
93.2494999999999976
20
-124.9080969999999979
11
93.286445999999998
21
-125.1413679999999999
0
LINE
8
BLACK
6
CONTINUOUS
10
93.286445999999998
20
-125.1413679999999999
11
93.3594329999999957
21
-125.3659959999999955
0
LINE
8
BLACK
6
CONTINUOUS
10
93.3594329999999957
20
-125.3659959999999955
11
93.3993459999999942
21
-125.4443279999999987
0
LINE
8
BLACK
6
CONTINUOUS
10
93.3993459999999942
20
-125.4443279999999987
11
93.4666569999999979
21
-125.5764329999999944
0
LINE
8
BLACK
6
CONTINUOUS
10
93.4666569999999979
20
-125.5764329999999944
11
93.6054829999999924
21
-125.7675099999999873
0
LINE
8
BLACK
6
CONTINUOUS
10
93.6054829999999924
20
-125.7675099999999873
11
93.7724899999999906
21
-125.9345169999999996
0
LINE
8
BLACK
6
CONTINUOUS
10
93.7724899999999906
20
-125.9345169999999996
11
93.9635669999999976
21
-126.0733429999999942
0
LINE
8
BLACK
6
CONTINUOUS
10
93.9635669999999976
20
-126.0733429999999942
11
94.0629909999999967
21
-126.1240019999999902
0
LINE
8
BLACK
6
CONTINUOUS
10
94.0629909999999967
20
-126.1240019999999902
11
94.174002999999999
21
-126.1805659999999989
0
LINE
8
BLACK
6
CONTINUOUS
10
94.174002999999999
20
-126.1805659999999989
11
94.174004999999994
21
-126.1805659999999989
0
LINE
8
BLACK
6
CONTINUOUS
10
94.174004999999994
20
-126.1805659999999989
11
94.1740080000000006
21
-126.1805679999999938
0
LINE
8
BLACK
6
CONTINUOUS
10
94.1740080000000006
20
-126.1805679999999938
11
94.3986319999999921
21
-126.2535529999999966
0
LINE
8
BLACK
6
CONTINUOUS
10
94.3986319999999921
20
-126.2535529999999966
11
94.4980449999999905
21
-126.2692969999999946
0
LINE
8
BLACK
6
CONTINUOUS
10
94.4980449999999905
20
-126.2692969999999946
11
94.561175999999989
21
-126.2992249999999927
0
LINE
8
BLACK
6
CONTINUOUS
10
94.561175999999989
20
-126.2992249999999927
11
94.566324999999992
21
-126.3040889999999905
0
LINE
8
BLACK
6
CONTINUOUS
10
94.566324999999992
20
-126.3040889999999905
11
97.4279269999999968
21
-129.1656899999999837
0
LINE
8
BLACK
6
CONTINUOUS
10
97.4279269999999968
20
-129.1656899999999837
11
97.5808009999999939
21
-129.2767599999999959
0
LINE
8
BLACK
6
CONTINUOUS
10
97.5808009999999939
20
-129.2767599999999959
11
97.6603470000000016
21
-129.3172899999999856
0
LINE
8
BLACK
6
CONTINUOUS
10
97.6603470000000016
20
-129.3172899999999856
11
97.7491629999999958
21
-129.362544999999983
0
LINE
8
BLACK
6
CONTINUOUS
10
97.7491629999999958
20
-129.362544999999983
11
97.7491649999999908
21
-129.362544999999983
0
LINE
8
BLACK
6
CONTINUOUS
10
97.7491649999999908
20
-129.362544999999983
11
97.7491679999999974
21
-129.3625470000000064
0
LINE
8
BLACK
6
CONTINUOUS
10
97.7491679999999974
20
-129.3625470000000064
11
97.8454969999999946
21
-129.3938459999999964
0
LINE
8
BLACK
6
CONTINUOUS
10
97.8454969999999946
20
-129.3938459999999964
11
97.9288809999999899
21
-129.4209400000000016
0
LINE
8
BLACK
6
CONTINUOUS
10
97.9288809999999899
20
-129.4209400000000016
11
98.1155139999999903
21
-129.4505000000000052
0
LINE
8
BLACK
6
CONTINUOUS
10
98.1155139999999903
20
-129.4505000000000052
11
98.1155189999999919
21
-129.4505000000000052
0
LINE
8
BLACK
6
CONTINUOUS
10
98.1155189999999919
20
-129.4505000000000052
11
117.9894859999999994
21
-129.4505000000000052
0
LINE
8
BLACK
6
CONTINUOUS
10
117.9894859999999994
20
-129.4505000000000052
11
118.1761179999999882
21
-129.4209400000000016
0
LINE
8
BLACK
6
CONTINUOUS
10
118.1761179999999882
20
-129.4209400000000016
11
118.3558319999999924
21
-129.3625470000000064
0
LINE
8
BLACK
6
CONTINUOUS
10
118.3558319999999924
20
-129.3625470000000064
11
118.5241989999999959
21
-129.2767599999999959
0
LINE
8
BLACK
6
CONTINUOUS
10
118.5241989999999959
20
-129.2767599999999959
11
118.6770739999999904
21
-129.1656899999999837
0
LINE
8
BLACK
6
CONTINUOUS
10
118.6770739999999904
20
-129.1656899999999837
11
128.4956899999999962
21
-119.3470739999999921
0
LINE
8
BLACK
6
CONTINUOUS
10
128.4956899999999962
20
-119.3470739999999921
11
128.60675999999998
21
-119.1941989999999976
0
LINE
8
BLACK
6
CONTINUOUS
10
128.60675999999998
20
-119.1941989999999976
11
128.6925469999999905
21
-119.0258319999999941
0
LINE
8
BLACK
6
CONTINUOUS
10
128.6925469999999905
20
-119.0258319999999941
11
128.7509399999999857
21
-118.8461179999999899
0
LINE
8
BLACK
6
CONTINUOUS
10
128.7509399999999857
20
-118.8461179999999899
11
128.756732999999997
21
-118.8095429999999908
0
LINE
8
BLACK
6
CONTINUOUS
10
128.756732999999997
20
-118.8095429999999908
11
128.7683899999999824
21
-118.7359409999999968
0
LINE
8
BLACK
6
CONTINUOUS
10
128.7683899999999824
20
-118.7359409999999968
11
128.7683899999999824
21
-118.7359399999999994
0
LINE
8
BLACK
6
CONTINUOUS
10
128.7683899999999824
20
-118.7359399999999994
11
128.7804999999999893
21
-118.6594799999999879
0
LINE
8
BLACK
6
CONTINUOUS
10
128.7804999999999893
20
-118.6594799999999879
11
128.7804999999999893
21
-108.2205129999999969
0
LINE
8
BLACK
6
CONTINUOUS
10
128.7804999999999893
20
-108.2205129999999969
11
128.7509399999999857
21
-108.0338809999999938
0
LINE
8
BLACK
6
CONTINUOUS
10
128.7509399999999857
20
-108.0338809999999938
11
128.6925449999999955
21
-107.8541629999999998
0
LINE
8
BLACK
6
CONTINUOUS
10
128.6925449999999955
20
-107.8541629999999998
11
128.6067589999999825
21
-107.6858000000000004
0
LINE
8
BLACK
6
CONTINUOUS
10
128.6067589999999825
20
-107.6858000000000004
11
128.6007630000000006
21
-107.6775469999999899
0
LINE
8
BLACK
6
CONTINUOUS
10
128.6007630000000006
20
-107.6775469999999899
11
128.4956899999999962
21
-107.5329270000000008
0
LINE
8
BLACK
6
CONTINUOUS
10
128.4956899999999962
20
-107.5329270000000008
11
128.362072999999981
21
-107.3993099999999998
0
LINE
8
BLACK
6
CONTINUOUS
10
128.362072999999981
20
-107.3993099999999998
11
126.6120739999999927
21
-105.6493099999999998
0
LINE
8
BLACK
6
CONTINUOUS
10
126.6120739999999927
20
-105.6493099999999998
11
126.4591989999999981
21
-105.5382400000000018
0
LINE
8
BLACK
6
CONTINUOUS
10
126.4591989999999981
20
-105.5382400000000018
11
126.2908359999999988
21
-105.4524539999999888
0
LINE
8
BLACK
6
CONTINUOUS
10
126.2908359999999988
20
-105.4524539999999888
11
126.1111179999999905
21
-105.3940589999999986
0
LINE
8
BLACK
6
CONTINUOUS
10
126.1111179999999905
20
-105.3940589999999986
11
125.9244859999999875
21
-105.3644999999999925
0
LINE
8
BLACK
6
CONTINUOUS
10
125.9244859999999875
20
-105.3644999999999925
11
125.9244810000000001
21
-105.3644999999999925
0
LINE
8
BLACK
6
CONTINUOUS
10
125.9244810000000001
20
-105.3644999999999925
11
115.5736259999999902
21
-105.3644999999999925
0
LINE
8
BLACK
6
CONTINUOUS
10
115.5736259999999902
20
-105.3644999999999925
11
115.5065869999999961
21
-105.344814999999997
0
LINE
8
BLACK
6
CONTINUOUS
10
115.5065869999999961
20
-105.344814999999997
11
115.485945000000001
21
-105.3281810000000007
0
LINE
8
BLACK
6
CONTINUOUS
10
115.485945000000001
20
-105.3281810000000007
11
112.8568190000000016
21
-102.6990550000000013
0
LINE
8
BLACK
6
CONTINUOUS
10
112.8568190000000016
20
-102.6990550000000013
11
112.8233339999999885
21
-102.6377319999999997
0
LINE
8
BLACK
6
CONTINUOUS
10
112.8233339999999885
20
-102.6377319999999997
11
112.8204999999999956
21
-102.6113739999999979
0
LINE
8
BLACK
6
CONTINUOUS
10
112.8204999999999956
20
-102.6113739999999979
11
112.8204999999999956
21
-102.580096999999995
0
LINE
8
BLACK
6
CONTINUOUS
10
112.8204999999999956
20
-102.580096999999995
11
112.7865159999999918
21
-102.3655349999999942
0
LINE
8
BLACK
6
CONTINUOUS
10
112.7865159999999918
20
-102.3655349999999942
11
112.7798599999999993
21
-102.3235069999999922
0
LINE
8
BLACK
6
CONTINUOUS
10
112.7798599999999993
20
-102.3235069999999922
11
112.699579
21
-102.0764279999999928
0
LINE
8
BLACK
6
CONTINUOUS
10
112.699579
20
-102.0764279999999928
11
112.6995769999999908
21
-102.0764250000000004
0
LINE
8
BLACK
6
CONTINUOUS
10
112.6995769999999908
20
-102.0764250000000004
11
112.6995769999999908
21
-102.0764229999999912
0
LINE
8
BLACK
6
CONTINUOUS
10
112.6995769999999908
20
-102.0764229999999912
11
112.6567869999999942
21
-101.9924449999999894
0
LINE
8
BLACK
6
CONTINUOUS
10
112.6567869999999942
20
-101.9924449999999894
11
112.581633999999994
21
-101.8449489999999997
0
LINE
8
BLACK
6
CONTINUOUS
10
112.581633999999994
20
-101.8449489999999997
11
112.4289309999999915
21
-101.6347710000000006
0
LINE
8
BLACK
6
CONTINUOUS
10
112.4289309999999915
20
-101.6347710000000006
11
112.2452289999999948
21
-101.4510689999999897
0
LINE
8
BLACK
6
CONTINUOUS
10
112.2452289999999948
20
-101.4510689999999897
11
112.0350509999999957
21
-101.2983660000000015
0
LINE
8
BLACK
6
CONTINUOUS
10
112.0350509999999957
20
-101.2983660000000015
11
111.9627639999999928
21
-101.2615339999999975
0
LINE
8
BLACK
6
CONTINUOUS
10
111.9627639999999928
20
-101.2615339999999975
11
111.8035759999999925
21
-101.180421999999993
0
LINE
8
BLACK
6
CONTINUOUS
10
111.8035759999999925
20
-101.180421999999993
11
111.556492999999989
21
-101.1001399999999961
0
LINE
8
BLACK
6
CONTINUOUS
10
111.556492999999989
20
-101.1001399999999961
11
111.2999019999999888
21
-101.0594999999999999
0
LINE
8
BLACK
6
CONTINUOUS
10
111.2999019999999888
20
-101.0594999999999999
11
111.2998970000000014
21
-101.0594999999999999
0
LINE
8
BLACK
6
CONTINUOUS
10
111.2998970000000014
20
-101.0594999999999999
11
111.040103000000002
21
-101.0594999999999999
0
LINE
8
BLACK
6
CONTINUOUS
10
111.040103000000002
20
-101.0594999999999999
11
111.0400980000000004
21
-101.0594999999999999
0
LINE
8
BLACK
6
CONTINUOUS
10
111.0400980000000004
20
-101.0594999999999999
11
110.7835059999999885
21
-101.1001399999999961
0
LINE
8
BLACK
6
CONTINUOUS
10
110.7835059999999885
20
-101.1001399999999961
11
110.5364229999999992
21
-101.180421999999993
0
LINE
8
BLACK
6
CONTINUOUS
10
110.5364229999999992
20
-101.180421999999993
11
110.3049449999999894
21
-101.2983679999999964
0
LINE
8
BLACK
6
CONTINUOUS
10
110.3049449999999894
20
-101.2983679999999964
11
110.094774000000001
21
-101.4510659999999973
0
LINE
8
BLACK
6
CONTINUOUS
10
110.094774000000001
20
-101.4510659999999973
11
110.094768000000002
21
-101.4510709999999989
0
LINE
8
BLACK
6
CONTINUOUS
10
110.094768000000002
20
-101.4510709999999989
11
109.9110709999999926
21
-101.634767999999994
0
LINE
8
BLACK
6
CONTINUOUS
10
109.9110709999999926
20
-101.634767999999994
11
109.911065999999991
21
-101.6347739999999931
0
LINE
8
BLACK
6
CONTINUOUS
10
109.911065999999991
20
-101.6347739999999931
11
109.7583659999999952
21
-101.8449469999999906
0
LINE
8
BLACK
6
CONTINUOUS
10
109.7583659999999952
20
-101.8449469999999906
11
109.6735350000000011
21
-102.0114349999999916
0
LINE
8
BLACK
6
CONTINUOUS
10
109.6735350000000011
20
-102.0114349999999916
11
109.6507319999999908
21
-102.0428199999999919
0
LINE
8
BLACK
6
CONTINUOUS
10
109.6507319999999908
20
-102.0428199999999919
11
109.3809819999999888
21
-102.3125689999999963
0
LINE
8
BLACK
6
CONTINUOUS
10
109.3809819999999888
20
-102.3125689999999963
11
109.4433989999999994
21
-102.4632579999999962
0
LINE
8
BLACK
6
CONTINUOUS
10
109.4433989999999994
20
-102.4632579999999962
11
109.4759069999999923
21
-102.6266849999999948
0
LINE
8
BLACK
6
CONTINUOUS
10
109.4759069999999923
20
-102.6266849999999948
11
109.4759069999999923
21
-102.7933149999999927
0
LINE
8
BLACK
6
CONTINUOUS
10
109.4759069999999923
20
-102.7933149999999927
11
109.4433989999999994
21
-102.9567419999999913
0
LINE
8
BLACK
6
CONTINUOUS
10
109.4433989999999994
20
-102.9567419999999913
11
109.3809819999999888
21
-103.1074279999999987
0
LINE
8
BLACK
6
CONTINUOUS
10
109.3809819999999888
20
-103.1074279999999987
11
109.6507319999999908
21
-103.3771780000000007
0
LINE
8
BLACK
6
CONTINUOUS
10
109.6507319999999908
20
-103.3771780000000007
11
109.6735359999999986
21
-103.4085639999999984
0
LINE
8
BLACK
6
CONTINUOUS
10
109.6735359999999986
20
-103.4085639999999984
11
109.7583679999999902
21
-103.5750539999999944
0
LINE
8
BLACK
6
CONTINUOUS
10
109.7583679999999902
20
-103.5750539999999944
11
109.8528699999999958
21
-103.7051249999999953
0
LINE
8
BLACK
6
CONTINUOUS
10
109.8528699999999958
20
-103.7051249999999953
11
109.9110689999999977
21
-103.7852290000000011
0
LINE
8
BLACK
6
CONTINUOUS
10
109.9110689999999977
20
-103.7852290000000011
11
110.0947709999999944
21
-103.9689309999999978
0
LINE
8
BLACK
6
CONTINUOUS
10
110.0947709999999944
20
-103.9689309999999978
11
110.3049489999999935
21
-104.1216340000000002
0
LINE
8
BLACK
6
CONTINUOUS
10
110.3049489999999935
20
-104.1216340000000002
11
110.4387609999999995
21
-104.1898149999999958
0
LINE
8
BLACK
6
CONTINUOUS
10
110.4387609999999995
20
-104.1898149999999958
11
110.5364229999999992
21
-104.239576999999997
0
LINE
8
BLACK
6
CONTINUOUS
10
110.5364229999999992
20
-104.239576999999997
11
110.5364249999999942
21
-104.239576999999997
0
LINE
8
BLACK
6
CONTINUOUS
10
110.5364249999999942
20
-104.239576999999997
11
110.5364280000000008
21
-104.239578999999992
0
LINE
8
BLACK
6
CONTINUOUS
10
110.5364280000000008
20
-104.239578999999992
11
110.7835070000000002
21
-104.3198599999999914
0
LINE
8
BLACK
6
CONTINUOUS
10
110.7835070000000002
20
-104.3198599999999914
11
110.9157060000000001
21
-104.3407969999999949
0
LINE
8
BLACK
6
CONTINUOUS
10
110.9157060000000001
20
-104.3407969999999949
11
111.0400980000000004
21
-104.3605000000000018
0
LINE
8
BLACK
6
CONTINUOUS
10
111.0400980000000004
20
-104.3605000000000018
11
111.040103000000002
21
-104.3605000000000018
0
LINE
8
BLACK
6
CONTINUOUS
10
111.040103000000002
20
-104.3605000000000018
11
111.0713739999999916
21
-104.3605000000000018
0
LINE
8
BLACK
6
CONTINUOUS
10
111.0713739999999916
20
-104.3605000000000018
11
111.1384129999999999
21
-104.3801849999999973
0
LINE
8
BLACK
6
CONTINUOUS
10
111.1384129999999999
20
-104.3801849999999973
11
111.1590549999999951
21
-104.3968189999999936
0
LINE
8
BLACK
6
CONTINUOUS
10
111.1590549999999951
20
-104.3968189999999936
11
114.2429259999999971
21
-107.4806899999999956
0
LINE
8
BLACK
6
CONTINUOUS
10
114.2429259999999971
20
-107.4806899999999956
11
114.3958009999999916
21
-107.5917599999999936
0
LINE
8
BLACK
6
CONTINUOUS
10
114.3958009999999916
20
-107.5917599999999936
11
114.5641679999999951
21
-107.6775469999999899
0
LINE
8
BLACK
6
CONTINUOUS
10
114.5641679999999951
20
-107.6775469999999899
11
114.7438819999999993
21
-107.7359399999999994
0
LINE
8
BLACK
6
CONTINUOUS
10
114.7438819999999993
20
-107.7359399999999994
11
114.8138699999999943
21
-107.7470249999999936
0
LINE
8
BLACK
6
CONTINUOUS
10
114.8138699999999943
20
-107.7470249999999936
11
114.9305129999999906
21
-107.7654999999999887
0
LINE
8
BLACK
6
CONTINUOUS
10
114.9305129999999906
20
-107.7654999999999887
11
114.9305179999999922
21
-107.7654999999999887
0
LINE
8
BLACK
6
CONTINUOUS
10
114.9305179999999922
20
-107.7654999999999887
11
114.9305189999999897
21
-107.7654999999999887
0
LINE
8
BLACK
6
CONTINUOUS
10
114.9305189999999897
20
-107.7654999999999887
11
125.2813739999999996
21
-107.7654999999999887
0
LINE
8
BLACK
6
CONTINUOUS
10
125.2813739999999996
20
-107.7654999999999887
11
125.3484129999999936
21
-107.7851849999999985
0
LINE
8
BLACK
6
CONTINUOUS
10
125.3484129999999936
20
-107.7851849999999985
11
125.3690549999999888
21
-107.8018189999999947
0
LINE
8
BLACK
6
CONTINUOUS
10
125.3690549999999888
20
-107.8018189999999947
11
126.3431810000000013
21
-108.7759439999999955
0
LINE
8
BLACK
6
CONTINUOUS
10
126.3431810000000013
20
-108.7759439999999955
11
126.3766660000000002
21
-108.8372669999999971
0
LINE
8
BLACK
6
CONTINUOUS
10
126.3766660000000002
20
-108.8372669999999971
11
126.3794999999999931
21
-108.863624999999999
0
LINE
8
BLACK
6
CONTINUOUS
10
126.3794999999999931
20
-108.863624999999999
11
126.3794999999999931
21
-118.0163730000000015
0
LINE
8
BLACK
6
CONTINUOUS
10
126.3794999999999931
20
-118.0163730000000015
11
126.3598149999999976
21
-118.0834119999999956
0
LINE
8
BLACK
6
CONTINUOUS
10
126.3598149999999976
20
-118.0834119999999956
11
126.3431810000000013
21
-118.1040539999999908
0
LINE
8
BLACK
6
CONTINUOUS
10
126.3431810000000013
20
-118.1040539999999908
11
125.2821809999999942
21
-119.1650539999999978
0
LINE
8
BLACK
6
CONTINUOUS
10
125.2821809999999942
20
-119.1650539999999978
11
125.2208579999999927
21
-119.1985389999999967
0
LINE
8
BLACK
6
CONTINUOUS
10
125.2208579999999927
20
-119.1985389999999967
11
125.1511659999999893
21
-119.1935549999999893
0
LINE
8
BLACK
6
CONTINUOUS
10
125.1511659999999893
20
-119.1935549999999893
11
125.0952329999999932
21
-119.1516829999999914
0
LINE
8
BLACK
6
CONTINUOUS
10
125.0952329999999932
20
-119.1516829999999914
11
125.0708159999999936
21
-119.0862189999999998
0
LINE
8
BLACK
6
CONTINUOUS
10
125.0708159999999936
20
-119.0862189999999998
11
125.0704999999999956
21
-119.0773729999999944
0
LINE
8
BLACK
6
CONTINUOUS
10
125.0704999999999956
20
-119.0773729999999944
11
125.0704999999999956
21
-118.6758769999999998
0
LINE
8
BLACK
6
CONTINUOUS
10
125.0704999999999956
20
-118.6758769999999998
11
125.0901849999999911
21
-118.6088379999999916
0
LINE
8
BLACK
6
CONTINUOUS
10
125.0901849999999911
20
-118.6088379999999916
11
125.0941819999999893
21
-118.6029920000000004
0
LINE
8
BLACK
6
CONTINUOUS
10
125.0941819999999893
20
-118.6029920000000004
11
125.187224999999998
21
-118.4749279999999914
0
LINE
8
BLACK
6
CONTINUOUS
10
125.187224999999998
20
-118.4749279999999914
11
125.2388699999999915
21
-118.4038449999999898
0
LINE
8
BLACK
6
CONTINUOUS
10
125.2388699999999915
20
-118.4038449999999898
11
125.353240999999997
21
-118.1793789999999973
0
LINE
8
BLACK
6
CONTINUOUS
10
125.353240999999997
20
-118.1793789999999973
11
125.4310899999999975
21
-117.9397850000000005
0
LINE
8
BLACK
6
CONTINUOUS
10
125.4310899999999975
20
-117.9397850000000005
11
125.4705000000000013
21
-117.690961999999999
0
LINE
8
BLACK
6
CONTINUOUS
10
125.4705000000000013
20
-117.690961999999999
11
125.4705000000000013
21
-117.4390379999999965
0
LINE
8
BLACK
6
CONTINUOUS
10
125.4705000000000013
20
-117.4390379999999965
11
125.4310899999999975
21
-117.1902149999999949
0
LINE
8
BLACK
6
CONTINUOUS
10
125.4310899999999975
20
-117.1902149999999949
11
125.353240999999997
21
-116.9506209999999982
0
LINE
8
BLACK
6
CONTINUOUS
10
125.353240999999997
20
-116.9506209999999982
11
125.3532389999999879
21
-116.9506179999999915
0
LINE
8
BLACK
6
CONTINUOUS
10
125.3532389999999879
20
-116.9506179999999915
11
125.3532389999999879
21
-116.9506159999999966
0
LINE
8
BLACK
6
CONTINUOUS
10
125.3532389999999879
20
-116.9506159999999966
11
125.2948189999999897
21
-116.8359609999999975
0
LINE
8
BLACK
6
CONTINUOUS
10
125.2948189999999897
20
-116.8359609999999975
11
125.2388699999999915
21
-116.7261549999999914
0
LINE
8
BLACK
6
CONTINUOUS
10
125.2388699999999915
20
-116.7261549999999914
11
125.1772689999999955
21
-116.6413679999999999
0
LINE
8
BLACK
6
CONTINUOUS
10
125.1772689999999955
20
-116.6413679999999999
11
125.0941819999999893
21
-116.5270069999999976
0
LINE
8
BLACK
6
CONTINUOUS
10
125.0941819999999893
20
-116.5270069999999976
11
125.0707019999999972
21
-116.4612009999999884
0
LINE
8
BLACK
6
CONTINUOUS
10
125.0707019999999972
20
-116.4612009999999884
11
125.0704999999999956
21
-116.4541219999999981
0
LINE
8
BLACK
6
CONTINUOUS
10
125.0704999999999956
20
-116.4541219999999981
11
125.0704999999999956
21
-115.7605129999999889
0
LINE
8
BLACK
6
CONTINUOUS
10
125.0704999999999956
20
-115.7605129999999889
11
125.040939999999992
21
-115.5738810000000001
0
LINE
8
BLACK
6
CONTINUOUS
10
125.040939999999992
20
-115.5738810000000001
11
124.9825449999999876
21
-115.3941629999999918
0
LINE
8
BLACK
6
CONTINUOUS
10
124.9825449999999876
20
-115.3941629999999918
11
124.8967589999999888
21
-115.2257999999999925
0
LINE
8
BLACK
6
CONTINUOUS
10
124.8967589999999888
20
-115.2257999999999925
11
124.7856899999999882
21
-115.0729269999999929
0
LINE
8
BLACK
6
CONTINUOUS
10
124.7856899999999882
20
-115.0729269999999929
11
124.6520730000000015
21
-114.9393099999999919
0
LINE
8
BLACK
6
CONTINUOUS
10
124.6520730000000015
20
-114.9393099999999919
11
121.4573779999999914
21
-111.7446139999999986
0
LINE
8
BLACK
6
CONTINUOUS
10
121.4573779999999914
20
-111.7446139999999986
11
121.4238929999999925
21
-111.683290999999997
0
LINE
8
BLACK
6
CONTINUOUS
10
121.4238929999999925
20
-111.683290999999997
11
121.428877
21
-111.6135989999999936
0
LINE
8
BLACK
6
CONTINUOUS
10
121.428877
20
-111.6135989999999936
11
121.4707489999999979
21
-111.5576659999999976
0
LINE
8
BLACK
6
CONTINUOUS
10
121.4707489999999979
20
-111.5576659999999976
11
121.5256599999999878
21
-111.5344599999999957
0
LINE
8
BLACK
6
CONTINUOUS
10
121.5256599999999878
20
-111.5344599999999957
11
121.7047850000000011
21
-111.5060900000000004
0
LINE
8
BLACK
6
CONTINUOUS
10
121.7047850000000011
20
-111.5060900000000004
11
121.9443789999999979
21
-111.4282409999999999
0
LINE
8
BLACK
6
CONTINUOUS
10
121.9443789999999979
20
-111.4282409999999999
11
122.1688449999999904
21
-111.3138699999999943
0
LINE
8
BLACK
6
CONTINUOUS
10
122.1688449999999904
20
-111.3138699999999943
11
122.3650829999999985
21
-111.171293999999989
0
LINE
8
BLACK
6
CONTINUOUS
10
122.3650829999999985
20
-111.171293999999989
11
122.4308869999999985
21
-111.1478159999999917
0
LINE
8
BLACK
6
CONTINUOUS
10
122.4308869999999985
20
-111.1478159999999917
11
122.4989409999999879
21
-111.1636409999999984
0
LINE
8
BLACK
6
CONTINUOUS
10
122.4989409999999879
20
-111.1636409999999984
11
122.5338199999999915
21
-111.1929499999999962
0
LINE
8
BLACK
6
CONTINUOUS
10
122.5338199999999915
20
-111.1929499999999962
11
122.5735889999999984
21
-111.2414100000000019
0
LINE
8
BLACK
6
CONTINUOUS
10
122.5735889999999984
20
-111.2414100000000019
11
122.6321879999999993
21
-111.2894999999999897
0
LINE
8
BLACK
6
CONTINUOUS
10
122.6321879999999993
20
-111.2894999999999897
11
122.7335499999999939
21
-111.3726849999999899
0
LINE
8
BLACK
6
CONTINUOUS
10
122.7335499999999939
20
-111.3726849999999899
11
122.9160459999999944
21
-111.4702319999999958
0
LINE
8
BLACK
6
CONTINUOUS
10
122.9160459999999944
20
-111.4702319999999958
11
123.114065999999994
21
-111.5302999999999969
0
LINE
8
BLACK
6
CONTINUOUS
10
123.114065999999994
20
-111.5302999999999969
11
123.1140649999999965
21
-111.5302999999999969
0
LINE
8
BLACK
6
CONTINUOUS
10
123.1140649999999965
20
-111.5302999999999969
11
123.1526469999999875
21
-111.5340999999999951
0
LINE
8
BLACK
6
CONTINUOUS
10
123.1526469999999875
20
-111.5340999999999951
11
123.2683919999999915
21
-111.5454999999999899
0
LINE
8
BLACK
6
CONTINUOUS
10
123.2683919999999915
20
-111.5454999999999899
11
123.2683949999999982
21
-111.5454999999999899
0
LINE
8
BLACK
6
CONTINUOUS
10
123.2683949999999982
20
-111.5454999999999899
11
124.4716049999999967
21
-111.5454999999999899
0
LINE
8
BLACK
6
CONTINUOUS
10
124.4716049999999967
20
-111.5454999999999899
11
124.4716079999999891
21
-111.5454999999999899
0
LINE
8
BLACK
6
CONTINUOUS
10
124.4716079999999891
20
-111.5454999999999899
11
124.6259340000000009
21
-111.5302999999999969
0
LINE
8
BLACK
6
CONTINUOUS
10
124.6259340000000009
20
-111.5302999999999969
11
124.8239540000000005
21
-111.4702319999999958
0
LINE
8
BLACK
6
CONTINUOUS
10
124.8239540000000005
20
-111.4702319999999958
11
125.006450000000001
21
-111.3726849999999899
0
LINE
8
BLACK
6
CONTINUOUS
10
125.006450000000001
20
-111.3726849999999899
11
125.1664099999999991
21
-111.2414100000000019
0
LINE
8
BLACK
6
CONTINUOUS
10
125.1664099999999991
20
-111.2414100000000019
11
125.2976850000000013
21
-111.0814499999999896
0
LINE
8
BLACK
6
CONTINUOUS
10
125.2976850000000013
20
-111.0814499999999896
11
125.3952319999999929
21
-110.8989539999999892
0
LINE
8
BLACK
6
CONTINUOUS
10
125.3952319999999929
20
-110.8989539999999892
11
125.455299999999994
21
-110.7009339999999895
0
LINE
8
BLACK
6
CONTINUOUS
10
125.455299999999994
20
-110.7009339999999895
11
125.4705000000000013
21
-110.546607999999992
0
LINE
8
BLACK
6
CONTINUOUS
10
125.4705000000000013
20
-110.546607999999992
11
125.4705000000000013
21
-109.3433919999999944
0
LINE
8
BLACK
6
CONTINUOUS
10
125.4705000000000013
20
-109.3433919999999944
11
125.455299999999994
21
-109.1890659999999968
0
LINE
8
BLACK
6
CONTINUOUS
10
125.455299999999994
20
-109.1890659999999968
11
125.3952319999999929
21
-108.9910459999999972
0
LINE
8
BLACK
6
CONTINUOUS
10
125.3952319999999929
20
-108.9910459999999972
11
125.2976850000000013
21
-108.8085499999999968
0
LINE
8
BLACK
6
CONTINUOUS
10
125.2976850000000013
20
-108.8085499999999968
11
125.23383299999999
21
-108.7307459999999963
0
LINE
8
BLACK
6
CONTINUOUS
10
125.23383299999999
20
-108.7307459999999963
11
125.1664099999999991
21
-108.6485890000000012
0
LINE
8
BLACK
6
CONTINUOUS
10
125.1664099999999991
20
-108.6485890000000012
11
125.0064519999999959
21
-108.5173169999999914
0
LINE
8
BLACK
6
CONTINUOUS
10
125.0064519999999959
20
-108.5173169999999914
11
125.0064529999999934
21
-108.5173169999999914
0
LINE
8
BLACK
6
CONTINUOUS
10
125.0064529999999934
20
-108.5173169999999914
11
125.006450000000001
21
-108.5173149999999964
0
LINE
8
BLACK
6
CONTINUOUS
10
125.006450000000001
20
-108.5173149999999964
11
124.8239540000000005
21
-108.4197679999999906
0
LINE
8
BLACK
6
CONTINUOUS
10
124.8239540000000005
20
-108.4197679999999906
11
124.6259340000000009
21
-108.3596999999999895
0
LINE
8
BLACK
6
CONTINUOUS
10
124.6259340000000009
20
-108.3596999999999895
11
124.6259319999999917
21
-108.359698999999992
0
LINE
8
BLACK
6
CONTINUOUS
10
124.6259319999999917
20
-108.359698999999992
11
124.6259340000000009
21
-108.359698999999992
0
LINE
8
BLACK
6
CONTINUOUS
10
124.6259340000000009
20
-108.359698999999992
11
124.5068049999999999
21
-108.3479659999999996
0
LINE
8
BLACK
6
CONTINUOUS
10
124.5068049999999999
20
-108.3479659999999996
11
124.4716079999999891
21
-108.3444999999999965
0
LINE
8
BLACK
6
CONTINUOUS
10
124.4716079999999891
20
-108.3444999999999965
11
123.2683919999999915
21
-108.3444999999999965
0
LINE
8
BLACK
6
CONTINUOUS
10
123.2683919999999915
20
-108.3444999999999965
11
123.2302979999999906
21
-108.3482509999999905
0
LINE
8
BLACK
6
CONTINUOUS
10
123.2302979999999906
20
-108.3482509999999905
11
123.1140669999999915
21
-108.359698999999992
0
LINE
8
BLACK
6
CONTINUOUS
10
123.1140669999999915
20
-108.359698999999992
11
122.9160429999999877
21
-108.4197689999999881
0
LINE
8
BLACK
6
CONTINUOUS
10
122.9160429999999877
20
-108.4197689999999881
11
122.7335459999999898
21
-108.5173169999999914
0
LINE
8
BLACK
6
CONTINUOUS
10
122.7335459999999898
20
-108.5173169999999914
11
122.5735889999999984
21
-108.6485899999999987
0
LINE
8
BLACK
6
CONTINUOUS
10
122.5735889999999984
20
-108.6485899999999987
11
122.5338179999999966
21
-108.6970510000000019
0
LINE
8
BLACK
6
CONTINUOUS
10
122.5338179999999966
20
-108.6970510000000019
11
122.4760719999999878
21
-108.7363849999999985
0
LINE
8
BLACK
6
CONTINUOUS
10
122.4760719999999878
20
-108.7363849999999985
11
122.4062270000000012
21
-108.7382539999999977
0
LINE
8
BLACK
6
CONTINUOUS
10
122.4062270000000012
20
-108.7382539999999977
11
122.3650809999999893
21
-108.7187029999999908
0
LINE
8
BLACK
6
CONTINUOUS
10
122.3650809999999893
20
-108.7187029999999908
11
122.168847999999997
21
-108.5761320000000012
0
LINE
8
BLACK
6
CONTINUOUS
10
122.168847999999997
20
-108.5761320000000012
11
122.1688469999999995
21
-108.5761309999999895
0
LINE
8
BLACK
6
CONTINUOUS
10
122.1688469999999995
20
-108.5761309999999895
11
122.1688449999999904
21
-108.576129999999992
0
LINE
8
BLACK
6
CONTINUOUS
10
122.1688449999999904
20
-108.576129999999992
11
122.0534179999999935
21
-108.5173169999999914
0
LINE
8
BLACK
6
CONTINUOUS
10
122.0534179999999935
20
-108.5173169999999914
11
121.9443829999999878
21
-108.4617599999999982
0
LINE
8
BLACK
6
CONTINUOUS
10
121.9443829999999878
20
-108.4617599999999982
11
121.7047850000000011
21
-108.3839100000000002
0
LINE
8
BLACK
6
CONTINUOUS
10
121.7047850000000011
20
-108.3839100000000002
11
121.5519299999999987
21
-108.3596999999999895
0
LINE
8
BLACK
6
CONTINUOUS
10
121.5519299999999987
20
-108.3596999999999895
11
121.4559619999999995
21
-108.3444999999999965
0
LINE
8
BLACK
6
CONTINUOUS
10
121.4559619999999995
20
-108.3444999999999965
11
121.2040379999999971
21
-108.3444999999999965
0
LINE
8
BLACK
6
CONTINUOUS
10
121.2040379999999971
20
-108.3444999999999965
11
121.1392089999999939
21
-108.3547679999999929
0
LINE
8
BLACK
6
CONTINUOUS
10
121.1392089999999939
20
-108.3547679999999929
11
120.955213999999998
21
-108.3839100000000002
0
LINE
8
BLACK
6
CONTINUOUS
10
120.955213999999998
20
-108.3839100000000002
11
120.7156159999999971
21
-108.4617599999999982
0
LINE
8
BLACK
6
CONTINUOUS
10
120.7156159999999971
20
-108.4617599999999982
11
120.4911509999999879
21
-108.5761320000000012
0
LINE
8
BLACK
6
CONTINUOUS
10
120.4911509999999879
20
-108.5761320000000012
11
120.2873499999999893
21
-108.7242009999999937
0
LINE
8
BLACK
6
CONTINUOUS
10
120.2873499999999893
20
-108.7242009999999937
11
120.2873449999999877
21
-108.7242049999999978
0
LINE
8
BLACK
6
CONTINUOUS
10
120.2873449999999877
20
-108.7242049999999978
11
120.1476809999999915
21
-108.8638699999999915
0
LINE
8
BLACK
6
CONTINUOUS
10
120.1476809999999915
20
-108.8638699999999915
11
120.0863579999999899
21
-108.8973549999999904
0
LINE
8
BLACK
6
CONTINUOUS
10
120.0863579999999899
20
-108.8973549999999904
11
120.0166660000000007
21
-108.8923709999999971
0
LINE
8
BLACK
6
CONTINUOUS
10
120.0166660000000007
20
-108.8923709999999971
11
119.9723189999999988
21
-108.8638699999999915
0
LINE
8
BLACK
6
CONTINUOUS
10
119.9723189999999988
20
-108.8638699999999915
11
119.8326539999999909
21
-108.7242049999999978
0
LINE
8
BLACK
6
CONTINUOUS
10
119.8326539999999909
20
-108.7242049999999978
11
119.8326489999999893
21
-108.7242009999999937
0
LINE
8
BLACK
6
CONTINUOUS
10
119.8326489999999893
20
-108.7242009999999937
11
119.6288479999999907
21
-108.5761320000000012
0
LINE
8
BLACK
6
CONTINUOUS
10
119.6288479999999907
20
-108.5761320000000012
11
119.6288469999999933
21
-108.5761309999999895
0
LINE
8
BLACK
6
CONTINUOUS
10
119.6288469999999933
20
-108.5761309999999895
11
119.6288449999999983
21
-108.576129999999992
0
LINE
8
BLACK
6
CONTINUOUS
10
119.6288449999999983
20
-108.576129999999992
11
119.5134180000000015
21
-108.5173169999999914
0
LINE
8
BLACK
6
CONTINUOUS
10
119.5134180000000015
20
-108.5173169999999914
11
119.4043829999999957
21
-108.4617599999999982
0
LINE
8
BLACK
6
CONTINUOUS
10
119.4043829999999957
20
-108.4617599999999982
11
119.1647849999999949
21
-108.3839100000000002
0
LINE
8
BLACK
6
CONTINUOUS
10
119.1647849999999949
20
-108.3839100000000002
11
119.0119299999999924
21
-108.3596999999999895
0
LINE
8
BLACK
6
CONTINUOUS
10
119.0119299999999924
20
-108.3596999999999895
11
118.9159619999999933
21
-108.3444999999999965
0
LINE
8
BLACK
6
CONTINUOUS
10
118.9159619999999933
20
-108.3444999999999965
11
118.6640379999999908
21
-108.3444999999999965
0
LINE
8
BLACK
6
CONTINUOUS
10
118.6640379999999908
20
-108.3444999999999965
11
118.5992089999999877
21
-108.3547679999999929
0
LINE
8
BLACK
6
CONTINUOUS
10
118.5992089999999877
20
-108.3547679999999929
11
118.4152139999999918
21
-108.3839100000000002
0
LINE
8
BLACK
6
CONTINUOUS
10
118.4152139999999918
20
-108.3839100000000002
11
118.1756159999999909
21
-108.4617599999999982
0
LINE
8
BLACK
6
CONTINUOUS
10
118.1756159999999909
20
-108.4617599999999982
11
117.9511509999999959
21
-108.5761320000000012
0
LINE
8
BLACK
6
CONTINUOUS
10
117.9511509999999959
20
-108.5761320000000012
11
117.7473499999999973
21
-108.7242009999999937
0
LINE
8
BLACK
6
CONTINUOUS
10
117.7473499999999973
20
-108.7242009999999937
11
117.7473449999999957
21
-108.7242049999999978
0
LINE
8
BLACK
6
CONTINUOUS
10
117.7473449999999957
20
-108.7242049999999978
11
117.6076809999999995
21
-108.8638699999999915
0
LINE
8
BLACK
6
CONTINUOUS
10
117.6076809999999995
20
-108.8638699999999915
11
117.5463579999999979
21
-108.8973549999999904
0
LINE
8
BLACK
6
CONTINUOUS
10
117.5463579999999979
20
-108.8973549999999904
11
117.4766659999999945
21
-108.8923709999999971
0
LINE
8
BLACK
6
CONTINUOUS
10
117.4766659999999945
20
-108.8923709999999971
11
117.4323189999999926
21
-108.8638699999999915
0
LINE
8
BLACK
6
CONTINUOUS
10
117.4323189999999926
20
-108.8638699999999915
11
117.2926539999999989
21
-108.7242049999999978
0
LINE
8
BLACK
6
CONTINUOUS
10
117.2926539999999989
20
-108.7242049999999978
11
117.2926489999999973
21
-108.7242009999999937
0
LINE
8
BLACK
6
CONTINUOUS
10
117.2926489999999973
20
-108.7242009999999937
11
117.0888479999999987
21
-108.5761320000000012
0
LINE
8
BLACK
6
CONTINUOUS
10
117.0888479999999987
20
-108.5761320000000012
11
117.0888470000000012
21
-108.5761309999999895
0
LINE
8
BLACK
6
CONTINUOUS
10
117.0888470000000012
20
-108.5761309999999895
11
117.0888449999999921
21
-108.576129999999992
0
LINE
8
BLACK
6
CONTINUOUS
10
117.0888449999999921
20
-108.576129999999992
11
116.9734179999999952
21
-108.5173169999999914
0
LINE
8
BLACK
6
CONTINUOUS
10
116.9734179999999952
20
-108.5173169999999914
11
116.8643829999999895
21
-108.4617599999999982
0
LINE
8
BLACK
6
CONTINUOUS
10
116.8643829999999895
20
-108.4617599999999982
11
116.6247849999999886
21
-108.3839100000000002
0
LINE
8
BLACK
6
CONTINUOUS
10
116.6247849999999886
20
-108.3839100000000002
11
116.4719300000000004
21
-108.3596999999999895
0
LINE
8
BLACK
6
CONTINUOUS
10
116.4719300000000004
20
-108.3596999999999895
11
116.3759620000000012
21
-108.3444999999999965
0
LINE
8
BLACK
6
CONTINUOUS
10
116.3759620000000012
20
-108.3444999999999965
11
116.1240379999999988
21
-108.3444999999999965
0
LINE
8
BLACK
6
CONTINUOUS
10
116.1240379999999988
20
-108.3444999999999965
11
116.0592089999999956
21
-108.3547679999999929
0
LINE
8
BLACK
6
CONTINUOUS
10
116.0592089999999956
20
-108.3547679999999929
11
115.8752139999999997
21
-108.3839100000000002
0
LINE
8
BLACK
6
CONTINUOUS
10
115.8752139999999997
20
-108.3839100000000002
11
115.6356159999999988
21
-108.4617599999999982
0
LINE
8
BLACK
6
CONTINUOUS
10
115.6356159999999988
20
-108.4617599999999982
11
115.4111509999999896
21
-108.5761320000000012
0
LINE
8
BLACK
6
CONTINUOUS
10
115.4111509999999896
20
-108.5761320000000012
11
115.207349999999991
21
-108.7242009999999937
0
LINE
8
BLACK
6
CONTINUOUS
10
115.207349999999991
20
-108.7242009999999937
11
115.2073449999999895
21
-108.7242049999999978
0
LINE
8
BLACK
6
CONTINUOUS
10
115.2073449999999895
20
-108.7242049999999978
11
115.0676809999999932
21
-108.8638699999999915
0
LINE
8
BLACK
6
CONTINUOUS
10
115.0676809999999932
20
-108.8638699999999915
11
115.0063579999999916
21
-108.8973549999999904
0
LINE
8
BLACK
6
CONTINUOUS
10
115.0063579999999916
20
-108.8973549999999904
11
114.9366659999999882
21
-108.8923709999999971
0
LINE
8
BLACK
6
CONTINUOUS
10
114.9366659999999882
20
-108.8923709999999971
11
114.8923190000000005
21
-108.8638699999999915
0
LINE
8
BLACK
6
CONTINUOUS
10
114.8923190000000005
20
-108.8638699999999915
11
114.7526539999999926
21
-108.7242049999999978
0
LINE
8
BLACK
6
CONTINUOUS
10
114.7526539999999926
20
-108.7242049999999978
11
114.752648999999991
21
-108.7242009999999937
0
LINE
8
BLACK
6
CONTINUOUS
10
114.752648999999991
20
-108.7242009999999937
11
114.5488479999999925
21
-108.5761320000000012
0
LINE
8
BLACK
6
CONTINUOUS
10
114.5488479999999925
20
-108.5761320000000012
11
114.548846999999995
21
-108.5761309999999895
0
LINE
8
BLACK
6
CONTINUOUS
10
114.548846999999995
20
-108.5761309999999895
11
114.548845
21
-108.576129999999992
0
LINE
8
BLACK
6
CONTINUOUS
10
114.548845
20
-108.576129999999992
11
114.433417999999989
21
-108.5173169999999914
0
LINE
8
BLACK
6
CONTINUOUS
10
114.433417999999989
20
-108.5173169999999914
11
114.3243829999999974
21
-108.4617599999999982
0
LINE
8
BLACK
6
CONTINUOUS
10
114.3243829999999974
20
-108.4617599999999982
11
114.0847849999999966
21
-108.3839100000000002
0
LINE
8
BLACK
6
CONTINUOUS
10
114.0847849999999966
20
-108.3839100000000002
11
113.9319299999999942
21
-108.3596999999999895
0
LINE
8
BLACK
6
CONTINUOUS
10
113.9319299999999942
20
-108.3596999999999895
11
113.835961999999995
21
-108.3444999999999965
0
LINE
8
BLACK
6
CONTINUOUS
10
113.835961999999995
20
-108.3444999999999965
11
113.5840379999999925
21
-108.3444999999999965
0
LINE
8
BLACK
6
CONTINUOUS
10
113.5840379999999925
20
-108.3444999999999965
11
113.5192089999999894
21
-108.3547679999999929
0
LINE
8
BLACK
6
CONTINUOUS
10
113.5192089999999894
20
-108.3547679999999929
11
113.3352139999999935
21
-108.3839100000000002
0
LINE
8
BLACK
6
CONTINUOUS
10
113.3352139999999935
20
-108.3839100000000002
11
113.0956159999999926
21
-108.4617599999999982
0
LINE
8
BLACK
6
CONTINUOUS
10
113.0956159999999926
20
-108.4617599999999982
11
112.8711509999999976
21
-108.5761320000000012
0
LINE
8
BLACK
6
CONTINUOUS
10
112.8711509999999976
20
-108.5761320000000012
11
112.667349999999999
21
-108.7242009999999937
0
LINE
8
BLACK
6
CONTINUOUS
10
112.667349999999999
20
-108.7242009999999937
11
112.6673449999999974
21
-108.7242049999999978
0
LINE
8
BLACK
6
CONTINUOUS
10
112.6673449999999974
20
-108.7242049999999978
11
112.5276810000000012
21
-108.8638699999999915
0
LINE
8
BLACK
6
CONTINUOUS
10
112.5276810000000012
20
-108.8638699999999915
11
112.4663579999999996
21
-108.8973549999999904
0
LINE
8
BLACK
6
CONTINUOUS
10
112.4663579999999996
20
-108.8973549999999904
11
112.3966659999999962
21
-108.8923709999999971
0
LINE
8
BLACK
6
CONTINUOUS
10
112.3966659999999962
20
-108.8923709999999971
11
112.3523189999999943
21
-108.8638699999999915
0
LINE
8
BLACK
6
CONTINUOUS
10
112.3523189999999943
20
-108.8638699999999915
11
112.2126540000000006
21
-108.7242049999999978
0
LINE
8
BLACK
6
CONTINUOUS
10
112.2126540000000006
20
-108.7242049999999978
11
112.212648999999999
21
-108.7242009999999937
0
LINE
8
BLACK
6
CONTINUOUS
10
112.212648999999999
20
-108.7242009999999937
11
112.0088480000000004
21
-108.5761320000000012
0
LINE
8
BLACK
6
CONTINUOUS
10
112.0088480000000004
20
-108.5761320000000012
11
112.0088469999999887
21
-108.5761309999999895
0
LINE
8
BLACK
6
CONTINUOUS
10
112.0088469999999887
20
-108.5761309999999895
11
112.0088449999999938
21
-108.576129999999992
0
LINE
8
BLACK
6
CONTINUOUS
10
112.0088449999999938
20
-108.576129999999992
11
111.8934179999999969
21
-108.5173169999999914
0
LINE
8
BLACK
6
CONTINUOUS
10
111.8934179999999969
20
-108.5173169999999914
11
111.7843829999999912
21
-108.4617599999999982
0
LINE
8
BLACK
6
CONTINUOUS
10
111.7843829999999912
20
-108.4617599999999982
11
111.5447849999999903
21
-108.3839100000000002
0
LINE
8
BLACK
6
CONTINUOUS
10
111.5447849999999903
20
-108.3839100000000002
11
111.3919299999999879
21
-108.3596999999999895
0
LINE
8
BLACK
6
CONTINUOUS
10
111.3919299999999879
20
-108.3596999999999895
11
111.2959619999999887
21
-108.3444999999999965
0
LINE
8
BLACK
6
CONTINUOUS
10
111.2959619999999887
20
-108.3444999999999965
11
111.0440380000000005
21
-108.3444999999999965
0
LINE
8
BLACK
6
CONTINUOUS
10
111.0440380000000005
20
-108.3444999999999965
11
110.9792089999999973
21
-108.3547679999999929
0
LINE
8
BLACK
6
CONTINUOUS
10
110.9792089999999973
20
-108.3547679999999929
11
110.7952140000000014
21
-108.3839100000000002
0
LINE
8
BLACK
6
CONTINUOUS
10
110.7952140000000014
20
-108.3839100000000002
11
110.5556160000000006
21
-108.4617599999999982
0
LINE
8
BLACK
6
CONTINUOUS
10
110.5556160000000006
20
-108.4617599999999982
11
110.3311509999999913
21
-108.5761320000000012
0
LINE
8
BLACK
6
CONTINUOUS
10
110.3311509999999913
20
-108.5761320000000012
11
110.1273499999999927
21
-108.7242009999999937
0
LINE
8
BLACK
6
CONTINUOUS
10
110.1273499999999927
20
-108.7242009999999937
11
110.1273449999999912
21
-108.7242049999999978
0
LINE
8
BLACK
6
CONTINUOUS
10
110.1273449999999912
20
-108.7242049999999978
11
109.9492049999999921
21
-108.9023449999999968
0
LINE
8
BLACK
6
CONTINUOUS
10
109.9492049999999921
20
-108.9023449999999968
11
109.949200999999988
21
-108.9023499999999984
0
LINE
8
BLACK
6
CONTINUOUS
10
109.949200999999988
20
-108.9023499999999984
11
109.801130999999998
21
-109.106150999999997
0
LINE
8
BLACK
6
CONTINUOUS
10
109.801130999999998
20
-109.106150999999997
11
109.7798909999999921
21
-109.1478369999999956
0
LINE
8
BLACK
6
CONTINUOUS
10
109.7798909999999921
20
-109.1478369999999956
11
109.7319150000000008
21
-109.1986319999999893
0
LINE
8
BLACK
6
CONTINUOUS
10
109.7319150000000008
20
-109.1986319999999893
11
109.7292619999999914
21
-109.1992879999999957
0
LINE
8
BLACK
6
CONTINUOUS
10
109.7292619999999914
20
-109.1992879999999957
11
109.3428969999999936
21
-109.5856519999999961
0
LINE
8
BLACK
6
CONTINUOUS
10
109.3428969999999936
20
-109.5856519999999961
11
109.395551999999995
21
-109.7127720000000011
0
LINE
8
BLACK
6
CONTINUOUS
10
109.395551999999995
20
-109.7127720000000011
11
109.4261479999999978
21
-109.8665859999999981
0
LINE
8
BLACK
6
CONTINUOUS
10
109.4261479999999978
20
-109.8665859999999981
11
109.4261479999999978
21
-110.0234139999999883
0
LINE
8
BLACK
6
CONTINUOUS
10
109.4261479999999978
20
-110.0234139999999883
11
109.395551999999995
21
-110.1772279999999995
0
LINE
8
BLACK
6
CONTINUOUS
10
109.395551999999995
20
-110.1772279999999995
11
109.3428969999999936
21
-110.3043449999999979
0
LINE
8
BLACK
6
CONTINUOUS
10
109.3428969999999936
20
-110.3043449999999979
11
109.7276699999999892
21
-110.6891179999999935
0
LINE
8
BLACK
6
CONTINUOUS
10
109.7276699999999892
20
-110.6891179999999935
11
109.7280409999999904
21
-110.6891959999999955
0
LINE
8
BLACK
6
CONTINUOUS
10
109.7280409999999904
20
-110.6891959999999955
11
109.7778039999999891
21
-110.7382409999999879
0
LINE
8
BLACK
6
CONTINUOUS
10
109.7778039999999891
20
-110.7382409999999879
11
109.7798919999999896
21
-110.7421629999999908
0
LINE
8
BLACK
6
CONTINUOUS
10
109.7798919999999896
20
-110.7421629999999908
11
109.8011319999999955
21
-110.7838479999999919
0
LINE
8
BLACK
6
CONTINUOUS
10
109.8011319999999955
20
-110.7838479999999919
11
109.949200999999988
21
-110.9876489999999905
0
LINE
8
BLACK
6
CONTINUOUS
10
109.949200999999988
20
-110.9876489999999905
11
109.9492049999999921
21
-110.987653999999992
0
LINE
8
BLACK
6
CONTINUOUS
10
109.9492049999999921
20
-110.987653999999992
11
110.1143699999999939
21
-111.1528189999999938
0
LINE
8
BLACK
6
CONTINUOUS
10
110.1143699999999939
20
-111.1528189999999938
11
110.1478549999999927
21
-111.2141419999999954
0
LINE
8
BLACK
6
CONTINUOUS
10
110.1478549999999927
20
-111.2141419999999954
11
110.1428709999999995
21
-111.2838339999999988
0
LINE
8
BLACK
6
CONTINUOUS
10
110.1428709999999995
20
-111.2838339999999988
11
110.1009990000000016
21
-111.3397669999999948
0
LINE
8
BLACK
6
CONTINUOUS
10
110.1009990000000016
20
-111.3397669999999948
11
110.0355349999999959
21
-111.3641839999999945
0
LINE
8
BLACK
6
CONTINUOUS
10
110.0355349999999959
20
-111.3641839999999945
11
110.0266889999999904
21
-111.3644999999999925
0
LINE
8
BLACK
6
CONTINUOUS
10
110.0266889999999904
20
-111.3644999999999925
11
109.2240679999999884
21
-111.3644999999999925
0
LINE
8
BLACK
6
CONTINUOUS
10
109.2240679999999884
20
-111.3644999999999925
11
109.1570289999999943
21
-111.344814999999997
0
LINE
8
BLACK
6
CONTINUOUS
10
109.1570289999999943
20
-111.344814999999997
11
109.1112739999999945
21
-111.292010999999988
0
LINE
8
BLACK
6
CONTINUOUS
10
109.1112739999999945
20
-111.292010999999988
11
109.1013299999999902
21
-111.2228530000000006
0
LINE
8
BLACK
6
CONTINUOUS
10
109.1013299999999902
20
-111.2228530000000006
11
109.1303549999999944
21
-111.1592969999999951
0
LINE
8
BLACK
6
CONTINUOUS
10
109.1303549999999944
20
-111.1592969999999951
11
109.1677729999999968
21
-111.1300150000000002
0
LINE
8
BLACK
6
CONTINUOUS
10
109.1677729999999968
20
-111.1300150000000002
11
109.3113489999999928
21
-111.0568589999999887
0
LINE
8
BLACK
6
CONTINUOUS
10
109.3113489999999928
20
-111.0568589999999887
11
109.355920999999995
21
-111.0244739999999979
0
LINE
8
BLACK
6
CONTINUOUS
10
109.355920999999995
20
-111.0244739999999979
11
108.9893450000000001
21
-110.6578979999999888
0
LINE
8
BLACK
6
CONTINUOUS
10
108.9893450000000001
20
-110.6578979999999888
11
108.8622280000000018
21
-110.7105519999999927
0
LINE
8
BLACK
6
CONTINUOUS
10
108.8622280000000018
20
-110.7105519999999927
11
108.7084139999999906
21
-110.7411479999999955
0
LINE
8
BLACK
6
CONTINUOUS
10
108.7084139999999906
20
-110.7411479999999955
11
108.5515860000000004
21
-110.7411479999999955
0
LINE
8
BLACK
6
CONTINUOUS
10
108.5515860000000004
20
-110.7411479999999955
11
108.3977719999999891
21
-110.7105519999999927
0
LINE
8
BLACK
6
CONTINUOUS
10
108.3977719999999891
20
-110.7105519999999927
11
108.2706529999999958
21
-110.6578969999999913
0
LINE
8
BLACK
6
CONTINUOUS
10
108.2706529999999958
20
-110.6578969999999913
11
107.9040759999999892
21
-111.0244739999999979
0
LINE
8
BLACK
6
CONTINUOUS
10
107.9040759999999892
20
-111.0244739999999979
11
107.9486500000000007
21
-111.0568589999999887
0
LINE
8
BLACK
6
CONTINUOUS
10
107.9486500000000007
20
-111.0568589999999887
11
108.0922269999999941
21
-111.1300150000000002
0
LINE
8
BLACK
6
CONTINUOUS
10
108.0922269999999941
20
-111.1300150000000002
11
108.1430229999999995
21
-111.1779889999999966
0
LINE
8
BLACK
6
CONTINUOUS
10
108.1430229999999995
20
-111.1779889999999966
11
108.1598180000000013
21
-111.2458099999999916
0
LINE
8
BLACK
6
CONTINUOUS
10
108.1598180000000013
20
-111.2458099999999916
11
108.1372810000000015
21
-111.3119449999999944
0
LINE
8
BLACK
6
CONTINUOUS
10
108.1372810000000015
20
-111.3119449999999944
11
108.0825659999999999
21
-111.3553969999999964
0
LINE
8
BLACK
6
CONTINUOUS
10
108.0825659999999999
20
-111.3553969999999964
11
108.0359319999999883
21
-111.3644999999999925
0
LINE
8
BLACK
6
CONTINUOUS
10
108.0359319999999883
20
-111.3644999999999925
11
106.3245000000000005
21
-111.3644999999999925
0
LINE
8
BLACK
6
CONTINUOUS
10
106.3245000000000005
20
-111.3644999999999925
11
106.2574609999999922
21
-111.344814999999997
0
LINE
8
BLACK
6
CONTINUOUS
10
106.2574609999999922
20
-111.344814999999997
11
106.2117059999999924
21
-111.292010999999988
0
LINE
8
BLACK
6
CONTINUOUS
10
106.2117059999999924
20
-111.292010999999988
11
106.200499999999991
21
-111.2404999999999973
0
LINE
8
BLACK
6
CONTINUOUS
10
106.200499999999991
20
-111.2404999999999973
11
106.200499999999991
21
-108.1555129999999991
0
LINE
8
BLACK
6
CONTINUOUS
10
106.200499999999991
20
-108.1555129999999991
11
106.1709400000000016
21
-107.9688809999999961
0
LINE
8
BLACK
6
CONTINUOUS
10
106.1709400000000016
20
-107.9688809999999961
11
106.1251939999999934
21
-107.8280919999999981
0
LINE
8
BLACK
6
CONTINUOUS
10
106.1251939999999934
20
-107.8280919999999981
11
106.1125469999999922
21
-107.7891679999999894
0
LINE
8
BLACK
6
CONTINUOUS
10
106.1125469999999922
20
-107.7891679999999894
11
106.1125449999999972
21
-107.789164999999997
0
LINE
8
BLACK
6
CONTINUOUS
10
106.1125449999999972
20
-107.789164999999997
11
106.1125449999999972
21
-107.7891630000000021
0
LINE
8
BLACK
6
CONTINUOUS
10
106.1125449999999972
20
-107.7891630000000021
11
106.0598789999999951
21
-107.6858009999999979
0
LINE
8
BLACK
6
CONTINUOUS
10
106.0598789999999951
20
-107.6858009999999979
11
106.0267599999999959
21
-107.6208010000000002
0
LINE
8
BLACK
6
CONTINUOUS
10
106.0267599999999959
20
-107.6208010000000002
11
105.9156899999999979
21
-107.4679269999999889
0
LINE
8
BLACK
6
CONTINUOUS
10
105.9156899999999979
20
-107.4679269999999889
11
105.7820729999999969
21
-107.3343100000000021
0
LINE
8
BLACK
6
CONTINUOUS
10
105.7820729999999969
20
-107.3343100000000021
11
105.2899010000000004
21
-106.8421379999999914
0
LINE
8
BLACK
6
CONTINUOUS
10
105.2899010000000004
20
-106.8421379999999914
11
104.7868189999999942
21
-106.3390550000000019
0
LINE
8
BLACK
6
CONTINUOUS
10
104.7868189999999942
20
-106.3390550000000019
11
104.7533339999999953
21
-106.2777320000000003
0
LINE
8
BLACK
6
CONTINUOUS
10
104.7533339999999953
20
-106.2777320000000003
11
104.7504999999999882
21
-106.2513739999999984
0
LINE
8
BLACK
6
CONTINUOUS
10
104.7504999999999882
20
-106.2513739999999984
11
104.7504999999999882
21
-104.3537059999999883
0
LINE
8
BLACK
6
CONTINUOUS
10
104.7504999999999882
20
-104.3537059999999883
11
104.7701849999999979
21
-104.2866669999999942
0
LINE
8
BLACK
6
CONTINUOUS
10
104.7701849999999979
20
-104.2866669999999942
11
104.8085289999999929
21
-104.2487119999999976
0
LINE
8
BLACK
6
CONTINUOUS
10
104.8085289999999929
20
-104.2487119999999976
11
104.8230679999999921
21
-104.239576999999997
0
LINE
8
BLACK
6
CONTINUOUS
10
104.8230679999999921
20
-104.239576999999997
11
104.8543109999999956
21
-104.2199449999999956
0
LINE
8
BLACK
6
CONTINUOUS
10
104.8543109999999956
20
-104.2199449999999956
11
104.9022590000000008
21
-104.1898179999999883
0
LINE
8
BLACK
6
CONTINUOUS
10
104.9022590000000008
20
-104.1898179999999883
11
104.9022590000000008
21
-104.1898169999999908
0
LINE
8
BLACK
6
CONTINUOUS
10
104.9022590000000008
20
-104.1898169999999908
11
104.9022619999999932
21
-104.1898159999999933
0
LINE
8
BLACK
6
CONTINUOUS
10
104.9022619999999932
20
-104.1898159999999933
11
105.0026549999999901
21
-104.0894229999999965
0
LINE
8
BLACK
6
CONTINUOUS
10
105.0026549999999901
20
-104.0894229999999965
11
105.0639779999999917
21
-104.0559379999999976
0
LINE
8
BLACK
6
CONTINUOUS
10
105.0639779999999917
20
-104.0559379999999976
11
105.1336699999999951
21
-104.0609219999999908
0
LINE
8
BLACK
6
CONTINUOUS
10
105.1336699999999951
20
-104.0609219999999908
11
105.1632180000000005
21
-104.0767829999999918
0
LINE
8
BLACK
6
CONTINUOUS
10
105.1632180000000005
20
-104.0767829999999918
11
105.2249489999999952
21
-104.1216340000000002
0
LINE
8
BLACK
6
CONTINUOUS
10
105.2249489999999952
20
-104.1216340000000002
11
105.3268449999999916
21
-104.1735529999999983
0
LINE
8
BLACK
6
CONTINUOUS
10
105.3268449999999916
20
-104.1735529999999983
11
105.4564230000000009
21
-104.239576999999997
0
LINE
8
BLACK
6
CONTINUOUS
10
105.4564230000000009
20
-104.239576999999997
11
105.4564249999999959
21
-104.239576999999997
0
LINE
8
BLACK
6
CONTINUOUS
10
105.4564249999999959
20
-104.239576999999997
11
105.4564279999999883
21
-104.239578999999992
0
LINE
8
BLACK
6
CONTINUOUS
10
105.4564279999999883
20
-104.239578999999992
11
105.7035070000000019
21
-104.3198599999999914
0
LINE
8
BLACK
6
CONTINUOUS
10
105.7035070000000019
20
-104.3198599999999914
11
105.8357060000000018
21
-104.3407969999999949
0
LINE
8
BLACK
6
CONTINUOUS
10
105.8357060000000018
20
-104.3407969999999949
11
105.9600980000000021
21
-104.3605000000000018
0
LINE
8
BLACK
6
CONTINUOUS
10
105.9600980000000021
20
-104.3605000000000018
11
105.9601029999999895
21
-104.3605000000000018
0
LINE
8
BLACK
6
CONTINUOUS
10
105.9601029999999895
20
-104.3605000000000018
11
106.2199019999999905
21
-104.3605000000000018
0
LINE
8
BLACK
6
CONTINUOUS
10
106.2199019999999905
20
-104.3605000000000018
11
106.3332979999999992
21
-104.3425390000000021
0
LINE
8
BLACK
6
CONTINUOUS
10
106.3332979999999992
20
-104.3425390000000021
11
106.4764929999999907
21
-104.3198599999999914
0
LINE
8
BLACK
6
CONTINUOUS
10
106.4764929999999907
20
-104.3198599999999914
11
106.7235719999999901
21
-104.239578999999992
0
LINE
8
BLACK
6
CONTINUOUS
10
106.7235719999999901
20
-104.239578999999992
11
106.9550509999999974
21
-104.1216340000000002
0
LINE
8
BLACK
6
CONTINUOUS
10
106.9550509999999974
20
-104.1216340000000002
11
107.1652289999999965
21
-103.9689309999999978
0
LINE
8
BLACK
6
CONTINUOUS
10
107.1652289999999965
20
-103.9689309999999978
11
107.3489309999999932
21
-103.7852290000000011
0
LINE
8
BLACK
6
CONTINUOUS
10
107.3489309999999932
20
-103.7852290000000011
11
107.5016339999999957
21
-103.575051000000002
0
LINE
8
BLACK
6
CONTINUOUS
10
107.5016339999999957
20
-103.575051000000002
11
107.5864660000000015
21
-103.4085589999999968
0
LINE
8
BLACK
6
CONTINUOUS
10
107.5864660000000015
20
-103.4085589999999968
11
107.609265999999991
21
-103.3771780000000007
0
LINE
8
BLACK
6
CONTINUOUS
10
107.609265999999991
20
-103.3771780000000007
11
107.8790159999999929
21
-103.1074270000000013
0
LINE
8
BLACK
6
CONTINUOUS
10
107.8790159999999929
20
-103.1074270000000013
11
107.8166009999999915
21
-102.9567419999999913
0
LINE
8
BLACK
6
CONTINUOUS
10
107.8166009999999915
20
-102.9567419999999913
11
107.7840929999999986
21
-102.7933149999999927
0
LINE
8
BLACK
6
CONTINUOUS
10
107.7840929999999986
20
-102.7933149999999927
11
107.7840929999999986
21
-102.6266849999999948
0
LINE
8
BLACK
6
CONTINUOUS
10
107.7840929999999986
20
-102.6266849999999948
11
107.8166009999999915
21
-102.4632579999999962
0
LINE
8
BLACK
6
CONTINUOUS
10
107.8166009999999915
20
-102.4632579999999962
11
107.8790169999999904
21
-102.3125709999999913
0
LINE
8
BLACK
6
CONTINUOUS
10
107.8790169999999904
20
-102.3125709999999913
11
107.609265999999991
21
-102.0428199999999919
0
LINE
8
BLACK
6
CONTINUOUS
10
107.609265999999991
20
-102.0428199999999919
11
107.5864629999999948
21
-102.0114349999999916
0
LINE
8
BLACK
6
CONTINUOUS
10
107.5864629999999948
20
-102.0114349999999916
11
107.5016339999999957
21
-101.8449489999999997
0
LINE
8
BLACK
6
CONTINUOUS
10
107.5016339999999957
20
-101.8449489999999997
11
107.4876969999999972
21
-101.8257660000000016
0
LINE
8
BLACK
6
CONTINUOUS
10
107.4876969999999972
20
-101.8257660000000016
11
107.4086989999999986
21
-101.7170339999999982
0
LINE
8
BLACK
6
CONTINUOUS
10
107.4086989999999986
20
-101.7170339999999982
11
107.4086920000000021
21
-101.7170259999999899
0
LINE
8
BLACK
6
CONTINUOUS
10
107.4086920000000021
20
-101.7170259999999899
11
107.3489309999999932
21
-101.6347710000000006
0
LINE
8
BLACK
6
CONTINUOUS
10
107.3489309999999932
20
-101.6347710000000006
11
107.3218079999999901
21
-101.6076479999999975
0
LINE
8
BLACK
6
CONTINUOUS
10
107.3218079999999901
20
-101.6076479999999975
11
107.3174049999999937
21
-101.6021049999999946
0
LINE
8
BLACK
6
CONTINUOUS
10
107.3174049999999937
20
-101.6021049999999946
11
107.3068179999999927
21
-101.5760310000000004
0
LINE
8
BLACK
6
CONTINUOUS
10
107.3068179999999927
20
-101.5760310000000004
11
107.2933340000000015
21
-101.5513359999999921
0
LINE
8
BLACK
6
CONTINUOUS
10
107.2933340000000015
20
-101.5513359999999921
11
107.2920879999999926
21
-101.539749999999998
0
LINE
8
BLACK
6
CONTINUOUS
10
107.2920879999999926
20
-101.539749999999998
11
107.2911209999999897
21
-101.5373680000000007
0
LINE
8
BLACK
6
CONTINUOUS
10
107.2911209999999897
20
-101.5373680000000007
11
107.2915729999999996
21
-101.5349579999999889
0
LINE
8
BLACK
6
CONTINUOUS
10
107.2915729999999996
20
-101.5349579999999889
11
107.2904999999999944
21
-101.5249779999999902
0
LINE
8
BLACK
6
CONTINUOUS
10
107.2904999999999944
20
-101.5249779999999902
11
107.2904999999999944
21
-100.9955130000000025
0
LINE
8
BLACK
6
CONTINUOUS
10
107.2904999999999944
20
-100.9955130000000025
11
107.2609399999999908
21
-100.8088809999999995
0
LINE
8
BLACK
6
CONTINUOUS
10
107.2609399999999908
20
-100.8088809999999995
11
107.2025450000000006
21
-100.6291629999999913
0
LINE
8
BLACK
6
CONTINUOUS
10
107.2025450000000006
20
-100.6291629999999913
11
107.1167590000000018
21
-100.4607999999999919
0
LINE
8
BLACK
6
CONTINUOUS
10
107.1167590000000018
20
-100.4607999999999919
11
107.0056900000000013
21
-100.3079259999999948
0
LINE
8
BLACK
6
CONTINUOUS
10
107.0056900000000013
20
-100.3079259999999948
11
106.0320739999999944
21
-99.3343100000000021
0
LINE
8
BLACK
6
CONTINUOUS
10
106.0320739999999944
20
-99.3343100000000021
11
105.8791989999999998
21
-99.2232399999999899
0
LINE
8
BLACK
6
CONTINUOUS
10
105.8791989999999998
20
-99.2232399999999899
11
105.7108360000000005
21
-99.1374539999999911
0
LINE
8
BLACK
6
CONTINUOUS
10
105.7108360000000005
20
-99.1374539999999911
11
105.5311179999999922
21
-99.0790590000000009
0
LINE
8
BLACK
6
CONTINUOUS
10
105.5311179999999922
20
-99.0790590000000009
11
105.3444859999999892
21
-99.0494999999999948
0
LINE
8
BLACK
6
CONTINUOUS
10
105.3444859999999892
20
-99.0494999999999948
11
105.3444810000000018
21
-99.0494999999999948
0
LINE
8
BLACK
6
CONTINUOUS
10
105.3444810000000018
20
-99.0494999999999948
11
85.8444819999999993
21
-99.0494999999999948
0
LINE
8
BLACK
6
CONTINUOUS
10
85.8444819999999993
20
-99.0494999999999948
11
85.6555189999999982
21
-99.0494999999999948
0
LINE
8
BLACK
6
CONTINUOUS
10
85.6555189999999982
20
-99.0494999999999948
11
85.6555139999999966
21
-99.0494999999999948
0
LINE
8
BLACK
6
CONTINUOUS
10
85.6555139999999966
20
-99.0494999999999948
11
85.4688809999999961
21
-99.0790590000000009
0
LINE
8
BLACK
6
CONTINUOUS
10
85.4688809999999961
20
-99.0790590000000009
11
85.2891630000000021
21
-99.1374539999999911
0
LINE
8
BLACK
6
CONTINUOUS
10
85.2891630000000021
20
-99.1374539999999911
11
85.1208000000000027
21
-99.2232399999999899
0
LINE
8
BLACK
6
CONTINUOUS
10
85.1208000000000027
20
-99.2232399999999899
11
85.0335790000000031
21
-99.286609999999996
0
LINE
8
BLACK
6
CONTINUOUS
10
85.0335790000000031
20
-99.286609999999996
11
84.9679270000000031
21
-99.3343100000000021
0
LINE
8
BLACK
6
CONTINUOUS
10
84.9679270000000031
20
-99.3343100000000021
11
84.9679249999999939
21
-99.3343119999999971
0
LINE
8
BLACK
6
CONTINUOUS
10
84.9679249999999939
20
-99.3343119999999971
11
84.9679239999999965
21
-99.3343119999999971
0
LINE
8
BLACK
6
CONTINUOUS
10
84.9679239999999965
20
-99.3343119999999971
11
81.8343079999999929
21
-102.4679269999999889
0
LINE
8
BLACK
6
CONTINUOUS
10
81.8343079999999929
20
-102.4679269999999889
11
81.834304000000003
21
-102.4679319999999905
0
LINE
8
BLACK
6
CONTINUOUS
10
81.834304000000003
20
-102.4679319999999905
11
81.7528089999999992
21
-102.5801019999999966
0
LINE
8
BLACK
6
CONTINUOUS
10
81.7528089999999992
20
-102.5801019999999966
11
81.7528089999999992
21
-102.580102999999994
0
LINE
8
BLACK
6
CONTINUOUS
10
81.7528089999999992
20
-102.580102999999994
11
81.7232399999999899
21
-102.6207999999999885
0
LINE
8
BLACK
6
CONTINUOUS
10
81.7232399999999899
20
-102.6207999999999885
11
81.6374539999999911
21
-102.7891630000000021
0
LINE
8
BLACK
6
CONTINUOUS
10
81.6374539999999911
20
-102.7891630000000021
11
81.5790590000000009
21
-102.9688809999999961
0
LINE
8
BLACK
6
CONTINUOUS
10
81.5790590000000009
20
-102.9688809999999961
11
81.5494999999999948
21
-103.1555129999999991
0
LINE
8
BLACK
6
CONTINUOUS
10
81.5494999999999948
20
-103.1555129999999991
11
81.5494999999999948
21
-106.769252999999992
0
LINE
8
BLACK
6
CONTINUOUS
10
81.5494999999999948
20
-106.769252999999992
11
81.5298149999999993
21
-106.8362920000000003
0
LINE
8
BLACK
6
CONTINUOUS
10
81.5298149999999993
20
-106.8362920000000003
11
81.525818000000001
21
-106.8421379999999914
0
LINE
8
BLACK
6
CONTINUOUS
10
81.525818000000001
20
-106.8421379999999914
11
81.4666589999999928
21
-106.9235630000000015
0
LINE
8
BLACK
6
CONTINUOUS
10
81.4666589999999928
20
-106.9235630000000015
11
81.3594329999999957
21
-107.1340029999999928
0
LINE
8
BLACK
6
CONTINUOUS
10
81.3594329999999957
20
-107.1340029999999928
11
81.286445999999998
21
-107.3586309999999884
0
LINE
8
BLACK
6
CONTINUOUS
10
81.286445999999998
20
-107.3586309999999884
11
81.2494999999999976
21
-107.5919019999999904
0
LINE
8
BLACK
6
CONTINUOUS
10
81.2494999999999976
20
-107.5919019999999904
11
81.2494999999999976
21
-107.8280969999999996
0
LINE
8
BLACK
6
CONTINUOUS
10
81.2494999999999976
20
-107.8280969999999996
11
81.286445999999998
21
-108.0613680000000016
0
LINE
8
BLACK
6
CONTINUOUS
10
81.286445999999998
20
-108.0613680000000016
11
81.3594329999999957
21
-108.2859959999999973
0
LINE
8
BLACK
6
CONTINUOUS
10
81.3594329999999957
20
-108.2859959999999973
11
81.4328489999999903
21
-108.4300810000000013
0
LINE
8
BLACK
6
CONTINUOUS
10
81.4328489999999903
20
-108.4300810000000013
11
81.4666569999999979
21
-108.4964329999999961
0
LINE
8
BLACK
6
CONTINUOUS
10
81.4666569999999979
20
-108.4964329999999961
11
81.6054829999999924
21
-108.687509999999989
0
LINE
8
BLACK
6
CONTINUOUS
10
81.6054829999999924
20
-108.687509999999989
11
81.7724899999999906
21
-108.8545170000000013
0
LINE
8
BLACK
6
CONTINUOUS
10
81.7724899999999906
20
-108.8545170000000013
11
81.9635669999999976
21
-108.9933429999999959
0
LINE
8
BLACK
6
CONTINUOUS
10
81.9635669999999976
20
-108.9933429999999959
11
82.0574029999999937
21
-109.0411549999999892
0
LINE
8
BLACK
6
CONTINUOUS
10
82.0574029999999937
20
-109.0411549999999892
11
82.174002999999999
21
-109.1005660000000006
0
LINE
8
BLACK
6
CONTINUOUS
10
82.174002999999999
20
-109.1005660000000006
11
82.174004999999994
21
-109.1005660000000006
0
LINE
8
BLACK
6
CONTINUOUS
10
82.174004999999994
20
-109.1005660000000006
11
82.1740080000000006
21
-109.1005679999999955
0
LINE
8
BLACK
6
CONTINUOUS
10
82.1740080000000006
20
-109.1005679999999955
11
82.2757679999999993
21
-109.1336319999999915
0
LINE
8
BLACK
6
CONTINUOUS
10
82.2757679999999993
20
-109.1336319999999915
11
82.3986309999999946
21
-109.1735529999999983
0
LINE
8
BLACK
6
CONTINUOUS
10
82.3986309999999946
20
-109.1735529999999983
11
82.6319029999999941
21
-109.2104999999999961
0
LINE
8
BLACK
6
CONTINUOUS
10
82.6319029999999941
20
-109.2104999999999961
11
82.6319079999999957
21
-109.2104999999999961
0
LINE
8
BLACK
6
CONTINUOUS
10
82.6319079999999957
20
-109.2104999999999961
11
82.8680969999999917
21
-109.2104999999999961
0
LINE
8
BLACK
6
CONTINUOUS
10
82.8680969999999917
20
-109.2104999999999961
11
83.1013679999999937
21
-109.1735529999999983
0
LINE
8
BLACK
6
CONTINUOUS
10
83.1013679999999937
20
-109.1735529999999983
11
83.3259919999999994
21
-109.1005679999999955
0
LINE
8
BLACK
6
CONTINUOUS
10
83.3259919999999994
20
-109.1005679999999955
11
83.5364330000000024
21
-108.9933429999999959
0
LINE
8
BLACK
6
CONTINUOUS
10
83.5364330000000024
20
-108.9933429999999959
11
83.7275099999999952
21
-108.8545170000000013
0
LINE
8
BLACK
6
CONTINUOUS
10
83.7275099999999952
20
-108.8545170000000013
11
83.8945169999999933
21
-108.687509999999989
0
LINE
8
BLACK
6
CONTINUOUS
10
83.8945169999999933
20
-108.687509999999989
11
84.0333430000000021
21
-108.4964329999999961
0
LINE
8
BLACK
6
CONTINUOUS
10
84.0333430000000021
20
-108.4964329999999961
11
84.1405680000000018
21
-108.2859919999999931
0
LINE
8
BLACK
6
CONTINUOUS
10
84.1405680000000018
20
-108.2859919999999931
11
84.2135529999999903
21
-108.0613680000000016
0
LINE
8
BLACK
6
CONTINUOUS
10
84.2135529999999903
20
-108.0613680000000016
11
84.2179059999999993
21
-108.0338819999999913
0
LINE
8
BLACK
6
CONTINUOUS
10
84.2179059999999993
20
-108.0338819999999913
11
84.2505000000000024
21
-107.8280969999999996
0
LINE
8
BLACK
6
CONTINUOUS
10
84.2505000000000024
20
-107.8280969999999996
11
84.2505000000000024
21
-107.5919019999999904
0
LINE
8
BLACK
6
CONTINUOUS
10
84.2505000000000024
20
-107.5919019999999904
11
84.2135529999999903
21
-107.3586309999999884
0
LINE
8
BLACK
6
CONTINUOUS
10
84.2135529999999903
20
-107.3586309999999884
11
84.1405659999999926
21
-107.1340029999999928
0
LINE
8
BLACK
6
CONTINUOUS
10
84.1405659999999926
20
-107.1340029999999928
11
84.074105000000003
21
-107.0035669999999897
0
LINE
8
BLACK
6
CONTINUOUS
10
84.074105000000003
20
-107.0035669999999897
11
84.0333430000000021
21
-106.9235669999999914
0
LINE
8
BLACK
6
CONTINUOUS
10
84.0333430000000021
20
-106.9235669999999914
11
84.0226979999999912
21
-106.9089159999999907
0
LINE
8
BLACK
6
CONTINUOUS
10
84.0226979999999912
20
-106.9089159999999907
11
83.974181999999999
21
-106.8421379999999914
0
LINE
8
BLACK
6
CONTINUOUS
10
83.974181999999999
20
-106.8421379999999914
11
83.9507019999999926
21
-106.7763319999999965
0
LINE
8
BLACK
6
CONTINUOUS
10
83.9507019999999926
20
-106.7763319999999965
11
83.950499999999991
21
-106.769252999999992
0
LINE
8
BLACK
6
CONTINUOUS
10
83.950499999999991
20
-106.769252999999992
11
83.950499999999991
21
-103.7986239999999896
0
LINE
8
BLACK
6
CONTINUOUS
10
83.950499999999991
20
-103.7986239999999896
11
83.9701850000000007
21
-103.7315849999999955
0
LINE
8
BLACK
6
CONTINUOUS
10
83.9701850000000007
20
-103.7315849999999955
11
83.9868139999999954
21
-103.7109480000000019
0
LINE
8
BLACK
6
CONTINUOUS
10
83.9868139999999954
20
-103.7109480000000019
11
85.303726999999995
21
-102.3940339999999907
0
LINE
8
BLACK
6
CONTINUOUS
10
85.303726999999995
20
-102.3940339999999907
11
85.3650480000000016
21
-102.360551000000001
0
LINE
8
BLACK
6
CONTINUOUS
10
85.3650480000000016
20
-102.360551000000001
11
85.4347399999999908
21
-102.3655349999999942
0
LINE
8
BLACK
6
CONTINUOUS
10
85.4347399999999908
20
-102.3655349999999942
11
85.490673000000001
21
-102.4074069999999921
0
LINE
8
BLACK
6
CONTINUOUS
10
85.490673000000001
20
-102.4074069999999921
11
85.5150900000000007
21
-102.4728709999999978
0
LINE
8
BLACK
6
CONTINUOUS
10
85.5150900000000007
20
-102.4728709999999978
11
85.5138790000000029
21
-102.5011140000000012
0
LINE
8
BLACK
6
CONTINUOUS
10
85.5138790000000029
20
-102.5011140000000012
11
85.4994999999999976
21
-102.5919009999999929
0
LINE
8
BLACK
6
CONTINUOUS
10
85.4994999999999976
20
-102.5919009999999929
11
85.4994999999999976
21
-102.8280969999999996
0
LINE
8
BLACK
6
CONTINUOUS
10
85.4994999999999976
20
-102.8280969999999996
11
85.536445999999998
21
-103.0613680000000016
0
LINE
8
BLACK
6
CONTINUOUS
10
85.536445999999998
20
-103.0613680000000016
11
85.6094329999999957
21
-103.2859959999999973
0
LINE
8
BLACK
6
CONTINUOUS
10
85.6094329999999957
20
-103.2859959999999973
11
85.6718860000000006
21
-103.4085649999999958
0
LINE
8
BLACK
6
CONTINUOUS
10
85.6718860000000006
20
-103.4085649999999958
11
85.7166569999999979
21
-103.4964329999999961
0
LINE
8
BLACK
6
CONTINUOUS
10
85.7166569999999979
20
-103.4964329999999961
11
85.8554829999999924
21
-103.687509999999989
0
LINE
8
BLACK
6
CONTINUOUS
10
85.8554829999999924
20
-103.687509999999989
11
86.0224899999999906
21
-103.8545170000000013
0
LINE
8
BLACK
6
CONTINUOUS
10
86.0224899999999906
20
-103.8545170000000013
11
86.2135669999999976
21
-103.9933429999999959
0
LINE
8
BLACK
6
CONTINUOUS
10
86.2135669999999976
20
-103.9933429999999959
11
86.2791459999999972
21
-104.0267569999999893
0
LINE
8
BLACK
6
CONTINUOUS
10
86.2791459999999972
20
-104.0267569999999893
11
86.424002999999999
21
-104.1005660000000006
0
LINE
8
BLACK
6
CONTINUOUS
10
86.424002999999999
20
-104.1005660000000006
11
86.424004999999994
21
-104.1005660000000006
0
LINE
8
BLACK
6
CONTINUOUS
10
86.424004999999994
20
-104.1005660000000006
11
86.4240080000000006
21
-104.1005679999999955
0
LINE
8
BLACK
6
CONTINUOUS
10
86.4240080000000006
20
-104.1005679999999955
11
86.5444119999999941
21
-104.13968899999999
0
LINE
8
BLACK
6
CONTINUOUS
10
86.5444119999999941
20
-104.13968899999999
11
86.6486309999999946
21
-104.1735529999999983
0
LINE
8
BLACK
6
CONTINUOUS
10
86.6486309999999946
20
-104.1735529999999983
11
86.8819029999999941
21
-104.2104999999999961
0
LINE
8
BLACK
6
CONTINUOUS
10
86.8819029999999941
20
-104.2104999999999961
11
86.8819079999999957
21
-104.2104999999999961
0
LINE
8
BLACK
6
CONTINUOUS
10
86.8819079999999957
20
-104.2104999999999961
11
87.1180969999999917
21
-104.2104999999999961
0
LINE
8
BLACK
6
CONTINUOUS
10
87.1180969999999917
20
-104.2104999999999961
11
87.3513679999999937
21
-104.1735529999999983
0
LINE
8
BLACK
6
CONTINUOUS
10
87.3513679999999937
20
-104.1735529999999983
11
87.5759919999999994
21
-104.1005679999999955
0
LINE
8
BLACK
6
CONTINUOUS
10
87.5759919999999994
20
-104.1005679999999955
11
87.7864330000000024
21
-103.9933429999999959
0
LINE
8
BLACK
6
CONTINUOUS
10
87.7864330000000024
20
-103.9933429999999959
11
87.824237999999994
21
-103.9658749999999969
0
LINE
8
BLACK
6
CONTINUOUS
10
87.824237999999994
20
-103.9658749999999969
11
87.8678620000000024
21
-103.9341819999999927
0
LINE
8
BLACK
6
CONTINUOUS
10
87.8678620000000024
20
-103.9341819999999927
11
87.9336679999999973
21
-103.9107020000000006
0
LINE
8
BLACK
6
CONTINUOUS
10
87.9336679999999973
20
-103.9107020000000006
11
87.9407470000000018
21
-103.910499999999999
0
LINE
8
BLACK
6
CONTINUOUS
10
87.9407470000000018
20
-103.910499999999999
11
101.9062929999999909
21
-103.910499999999999
0
LINE
8
BLACK
6
CONTINUOUS
10
101.9062929999999909
20
-103.910499999999999
11
101.9733319999999992
21
-103.9301849999999945
0
LINE
8
BLACK
6
CONTINUOUS
10
101.9733319999999992
20
-103.9301849999999945
11
102.0112869999999958
21
-103.9685279999999921
0
LINE
8
BLACK
6
CONTINUOUS
10
102.0112869999999958
20
-103.9685279999999921
11
102.0701839999999976
21
-104.0622619999999898
0
LINE
8
BLACK
6
CONTINUOUS
10
102.0701839999999976
20
-104.0622619999999898
11
102.197739999999996
21
-104.1898179999999883
0
LINE
8
BLACK
6
CONTINUOUS
10
102.197739999999996
20
-104.1898179999999883
11
102.2914710000000014
21
-104.2487119999999976
0
LINE
8
BLACK
6
CONTINUOUS
10
102.2914710000000014
20
-104.2487119999999976
11
102.3377629999999954
21
-104.3010459999999995
0
LINE
8
BLACK
6
CONTINUOUS
10
102.3377629999999954
20
-104.3010459999999995
11
102.3494999999999919
21
-104.3537059999999883
0
LINE
8
BLACK
6
CONTINUOUS
10
102.3494999999999919
20
-104.3537059999999883
11
102.3494999999999919
21
-106.8944860000000006
0
LINE
8
BLACK
6
CONTINUOUS
10
102.3494999999999919
20
-106.8944860000000006
11
102.379058999999998
21
-107.0811179999999894
0
LINE
8
BLACK
6
CONTINUOUS
10
102.379058999999998
20
-107.0811179999999894
11
102.4374540000000025
21
-107.2608359999999976
0
LINE
8
BLACK
6
CONTINUOUS
10
102.4374540000000025
20
-107.2608359999999976
11
102.4872839999999883
21
-107.3586320000000001
0
LINE
8
BLACK
6
CONTINUOUS
10
102.4872839999999883
20
-107.3586320000000001
11
102.5232400000000013
21
-107.429198999999997
0
LINE
8
BLACK
6
CONTINUOUS
10
102.5232400000000013
20
-107.429198999999997
11
102.6343099999999993
21
-107.5820739999999915
0
LINE
8
BLACK
6
CONTINUOUS
10
102.6343099999999993
20
-107.5820739999999915
11
102.6343119999999942
21
-107.5820760000000007
0
LINE
8
BLACK
6
CONTINUOUS
10
102.6343119999999942
20
-107.5820760000000007
11
103.1200549999999936
21
-108.0678190000000001
0
LINE
8
BLACK
6
CONTINUOUS
10
103.1200549999999936
20
-108.0678190000000001
11
103.1535399999999925
21
-108.1291420000000016
0
LINE
8
BLACK
6
CONTINUOUS
10
103.1535399999999925
20
-108.1291420000000016
11
103.1485559999999992
21
-108.1988339999999909
0
LINE
8
BLACK
6
CONTINUOUS
10
103.1485559999999992
20
-108.1988339999999909
11
103.1066840000000013
21
-108.2547670000000011
0
LINE
8
BLACK
6
CONTINUOUS
10
103.1066840000000013
20
-108.2547670000000011
11
103.0412199999999956
21
-108.2791840000000008
0
LINE
8
BLACK
6
CONTINUOUS
10
103.0412199999999956
20
-108.2791840000000008
11
103.0323739999999901
21
-108.2794999999999987
0
LINE
8
BLACK
6
CONTINUOUS
10
103.0323739999999901
20
-108.2794999999999987
11
102.2283919999999995
21
-108.2794999999999987
0
LINE
8
BLACK
6
CONTINUOUS
10
102.2283919999999995
20
-108.2794999999999987
11
102.1902979999999985
21
-108.2832509999999928
0
LINE
8
BLACK
6
CONTINUOUS
10
102.1902979999999985
20
-108.2832509999999928
11
102.0740669999999994
21
-108.2946989999999943
0
LINE
8
BLACK
6
CONTINUOUS
10
102.0740669999999994
20
-108.2946989999999943
11
101.8760429999999957
21
-108.3547689999999903
0
LINE
8
BLACK
6
CONTINUOUS
10
101.8760429999999957
20
-108.3547689999999903
11
101.6935439999999886
21
-108.4523179999999911
0
LINE
8
BLACK
6
CONTINUOUS
10
101.6935439999999886
20
-108.4523179999999911
11
101.6820889999999906
21
-108.461718999999988
0
LINE
8
BLACK
6
CONTINUOUS
10
101.6820889999999906
20
-108.461718999999988
11
101.6177780000000013
21
-108.4890299999999996
0
LINE
8
BLACK
6
CONTINUOUS
10
101.6177780000000013
20
-108.4890299999999996
11
101.5489109999999897
21
-108.4772359999999907
0
LINE
8
BLACK
6
CONTINUOUS
10
101.5489109999999897
20
-108.4772359999999907
11
101.4973529999999897
21
-108.4300810000000013
0
LINE
8
BLACK
6
CONTINUOUS
10
101.4973529999999897
20
-108.4300810000000013
11
101.4809559999999919
21
-108.3852669999999989
0
LINE
8
BLACK
6
CONTINUOUS
10
101.4809559999999919
20
-108.3852669999999989
11
101.4609399999999937
21
-108.2588819999999998
0
LINE
8
BLACK
6
CONTINUOUS
10
101.4609399999999937
20
-108.2588819999999998
11
101.4025469999999984
21
-108.0791679999999957
0
LINE
8
BLACK
6
CONTINUOUS
10
101.4025469999999984
20
-108.0791679999999957
11
101.4025449999999893
21
-108.079164999999989
0
LINE
8
BLACK
6
CONTINUOUS
10
101.4025449999999893
20
-108.079164999999989
11
101.4025449999999893
21
-108.0791629999999941
0
LINE
8
BLACK
6
CONTINUOUS
10
101.4025449999999893
20
-108.0791629999999941
11
101.3572899999999919
21
-107.9903469999999999
0
LINE
8
BLACK
6
CONTINUOUS
10
101.3572899999999919
20
-107.9903469999999999
11
101.3167600000000022
21
-107.9108009999999922
0
LINE
8
BLACK
6
CONTINUOUS
10
101.3167600000000022
20
-107.9108009999999922
11
101.2056899999999899
21
-107.7579259999999977
0
LINE
8
BLACK
6
CONTINUOUS
10
101.2056899999999899
20
-107.7579259999999977
11
100.0320739999999944
21
-106.5843100000000021
0
LINE
8
BLACK
6
CONTINUOUS
10
100.0320739999999944
20
-106.5843100000000021
11
99.8791989999999998
21
-106.4732399999999899
0
LINE
8
BLACK
6
CONTINUOUS
10
99.8791989999999998
20
-106.4732399999999899
11
99.7108360000000005
21
-106.3874539999999911
0
LINE
8
BLACK
6
CONTINUOUS
10
99.7108360000000005
20
-106.3874539999999911
11
99.5311179999999922
21
-106.3290590000000009
0
LINE
8
BLACK
6
CONTINUOUS
10
99.5311179999999922
20
-106.3290590000000009
11
99.3444859999999892
21
-106.2994999999999948
0
LINE
8
BLACK
6
CONTINUOUS
10
99.3444859999999892
20
-106.2994999999999948
11
99.3444810000000018
21
-106.2994999999999948
0
LINE
8
BLACK
6
CONTINUOUS
10
99.3444810000000018
20
-106.2994999999999948
11
91.5944819999999993
21
-106.2994999999999948
0
LINE
8
BLACK
6
CONTINUOUS
10
91.5944819999999993
20
-106.2994999999999948
11
91.4055189999999982
21
-106.2994999999999948
0
LINE
8
BLACK
6
CONTINUOUS
10
91.4055189999999982
20
-106.2994999999999948
11
91.4055139999999966
21
-106.2994999999999948
0
LINE
8
BLACK
6
CONTINUOUS
10
91.4055139999999966
20
-106.2994999999999948
11
91.2188809999999961
21
-106.3290590000000009
0
LINE
8
BLACK
6
CONTINUOUS
10
91.2188809999999961
20
-106.3290590000000009
11
91.0391630000000021
21
-106.3874539999999911
0
LINE
8
BLACK
6
CONTINUOUS
10
91.0391630000000021
20
-106.3874539999999911
11
90.8708000000000027
21
-106.4732399999999899
0
LINE
8
BLACK
6
CONTINUOUS
10
90.8708000000000027
20
-106.4732399999999899
11
90.7835789999999889
21
-106.536609999999996
0
LINE
8
BLACK
6
CONTINUOUS
10
90.7835789999999889
20
-106.536609999999996
11
90.7179269999999889
21
-106.5843100000000021
0
LINE
8
BLACK
6
CONTINUOUS
10
90.7179269999999889
20
-106.5843100000000021
11
90.7179249999999939
21
-106.5843119999999971
0
LINE
8
BLACK
6
CONTINUOUS
10
90.7179249999999939
20
-106.5843119999999971
11
90.7179239999999965
21
-106.5843119999999971
0
LINE
8
BLACK
6
CONTINUOUS
10
90.7179239999999965
20
-106.5843119999999971
11
89.2890549999999905
21
-108.0131809999999888
0
LINE
8
BLACK
6
CONTINUOUS
10
89.2890549999999905
20
-108.0131809999999888
11
89.2277319999999889
21
-108.0466660000000019
0
LINE
8
BLACK
6
CONTINUOUS
10
89.2277319999999889
20
-108.0466660000000019
11
89.2013740000000013
21
-108.0494999999999948
0
LINE
8
BLACK
6
CONTINUOUS
10
89.2013740000000013
20
-108.0494999999999948
11
88.6232880000000023
21
-108.0494999999999948
0
LINE
8
BLACK
6
CONTINUOUS
10
88.6232880000000023
20
-108.0494999999999948
11
88.556248999999994
21
-108.0298149999999993
0
LINE
8
BLACK
6
CONTINUOUS
10
88.556248999999994
20
-108.0298149999999993
11
88.5104939999999942
21
-107.9770109999999903
0
LINE
8
BLACK
6
CONTINUOUS
10
88.5104939999999942
20
-107.9770109999999903
11
88.5012949999999989
21
-107.9130349999999936
0
LINE
8
BLACK
6
CONTINUOUS
10
88.5012949999999989
20
-107.9130349999999936
11
88.5001180000000005
21
-107.9129429999999985
0
LINE
8
BLACK
6
CONTINUOUS
10
88.5001180000000005
20
-107.9129429999999985
11
88.5005000000000024
21
-107.9080919999999963
0
LINE
8
BLACK
6
CONTINUOUS
10
88.5005000000000024
20
-107.9080919999999963
11
88.5005000000000024
21
-107.6719019999999887
0
LINE
8
BLACK
6
CONTINUOUS
10
88.5005000000000024
20
-107.6719019999999887
11
88.4635529999999903
21
-107.4386310000000009
0
LINE
8
BLACK
6
CONTINUOUS
10
88.4635529999999903
20
-107.4386310000000009
11
88.3905659999999926
21
-107.2140029999999911
0
LINE
8
BLACK
6
CONTINUOUS
10
88.3905659999999926
20
-107.2140029999999911
11
88.2833419999999904
21
-107.0035659999999922
0
LINE
8
BLACK
6
CONTINUOUS
10
88.2833419999999904
20
-107.0035659999999922
11
88.2252189999999956
21
-106.9235669999999914
0
LINE
8
BLACK
6
CONTINUOUS
10
88.2252189999999956
20
-106.9235669999999914
11
88.1445169999999933
21
-106.8124899999999968
0
LINE
8
BLACK
6
CONTINUOUS
10
88.1445169999999933
20
-106.8124899999999968
11
87.9775099999999952
21
-106.6454829999999987
0
LINE
8
BLACK
6
CONTINUOUS
10
87.9775099999999952
20
-106.6454829999999987
11
87.7864330000000024
21
-106.5066569999999899
0
LINE
8
BLACK
6
CONTINUOUS
10
87.7864330000000024
20
-106.5066569999999899
11
87.5759959999999893
21
-106.3994330000000019
0
LINE
8
BLACK
6
CONTINUOUS
10
87.5759959999999893
20
-106.3994330000000019
11
87.3513679999999937
21
-106.32644599999999
0
LINE
8
BLACK
6
CONTINUOUS
10
87.3513679999999937
20
-106.32644599999999
11
87.1180969999999917
21
-106.2894999999999897
0
LINE
8
BLACK
6
CONTINUOUS
10
87.1180969999999917
20
-106.2894999999999897
11
87.1180919999999901
21
-106.2894999999999897
0
LINE
8
BLACK
6
CONTINUOUS
10
87.1180919999999901
20
-106.2894999999999897
11
86.8819079999999957
21
-106.2894999999999897
0
LINE
8
BLACK
6
CONTINUOUS
10
86.8819079999999957
20
-106.2894999999999897
11
86.8819029999999941
21
-106.2894999999999897
0
LINE
8
BLACK
6
CONTINUOUS
10
86.8819029999999941
20
-106.2894999999999897
11
86.6486309999999946
21
-106.32644599999999
0
LINE
8
BLACK
6
CONTINUOUS
10
86.6486309999999946
20
-106.32644599999999
11
86.424002999999999
21
-106.3994330000000019
0
LINE
8
BLACK
6
CONTINUOUS
10
86.424002999999999
20
-106.3994330000000019
11
86.2135660000000001
21
-106.5066569999999899
0
LINE
8
BLACK
6
CONTINUOUS
10
86.2135660000000001
20
-106.5066569999999899
11
86.1066869999999938
21
-106.5843100000000021
0
LINE
8
BLACK
6
CONTINUOUS
10
86.1066869999999938
20
-106.5843100000000021
11
86.0224899999999906
21
-106.6454829999999987
0
LINE
8
BLACK
6
CONTINUOUS
10
86.0224899999999906
20
-106.6454829999999987
11
86.0224879999999956
21
-106.6454849999999936
0
LINE
8
BLACK
6
CONTINUOUS
10
86.0224879999999956
20
-106.6454849999999936
11
86.0224869999999981
21
-106.6454849999999936
0
LINE
8
BLACK
6
CONTINUOUS
10
86.0224869999999981
20
-106.6454849999999936
11
85.8554850000000016
21
-106.8124869999999902
0
LINE
8
BLACK
6
CONTINUOUS
10
85.8554850000000016
20
-106.8124869999999902
11
85.8554850000000016
21
-106.8124880000000019
0
LINE
8
BLACK
6
CONTINUOUS
10
85.8554850000000016
20
-106.8124880000000019
11
85.8554829999999924
21
-106.8124899999999968
0
LINE
8
BLACK
6
CONTINUOUS
10
85.8554829999999924
20
-106.8124899999999968
11
85.7959129999999988
21
-106.894480999999999
0
LINE
8
BLACK
6
CONTINUOUS
10
85.7959129999999988
20
-106.894480999999999
11
85.7166569999999979
21
-107.0035659999999922
0
LINE
8
BLACK
6
CONTINUOUS
10
85.7166569999999979
20
-107.0035659999999922
11
85.6094329999999957
21
-107.2140029999999911
0
LINE
8
BLACK
6
CONTINUOUS
10
85.6094329999999957
20
-107.2140029999999911
11
85.536445999999998
21
-107.4386310000000009
0
LINE
8
BLACK
6
CONTINUOUS
10
85.536445999999998
20
-107.4386310000000009
11
85.4994999999999976
21
-107.6719019999999887
0
LINE
8
BLACK
6
CONTINUOUS
10
85.4994999999999976
20
-107.6719019999999887
11
85.4994999999999976
21
-107.9080969999999979
0
LINE
8
BLACK
6
CONTINUOUS
10
85.4994999999999976
20
-107.9080969999999979
11
85.536445999999998
21
-108.1413679999999999
0
LINE
8
BLACK
6
CONTINUOUS
10
85.536445999999998
20
-108.1413679999999999
11
85.6094329999999957
21
-108.3659959999999955
0
LINE
8
BLACK
6
CONTINUOUS
10
85.6094329999999957
20
-108.3659959999999955
11
85.6721229999999991
21
-108.4890299999999996
0
LINE
8
BLACK
6
CONTINUOUS
10
85.6721229999999991
20
-108.4890299999999996
11
85.7166569999999979
21
-108.5764329999999944
0
LINE
8
BLACK
6
CONTINUOUS
10
85.7166569999999979
20
-108.5764329999999944
11
85.775818000000001
21
-108.6578609999999969
0
LINE
8
BLACK
6
CONTINUOUS
10
85.775818000000001
20
-108.6578609999999969
11
85.7992979999999932
21
-108.7236659999999944
0
LINE
8
BLACK
6
CONTINUOUS
10
85.7992979999999932
20
-108.7236659999999944
11
85.7994999999999948
21
-108.7307459999999963
0
LINE
8
BLACK
6
CONTINUOUS
10
85.7994999999999948
20
-108.7307459999999963
11
85.7994999999999948
21
-110.269252999999992
0
LINE
8
BLACK
6
CONTINUOUS
10
85.7994999999999948
20
-110.269252999999992
11
85.7798149999999993
21
-110.3362920000000003
0
LINE
8
BLACK
6
CONTINUOUS
10
85.7798149999999993
20
-110.3362920000000003
11
85.775818000000001
21
-110.3421379999999914
0
LINE
8
BLACK
6
CONTINUOUS
10
85.775818000000001
20
-110.3421379999999914
11
85.7166589999999928
21
-110.4235630000000015
0
LINE
8
BLACK
6
CONTINUOUS
10
85.7166589999999928
20
-110.4235630000000015
11
85.6094329999999957
21
-110.6340029999999928
0
LINE
8
BLACK
6
CONTINUOUS
10
85.6094329999999957
20
-110.6340029999999928
11
85.536445999999998
21
-110.8586309999999884
0
LINE
8
BLACK
6
CONTINUOUS
10
85.536445999999998
20
-110.8586309999999884
11
85.4994999999999976
21
-111.0919019999999904
0
LINE
8
BLACK
6
CONTINUOUS
10
85.4994999999999976
20
-111.0919019999999904
11
85.4994999999999976
21
-111.3280969999999996
0
LINE
8
BLACK
6
CONTINUOUS
10
85.4994999999999976
20
-111.3280969999999996
11
85.536445999999998
21
-111.5613680000000016
0
LINE
8
BLACK
6
CONTINUOUS
10
85.536445999999998
20
-111.5613680000000016
11
85.6094329999999957
21
-111.7859959999999973
0
LINE
8
BLACK
6
CONTINUOUS
10
85.6094329999999957
20
-111.7859959999999973
11
85.7166569999999979
21
-111.9964329999999961
0
LINE
8
BLACK
6
CONTINUOUS
10
85.7166569999999979
20
-111.9964329999999961
11
85.8554829999999924
21
-112.187509999999989
0
LINE
8
BLACK
6
CONTINUOUS
10
85.8554829999999924
20
-112.187509999999989
11
86.0224899999999906
21
-112.3545170000000013
0
LINE
8
BLACK
6
CONTINUOUS
10
86.0224899999999906
20
-112.3545170000000013
11
86.2135669999999976
21
-112.4933429999999959
0
LINE
8
BLACK
6
CONTINUOUS
10
86.2135669999999976
20
-112.4933429999999959
11
86.3129909999999967
21
-112.5440019999999919
0
LINE
8
BLACK
6
CONTINUOUS
10
86.3129909999999967
20
-112.5440019999999919
11
86.424002999999999
21
-112.6005660000000006
0
LINE
8
BLACK
6
CONTINUOUS
10
86.424002999999999
20
-112.6005660000000006
11
86.424004999999994
21
-112.6005660000000006
0
LINE
8
BLACK
6
CONTINUOUS
10
86.424004999999994
20
-112.6005660000000006
11
86.4240080000000006
21
-112.6005679999999955
0
LINE
8
BLACK
6
CONTINUOUS
10
86.4240080000000006
20
-112.6005679999999955
11
86.5444119999999941
21
-112.63968899999999
0
LINE
8
BLACK
6
CONTINUOUS
10
86.5444119999999941
20
-112.63968899999999
11
86.6486309999999946
21
-112.6735529999999983
0
LINE
8
BLACK
6
CONTINUOUS
10
86.6486309999999946
20
-112.6735529999999983
11
86.8819029999999941
21
-112.7104999999999961
0
LINE
8
BLACK
6
CONTINUOUS
10
86.8819029999999941
20
-112.7104999999999961
11
86.8819079999999957
21
-112.7104999999999961
0
LINE
8
BLACK
6
CONTINUOUS
10
86.8819079999999957
20
-112.7104999999999961
11
87.1180969999999917
21
-112.7104999999999961
0
LINE
8
BLACK
6
CONTINUOUS
10
87.1180969999999917
20
-112.7104999999999961
11
87.3513679999999937
21
-112.6735529999999983
0
LINE
8
BLACK
6
CONTINUOUS
10
87.3513679999999937
20
-112.6735529999999983
11
87.3564489999999978
21
-112.6719019999999887
0
LINE
8
BLACK
6
CONTINUOUS
10
87.3564489999999978
20
-112.6719019999999887
11
87.5759919999999994
21
-112.6005679999999955
0
LINE
8
BLACK
6
CONTINUOUS
10
87.5759919999999994
20
-112.6005679999999955
11
87.7864330000000024
21
-112.4933429999999959
0
LINE
8
BLACK
6
CONTINUOUS
10
87.7864330000000024
20
-112.4933429999999959
11
87.9775099999999952
21
-112.3545170000000013
0
LINE
8
BLACK
6
CONTINUOUS
10
87.9775099999999952
20
-112.3545170000000013
11
88.1445169999999933
21
-112.187509999999989
0
LINE
8
BLACK
6
CONTINUOUS
10
88.1445169999999933
20
-112.187509999999989
11
88.2833430000000021
21
-111.9964329999999961
0
LINE
8
BLACK
6
CONTINUOUS
10
88.2833430000000021
20
-111.9964329999999961
11
88.3905680000000018
21
-111.7859919999999931
0
LINE
8
BLACK
6
CONTINUOUS
10
88.3905680000000018
20
-111.7859919999999931
11
88.4635529999999903
21
-111.5613680000000016
0
LINE
8
BLACK
6
CONTINUOUS
10
88.4635529999999903
20
-111.5613680000000016
11
88.4763609999999971
21
-111.4804999999999922
0
LINE
8
BLACK
6
CONTINUOUS
10
88.4763609999999971
20
-111.4804999999999922
11
88.5005000000000024
21
-111.3280969999999996
0
LINE
8
BLACK
6
CONTINUOUS
10
88.5005000000000024
20
-111.3280969999999996
11
88.5005000000000024
21
-111.0919019999999904
0
LINE
8
BLACK
6
CONTINUOUS
10
88.5005000000000024
20
-111.0919019999999904
11
88.4751119999999958
21
-110.9316129999999987
0
LINE
8
BLACK
6
CONTINUOUS
10
88.4751119999999958
20
-110.9316129999999987
11
88.4732609999999937
21
-110.9199279999999987
0
LINE
8
BLACK
6
CONTINUOUS
10
88.4732609999999937
20
-110.9199279999999987
11
88.4635529999999903
21
-110.8586320000000001
0
LINE
8
BLACK
6
CONTINUOUS
10
88.4635529999999903
20
-110.8586320000000001
11
88.3905680000000018
21
-110.6340079999999944
0
LINE
8
BLACK
6
CONTINUOUS
10
88.3905680000000018
20
-110.6340079999999944
11
88.3905659999999926
21
-110.6340050000000019
0
LINE
8
BLACK
6
CONTINUOUS
10
88.3905659999999926
20
-110.6340050000000019
11
88.3905659999999926
21
-110.6340029999999928
0
LINE
8
BLACK
6
CONTINUOUS
10
88.3905659999999926
20
-110.6340029999999928
11
88.3889309999999995
21
-110.630794999999992
0
LINE
8
BLACK
6
CONTINUOUS
10
88.3889309999999995
20
-110.630794999999992
11
88.3760350000000017
21
-110.5621259999999921
0
LINE
8
BLACK
6
CONTINUOUS
10
88.3760350000000017
20
-110.5621259999999921
11
88.4023109999999974
21
-110.4973859999999917
0
LINE
8
BLACK
6
CONTINUOUS
10
88.4023109999999974
20
-110.4973859999999917
11
88.459417000000002
21
-110.4571279999999973
0
LINE
8
BLACK
6
CONTINUOUS
10
88.459417000000002
20
-110.4571279999999973
11
88.4994159999999965
21
-110.450499999999991
0
LINE
8
BLACK
6
CONTINUOUS
10
88.4994159999999965
20
-110.450499999999991
11
89.8444859999999892
21
-110.450499999999991
0
LINE
8
BLACK
6
CONTINUOUS
10
89.8444859999999892
20
-110.450499999999991
11
90.0311179999999922
21
-110.4209400000000016
0
LINE
8
BLACK
6
CONTINUOUS
10
90.0311179999999922
20
-110.4209400000000016
11
90.2108319999999964
21
-110.3625469999999922
0
LINE
8
BLACK
6
CONTINUOUS
10
90.2108319999999964
20
-110.3625469999999922
11
90.3791989999999998
21
-110.2767599999999959
0
LINE
8
BLACK
6
CONTINUOUS
10
90.3791989999999998
20
-110.2767599999999959
11
90.5320739999999944
21
-110.1656899999999979
0
LINE
8
BLACK
6
CONTINUOUS
10
90.5320739999999944
20
-110.1656899999999979
11
91.3167959999999965
21
-109.3809679999999958
0
LINE
8
BLACK
6
CONTINUOUS
10
91.3167959999999965
20
-109.3809679999999958
11
91.9609439999999978
21
-108.736818999999997
0
LINE
8
BLACK
6
CONTINUOUS
10
91.9609439999999978
20
-108.736818999999997
11
92.0222669999999994
21
-108.7033339999999981
0
LINE
8
BLACK
6
CONTINUOUS
10
92.0222669999999994
20
-108.7033339999999981
11
92.0486250000000013
21
-108.700499999999991
0
LINE
8
BLACK
6
CONTINUOUS
10
92.0486250000000013
20
-108.700499999999991
11
94.357806999999994
21
-108.700499999999991
0
LINE
8
BLACK
6
CONTINUOUS
10
94.357806999999994
20
-108.700499999999991
11
94.4248460000000023
21
-108.7201850000000007
0
LINE
8
BLACK
6
CONTINUOUS
10
94.4248460000000023
20
-108.7201850000000007
11
94.470601000000002
21
-108.7729889999999955
0
LINE
8
BLACK
6
CONTINUOUS
10
94.470601000000002
20
-108.7729889999999955
11
94.4736189999999993
21
-108.7900659999999959
0
LINE
8
BLACK
6
CONTINUOUS
10
94.4736189999999993
20
-108.7900659999999959
11
94.8506549999999891
21
-109.1671009999999882
0
LINE
8
BLACK
6
CONTINUOUS
10
94.8506549999999891
20
-109.1671009999999882
11
94.9777720000000016
21
-109.1144479999999959
0
LINE
8
BLACK
6
CONTINUOUS
10
94.9777720000000016
20
-109.1144479999999959
11
95.1315859999999986
21
-109.0838519999999932
0
LINE
8
BLACK
6
CONTINUOUS
10
95.1315859999999986
20
-109.0838519999999932
11
95.2884139999999888
21
-109.0838519999999932
0
LINE
8
BLACK
6
CONTINUOUS
10
95.2884139999999888
20
-109.0838519999999932
11
95.4422280000000001
21
-109.1144479999999959
0
LINE
8
BLACK
6
CONTINUOUS
10
95.4422280000000001
20
-109.1144479999999959
11
95.569344000000001
21
-109.1671009999999882
0
LINE
8
BLACK
6
CONTINUOUS
10
95.569344000000001
20
-109.1671009999999882
11
95.9482440000000025
21
-108.7882019999999983
0
LINE
8
BLACK
6
CONTINUOUS
10
95.9482440000000025
20
-108.7882019999999983
11
95.9529409999999956
21
-108.7658489999999887
0
LINE
8
BLACK
6
CONTINUOUS
10
95.9529409999999956
20
-108.7658489999999887
11
96.0019929999999988
21
-108.7160939999999982
0
LINE
8
BLACK
6
CONTINUOUS
10
96.0019929999999988
20
-108.7160939999999982
11
96.0621929999999935
21
-108.700499999999991
0
LINE
8
BLACK
6
CONTINUOUS
10
96.0621929999999935
20
-108.700499999999991
11
96.3852660000000014
21
-108.700499999999991
0
LINE
8
BLACK
6
CONTINUOUS
10
96.3852660000000014
20
-108.700499999999991
11
96.3951899999999995
21
-108.7034139999999951
0
LINE
8
BLACK
6
CONTINUOUS
10
96.3951899999999995
20
-108.7034139999999951
11
96.4054599999999908
21
-108.7021549999999905
0
LINE
8
BLACK
6
CONTINUOUS
10
96.4054599999999908
20
-108.7021549999999905
11
96.4281469999999956
21
-108.7130909999999915
0
LINE
8
BLACK
6
CONTINUOUS
10
96.4281469999999956
20
-108.7130909999999915
11
96.4523049999999955
21
-108.7201850000000007
0
LINE
8
BLACK
6
CONTINUOUS
10
96.4523049999999955
20
-108.7201850000000007
11
96.459077999999991
21
-108.7280019999999894
0
LINE
8
BLACK
6
CONTINUOUS
10
96.459077999999991
20
-108.7280019999999894
11
96.4683989999999909
21
-108.7324950000000001
0
LINE
8
BLACK
6
CONTINUOUS
10
96.4683989999999909
20
-108.7324950000000001
11
96.4815719999999999
21
-108.7539609999999897
0
LINE
8
BLACK
6
CONTINUOUS
10
96.4815719999999999
20
-108.7539609999999897
11
96.4980599999999953
21
-108.7729889999999955
0
LINE
8
BLACK
6
CONTINUOUS
10
96.4980599999999953
20
-108.7729889999999955
11
96.4995320000000021
21
-108.7832269999999966
0
LINE
8
BLACK
6
CONTINUOUS
10
96.4995320000000021
20
-108.7832269999999966
11
96.5049439999999947
21
-108.7920459999999991
0
LINE
8
BLACK
6
CONTINUOUS
10
96.5049439999999947
20
-108.7920459999999991
11
96.5044199999999961
21
-108.8172229999999985
0
LINE
8
BLACK
6
CONTINUOUS
10
96.5044199999999961
20
-108.8172229999999985
11
96.5080039999999997
21
-108.8421469999999971
0
LINE
8
BLACK
6
CONTINUOUS
10
96.5080039999999997
20
-108.8421469999999971
11
96.503666999999993
21
-108.8534140000000008
0
LINE
8
BLACK
6
CONTINUOUS
10
96.503666999999993
20
-108.8534140000000008
11
96.5034909999999968
21
-108.8618999999999915
0
LINE
8
BLACK
6
CONTINUOUS
10
96.5034909999999968
20
-108.8618999999999915
11
96.4904719999999969
21
-108.8876980000000003
0
LINE
8
BLACK
6
CONTINUOUS
10
96.4904719999999969
20
-108.8876980000000003
11
96.4881649999999951
21
-108.893692999999999
0
LINE
8
BLACK
6
CONTINUOUS
10
96.4881649999999951
20
-108.893692999999999
11
96.4868949999999899
21
-108.8955809999999929
0
LINE
8
BLACK
6
CONTINUOUS
10
96.4868949999999899
20
-108.8955809999999929
11
96.3811299999999989
21
-109.0411549999999892
0
LINE
8
BLACK
6
CONTINUOUS
10
96.3811299999999989
20
-109.0411549999999892
11
96.3564959999999928
21
-109.0895009999999985
0
LINE
8
BLACK
6
CONTINUOUS
10
96.3564959999999928
20
-109.0895009999999985
11
96.3523059999999987
21
-109.0957329999999956
0
LINE
8
BLACK
6
CONTINUOUS
10
96.3523059999999987
20
-109.0957329999999956
11
96.330964999999992
21
-109.1134610000000009
0
LINE
8
BLACK
6
CONTINUOUS
10
96.330964999999992
20
-109.1134610000000009
11
96.3119149999999991
21
-109.1336319999999915
0
LINE
8
BLACK
6
CONTINUOUS
10
96.3119149999999991
20
-109.1336319999999915
11
96.3092619999999897
21
-109.134287999999998
0
LINE
8
BLACK
6
CONTINUOUS
10
96.3092619999999897
20
-109.134287999999998
11
95.9228969999999919
21
-109.5206519999999983
0
LINE
8
BLACK
6
CONTINUOUS
10
95.9228969999999919
20
-109.5206519999999983
11
95.9755519999999933
21
-109.6477719999999891
0
LINE
8
BLACK
6
CONTINUOUS
10
95.9755519999999933
20
-109.6477719999999891
11
96.006147999999996
21
-109.8015860000000004
0
LINE
8
BLACK
6
CONTINUOUS
10
96.006147999999996
20
-109.8015860000000004
11
96.006147999999996
21
-109.9584139999999906
0
LINE
8
BLACK
6
CONTINUOUS
10
96.006147999999996
20
-109.9584139999999906
11
95.9755519999999933
21
-110.1122280000000018
0
LINE
8
BLACK
6
CONTINUOUS
10
95.9755519999999933
20
-110.1122280000000018
11
95.9228979999999893
21
-110.2393450000000001
0
LINE
8
BLACK
6
CONTINUOUS
10
95.9228979999999893
20
-110.2393450000000001
11
96.3076700000000017
21
-110.6241179999999957
0
LINE
8
BLACK
6
CONTINUOUS
10
96.3076700000000017
20
-110.6241179999999957
11
96.3080409999999887
21
-110.6241959999999978
0
LINE
8
BLACK
6
CONTINUOUS
10
96.3080409999999887
20
-110.6241959999999978
11
96.3578040000000016
21
-110.6732409999999902
0
LINE
8
BLACK
6
CONTINUOUS
10
96.3578040000000016
20
-110.6732409999999902
11
96.3598909999999904
21
-110.6771619999999956
0
LINE
8
BLACK
6
CONTINUOUS
10
96.3598909999999904
20
-110.6771619999999956
11
96.3659829999999999
21
-110.6891179999999935
0
LINE
8
BLACK
6
CONTINUOUS
10
96.3659829999999999
20
-110.6891179999999935
11
96.3811319999999938
21
-110.7188479999999942
0
LINE
8
BLACK
6
CONTINUOUS
10
96.3811319999999938
20
-110.7188479999999942
11
96.525818000000001
21
-110.9179919999999981
0
LINE
8
BLACK
6
CONTINUOUS
10
96.525818000000001
20
-110.9179919999999981
11
96.5492979999999932
21
-110.9837979999999931
0
LINE
8
BLACK
6
CONTINUOUS
10
96.5492979999999932
20
-110.9837979999999931
11
96.5494999999999948
21
-110.9908769999999976
0
LINE
8
BLACK
6
CONTINUOUS
10
96.5494999999999948
20
-110.9908769999999976
11
96.5494999999999948
21
-113.4254999999999995
0
LINE
8
BLACK
6
CONTINUOUS
10
96.5494999999999948
20
-113.4254999999999995
11
96.5298149999999993
21
-113.4925389999999936
0
LINE
8
BLACK
6
CONTINUOUS
10
96.5298149999999993
20
-113.4925389999999936
11
96.4770109999999903
21
-113.5382939999999934
0
LINE
8
BLACK
6
CONTINUOUS
10
96.4770109999999903
20
-113.5382939999999934
11
96.4254999999999995
21
-113.5494999999999948
0
LINE
8
BLACK
6
CONTINUOUS
10
96.4254999999999995
20
-113.5494999999999948
11
84.2494159999999965
21
-113.5494999999999948
0
LINE
8
BLACK
6
CONTINUOUS
10
84.2494159999999965
20
-113.5494999999999948
11
84.1823770000000025
21
-113.5298149999999993
0
LINE
8
BLACK
6
CONTINUOUS
10
84.1823770000000025
20
-113.5298149999999993
11
84.1366220000000027
21
-113.4770109999999903
0
LINE
8
BLACK
6
CONTINUOUS
10
84.1366220000000027
20
-113.4770109999999903
11
84.1266779999999983
21
-113.4078529999999887
0
LINE
8
BLACK
6
CONTINUOUS
10
84.1266779999999983
20
-113.4078529999999887
11
84.1389309999999995
21
-113.3692049999999938
0
LINE
8
BLACK
6
CONTINUOUS
10
84.1389309999999995
20
-113.3692049999999938
11
84.1405659999999926
21
-113.3659959999999955
0
LINE
8
BLACK
6
CONTINUOUS
10
84.1405659999999926
20
-113.3659959999999955
11
84.1405659999999926
21
-113.3659949999999981
0
LINE
8
BLACK
6
CONTINUOUS
10
84.1405659999999926
20
-113.3659949999999981
11
84.1405680000000018
21
-113.3659919999999914
0
LINE
8
BLACK
6
CONTINUOUS
10
84.1405680000000018
20
-113.3659919999999914
11
84.2135529999999903
21
-113.1413679999999999
0
LINE
8
BLACK
6
CONTINUOUS
10
84.2135529999999903
20
-113.1413679999999999
11
84.22072
21
-113.0961179999999899
0
LINE
8
BLACK
6
CONTINUOUS
10
84.22072
20
-113.0961179999999899
11
84.2505000000000024
21
-112.9080969999999979
0
LINE
8
BLACK
6
CONTINUOUS
10
84.2505000000000024
20
-112.9080969999999979
11
84.2505000000000024
21
-112.6719019999999887
0
LINE
8
BLACK
6
CONTINUOUS
10
84.2505000000000024
20
-112.6719019999999887
11
84.2135529999999903
21
-112.4386310000000009
0
LINE
8
BLACK
6
CONTINUOUS
10
84.2135529999999903
20
-112.4386310000000009
11
84.1405659999999926
21
-112.2140029999999911
0
LINE
8
BLACK
6
CONTINUOUS
10
84.1405659999999926
20
-112.2140029999999911
11
84.0333419999999904
21
-112.0035659999999922
0
LINE
8
BLACK
6
CONTINUOUS
10
84.0333419999999904
20
-112.0035659999999922
11
84.0281599999999997
21
-111.9964329999999961
0
LINE
8
BLACK
6
CONTINUOUS
10
84.0281599999999997
20
-111.9964329999999961
11
83.8945169999999933
21
-111.8124899999999968
0
LINE
8
BLACK
6
CONTINUOUS
10
83.8945169999999933
20
-111.8124899999999968
11
83.7275099999999952
21
-111.6454829999999987
0
LINE
8
BLACK
6
CONTINUOUS
10
83.7275099999999952
20
-111.6454829999999987
11
83.5364330000000024
21
-111.5066569999999899
0
LINE
8
BLACK
6
CONTINUOUS
10
83.5364330000000024
20
-111.5066569999999899
11
83.4850969999999961
21
-111.4804999999999922
0
LINE
8
BLACK
6
CONTINUOUS
10
83.4850969999999961
20
-111.4804999999999922
11
83.3259959999999893
21
-111.3994330000000019
0
LINE
8
BLACK
6
CONTINUOUS
10
83.3259959999999893
20
-111.3994330000000019
11
83.1013679999999937
21
-111.32644599999999
0
LINE
8
BLACK
6
CONTINUOUS
10
83.1013679999999937
20
-111.32644599999999
11
82.8680969999999917
21
-111.2894999999999897
0
LINE
8
BLACK
6
CONTINUOUS
10
82.8680969999999917
20
-111.2894999999999897
11
82.8680919999999901
21
-111.2894999999999897
0
LINE
8
BLACK
6
CONTINUOUS
10
82.8680919999999901
20
-111.2894999999999897
11
82.6319079999999957
21
-111.2894999999999897
0
LINE
8
BLACK
6
CONTINUOUS
10
82.6319079999999957
20
-111.2894999999999897
11
82.6319029999999941
21
-111.2894999999999897
0
LINE
8
BLACK
6
CONTINUOUS
10
82.6319029999999941
20
-111.2894999999999897
11
82.3986309999999946
21
-111.32644599999999
0
LINE
8
BLACK
6
CONTINUOUS
10
82.3986309999999946
20
-111.32644599999999
11
82.174002999999999
21
-111.3994330000000019
0
LINE
8
BLACK
6
CONTINUOUS
10
82.174002999999999
20
-111.3994330000000019
11
81.9635660000000001
21
-111.5066569999999899
0
LINE
8
BLACK
6
CONTINUOUS
10
81.9635660000000001
20
-111.5066569999999899
11
81.9101039999999898
21
-111.5454999999999899
0
LINE
8
BLACK
6
CONTINUOUS
10
81.9101039999999898
20
-111.5454999999999899
11
81.7724899999999906
21
-111.6454829999999987
0
LINE
8
BLACK
6
CONTINUOUS
10
81.7724899999999906
20
-111.6454829999999987
11
81.7724879999999956
21
-111.6454849999999936
0
LINE
8
BLACK
6
CONTINUOUS
10
81.7724879999999956
20
-111.6454849999999936
11
81.7724869999999981
21
-111.6454849999999936
0
LINE
8
BLACK
6
CONTINUOUS
10
81.7724869999999981
20
-111.6454849999999936
11
81.6054850000000016
21
-111.8124869999999902
0
LINE
8
BLACK
6
CONTINUOUS
10
81.6054850000000016
20
-111.8124869999999902
11
81.6054850000000016
21
-111.8124880000000019
0
LINE
8
BLACK
6
CONTINUOUS
10
81.6054850000000016
20
-111.8124880000000019
11
81.6054829999999924
21
-111.8124899999999968
0
LINE
8
BLACK
6
CONTINUOUS
10
81.6054829999999924
20
-111.8124899999999968
11
81.5458619999999996
21
-111.8945499999999953
0
LINE
8
BLACK
6
CONTINUOUS
10
81.5458619999999996
20
-111.8945499999999953
11
81.4666569999999979
21
-112.0035659999999922
0
LINE
8
BLACK
6
CONTINUOUS
10
81.4666569999999979
20
-112.0035659999999922
11
81.3594329999999957
21
-112.2140029999999911
0
LINE
8
BLACK
6
CONTINUOUS
10
81.3594329999999957
20
-112.2140029999999911
11
81.286445999999998
21
-112.4386310000000009
0
LINE
8
BLACK
6
CONTINUOUS
10
81.286445999999998
20
-112.4386310000000009
11
81.2494999999999976
21
-112.6719019999999887
0
LINE
8
BLACK
6
CONTINUOUS
10
81.2494999999999976
20
-112.6719019999999887
11
81.2494999999999976
21
-112.9080969999999979
0
LINE
8
BLACK
6
CONTINUOUS
10
81.2494999999999976
20
-112.9080969999999979
11
81.286445999999998
21
-113.1413679999999999
0
LINE
8
BLACK
6
CONTINUOUS
10
81.286445999999998
20
-113.1413679999999999
11
81.3594329999999957
21
-113.3659959999999955
0
LINE
8
BLACK
6
CONTINUOUS
10
81.3594329999999957
20
-113.3659959999999955
11
81.4429039999999986
21
-113.5298149999999993
0
LINE
8
BLACK
6
CONTINUOUS
10
81.4429039999999986
20
-113.5298149999999993
11
81.4666569999999979
21
-113.5764329999999944
0
LINE
8
BLACK
6
CONTINUOUS
10
81.4666569999999979
20
-113.5764329999999944
11
81.525818000000001
21
-113.6578609999999969
0
LINE
8
BLACK
6
CONTINUOUS
10
81.525818000000001
20
-113.6578609999999969
11
81.5492979999999932
21
-113.7236659999999944
0
LINE
8
BLACK
6
CONTINUOUS
10
81.5492979999999932
20
-113.7236659999999944
11
81.5494999999999948
21
-113.7307459999999963
0
LINE
8
BLACK
6
CONTINUOUS
10
81.5494999999999948
20
-113.7307459999999963
11
81.5494999999999948
21
-115.5991219999999942
0
LINE
8
BLACK
6
CONTINUOUS
10
81.5494999999999948
20
-115.5991219999999942
11
81.5298149999999993
21
-115.6661609999999882
0
LINE
8
BLACK
6
CONTINUOUS
10
81.5298149999999993
20
-115.6661609999999882
11
81.525818000000001
21
-115.6720069999999936
0
LINE
8
BLACK
6
CONTINUOUS
10
81.525818000000001
20
-115.6720069999999936
11
81.3811319999999938
21
-115.8711509999999976
0
LINE
8
BLACK
6
CONTINUOUS
10
81.3811319999999938
20
-115.8711509999999976
11
81.2667599999999908
21
-116.0956159999999926
0
LINE
8
BLACK
6
CONTINUOUS
10
81.2667599999999908
20
-116.0956159999999926
11
81.1889099999999928
21
-116.3352139999999935
0
LINE
8
BLACK
6
CONTINUOUS
10
81.1889099999999928
20
-116.3352139999999935
11
81.1495000000000033
21
-116.5840379999999925
0
LINE
8
BLACK
6
CONTINUOUS
10
81.1495000000000033
20
-116.5840379999999925
11
81.1495000000000033
21
-116.8359609999999975
0
LINE
8
BLACK
6
CONTINUOUS
10
87.63673
20
-124.5068219999999997
11
87.6698579999999907
21
-124.5868009999999941
0
LINE
8
BLACK
6
CONTINUOUS
10
87.6698579999999907
20
-124.5868009999999941
11
87.6966290000000015
21
-124.7213879999999904
0
LINE
8
BLACK
6
CONTINUOUS
10
87.6966290000000015
20
-124.7213879999999904
11
87.6966290000000015
21
-124.8586119999999937
0
LINE
8
BLACK
6
CONTINUOUS
10
87.6966290000000015
20
-124.8586119999999937
11
87.6698579999999907
21
-124.99319899999999
0
LINE
8
BLACK
6
CONTINUOUS
10
87.6698579999999907
20
-124.99319899999999
11
87.63673
21
-125.0731759999999895
0
LINE
8
BLACK
6
CONTINUOUS
10
87.63673
20
-125.0731759999999895
11
88.0078819999999951
21
-125.4443279999999987
0
LINE
8
BLACK
6
CONTINUOUS
10
88.0078819999999951
20
-125.4443279999999987
11
88.0078829999999925
21
-125.4443279999999987
0
LINE
8
BLACK
6
CONTINUOUS
10
88.0078829999999925
20
-125.4443279999999987
11
88.026330999999999
21
-125.4189369999999997
0
LINE
8
BLACK
6
CONTINUOUS
10
88.026330999999999
20
-125.4189369999999997
11
88.1120849999999933
21
-125.2506369999999976
0
LINE
8
BLACK
6
CONTINUOUS
10
88.1120849999999933
20
-125.2506369999999976
11
88.1704509999999999
21
-125.0710019999999929
0
LINE
8
BLACK
6
CONTINUOUS
10
88.1704509999999999
20
-125.0710019999999929
11
88.2000000000000028
21
-124.8844469999999944
0
LINE
8
BLACK
6
CONTINUOUS
10
88.2000000000000028
20
-124.8844469999999944
11
88.2000000000000028
21
-124.6955519999999922
0
LINE
8
BLACK
6
CONTINUOUS
10
88.2000000000000028
20
-124.6955519999999922
11
88.1704509999999999
21
-124.5089969999999937
0
LINE
8
BLACK
6
CONTINUOUS
10
88.1704509999999999
20
-124.5089969999999937
11
88.1120849999999933
21
-124.3293619999999891
0
LINE
8
BLACK
6
CONTINUOUS
10
88.1120849999999933
20
-124.3293619999999891
11
88.0263289999999898
21
-124.1610589999999945
0
LINE
8
BLACK
6
CONTINUOUS
10
88.0263289999999898
20
-124.1610589999999945
11
88.0078829999999925
21
-124.1356699999999904
0
LINE
8
BLACK
6
CONTINUOUS
10
88.0078829999999925
20
-124.1356699999999904
11
88.0078819999999951
21
-124.1356689999999929
0
LINE
8
BLACK
6
CONTINUOUS
10
88.0078819999999951
20
-124.1356689999999929
11
87.63673
21
-124.5068219999999997
0
LINE
8
BLACK
6
CONTINUOUS
10
82.0240759999999938
20
-122.7894739999999985
11
82.068649999999991
21
-122.8218589999999892
0
LINE
8
BLACK
6
CONTINUOUS
10
82.068649999999991
20
-122.8218589999999892
11
82.2509680000000003
21
-122.9147549999999995
0
LINE
8
BLACK
6
CONTINUOUS
10
82.2509680000000003
20
-122.9147549999999995
11
82.4455820000000017
21
-122.9779899999999913
0
LINE
8
BLACK
6
CONTINUOUS
10
82.4455820000000017
20
-122.9779899999999913
11
82.6476830000000007
21
-123.0099999999999909
0
LINE
8
BLACK
6
CONTINUOUS
10
82.6476830000000007
20
-123.0099999999999909
11
82.8523169999999993
21
-123.0099999999999909
0
LINE
8
BLACK
6
CONTINUOUS
10
82.8523169999999993
20
-123.0099999999999909
11
83.0544170000000008
21
-122.9779899999999913
0
LINE
8
BLACK
6
CONTINUOUS
10
83.0544170000000008
20
-122.9779899999999913
11
83.2490310000000022
21
-122.9147549999999995
0
LINE
8
BLACK
6
CONTINUOUS
10
83.2490310000000022
20
-122.9147549999999995
11
83.4313489999999973
21
-122.8218589999999892
0
LINE
8
BLACK
6
CONTINUOUS
10
83.4313489999999973
20
-122.8218589999999892
11
83.4759209999999996
21
-122.7894739999999985
0
LINE
8
BLACK
6
CONTINUOUS
10
83.4759209999999996
20
-122.7894739999999985
11
83.1093449999999905
21
-122.4228979999999893
0
LINE
8
BLACK
6
CONTINUOUS
10
83.1093449999999905
20
-122.4228979999999893
11
82.9822279999999921
21
-122.4755519999999933
0
LINE
8
BLACK
6
CONTINUOUS
10
82.9822279999999921
20
-122.4755519999999933
11
82.8284139999999951
21
-122.506147999999996
0
LINE
8
BLACK
6
CONTINUOUS
10
82.8284139999999951
20
-122.506147999999996
11
82.6715859999999907
21
-122.506147999999996
0
LINE
8
BLACK
6
CONTINUOUS
10
82.6715859999999907
20
-122.506147999999996
11
82.5177719999999937
21
-122.4755519999999933
0
LINE
8
BLACK
6
CONTINUOUS
10
82.5177719999999937
20
-122.4755519999999933
11
82.3906530000000004
21
-122.4228969999999919
0
LINE
8
BLACK
6
CONTINUOUS
10
82.3906530000000004
20
-122.4228969999999919
11
82.0240759999999938
21
-122.7894739999999985
0
LINE
8
BLACK
6
CONTINUOUS
10
83.4628969999999981
20
-121.3506519999999966
11
83.5155519999999996
21
-121.4777719999999874
0
LINE
8
BLACK
6
CONTINUOUS
10
83.5155519999999996
20
-121.4777719999999874
11
83.5461480000000023
21
-121.6315859999999986
0
LINE
8
BLACK
6
CONTINUOUS
10
83.5461480000000023
20
-121.6315859999999986
11
83.5461480000000023
21
-121.7884139999999888
0
LINE
8
BLACK
6
CONTINUOUS
10
83.5461480000000023
20
-121.7884139999999888
11
83.5155519999999996
21
-121.9422280000000001
0
LINE
8
BLACK
6
CONTINUOUS
10
83.5155519999999996
20
-121.9422280000000001
11
83.4628979999999956
21
-122.0693449999999984
0
LINE
8
BLACK
6
CONTINUOUS
10
83.4628979999999956
20
-122.0693449999999984
11
83.8294739999999905
21
-122.4359209999999933
0
LINE
8
BLACK
6
CONTINUOUS
10
83.8294739999999905
20
-122.4359209999999933
11
83.8618589999999955
21
-122.3913489999999911
0
LINE
8
BLACK
6
CONTINUOUS
10
83.8618589999999955
20
-122.3913489999999911
11
83.9547549999999916
21
-122.209030999999996
0
LINE
8
BLACK
6
CONTINUOUS
10
83.9547549999999916
20
-122.209030999999996
11
84.0179899999999975
21
-122.0144169999999946
0
LINE
8
BLACK
6
CONTINUOUS
10
84.0179899999999975
20
-122.0144169999999946
11
84.0499999999999972
21
-121.8123169999999931
0
LINE
8
BLACK
6
CONTINUOUS
10
84.0499999999999972
20
-121.8123169999999931
11
84.0499999999999972
21
-121.6076819999999969
0
LINE
8
BLACK
6
CONTINUOUS
10
84.0499999999999972
20
-121.6076819999999969
11
84.0179899999999975
21
-121.4055819999999954
0
LINE
8
BLACK
6
CONTINUOUS
10
84.0179899999999975
20
-121.4055819999999954
11
83.9547549999999916
21
-121.210967999999994
0
LINE
8
BLACK
6
CONTINUOUS
10
83.9547549999999916
20
-121.210967999999994
11
83.8618589999999955
21
-121.028649999999999
0
LINE
8
BLACK
6
CONTINUOUS
10
83.8618589999999955
20
-121.028649999999999
11
83.8294739999999905
21
-120.9840769999999992
0
LINE
8
BLACK
6
CONTINUOUS
10
83.8294739999999905
20
-120.9840769999999992
11
83.8294739999999905
21
-120.9840759999999875
0
LINE
8
BLACK
6
CONTINUOUS
10
83.8294739999999905
20
-120.9840759999999875
11
83.4628969999999981
21
-121.3506519999999966
0
LINE
8
BLACK
6
CONTINUOUS
10
82.4455820000000017
20
-120.4420089999999988
11
82.2509680000000003
21
-120.5052439999999905
0
LINE
8
BLACK
6
CONTINUOUS
10
82.2509680000000003
20
-120.5052439999999905
11
82.0686439999999919
21
-120.5981429999999932
0
LINE
8
BLACK
6
CONTINUOUS
10
82.0686439999999919
20
-120.5981429999999932
11
82.0240769999999912
21
-120.6305229999999966
0
LINE
8
BLACK
6
CONTINUOUS
10
82.0240769999999912
20
-120.6305229999999966
11
82.0240769999999912
21
-120.6305239999999941
0
LINE
8
BLACK
6
CONTINUOUS
10
82.0240769999999912
20
-120.6305239999999941
11
82.3906549999999953
21
-120.9971010000000007
0
LINE
8
BLACK
6
CONTINUOUS
10
82.3906549999999953
20
-120.9971010000000007
11
82.5177719999999937
21
-120.9444479999999942
0
LINE
8
BLACK
6
CONTINUOUS
10
82.5177719999999937
20
-120.9444479999999942
11
82.6715859999999907
21
-120.9138519999999914
0
LINE
8
BLACK
6
CONTINUOUS
10
82.6715859999999907
20
-120.9138519999999914
11
82.8284139999999951
21
-120.9138519999999914
0
LINE
8
BLACK
6
CONTINUOUS
10
82.8284139999999951
20
-120.9138519999999914
11
82.9822279999999921
21
-120.9444479999999942
0
LINE
8
BLACK
6
CONTINUOUS
10
82.9822279999999921
20
-120.9444479999999942
11
83.109343999999993
21
-120.9971010000000007
0
LINE
8
BLACK
6
CONTINUOUS
10
83.109343999999993
20
-120.9971010000000007
11
83.4759219999999971
21
-120.6305239999999941
0
LINE
8
BLACK
6
CONTINUOUS
10
83.4759219999999971
20
-120.6305239999999941
11
83.4759209999999996
21
-120.6305229999999966
0
LINE
8
BLACK
6
CONTINUOUS
10
83.4759209999999996
20
-120.6305229999999966
11
83.4313590000000005
21
-120.5981469999999973
0
LINE
8
BLACK
6
CONTINUOUS
10
83.4313590000000005
20
-120.5981469999999973
11
83.4313499999999948
21
-120.5981409999999983
0
LINE
8
BLACK
6
CONTINUOUS
10
83.4313499999999948
20
-120.5981409999999983
11
83.2490310000000022
21
-120.5052439999999905
0
LINE
8
BLACK
6
CONTINUOUS
10
83.2490310000000022
20
-120.5052439999999905
11
83.0544170000000008
21
-120.4420089999999988
0
LINE
8
BLACK
6
CONTINUOUS
10
83.0544170000000008
20
-120.4420089999999988
11
82.8523169999999993
21
-120.4099999999999966
0
LINE
8
BLACK
6
CONTINUOUS
10
82.8523169999999993
20
-120.4099999999999966
11
82.6476830000000007
21
-120.4099999999999966
0
LINE
8
BLACK
6
CONTINUOUS
10
82.6476830000000007
20
-120.4099999999999966
11
82.4455820000000017
21
-120.4420089999999988
0
LINE
8
BLACK
6
CONTINUOUS
10
94.4840760000000017
20
-110.9594740000000002
11
94.528649999999999
21
-110.9918589999999909
0
LINE
8
BLACK
6
CONTINUOUS
10
94.528649999999999
20
-110.9918589999999909
11
94.710967999999994
21
-111.0847550000000012
0
LINE
8
BLACK
6
CONTINUOUS
10
94.710967999999994
20
-111.0847550000000012
11
94.9055819999999954
21
-111.147989999999993
0
LINE
8
BLACK
6
CONTINUOUS
10
94.9055819999999954
20
-111.147989999999993
11
95.1076829999999944
21
-111.1799999999999926
0
LINE
8
BLACK
6
CONTINUOUS
10
95.1076829999999944
20
-111.1799999999999926
11
95.3123169999999931
21
-111.1799999999999926
0
LINE
8
BLACK
6
CONTINUOUS
10
95.3123169999999931
20
-111.1799999999999926
11
95.5144169999999946
21
-111.147989999999993
0
LINE
8
BLACK
6
CONTINUOUS
10
95.5144169999999946
20
-111.147989999999993
11
95.709030999999996
21
-111.0847550000000012
0
LINE
8
BLACK
6
CONTINUOUS
10
95.709030999999996
20
-111.0847550000000012
11
95.8913489999999911
21
-110.9918589999999909
0
LINE
8
BLACK
6
CONTINUOUS
10
95.8913489999999911
20
-110.9918589999999909
11
95.9359209999999933
21
-110.9594740000000002
0
LINE
8
BLACK
6
CONTINUOUS
10
95.9359209999999933
20
-110.9594740000000002
11
95.5693449999999984
21
-110.592897999999991
0
LINE
8
BLACK
6
CONTINUOUS
10
95.5693449999999984
20
-110.592897999999991
11
95.4422280000000001
21
-110.645551999999995
0
LINE
8
BLACK
6
CONTINUOUS
10
95.4422280000000001
20
-110.645551999999995
11
95.2884139999999888
21
-110.6761479999999978
0
LINE
8
BLACK
6
CONTINUOUS
10
95.2884139999999888
20
-110.6761479999999978
11
95.1315859999999986
21
-110.6761479999999978
0
LINE
8
BLACK
6
CONTINUOUS
10
95.1315859999999986
20
-110.6761479999999978
11
94.9777720000000016
21
-110.645551999999995
0
LINE
8
BLACK
6
CONTINUOUS
10
94.9777720000000016
20
-110.645551999999995
11
94.8506529999999941
21
-110.5928969999999936
0
LINE
8
BLACK
6
CONTINUOUS
10
94.8506529999999941
20
-110.5928969999999936
11
94.4840760000000017
21
-110.9594740000000002
0
LINE
8
BLACK
6
CONTINUOUS
10
107.5181429999999949
20
-109.2636439999999993
11
107.4252439999999922
21
-109.4459679999999935
0
LINE
8
BLACK
6
CONTINUOUS
10
107.4252439999999922
20
-109.4459679999999935
11
107.3620090000000005
21
-109.6405819999999949
0
LINE
8
BLACK
6
CONTINUOUS
10
107.3620090000000005
20
-109.6405819999999949
11
107.3299999999999983
21
-109.8426819999999964
0
LINE
8
BLACK
6
CONTINUOUS
10
107.3299999999999983
20
-109.8426819999999964
11
107.3299999999999983
21
-110.0473169999999925
0
LINE
8
BLACK
6
CONTINUOUS
10
107.3299999999999983
20
-110.0473169999999925
11
107.3620090000000005
21
-110.249416999999994
0
LINE
8
BLACK
6
CONTINUOUS
10
107.3620090000000005
20
-110.249416999999994
11
107.4252439999999922
21
-110.4440309999999954
0
LINE
8
BLACK
6
CONTINUOUS
10
107.4252439999999922
20
-110.4440309999999954
11
107.518141
21
-110.626349999999988
0
LINE
8
BLACK
6
CONTINUOUS
10
107.518141
20
-110.626349999999988
11
107.518146999999999
21
-110.6263589999999937
0
LINE
8
BLACK
6
CONTINUOUS
10
107.518146999999999
20
-110.6263589999999937
11
107.5505229999999983
21
-110.6709209999999928
0
LINE
8
BLACK
6
CONTINUOUS
10
107.5505229999999983
20
-110.6709209999999928
11
107.5505239999999958
21
-110.6709219999999902
0
LINE
8
BLACK
6
CONTINUOUS
10
107.5505239999999958
20
-110.6709219999999902
11
107.9171009999999882
21
-110.3043440000000004
0
LINE
8
BLACK
6
CONTINUOUS
10
107.9171009999999882
20
-110.3043440000000004
11
107.8644479999999959
21
-110.1772279999999995
0
LINE
8
BLACK
6
CONTINUOUS
10
107.8644479999999959
20
-110.1772279999999995
11
107.8338519999999932
21
-110.0234139999999883
0
LINE
8
BLACK
6
CONTINUOUS
10
107.8338519999999932
20
-110.0234139999999883
11
107.8338519999999932
21
-109.8665859999999981
0
LINE
8
BLACK
6
CONTINUOUS
10
107.8338519999999932
20
-109.8665859999999981
11
107.8644479999999959
21
-109.7127720000000011
0
LINE
8
BLACK
6
CONTINUOUS
10
107.8644479999999959
20
-109.7127720000000011
11
107.9171009999999882
21
-109.585653999999991
0
LINE
8
BLACK
6
CONTINUOUS
10
107.9171009999999882
20
-109.585653999999991
11
107.5505239999999958
21
-109.2190769999999986
0
LINE
8
BLACK
6
CONTINUOUS
10
107.5505239999999958
20
-109.2190769999999986
11
107.5505229999999983
21
-109.2190769999999986
0
LINE
8
BLACK
6
CONTINUOUS
10
107.5505229999999983
20
-109.2190769999999986
11
107.5181429999999949
21
-109.2636439999999993
0
LINE
8
BLACK
6
CONTINUOUS
10
94.0981429999999932
20
-109.1986440000000016
11
94.0052439999999905
21
-109.3809679999999958
0
LINE
8
BLACK
6
CONTINUOUS
10
94.0052439999999905
20
-109.3809679999999958
11
93.9420089999999988
21
-109.5755819999999972
0
LINE
8
BLACK
6
CONTINUOUS
10
93.9420089999999988
20
-109.5755819999999972
11
93.9099999999999966
21
-109.7776819999999987
0
LINE
8
BLACK
6
CONTINUOUS
10
93.9099999999999966
20
-109.7776819999999987
11
93.9099999999999966
21
-109.9823169999999948
0
LINE
8
BLACK
6
CONTINUOUS
10
93.9099999999999966
20
-109.9823169999999948
11
93.9420089999999988
21
-110.1844169999999963
0
LINE
8
BLACK
6
CONTINUOUS
10
93.9420089999999988
20
-110.1844169999999963
11
94.0052439999999905
21
-110.3790309999999977
0
LINE
8
BLACK
6
CONTINUOUS
10
94.0052439999999905
20
-110.3790309999999977
11
94.0981409999999983
21
-110.5613499999999902
0
LINE
8
BLACK
6
CONTINUOUS
10
94.0981409999999983
20
-110.5613499999999902
11
94.0981469999999973
21
-110.5613589999999959
0
LINE
8
BLACK
6
CONTINUOUS
10
94.0981469999999973
20
-110.5613589999999959
11
94.1305229999999966
21
-110.605920999999995
0
LINE
8
BLACK
6
CONTINUOUS
10
94.1305229999999966
20
-110.605920999999995
11
94.1305239999999941
21
-110.6059219999999925
0
LINE
8
BLACK
6
CONTINUOUS
10
94.1305239999999941
20
-110.6059219999999925
11
94.4971010000000007
21
-110.2393439999999885
0
LINE
8
BLACK
6
CONTINUOUS
10
94.4971010000000007
20
-110.2393439999999885
11
94.4444479999999942
21
-110.1122280000000018
0
LINE
8
BLACK
6
CONTINUOUS
10
94.4444479999999942
20
-110.1122280000000018
11
94.4138519999999914
21
-109.9584139999999906
0
LINE
8
BLACK
6
CONTINUOUS
10
94.4138519999999914
20
-109.9584139999999906
11
94.4138519999999914
21
-109.8015860000000004
0
LINE
8
BLACK
6
CONTINUOUS
10
94.4138519999999914
20
-109.8015860000000004
11
94.4444479999999942
21
-109.6477719999999891
0
LINE
8
BLACK
6
CONTINUOUS
10
94.4444479999999942
20
-109.6477719999999891
11
94.4971010000000007
21
-109.5206539999999933
0
LINE
8
BLACK
6
CONTINUOUS
10
94.4971010000000007
20
-109.5206539999999933
11
94.1305239999999941
21
-109.1540770000000009
0
LINE
8
BLACK
6
CONTINUOUS
10
94.1305239999999941
20
-109.1540770000000009
11
94.1305229999999966
21
-109.1540770000000009
0
LINE
8
BLACK
6
CONTINUOUS
10
94.1305229999999966
20
-109.1540770000000009
11
94.0981429999999932
21
-109.1986440000000016
0
LINE
8
BLACK
6
CONTINUOUS
10
108.3255819999999972
20
-108.6770089999999982
11
108.1309679999999958
21
-108.7402439999999899
0
LINE
8
BLACK
6
CONTINUOUS
10
108.1309679999999958
20
-108.7402439999999899
11
107.9486440000000016
21
-108.8331429999999926
0
LINE
8
BLACK
6
CONTINUOUS
10
107.9486440000000016
20
-108.8331429999999926
11
107.9040770000000009
21
-108.865522999999996
0
LINE
8
BLACK
6
CONTINUOUS
10
107.9040770000000009
20
-108.865522999999996
11
107.9040770000000009
21
-108.8655239999999935
0
LINE
8
BLACK
6
CONTINUOUS
10
107.9040770000000009
20
-108.8655239999999935
11
108.2706549999999908
21
-109.2321010000000001
0
LINE
8
BLACK
6
CONTINUOUS
10
108.2706549999999908
20
-109.2321010000000001
11
108.3977719999999891
21
-109.1794479999999936
0
LINE
8
BLACK
6
CONTINUOUS
10
108.3977719999999891
20
-109.1794479999999936
11
108.5515860000000004
21
-109.1488519999999909
0
LINE
8
BLACK
6
CONTINUOUS
10
108.5515860000000004
20
-109.1488519999999909
11
108.7084139999999906
21
-109.1488519999999909
0
LINE
8
BLACK
6
CONTINUOUS
10
108.7084139999999906
20
-109.1488519999999909
11
108.8622280000000018
21
-109.1794479999999936
0
LINE
8
BLACK
6
CONTINUOUS
10
108.8622280000000018
20
-109.1794479999999936
11
108.9893439999999885
21
-109.2321010000000001
0
LINE
8
BLACK
6
CONTINUOUS
10
108.9893439999999885
20
-109.2321010000000001
11
109.3559219999999925
21
-108.8655239999999935
0
LINE
8
BLACK
6
CONTINUOUS
10
109.3559219999999925
20
-108.8655239999999935
11
109.355920999999995
21
-108.865522999999996
0
LINE
8
BLACK
6
CONTINUOUS
10
109.355920999999995
20
-108.865522999999996
11
109.3113589999999959
21
-108.8331469999999968
0
LINE
8
BLACK
6
CONTINUOUS
10
109.3113589999999959
20
-108.8331469999999968
11
109.3113499999999902
21
-108.8331409999999977
0
LINE
8
BLACK
6
CONTINUOUS
10
109.3113499999999902
20
-108.8331409999999977
11
109.1290309999999977
21
-108.7402439999999899
0
LINE
8
BLACK
6
CONTINUOUS
10
109.1290309999999977
20
-108.7402439999999899
11
108.9344169999999963
21
-108.6770089999999982
0
LINE
8
BLACK
6
CONTINUOUS
10
108.9344169999999963
20
-108.6770089999999982
11
108.7323169999999948
21
-108.644999999999996
0
LINE
8
BLACK
6
CONTINUOUS
10
108.7323169999999948
20
-108.644999999999996
11
108.5276829999999961
21
-108.644999999999996
0
LINE
8
BLACK
6
CONTINUOUS
10
108.5276829999999961
20
-108.644999999999996
11
108.3255819999999972
21
-108.6770089999999982
0
LINE
8
BLACK
6
CONTINUOUS
10
107.8682819999999936
20
-103.8252689999999916
11
107.8682819999999936
21
-103.8252699999999891
0
LINE
8
BLACK
6
CONTINUOUS
10
107.8682819999999936
20
-103.8252699999999891
11
107.9224490000000003
21
-103.8646239999999921
0
LINE
8
BLACK
6
CONTINUOUS
10
107.9224490000000003
20
-103.8646239999999921
11
108.1117819999999909
21
-103.9610950000000003
0
LINE
8
BLACK
6
CONTINUOUS
10
108.1117819999999909
20
-103.9610950000000003
11
108.3138699999999943
21
-104.0267569999999893
0
LINE
8
BLACK
6
CONTINUOUS
10
108.3138699999999943
20
-104.0267569999999893
11
108.5237539999999967
21
-104.0600000000000023
0
LINE
8
BLACK
6
CONTINUOUS
10
108.5237539999999967
20
-104.0600000000000023
11
108.7362459999999942
21
-104.0600000000000023
0
LINE
8
BLACK
6
CONTINUOUS
10
108.7362459999999942
20
-104.0600000000000023
11
108.9461269999999899
21
-104.0267569999999893
0
LINE
8
BLACK
6
CONTINUOUS
10
108.9461269999999899
20
-104.0267569999999893
11
108.9461299999999966
21
-104.0267569999999893
0
LINE
8
BLACK
6
CONTINUOUS
10
108.9461299999999966
20
-104.0267569999999893
11
109.1482169999999883
21
-103.9610950000000003
0
LINE
8
BLACK
6
CONTINUOUS
10
109.1482169999999883
20
-103.9610950000000003
11
109.3375539999999972
21
-103.8646219999999971
0
LINE
8
BLACK
6
CONTINUOUS
10
109.3375539999999972
20
-103.8646219999999971
11
109.3917159999999882
21
-103.8252699999999891
0
LINE
8
BLACK
6
CONTINUOUS
10
109.3917159999999882
20
-103.8252699999999891
11
109.3917169999999999
21
-103.8252699999999891
0
LINE
8
BLACK
6
CONTINUOUS
10
109.3917169999999999
20
-103.8252699999999891
11
109.0274280000000005
21
-103.4609820000000013
0
LINE
8
BLACK
6
CONTINUOUS
10
109.0274280000000005
20
-103.4609820000000013
11
108.876741999999993
21
-103.5233989999999977
0
LINE
8
BLACK
6
CONTINUOUS
10
108.876741999999993
20
-103.5233989999999977
11
108.7133149999999944
21
-103.5559069999999906
0
LINE
8
BLACK
6
CONTINUOUS
10
108.7133149999999944
20
-103.5559069999999906
11
108.5466849999999965
21
-103.5559069999999906
0
LINE
8
BLACK
6
CONTINUOUS
10
108.5466849999999965
20
-103.5559069999999906
11
108.3832579999999979
21
-103.5233989999999977
0
LINE
8
BLACK
6
CONTINUOUS
10
108.3832579999999979
20
-103.5233989999999977
11
108.232568999999998
21
-103.4609809999999896
0
LINE
8
BLACK
6
CONTINUOUS
10
108.232568999999998
20
-103.4609809999999896
11
107.8682819999999936
21
-103.8252689999999916
0
LINE
8
BLACK
6
CONTINUOUS
10
108.3138719999999893
20
-101.3932420000000008
11
108.3138689999999968
21
-101.3932420000000008
0
LINE
8
BLACK
6
CONTINUOUS
10
108.3138689999999968
20
-101.3932420000000008
11
108.1117819999999909
21
-101.4589039999999898
0
LINE
8
BLACK
6
CONTINUOUS
10
108.1117819999999909
20
-101.4589039999999898
11
107.9224389999999971
21
-101.5553799999999995
0
LINE
8
BLACK
6
CONTINUOUS
10
107.9224389999999971
20
-101.5553799999999995
11
107.8682819999999936
21
-101.5947269999999918
0
LINE
8
BLACK
6
CONTINUOUS
10
107.8682819999999936
20
-101.5947269999999918
11
107.8682819999999936
21
-101.5947279999999893
0
LINE
8
BLACK
6
CONTINUOUS
10
107.8682819999999936
20
-101.5947279999999893
11
108.232570999999993
21
-101.9590169999999887
0
LINE
8
BLACK
6
CONTINUOUS
10
108.232570999999993
20
-101.9590169999999887
11
108.3832579999999979
21
-101.8966009999999898
0
LINE
8
BLACK
6
CONTINUOUS
10
108.3832579999999979
20
-101.8966009999999898
11
108.5466849999999965
21
-101.8640929999999969
0
LINE
8
BLACK
6
CONTINUOUS
10
108.5466849999999965
20
-101.8640929999999969
11
108.7133149999999944
21
-101.8640929999999969
0
LINE
8
BLACK
6
CONTINUOUS
10
108.7133149999999944
20
-101.8640929999999969
11
108.876741999999993
21
-101.8966009999999898
0
LINE
8
BLACK
6
CONTINUOUS
10
108.876741999999993
20
-101.8966009999999898
11
109.0274280000000005
21
-101.9590169999999887
0
LINE
8
BLACK
6
CONTINUOUS
10
109.0274280000000005
20
-101.9590169999999887
11
109.3917159999999882
21
-101.5947279999999893
0
LINE
8
BLACK
6
CONTINUOUS
10
109.3917159999999882
20
-101.5947279999999893
11
109.3375499999999931
21
-101.555374999999998
0
LINE
8
BLACK
6
CONTINUOUS
10
109.3375499999999931
20
-101.555374999999998
11
109.1482169999999883
21
-101.4589039999999898
0
LINE
8
BLACK
6
CONTINUOUS
10
109.1482169999999883
20
-101.4589039999999898
11
108.9461289999999991
21
-101.3932420000000008
0
LINE
8
BLACK
6
CONTINUOUS
10
108.9461289999999991
20
-101.3932420000000008
11
108.7362459999999942
21
-101.3599999999999994
0
LINE
8
BLACK
6
CONTINUOUS
10
108.7362459999999942
20
-101.3599999999999994
11
108.5237539999999967
21
-101.3599999999999994
0
LINE
8
BLACK
6
CONTINUOUS
10
108.5237539999999967
20
-101.3599999999999994
11
108.3138719999999893
21
-101.3932420000000008
0
LINE
8
BLACK
6
CONTINUOUS
10
86.3456699999999984
20
-125.7978829999999988
11
86.3710590000000025
21
-125.8163289999999961
0
LINE
8
BLACK
6
CONTINUOUS
10
86.3710590000000025
20
-125.8163289999999961
11
86.539361999999997
21
-125.9020849999999996
0
LINE
8
BLACK
6
CONTINUOUS
10
86.539361999999997
20
-125.9020849999999996
11
86.7189970000000017
21
-125.960450999999992
0
LINE
8
BLACK
6
CONTINUOUS
10
86.7189970000000017
20
-125.960450999999992
11
86.9055529999999976
21
-125.9899999999999949
0
LINE
8
BLACK
6
CONTINUOUS
10
86.9055529999999976
20
-125.9899999999999949
11
87.0944470000000024
21
-125.9899999999999949
0
LINE
8
BLACK
6
CONTINUOUS
10
87.0944470000000024
20
-125.9899999999999949
11
87.2810020000000009
21
-125.960450999999992
0
LINE
8
BLACK
6
CONTINUOUS
10
87.2810020000000009
20
-125.960450999999992
11
87.4606369999999913
21
-125.9020849999999996
0
LINE
8
BLACK
6
CONTINUOUS
10
87.4606369999999913
20
-125.9020849999999996
11
87.6289369999999934
21
-125.816330999999991
0
LINE
8
BLACK
6
CONTINUOUS
10
87.6289369999999934
20
-125.816330999999991
11
87.6543279999999925
21
-125.7978829999999988
0
LINE
8
BLACK
6
CONTINUOUS
10
87.6543279999999925
20
-125.7978829999999988
11
87.6543279999999925
21
-125.7978820000000013
0
LINE
8
BLACK
6
CONTINUOUS
10
87.6543279999999925
20
-125.7978820000000013
11
87.2831759999999974
21
-125.4267299999999921
0
LINE
8
BLACK
6
CONTINUOUS
10
87.2831759999999974
20
-125.4267299999999921
11
87.2031989999999979
21
-125.459857999999997
0
LINE
8
BLACK
6
CONTINUOUS
10
87.2031989999999979
20
-125.459857999999997
11
87.0686120000000017
21
-125.4866289999999935
0
LINE
8
BLACK
6
CONTINUOUS
10
87.0686120000000017
20
-125.4866289999999935
11
86.9313879999999983
21
-125.4866289999999935
0
LINE
8
BLACK
6
CONTINUOUS
10
86.9313879999999983
20
-125.4866289999999935
11
86.7968010000000021
21
-125.459857999999997
0
LINE
8
BLACK
6
CONTINUOUS
10
86.7968010000000021
20
-125.459857999999997
11
86.7168219999999934
21
-125.4267299999999921
0
LINE
8
BLACK
6
CONTINUOUS
10
86.7168219999999934
20
-125.4267299999999921
11
86.3456690000000009
21
-125.7978820000000013
0
LINE
8
BLACK
6
CONTINUOUS
10
86.3456690000000009
20
-125.7978820000000013
11
86.3456699999999984
21
-125.7978829999999988
0
LINE
8
BLACK
6
CONTINUOUS
10
85.7999999999999972
20
-124.8844469999999944
11
85.8295480000000026
21
-125.0710019999999929
0
LINE
8
BLACK
6
CONTINUOUS
10
85.8295480000000026
20
-125.0710019999999929
11
85.887913999999995
21
-125.2506369999999976
0
LINE
8
BLACK
6
CONTINUOUS
10
85.887913999999995
20
-125.2506369999999976
11
85.9736659999999944
21
-125.4189329999999956
0
LINE
8
BLACK
6
CONTINUOUS
10
85.9736659999999944
20
-125.4189329999999956
11
85.9921159999999958
21
-125.4443279999999987
0
LINE
8
BLACK
6
CONTINUOUS
10
85.9921159999999958
20
-125.4443279999999987
11
86.3632690000000025
21
-125.073174999999992
0
LINE
8
BLACK
6
CONTINUOUS
10
86.3632690000000025
20
-125.073174999999992
11
86.3301419999999951
21
-124.99319899999999
0
LINE
8
BLACK
6
CONTINUOUS
10
86.3301419999999951
20
-124.99319899999999
11
86.3033709999999985
21
-124.8586119999999937
0
LINE
8
BLACK
6
CONTINUOUS
10
86.3033709999999985
20
-124.8586119999999937
11
86.3033709999999985
21
-124.7213879999999904
0
LINE
8
BLACK
6
CONTINUOUS
10
86.3033709999999985
20
-124.7213879999999904
11
86.3301419999999951
21
-124.5868009999999941
0
LINE
8
BLACK
6
CONTINUOUS
10
86.3301419999999951
20
-124.5868009999999941
11
86.3632690000000025
21
-124.5068219999999997
0
LINE
8
BLACK
6
CONTINUOUS
10
86.3632690000000025
20
-124.5068219999999997
11
85.9921159999999958
21
-124.1356689999999929
0
LINE
8
BLACK
6
CONTINUOUS
10
85.9921159999999958
20
-124.1356689999999929
11
85.9921159999999958
21
-124.1356699999999904
0
LINE
8
BLACK
6
CONTINUOUS
10
85.9921159999999958
20
-124.1356699999999904
11
85.973669000000001
21
-124.161059999999992
0
LINE
8
BLACK
6
CONTINUOUS
10
85.973669000000001
20
-124.161059999999992
11
85.887913999999995
21
-124.3293619999999891
0
LINE
8
BLACK
6
CONTINUOUS
10
85.887913999999995
20
-124.3293619999999891
11
85.8295480000000026
21
-124.5089969999999937
0
LINE
8
BLACK
6
CONTINUOUS
10
85.8295480000000026
20
-124.5089969999999937
11
85.7999999999999972
21
-124.6955519999999922
0
LINE
8
BLACK
6
CONTINUOUS
10
85.7999999999999972
20
-124.6955519999999922
11
85.7999999999999972
21
-124.8844469999999944
0
LINE
8
BLACK
6
CONTINUOUS
10
86.7168229999999909
20
-124.1532689999999945
11
86.7968010000000021
21
-124.1201420000000013
0
LINE
8
BLACK
6
CONTINUOUS
10
86.7968010000000021
20
-124.1201420000000013
11
86.9313879999999983
21
-124.0933709999999905
0
LINE
8
BLACK
6
CONTINUOUS
10
86.9313879999999983
20
-124.0933709999999905
11
87.0686120000000017
21
-124.0933709999999905
0
LINE
8
BLACK
6
CONTINUOUS
10
87.0686120000000017
20
-124.0933709999999905
11
87.2031989999999979
21
-124.1201420000000013
0
LINE
8
BLACK
6
CONTINUOUS
10
87.2031989999999979
20
-124.1201420000000013
11
87.2831759999999974
21
-124.1532689999999945
0
LINE
8
BLACK
6
CONTINUOUS
10
87.2831759999999974
20
-124.1532689999999945
11
87.6543279999999925
21
-123.7821159999999878
0
LINE
8
BLACK
6
CONTINUOUS
10
87.6543279999999925
20
-123.7821159999999878
11
87.6289329999999893
21
-123.7636660000000006
0
LINE
8
BLACK
6
CONTINUOUS
10
87.6289329999999893
20
-123.7636660000000006
11
87.4606369999999913
21
-123.6779140000000012
0
LINE
8
BLACK
6
CONTINUOUS
10
87.4606369999999913
20
-123.6779140000000012
11
87.2810020000000009
21
-123.6195479999999947
0
LINE
8
BLACK
6
CONTINUOUS
10
87.2810020000000009
20
-123.6195479999999947
11
87.0944470000000024
21
-123.5899999999999892
0
LINE
8
BLACK
6
CONTINUOUS
10
87.0944470000000024
20
-123.5899999999999892
11
86.9055529999999976
21
-123.5899999999999892
0
LINE
8
BLACK
6
CONTINUOUS
10
86.9055529999999976
20
-123.5899999999999892
11
86.7189970000000017
21
-123.6195479999999947
0
LINE
8
BLACK
6
CONTINUOUS
10
86.7189970000000017
20
-123.6195479999999947
11
86.539361999999997
21
-123.6779140000000012
0
LINE
8
BLACK
6
CONTINUOUS
10
86.539361999999997
20
-123.6779140000000012
11
86.3710599999999999
21
-123.763668999999993
0
LINE
8
BLACK
6
CONTINUOUS
10
86.3710599999999999
20
-123.763668999999993
11
86.3456699999999984
21
-123.7821159999999878
0
LINE
8
BLACK
6
CONTINUOUS
10
86.3456699999999984
20
-123.7821159999999878
11
86.3456690000000009
21
-123.7821159999999878
0
LINE
8
BLACK
6
CONTINUOUS
10
86.3456690000000009
20
-123.7821159999999878
11
86.7168229999999909
21
-124.1532689999999945
0
LINE
8
BLACK
6
CONTINUOUS
10
81.4500000000000028
20
-121.8123169999999931
11
81.4820089999999908
21
-122.0144169999999946
0
LINE
8
BLACK
6
CONTINUOUS
10
81.4820089999999908
20
-122.0144169999999946
11
81.5452439999999967
21
-122.209030999999996
0
LINE
8
BLACK
6
CONTINUOUS
10
81.5452439999999967
20
-122.209030999999996
11
81.6381409999999903
21
-122.3913499999999885
0
LINE
8
BLACK
6
CONTINUOUS
10
81.6381409999999903
20
-122.3913499999999885
11
81.6381469999999894
21
-122.3913589999999942
0
LINE
8
BLACK
6
CONTINUOUS
10
81.6381469999999894
20
-122.3913589999999942
11
81.6705230000000029
21
-122.4359209999999933
0
LINE
8
BLACK
6
CONTINUOUS
10
81.6705230000000029
20
-122.4359209999999933
11
81.6705240000000003
21
-122.4359219999999908
0
LINE
8
BLACK
6
CONTINUOUS
10
81.6705240000000003
20
-122.4359219999999908
11
82.0371009999999927
21
-122.069344000000001
0
LINE
8
BLACK
6
CONTINUOUS
10
82.0371009999999927
20
-122.069344000000001
11
81.9844480000000004
21
-121.9422280000000001
0
LINE
8
BLACK
6
CONTINUOUS
10
81.9844480000000004
20
-121.9422280000000001
11
81.9538519999999977
21
-121.7884139999999888
0
LINE
8
BLACK
6
CONTINUOUS
10
81.9538519999999977
20
-121.7884139999999888
11
81.9538519999999977
21
-121.6315859999999986
0
LINE
8
BLACK
6
CONTINUOUS
10
81.9538519999999977
20
-121.6315859999999986
11
81.9844480000000004
21
-121.4777719999999874
0
LINE
8
BLACK
6
CONTINUOUS
10
81.9844480000000004
20
-121.4777719999999874
11
82.0371009999999927
21
-121.3506539999999916
0
LINE
8
BLACK
6
CONTINUOUS
10
82.0371009999999927
20
-121.3506539999999916
11
81.6705240000000003
21
-120.9840769999999992
0
LINE
8
BLACK
6
CONTINUOUS
10
81.6705240000000003
20
-120.9840769999999992
11
81.6705230000000029
21
-120.9840769999999992
0
LINE
8
BLACK
6
CONTINUOUS
10
81.6705230000000029
20
-120.9840769999999992
11
81.6381429999999995
21
-121.0286439999999999
0
LINE
8
BLACK
6
CONTINUOUS
10
81.6381429999999995
20
-121.0286439999999999
11
81.5452439999999967
21
-121.210967999999994
0
LINE
8
BLACK
6
CONTINUOUS
10
81.5452439999999967
20
-121.210967999999994
11
81.4820089999999908
21
-121.4055819999999954
0
LINE
8
BLACK
6
CONTINUOUS
10
81.4820089999999908
20
-121.4055819999999954
11
81.4500000000000028
21
-121.6076819999999969
0
LINE
8
BLACK
6
CONTINUOUS
10
81.4500000000000028
20
-121.6076819999999969
11
81.4500000000000028
21
-121.8123169999999931
0
CIRCLE
8
BLACK
10
87.
20
-111.2099999999999937
40
0.175
0
CIRCLE
8
BLACK
10
87.
20
-116.289999999999992
40
0.175
0
CIRCLE
8
BLACK
10
87.
20
-107.789999999999992
40
0.175
0
CIRCLE
8
BLACK
10
87.
20
-102.7099999999999937
40
0.175
0
CIRCLE
8
BLACK
10
94.75
20
-119.7099999999999937
40
0.175
0
CIRCLE
8
BLACK
10
94.75
20
-124.789999999999992
40
0.175
0
CIRCLE
8
BLACK
10
102.8299999999999983
20
-109.8799999999999955
40
0.175
0
CIRCLE
8
BLACK
10
100.289999999999992
20
-109.8799999999999955
40
0.175
0
CIRCLE
8
BLACK
10
97.75
20
-109.8799999999999955
40
0.175
0
CIRCLE
8
BLACK
10
95.2099999999999937
20
-109.8799999999999955
40
0.175
0
CIRCLE
8
BLACK
10
95.2099999999999937
20
-117.5
40
0.175
0
CIRCLE
8
BLACK
10
97.75
20
-117.5
40
0.175
0
CIRCLE
8
BLACK
10
100.289999999999992
20
-117.5
40
0.175
0
CIRCLE
8
BLACK
10
102.8299999999999983
20
-117.5
40
0.175
0
CIRCLE
8
BLACK
10
123.8699999999999903
20
-109.9449999999999932
40
0.175
0
CIRCLE
8
BLACK
10
121.3299999999999983
20
-109.9449999999999932
40
0.175
0
CIRCLE
8
BLACK
10
118.789999999999992
20
-109.9449999999999932
40
0.175
0
CIRCLE
8
BLACK
10
116.25
20
-109.9449999999999932
40
0.175
0
CIRCLE
8
BLACK
10
113.7099999999999937
20
-109.9449999999999932
40
0.175
0
CIRCLE
8
BLACK
10
111.1700000000000017
20
-109.9449999999999932
40
0.175
0
CIRCLE
8
BLACK
10
108.6299999999999955
20
-109.9449999999999932
40
0.175
0
CIRCLE
8
BLACK
10
108.6299999999999955
20
-117.5649999999999977
40
0.175
0
CIRCLE
8
BLACK
10
111.1700000000000017
20
-117.5649999999999977
40
0.175
0
CIRCLE
8
BLACK
10
113.7099999999999937
20
-117.5649999999999977
40
0.175
0
CIRCLE
8
BLACK
10
116.25
20
-117.5649999999999977
40
0.175
0
CIRCLE
8
BLACK
10
118.789999999999992
20
-117.5649999999999977
40
0.175
0
CIRCLE
8
BLACK
10
121.3299999999999983
20
-117.5649999999999977
40
0.175
0
CIRCLE
8
BLACK
10
123.8699999999999903
20
-117.5649999999999977
40
0.175
0
CIRCLE
8
BLACK
10
98.25
20
-124.789999999999992
40
0.175
0
CIRCLE
8
BLACK
10
98.25
20
-119.7099999999999937
40
0.175
0
CIRCLE
8
BLACK
10
87.
20
-124.789999999999992
40
0.175
0
CIRCLE
8
BLACK
10
87.
20
-119.7099999999999937
40
0.175
0
CIRCLE
8
BLACK
10
82.75
20
-107.7099999999999937
40
0.175
0
CIRCLE
8
BLACK
10
82.75
20
-112.789999999999992
40
0.175
0
CIRCLE
8
BLACK
10
102.8299999999999983
20
-122.25
40
0.175
0
CIRCLE
8
BLACK
10
102.8299999999999983
20
-123.519999999999996
40
0.175
0
CIRCLE
8
BLACK
10
102.8299999999999983
20
-124.789999999999992
40
0.175
0
CIRCLE
8
BLACK
10
116.25
20
-121.0649999999999977
40
0.175
0
CIRCLE
8
BLACK
10
113.7099999999999937
20
-121.0649999999999977
40
0.175
0
CIRCLE
8
BLACK
10
111.1700000000000017
20
-121.0649999999999977
40
0.175
0
CIRCLE
8
BLACK
10
108.6299999999999955
20
-121.0649999999999977
40
0.175
0
CIRCLE
8
BLACK
10
103.5499999999999972
20
-102.7099999999999937
40
0.175
0
CIRCLE
8
BLACK
10
106.0899999999999892
20
-102.7099999999999937
40
0.175
0
CIRCLE
8
BLACK
10
108.6299999999999955
20
-102.7099999999999937
40
0.175
0
CIRCLE
8
BLACK
10
111.1700000000000017
20
-102.7099999999999937
40
0.175
0
CIRCLE
8
BLACK
10
82.75
20
-116.7099999999999937
40
0.175
0
CIRCLE
8
BLACK
10
82.75
20
-121.7099999999999937
40
0.175
0
LINE
8
BLACK
6
CONTINUOUS
10
78.75
20
-95.75
11
131.25
21
-95.75
0
LINE
8
BLACK
6
CONTINUOUS
10
131.25
20
-95.75
11
131.25
21
-132.25
0
LINE
8
BLACK
6
CONTINUOUS
10
131.25
20
-132.25
11
78.75
21
-132.25
0
LINE
8
BLACK
6
CONTINUOUS
10
78.75
20
-132.25
11
78.75
21
-95.75
0
CIRCLE
8
WHITE
10
87.
20
-111.2099999999999937
40
0.175
0
CIRCLE
8
WHITE
10
87.
20
-116.289999999999992
40
0.175
0
CIRCLE
8
WHITE
10
87.
20
-107.789999999999992
40
0.175
0
CIRCLE
8
WHITE
10
87.
20
-102.7099999999999937
40
0.175
0
CIRCLE
8
WHITE
10
94.75
20
-119.7099999999999937
40
0.175
0
CIRCLE
8
WHITE
10
94.75
20
-124.789999999999992
40
0.175
0
CIRCLE
8
WHITE
10
102.8299999999999983
20
-109.8799999999999955
40
0.175
0
CIRCLE
8
WHITE
10
100.289999999999992
20
-109.8799999999999955
40
0.175
0
CIRCLE
8
WHITE
10
97.75
20
-109.8799999999999955
40
0.175
0
CIRCLE
8
WHITE
10
95.2099999999999937
20
-109.8799999999999955
40
0.175
0
CIRCLE
8
WHITE
10
95.2099999999999937
20
-117.5
40
0.175
0
CIRCLE
8
WHITE
10
97.75
20
-117.5
40
0.175
0
CIRCLE
8
WHITE
10
100.289999999999992
20
-117.5
40
0.175
0
CIRCLE
8
WHITE
10
102.8299999999999983
20
-117.5
40
0.175
0
CIRCLE
8
WHITE
10
123.8699999999999903
20
-109.9449999999999932
40
0.175
0
CIRCLE
8
WHITE
10
121.3299999999999983
20
-109.9449999999999932
40
0.175
0
CIRCLE
8
WHITE
10
118.789999999999992
20
-109.9449999999999932
40
0.175
0
CIRCLE
8
WHITE
10
116.25
20
-109.9449999999999932
40
0.175
0
CIRCLE
8
WHITE
10
113.7099999999999937
20
-109.9449999999999932
40
0.175
0
CIRCLE
8
WHITE
10
111.1700000000000017
20
-109.9449999999999932
40
0.175
0
CIRCLE
8
WHITE
10
108.6299999999999955
20
-109.9449999999999932
40
0.175
0
CIRCLE
8
WHITE
10
108.6299999999999955
20
-117.5649999999999977
40
0.175
0
CIRCLE
8
WHITE
10
111.1700000000000017
20
-117.5649999999999977
40
0.175
0
CIRCLE
8
WHITE
10
113.7099999999999937
20
-117.5649999999999977
40
0.175
0
CIRCLE
8
WHITE
10
116.25
20
-117.5649999999999977
40
0.175
0
CIRCLE
8
WHITE
10
118.789999999999992
20
-117.5649999999999977
40
0.175
0
CIRCLE
8
WHITE
10
121.3299999999999983
20
-117.5649999999999977
40
0.175
0
CIRCLE
8
WHITE
10
123.8699999999999903
20
-117.5649999999999977
40
0.175
0
CIRCLE
8
WHITE
10
98.25
20
-124.789999999999992
40
0.175
0
CIRCLE
8
WHITE
10
98.25
20
-119.7099999999999937
40
0.175
0
CIRCLE
8
WHITE
10
87.
20
-124.789999999999992
40
0.175
0
CIRCLE
8
WHITE
10
87.
20
-119.7099999999999937
40
0.175
0
CIRCLE
8
WHITE
10
82.75
20
-107.7099999999999937
40
0.175
0
CIRCLE
8
WHITE
10
82.75
20
-112.789999999999992
40
0.175
0
CIRCLE
8
WHITE
10
102.8299999999999983
20
-122.25
40
0.175
0
CIRCLE
8
WHITE
10
102.8299999999999983
20
-123.519999999999996
40
0.175
0
CIRCLE
8
WHITE
10
102.8299999999999983
20
-124.789999999999992
40
0.175
0
CIRCLE
8
WHITE
10
116.25
20
-121.0649999999999977
40
0.175
0
CIRCLE
8
WHITE
10
113.7099999999999937
20
-121.0649999999999977
40
0.175
0
CIRCLE
8
WHITE
10
111.1700000000000017
20
-121.0649999999999977
40
0.175
0
CIRCLE
8
WHITE
10
108.6299999999999955
20
-121.0649999999999977
40
0.175
0
CIRCLE
8
WHITE
10
103.5499999999999972
20
-102.7099999999999937
40
0.175
0
CIRCLE
8
WHITE
10
106.0899999999999892
20
-102.7099999999999937
40
0.175
0
CIRCLE
8
WHITE
10
108.6299999999999955
20
-102.7099999999999937
40
0.175
0
CIRCLE
8
WHITE
10
111.1700000000000017
20
-102.7099999999999937
40
0.175
0
CIRCLE
8
WHITE
10
82.75
20
-116.7099999999999937
40
0.175
0
CIRCLE
8
WHITE
10
82.75
20
-121.7099999999999937
40
0.175
  0
ENDSEC
  0
EOF
