  0
SECTION
  2
HEADER
  9
$ANGBASE
  50
0.0
  9
$ANGDIR
  70
1
  9
$MEASUREMENT
  70
1
  0
ENDSEC
  0
SECTION
  2
TABLES
  0
TABLE
  2
LTYPE
  70
4
  0
LTYPE
  5
40F
  2
CONTINUOUS
  70
0
  3
Solid line
  72
65
  73
0
  40
0.0
  0
LTYPE
  5
410
  2
DASHDOT
 70
0
  3
Dash Dot ____ _ ____ _
 72
65
 73
4
 40
2.0
 49
1.25
 49
-0.25
 49
0.25
 49
-0.25
  0
LTYPE
  5
411
  2
DASHED
 70
0
  3
Dashed __ __ __ __ __
 72
65
 73
2
 40
0.75
 49
0.5
 49
-0.25
  0
LTYPE
  5
43B
  2
DOTTED
 70
0
  3
Dotted .  .  .  .
 72
65
 73
2
 40
0.2
 49
0.0
 49
-0.2
  0
ENDTAB
  0
TABLE
  2
STYLE
  70
4
  0
STYLE
  2
KICAD
  70
0
  40
0
  41
1
  42
1
  50
0
  71
0
  3
isocp.shx
  0
STYLE
  2
KICADB
  70
0
  40
0
  41
1
  42
1
  50
0
  71
0
  3
isocp.shx
  0
STYLE
  2
KICADI
  70
0
  40
0
  41
1
  42
1
  50
15
  71
0
  3
isocp.shx
  0
STYLE
  2
KICADBI
  70
0
  40
0
  41
1
  42
1
  50
15
  71
0
  3
isocp.shx
  0
ENDTAB
  0
TABLE
  2
LAYER
  70
1
  0
LAYER
  2
BLACK
  70
0
  62
7
  6
CONTINUOUS
  0
ENDTAB
  0
ENDSEC
  0
SECTION
  2
ENTITIES
0
LINE
8
BLACK
6
CONTINUOUS
10
149.7999999999999829
20
-107.019999999999996
11
153.639443
21
-107.019999999999996
0
LINE
8
BLACK
6
CONTINUOUS
10
153.639443
20
-107.019999999999996
11
153.6688929999999971
21
-106.9759249999999895
0
LINE
8
BLACK
6
CONTINUOUS
10
153.6688929999999971
20
-106.9759249999999895
11
153.7659249999999815
21
-106.8788929999999908
0
LINE
8
BLACK
6
CONTINUOUS
10
153.7659249999999815
20
-106.8788929999999908
11
153.8800219999999968
21
-106.8026550000000015
0
LINE
8
BLACK
6
CONTINUOUS
10
153.8800219999999968
20
-106.8026550000000015
11
154.0068009999999958
21
-106.7501419999999968
0
LINE
8
BLACK
6
CONTINUOUS
10
154.0068009999999958
20
-106.7501419999999968
11
154.1413880000000063
21
-106.7233710000000002
0
LINE
8
BLACK
6
CONTINUOUS
10
154.1413880000000063
20
-106.7233710000000002
11
154.2786119999999812
21
-106.7233710000000002
0
LINE
8
BLACK
6
CONTINUOUS
10
154.2786119999999812
20
-106.7233710000000002
11
154.4131989999999917
21
-106.7501419999999968
0
LINE
8
BLACK
6
CONTINUOUS
10
154.4131989999999917
20
-106.7501419999999968
11
154.5399779999999907
21
-106.8026550000000015
0
LINE
8
BLACK
6
CONTINUOUS
10
154.5399779999999907
20
-106.8026550000000015
11
154.654075000000006
21
-106.8788929999999908
0
LINE
8
BLACK
6
CONTINUOUS
10
154.654075000000006
20
-106.8788929999999908
11
154.7511069999999904
21
-106.9759249999999895
0
LINE
8
BLACK
6
CONTINUOUS
10
154.7511069999999904
20
-106.9759249999999895
11
154.8273449999999798
21
-107.0900219999999905
0
LINE
8
BLACK
6
CONTINUOUS
10
154.8273449999999798
20
-107.0900219999999905
11
154.8798579999999845
21
-107.2168009999999896
0
LINE
8
BLACK
6
CONTINUOUS
10
154.8798579999999845
20
-107.2168009999999896
11
154.906628999999981
21
-107.351388
0
LINE
8
BLACK
6
CONTINUOUS
10
154.906628999999981
20
-107.351388
11
154.906628999999981
21
-107.4886119999999892
0
LINE
8
BLACK
6
CONTINUOUS
10
154.906628999999981
20
-107.4886119999999892
11
154.8798579999999845
21
-107.6231989999999996
0
LINE
8
BLACK
6
CONTINUOUS
10
154.8798579999999845
20
-107.6231989999999996
11
154.8273449999999798
21
-107.7499779999999987
0
LINE
8
BLACK
6
CONTINUOUS
10
154.8273449999999798
20
-107.7499779999999987
11
154.7511069999999904
21
-107.8640749999999997
0
LINE
8
BLACK
6
CONTINUOUS
10
154.7511069999999904
20
-107.8640749999999997
11
154.654075000000006
21
-107.9611069999999984
0
LINE
8
BLACK
6
CONTINUOUS
10
154.654075000000006
20
-107.9611069999999984
11
154.5399779999999907
21
-108.037345000000002
0
LINE
8
BLACK
6
CONTINUOUS
10
154.5399779999999907
20
-108.037345000000002
11
154.4131989999999917
21
-108.0898579999999924
0
LINE
8
BLACK
6
CONTINUOUS
10
154.4131989999999917
20
-108.0898579999999924
11
154.2786119999999812
21
-108.116628999999989
0
LINE
8
BLACK
6
CONTINUOUS
10
154.2786119999999812
20
-108.116628999999989
11
154.1413880000000063
21
-108.116628999999989
0
LINE
8
BLACK
6
CONTINUOUS
10
154.1413880000000063
20
-108.116628999999989
11
154.0068009999999958
21
-108.0898579999999924
0
LINE
8
BLACK
6
CONTINUOUS
10
154.0068009999999958
20
-108.0898579999999924
11
153.8800219999999968
21
-108.037345000000002
0
LINE
8
BLACK
6
CONTINUOUS
10
153.8800219999999968
20
-108.037345000000002
11
153.7659249999999815
21
-107.9611069999999984
0
LINE
8
BLACK
6
CONTINUOUS
10
153.7659249999999815
20
-107.9611069999999984
11
153.6688929999999971
21
-107.8640749999999997
0
LINE
8
BLACK
6
CONTINUOUS
10
153.6688929999999971
20
-107.8640749999999997
11
153.639443
21
-107.8199999999999932
0
LINE
8
BLACK
6
CONTINUOUS
10
153.639443
20
-107.8199999999999932
11
149.7999999999999829
21
-107.8199999999999932
0
LINE
8
BLACK
6
CONTINUOUS
10
149.7999999999999829
20
-107.8199999999999932
11
149.7999999999999829
21
-108.3724999999999881
0
LINE
8
BLACK
6
CONTINUOUS
10
149.7999999999999829
20
-108.3724999999999881
11
147.7999999999999829
21
-108.3724999999999881
0
LINE
8
BLACK
6
CONTINUOUS
10
147.7999999999999829
20
-108.3724999999999881
11
147.7999999999999829
21
-107.8199999999999932
0
LINE
8
BLACK
6
CONTINUOUS
10
147.7999999999999829
20
-107.8199999999999932
11
144.7456849999999804
21
-107.8199999999999932
0
LINE
8
BLACK
6
CONTINUOUS
10
144.7456849999999804
20
-107.8199999999999932
11
137.6500000000000057
21
-114.9156849999999963
0
LINE
8
BLACK
6
CONTINUOUS
10
137.6500000000000057
20
-114.9156849999999963
11
137.6500000000000057
21
-126.834313999999992
0
LINE
8
BLACK
6
CONTINUOUS
10
137.6500000000000057
20
-126.834313999999992
11
148.9156859999999938
21
-138.0999999999999943
0
LINE
8
BLACK
6
CONTINUOUS
10
148.9156859999999938
20
-138.0999999999999943
11
155.8343140000000062
21
-138.0999999999999943
0
LINE
8
BLACK
6
CONTINUOUS
10
155.8343140000000062
20
-138.0999999999999943
11
158.1800000000000068
21
-135.7543139999999937
0
LINE
8
BLACK
6
CONTINUOUS
10
158.1800000000000068
20
-135.7543139999999937
11
158.1800000000000068
21
-135.0330539999999928
0
LINE
8
BLACK
6
CONTINUOUS
10
158.1800000000000068
20
-135.0330539999999928
11
158.0993129999999951
21
-134.9996329999999887
0
LINE
8
BLACK
6
CONTINUOUS
10
158.0993129999999951
20
-134.9996329999999887
11
157.9607660000000067
21
-134.9070590000000038
0
LINE
8
BLACK
6
CONTINUOUS
10
157.9607660000000067
20
-134.9070590000000038
11
157.8429409999999962
21
-134.7892339999999933
0
LINE
8
BLACK
6
CONTINUOUS
10
157.8429409999999962
20
-134.7892339999999933
11
157.7503669999999829
21
-134.6506870000000049
0
LINE
8
BLACK
6
CONTINUOUS
10
157.7503669999999829
20
-134.6506870000000049
11
157.686600999999996
21
-134.4967419999999834
0
LINE
8
BLACK
6
CONTINUOUS
10
157.686600999999996
20
-134.4967419999999834
11
157.6540929999999889
21
-134.3333149999999989
0
LINE
8
BLACK
6
CONTINUOUS
10
157.6540929999999889
20
-134.3333149999999989
11
157.6540929999999889
21
-134.1666850000000011
0
LINE
8
BLACK
6
CONTINUOUS
10
157.6540929999999889
20
-134.1666850000000011
11
157.686600999999996
21
-134.0032579999999882
0
LINE
8
BLACK
6
CONTINUOUS
10
157.686600999999996
20
-134.0032579999999882
11
157.7503669999999829
21
-133.8493129999999951
0
LINE
8
BLACK
6
CONTINUOUS
10
157.7503669999999829
20
-133.8493129999999951
11
157.8429409999999962
21
-133.7107660000000067
0
LINE
8
BLACK
6
CONTINUOUS
10
157.8429409999999962
20
-133.7107660000000067
11
157.9607660000000067
21
-133.5929409999999962
0
LINE
8
BLACK
6
CONTINUOUS
10
157.9607660000000067
20
-133.5929409999999962
11
158.0993129999999951
21
-133.5003669999999829
0
LINE
8
BLACK
6
CONTINUOUS
10
158.0993129999999951
20
-133.5003669999999829
11
158.2532579999999882
21
-133.436600999999996
0
LINE
8
BLACK
6
CONTINUOUS
10
158.2532579999999882
20
-133.436600999999996
11
158.4166850000000011
21
-133.4040929999999889
0
LINE
8
BLACK
6
CONTINUOUS
10
158.4166850000000011
20
-133.4040929999999889
11
158.5833149999999989
21
-133.4040929999999889
0
LINE
8
BLACK
6
CONTINUOUS
10
158.5833149999999989
20
-133.4040929999999889
11
158.7467419999999834
21
-133.436600999999996
0
LINE
8
BLACK
6
CONTINUOUS
10
158.7467419999999834
20
-133.436600999999996
11
158.9006870000000049
21
-133.5003669999999829
0
LINE
8
BLACK
6
CONTINUOUS
10
158.9006870000000049
20
-133.5003669999999829
11
159.0392339999999933
21
-133.5929409999999962
0
LINE
8
BLACK
6
CONTINUOUS
10
159.0392339999999933
20
-133.5929409999999962
11
159.1570590000000038
21
-133.7107660000000067
0
LINE
8
BLACK
6
CONTINUOUS
10
159.1570590000000038
20
-133.7107660000000067
11
159.2496329999999887
21
-133.8493129999999951
0
LINE
8
BLACK
6
CONTINUOUS
10
159.2496329999999887
20
-133.8493129999999951
11
159.313399000000004
21
-134.0032579999999882
0
LINE
8
BLACK
6
CONTINUOUS
10
159.313399000000004
20
-134.0032579999999882
11
159.3459069999999826
21
-134.1666850000000011
0
LINE
8
BLACK
6
CONTINUOUS
10
159.3459069999999826
20
-134.1666850000000011
11
159.3459069999999826
21
-134.3333149999999989
0
LINE
8
BLACK
6
CONTINUOUS
10
159.3459069999999826
20
-134.3333149999999989
11
159.313399000000004
21
-134.4967419999999834
0
LINE
8
BLACK
6
CONTINUOUS
10
159.313399000000004
20
-134.4967419999999834
11
159.2496329999999887
21
-134.6506870000000049
0
LINE
8
BLACK
6
CONTINUOUS
10
159.2496329999999887
20
-134.6506870000000049
11
159.1570590000000038
21
-134.7892339999999933
0
LINE
8
BLACK
6
CONTINUOUS
10
159.1570590000000038
20
-134.7892339999999933
11
159.0392339999999933
21
-134.9070590000000038
0
LINE
8
BLACK
6
CONTINUOUS
10
159.0392339999999933
20
-134.9070590000000038
11
158.9799999999999898
21
-134.9466369999999813
0
LINE
8
BLACK
6
CONTINUOUS
10
158.9799999999999898
20
-134.9466369999999813
11
158.9799999999999898
21
-135.9199999999999875
0
LINE
8
BLACK
6
CONTINUOUS
10
158.9799999999999898
20
-135.9199999999999875
11
158.9765779999999893
21
-135.9722099999999898
0
LINE
8
BLACK
6
CONTINUOUS
10
158.9765779999999893
20
-135.9722099999999898
11
158.9495519999999829
21
-136.0730739999999912
0
LINE
8
BLACK
6
CONTINUOUS
10
158.9495519999999829
20
-136.0730739999999912
11
158.8973409999999831
21
-136.1635049999999865
0
LINE
8
BLACK
6
CONTINUOUS
10
158.8973409999999831
20
-136.1635049999999865
11
158.862842999999998
21
-136.2028430000000014
0
LINE
8
BLACK
6
CONTINUOUS
10
158.862842999999998
20
-136.2028430000000014
11
156.2828429999999855
21
-138.7828429999999855
0
LINE
8
BLACK
6
CONTINUOUS
10
156.2828429999999855
20
-138.7828429999999855
11
156.243504999999999
21
-138.817340999999999
0
LINE
8
BLACK
6
CONTINUOUS
10
156.243504999999999
20
-138.817340999999999
11
156.1530740000000037
21
-138.8695519999999988
0
LINE
8
BLACK
6
CONTINUOUS
10
156.1530740000000037
20
-138.8695519999999988
11
156.0522100000000023
21
-138.8965780000000052
0
LINE
8
BLACK
6
CONTINUOUS
10
156.0522100000000023
20
-138.8965780000000052
11
156.
21
-138.9000000000000057
0
LINE
8
BLACK
6
CONTINUOUS
10
156.
20
-138.9000000000000057
11
148.75
21
-138.9000000000000057
0
LINE
8
BLACK
6
CONTINUOUS
10
148.75
20
-138.9000000000000057
11
148.6977899999999977
21
-138.8965780000000052
0
LINE
8
BLACK
6
CONTINUOUS
10
148.6977899999999977
20
-138.8965780000000052
11
148.5969259999999963
21
-138.8695519999999988
0
LINE
8
BLACK
6
CONTINUOUS
10
148.5969259999999963
20
-138.8695519999999988
11
148.506495000000001
21
-138.817340999999999
0
LINE
8
BLACK
6
CONTINUOUS
10
148.506495000000001
20
-138.817340999999999
11
148.4671569999999861
21
-138.7828429999999855
0
LINE
8
BLACK
6
CONTINUOUS
10
148.4671569999999861
20
-138.7828429999999855
11
136.9671569999999861
21
-127.2828429999999997
0
LINE
8
BLACK
6
CONTINUOUS
10
136.9671569999999861
20
-127.2828429999999997
11
136.932659000000001
21
-127.243504999999999
0
LINE
8
BLACK
6
CONTINUOUS
10
136.932659000000001
20
-127.243504999999999
11
136.8804480000000012
21
-127.1530739999999895
0
LINE
8
BLACK
6
CONTINUOUS
10
136.8804480000000012
20
-127.1530739999999895
11
136.8534219999999948
21
-127.0522099999999881
0
LINE
8
BLACK
6
CONTINUOUS
10
136.8534219999999948
20
-127.0522099999999881
11
136.8499999999999943
21
-127.
0
LINE
8
BLACK
6
CONTINUOUS
10
136.8499999999999943
20
-127.
11
136.8499999999999943
21
-114.75
0
LINE
8
BLACK
6
CONTINUOUS
10
136.8499999999999943
20
-114.75
11
136.8534219999999948
21
-114.6977899999999977
0
LINE
8
BLACK
6
CONTINUOUS
10
136.8534219999999948
20
-114.6977899999999977
11
136.8804480000000012
21
-114.5969269999999938
0
LINE
8
BLACK
6
CONTINUOUS
10
136.8804480000000012
20
-114.5969269999999938
11
136.8804480000000012
21
-114.5969259999999963
0
LINE
8
BLACK
6
CONTINUOUS
10
136.8804480000000012
20
-114.5969259999999963
11
136.932659000000001
21
-114.506495000000001
0
LINE
8
BLACK
6
CONTINUOUS
10
136.932659000000001
20
-114.506495000000001
11
136.9671569999999861
21
-114.4671570000000003
0
LINE
8
BLACK
6
CONTINUOUS
10
136.9671569999999861
20
-114.4671570000000003
11
144.2971569999999986
21
-107.1371579999999994
0
LINE
8
BLACK
6
CONTINUOUS
10
144.2971569999999986
20
-107.1371579999999994
11
144.3364949999999851
21
-107.1026589999999885
0
LINE
8
BLACK
6
CONTINUOUS
10
144.3364949999999851
20
-107.1026589999999885
11
144.3583830000000034
21
-107.0900219999999905
0
LINE
8
BLACK
6
CONTINUOUS
10
144.3583830000000034
20
-107.0900219999999905
11
144.4269270000000063
21
-107.0504479999999887
0
LINE
8
BLACK
6
CONTINUOUS
10
144.4269270000000063
20
-107.0504479999999887
11
144.5277899999999818
21
-107.0234219999999965
0
LINE
8
BLACK
6
CONTINUOUS
10
144.5277899999999818
20
-107.0234219999999965
11
144.5799999999999841
21
-107.019999999999996
0
LINE
8
BLACK
6
CONTINUOUS
10
144.5799999999999841
20
-107.019999999999996
11
147.7999999999999829
21
-107.019999999999996
0
LINE
8
BLACK
6
CONTINUOUS
10
147.7999999999999829
20
-107.019999999999996
11
147.7999999999999829
21
-106.4675000000000011
0
LINE
8
BLACK
6
CONTINUOUS
10
147.7999999999999829
20
-106.4675000000000011
11
149.7999999999999829
21
-106.4675000000000011
0
LINE
8
BLACK
6
CONTINUOUS
10
149.7999999999999829
20
-106.4675000000000011
11
149.7999999999999829
21
-107.019999999999996
0
LINE
8
BLACK
6
CONTINUOUS
10
147.0177429999999958
20
-108.6401849999999882
11
147.0634979999999814
21
-108.6929889999999972
0
LINE
8
BLACK
6
CONTINUOUS
10
147.0634979999999814
20
-108.6929889999999972
11
147.0677430000000072
21
-108.7035379999999947
0
LINE
8
BLACK
6
CONTINUOUS
10
147.0677430000000072
20
-108.7035379999999947
11
147.0742109999999911
21
-108.7220219999999955
0
LINE
8
BLACK
6
CONTINUOUS
10
147.0742109999999911
20
-108.7220219999999955
11
147.0742119999999886
21
-108.7220239999999905
0
LINE
8
BLACK
6
CONTINUOUS
10
147.0742119999999886
20
-108.7220239999999905
11
147.1701840000000061
21
-108.8747619999999898
0
LINE
8
BLACK
6
CONTINUOUS
10
147.1701840000000061
20
-108.8747619999999898
11
147.2199909999999932
21
-108.9245689999999911
0
LINE
8
BLACK
6
CONTINUOUS
10
147.2199909999999932
20
-108.9245689999999911
11
147.2534760000000063
21
-108.9858919999999927
0
LINE
8
BLACK
6
CONTINUOUS
10
147.2534760000000063
20
-108.9858919999999927
11
147.2484919999999988
21
-109.0555839999999961
0
LINE
8
BLACK
6
CONTINUOUS
10
147.2484919999999988
20
-109.0555839999999961
11
147.2396970000000067
21
-109.0742499999999922
0
LINE
8
BLACK
6
CONTINUOUS
10
147.2396970000000067
20
-109.0742499999999922
11
147.1769119999999873
21
-109.1829959999999886
0
LINE
8
BLACK
6
CONTINUOUS
10
147.1769119999999873
20
-109.1829959999999886
11
147.1769069999999999
21
-109.1830069999999893
0
LINE
8
BLACK
6
CONTINUOUS
10
147.1769069999999999
20
-109.1830069999999893
11
147.0889729999999815
21
-109.3952979999999968
0
LINE
8
BLACK
6
CONTINUOUS
10
147.0889729999999815
20
-109.3952979999999968
11
147.0889699999999891
21
-109.395308
0
LINE
8
BLACK
6
CONTINUOUS
10
147.0889699999999891
20
-109.395308
11
147.0294949999999972
21
-109.6172739999999948
0
LINE
8
BLACK
6
CONTINUOUS
10
147.0294949999999972
20
-109.6172739999999948
11
146.9994999999999834
21
-109.8450939999999889
0
LINE
8
BLACK
6
CONTINUOUS
10
146.9994999999999834
20
-109.8450939999999889
11
146.9994999999999834
21
-110.0749050000000011
0
LINE
8
BLACK
6
CONTINUOUS
10
146.9994999999999834
20
-110.0749050000000011
11
147.0228290000000015
21
-110.2520979999999895
0
LINE
8
BLACK
6
CONTINUOUS
10
147.0228290000000015
20
-110.2520979999999895
11
147.0294949999999972
21
-110.3027269999999902
0
LINE
8
BLACK
6
CONTINUOUS
10
147.0294949999999972
20
-110.3027269999999902
11
147.0889699999999891
21
-110.52469099999999
0
LINE
8
BLACK
6
CONTINUOUS
10
147.0889699999999891
20
-110.52469099999999
11
147.0889729999999815
21
-110.5247009999999932
0
LINE
8
BLACK
6
CONTINUOUS
10
147.0889729999999815
20
-110.5247009999999932
11
147.1769069999999999
21
-110.7369920000000008
0
LINE
8
BLACK
6
CONTINUOUS
10
147.1769069999999999
20
-110.7369920000000008
11
147.1769089999999949
21
-110.7369959999999907
0
LINE
8
BLACK
6
CONTINUOUS
10
147.1769089999999949
20
-110.7369959999999907
11
147.2918070000000057
21
-110.9360039999999969
0
LINE
8
BLACK
6
CONTINUOUS
10
147.2918070000000057
20
-110.9360039999999969
11
147.2918119999999931
21
-110.936009999999996
0
LINE
8
BLACK
6
CONTINUOUS
10
147.2918119999999931
20
-110.936009999999996
11
147.2918129999999906
21
-110.936011999999991
0
LINE
8
BLACK
6
CONTINUOUS
10
147.2918129999999906
20
-110.936011999999991
11
147.4316949999999906
21
-111.1183109999999914
0
LINE
8
BLACK
6
CONTINUOUS
10
147.4316949999999906
20
-111.1183109999999914
11
147.4317010000000039
21
-111.1183179999999879
0
LINE
8
BLACK
6
CONTINUOUS
10
147.4317010000000039
20
-111.1183179999999879
11
147.4557020000000023
21
-111.1423190000000005
0
LINE
8
BLACK
6
CONTINUOUS
10
147.4557020000000023
20
-111.1423190000000005
11
147.4891869999999869
21
-111.2036419999999879
0
LINE
8
BLACK
6
CONTINUOUS
10
147.4891869999999869
20
-111.2036419999999879
11
147.4842029999999795
21
-111.2733339999999913
0
LINE
8
BLACK
6
CONTINUOUS
10
147.4842029999999795
20
-111.2733339999999913
11
147.4557020000000023
21
-111.3176809999999932
0
LINE
8
BLACK
6
CONTINUOUS
10
147.4557020000000023
20
-111.3176809999999932
11
147.4317010000000039
21
-111.3416809999999941
0
LINE
8
BLACK
6
CONTINUOUS
10
147.4317010000000039
20
-111.3416809999999941
11
147.4316949999999906
21
-111.3416879999999907
0
LINE
8
BLACK
6
CONTINUOUS
10
147.4316949999999906
20
-111.3416879999999907
11
147.2918129999999906
21
-111.5239869999999911
0
LINE
8
BLACK
6
CONTINUOUS
10
147.2918129999999906
20
-111.5239869999999911
11
147.2918070000000057
21
-111.5239959999999968
0
LINE
8
BLACK
6
CONTINUOUS
10
147.2918070000000057
20
-111.5239959999999968
11
147.1769089999999949
21
-111.7230029999999914
0
LINE
8
BLACK
6
CONTINUOUS
10
147.1769089999999949
20
-111.7230029999999914
11
147.1769069999999999
21
-111.7230069999999955
0
LINE
8
BLACK
6
CONTINUOUS
10
147.1769069999999999
20
-111.7230069999999955
11
147.0889729999999815
21
-111.9352979999999889
0
LINE
8
BLACK
6
CONTINUOUS
10
147.0889729999999815
20
-111.9352979999999889
11
147.0889699999999891
21
-111.935307999999992
0
LINE
8
BLACK
6
CONTINUOUS
10
147.0889699999999891
20
-111.935307999999992
11
147.0372219999999857
21
-112.1284379999999885
0
LINE
8
BLACK
6
CONTINUOUS
10
147.0372219999999857
20
-112.1284379999999885
11
147.0294949999999972
21
-112.157274000000001
0
LINE
8
BLACK
6
CONTINUOUS
10
147.0294949999999972
20
-112.157274000000001
11
146.9994999999999834
21
-112.3850939999999952
0
LINE
8
BLACK
6
CONTINUOUS
10
146.9994999999999834
20
-112.3850939999999952
11
146.9994999999999834
21
-112.6149049999999932
0
LINE
8
BLACK
6
CONTINUOUS
10
146.9994999999999834
20
-112.6149049999999932
11
147.0213829999999859
21
-112.7811139999999881
0
LINE
8
BLACK
6
CONTINUOUS
10
147.0213829999999859
20
-112.7811139999999881
11
147.0294949999999972
21
-112.8427269999999965
0
LINE
8
BLACK
6
CONTINUOUS
10
147.0294949999999972
20
-112.8427269999999965
11
147.0889699999999891
21
-113.0646909999999963
0
LINE
8
BLACK
6
CONTINUOUS
10
147.0889699999999891
20
-113.0646909999999963
11
147.0889729999999815
21
-113.0647009999999995
0
LINE
8
BLACK
6
CONTINUOUS
10
147.0889729999999815
20
-113.0647009999999995
11
147.1769069999999999
21
-113.2769919999999928
0
LINE
8
BLACK
6
CONTINUOUS
10
147.1769069999999999
20
-113.2769919999999928
11
147.1769089999999949
21
-113.2769959999999969
0
LINE
8
BLACK
6
CONTINUOUS
10
147.1769089999999949
20
-113.2769959999999969
11
147.2918070000000057
21
-113.476003999999989
0
LINE
8
BLACK
6
CONTINUOUS
10
147.2918070000000057
20
-113.476003999999989
11
147.2918119999999931
21
-113.4760099999999881
0
LINE
8
BLACK
6
CONTINUOUS
10
147.2918119999999931
20
-113.4760099999999881
11
147.2918129999999906
21
-113.4760119999999972
0
LINE
8
BLACK
6
CONTINUOUS
10
147.2918129999999906
20
-113.4760119999999972
11
147.4316949999999906
21
-113.6583109999999976
0
LINE
8
BLACK
6
CONTINUOUS
10
147.4316949999999906
20
-113.6583109999999976
11
147.4317010000000039
21
-113.6583179999999942
0
LINE
8
BLACK
6
CONTINUOUS
10
147.4317010000000039
20
-113.6583179999999942
11
147.5631809999999859
21
-113.7897979999999905
0
LINE
8
BLACK
6
CONTINUOUS
10
147.5631809999999859
20
-113.7897979999999905
11
147.596665999999999
21
-113.851120999999992
0
LINE
8
BLACK
6
CONTINUOUS
10
147.596665999999999
20
-113.851120999999992
11
147.5995000000000061
21
-113.8774789999999939
0
LINE
8
BLACK
6
CONTINUOUS
10
147.5995000000000061
20
-113.8774789999999939
11
147.5995000000000061
21
-117.1062919999999963
0
LINE
8
BLACK
6
CONTINUOUS
10
147.5995000000000061
20
-117.1062919999999963
11
147.5798149999999964
21
-117.1733309999999904
0
LINE
8
BLACK
6
CONTINUOUS
10
147.5798149999999964
20
-117.1733309999999904
11
147.5414729999999963
21
-117.2112849999999895
0
LINE
8
BLACK
6
CONTINUOUS
10
147.5414729999999963
20
-117.2112849999999895
11
147.4477420000000052
21
-117.2701799999999963
0
LINE
8
BLACK
6
CONTINUOUS
10
147.4477420000000052
20
-117.2701799999999963
11
147.34734499999999
21
-117.3705769999999973
0
LINE
8
BLACK
6
CONTINUOUS
10
147.34734499999999
20
-117.3705769999999973
11
147.2860220000000027
21
-117.4040609999999987
0
LINE
8
BLACK
6
CONTINUOUS
10
147.2860220000000027
20
-117.4040609999999987
11
147.2163299999999992
21
-117.3990769999999912
0
LINE
8
BLACK
6
CONTINUOUS
10
147.2163299999999992
20
-117.3990769999999912
11
147.1867790000000014
21
-117.3832129999999978
0
LINE
8
BLACK
6
CONTINUOUS
10
147.1867790000000014
20
-117.3832129999999978
11
147.1250540000000058
21
-117.3383679999999885
0
LINE
8
BLACK
6
CONTINUOUS
10
147.1250540000000058
20
-117.3383679999999885
11
147.1250529999999799
21
-117.338366999999991
0
LINE
8
BLACK
6
CONTINUOUS
10
147.1250529999999799
20
-117.338366999999991
11
147.1250509999999849
21
-117.3383659999999935
0
LINE
8
BLACK
6
CONTINUOUS
10
147.1250509999999849
20
-117.3383659999999935
11
147.0527639999999963
21
-117.3015339999999895
0
LINE
8
BLACK
6
CONTINUOUS
10
147.0527639999999963
20
-117.3015339999999895
11
146.8935759999999959
21
-117.2204219999999992
0
LINE
8
BLACK
6
CONTINUOUS
10
146.8935759999999959
20
-117.2204219999999992
11
146.6464929999999924
21
-117.1401399999999882
0
LINE
8
BLACK
6
CONTINUOUS
10
146.6464929999999924
20
-117.1401399999999882
11
146.3899020000000064
21
-117.0994999999999919
0
LINE
8
BLACK
6
CONTINUOUS
10
146.3899020000000064
20
-117.0994999999999919
11
146.3898969999999906
21
-117.0994999999999919
0
LINE
8
BLACK
6
CONTINUOUS
10
146.3898969999999906
20
-117.0994999999999919
11
146.1301029999999912
21
-117.0994999999999919
0
LINE
8
BLACK
6
CONTINUOUS
10
146.1301029999999912
20
-117.0994999999999919
11
146.1300980000000038
21
-117.0994999999999919
0
LINE
8
BLACK
6
CONTINUOUS
10
146.1300980000000038
20
-117.0994999999999919
11
145.8735059999999919
21
-117.1401399999999882
0
LINE
8
BLACK
6
CONTINUOUS
10
145.8735059999999919
20
-117.1401399999999882
11
145.6264229999999884
21
-117.2204219999999992
0
LINE
8
BLACK
6
CONTINUOUS
10
145.6264229999999884
20
-117.2204219999999992
11
145.394945000000007
21
-117.3383679999999885
0
LINE
8
BLACK
6
CONTINUOUS
10
145.394945000000007
20
-117.3383679999999885
11
145.1847740000000044
21
-117.4910659999999893
0
LINE
8
BLACK
6
CONTINUOUS
10
145.1847740000000044
20
-117.4910659999999893
11
145.1847679999999912
21
-117.4910709999999909
0
LINE
8
BLACK
6
CONTINUOUS
10
145.1847679999999912
20
-117.4910709999999909
11
145.1626589999999908
21
-117.5131809999999888
0
LINE
8
BLACK
6
CONTINUOUS
10
145.1626589999999908
20
-117.5131809999999888
11
145.1013360000000034
21
-117.5466659999999877
0
LINE
8
BLACK
6
CONTINUOUS
10
145.1013360000000034
20
-117.5466659999999877
11
145.0749779999999873
21
-117.5494999999999948
0
LINE
8
BLACK
6
CONTINUOUS
10
145.0749779999999873
20
-117.5494999999999948
11
143.1437070000000062
21
-117.5494999999999948
0
LINE
8
BLACK
6
CONTINUOUS
10
143.1437070000000062
20
-117.5494999999999948
11
143.0766679999999837
21
-117.5298149999999993
0
LINE
8
BLACK
6
CONTINUOUS
10
143.0766679999999837
20
-117.5298149999999993
11
143.0387130000000013
21
-117.4914720000000017
0
LINE
8
BLACK
6
CONTINUOUS
10
143.0387130000000013
20
-117.4914720000000017
11
143.0143669999999929
21
-117.4527259999999984
0
LINE
8
BLACK
6
CONTINUOUS
10
143.0143669999999929
20
-117.4527259999999984
11
142.9798159999999996
21
-117.3977379999999897
0
LINE
8
BLACK
6
CONTINUOUS
10
142.9798159999999996
20
-117.3977379999999897
11
142.8522619999999961
21
-117.2701840000000004
0
LINE
8
BLACK
6
CONTINUOUS
10
142.8522619999999961
20
-117.2701840000000004
11
142.8522559999999828
21
-117.2701799999999963
0
LINE
8
BLACK
6
CONTINUOUS
10
142.8522559999999828
20
-117.2701799999999963
11
142.6995229999999992
21
-117.1742109999999997
0
LINE
8
BLACK
6
CONTINUOUS
10
142.6995229999999992
20
-117.1742109999999997
11
142.5292539999999804
21
-117.1146309999999886
0
LINE
8
BLACK
6
CONTINUOUS
10
142.5292539999999804
20
-117.1146309999999886
11
142.529248999999993
21
-117.1146299999999911
0
LINE
8
BLACK
6
CONTINUOUS
10
142.529248999999993
20
-117.1146299999999911
11
142.3949599999999975
21
-117.0994999999999919
0
LINE
8
BLACK
6
CONTINUOUS
10
142.3949599999999975
20
-117.0994999999999919
11
142.3949539999999843
21
-117.0994999999999919
0
LINE
8
BLACK
6
CONTINUOUS
10
142.3949539999999843
20
-117.0994999999999919
11
140.6050459999999873
21
-117.0994999999999919
0
LINE
8
BLACK
6
CONTINUOUS
10
140.6050459999999873
20
-117.0994999999999919
11
140.605039000000005
21
-117.0994999999999919
0
LINE
8
BLACK
6
CONTINUOUS
10
140.605039000000005
20
-117.0994999999999919
11
140.4707499999999811
21
-117.1146299999999911
0
LINE
8
BLACK
6
CONTINUOUS
10
140.4707499999999811
20
-117.1146299999999911
11
140.4707449999999938
21
-117.1146309999999886
0
LINE
8
BLACK
6
CONTINUOUS
10
140.4707449999999938
20
-117.1146309999999886
11
140.3004760000000033
21
-117.1742109999999997
0
LINE
8
BLACK
6
CONTINUOUS
10
140.3004760000000033
20
-117.1742109999999997
11
140.1477370000000064
21
-117.2701840000000004
0
LINE
8
BLACK
6
CONTINUOUS
10
140.1477370000000064
20
-117.2701840000000004
11
140.0201840000000004
21
-117.3977369999999922
0
LINE
8
BLACK
6
CONTINUOUS
10
140.0201840000000004
20
-117.3977369999999922
11
139.9242109999999855
21
-117.5504759999999891
0
LINE
8
BLACK
6
CONTINUOUS
10
139.9242109999999855
20
-117.5504759999999891
11
139.8646310000000028
21
-117.7207449999999938
0
LINE
8
BLACK
6
CONTINUOUS
10
139.8646310000000028
20
-117.7207449999999938
11
139.8646300000000053
21
-117.7207499999999953
0
LINE
8
BLACK
6
CONTINUOUS
10
139.8646300000000053
20
-117.7207499999999953
11
139.8495000000000061
21
-117.8550389999999908
0
LINE
8
BLACK
6
CONTINUOUS
10
139.8495000000000061
20
-117.8550389999999908
11
139.8495000000000061
21
-119.6449599999999975
0
LINE
8
BLACK
6
CONTINUOUS
10
139.8495000000000061
20
-119.6449599999999975
11
139.8646300000000053
21
-119.779248999999993
0
LINE
8
BLACK
6
CONTINUOUS
10
139.8646300000000053
20
-119.779248999999993
11
139.8646310000000028
21
-119.7792539999999946
0
LINE
8
BLACK
6
CONTINUOUS
10
139.8646310000000028
20
-119.7792539999999946
11
139.9242109999999855
21
-119.9495229999999992
0
LINE
8
BLACK
6
CONTINUOUS
10
139.9242109999999855
20
-119.9495229999999992
11
140.0201840000000004
21
-120.1022619999999961
0
LINE
8
BLACK
6
CONTINUOUS
10
140.0201840000000004
20
-120.1022619999999961
11
140.1477380000000039
21
-120.2298159999999996
0
LINE
8
BLACK
6
CONTINUOUS
10
140.1477380000000039
20
-120.2298159999999996
11
140.1529519999999991
21
-120.2330919999999992
0
LINE
8
BLACK
6
CONTINUOUS
10
140.1529519999999991
20
-120.2330919999999992
11
140.2551200000000051
21
-120.2972889999999921
0
LINE
8
BLACK
6
CONTINUOUS
10
140.2551200000000051
20
-120.2972889999999921
11
140.3004779999999982
21
-120.3257890000000003
0
LINE
8
BLACK
6
CONTINUOUS
10
140.3004779999999982
20
-120.3257890000000003
11
140.4707449999999938
21
-120.3853679999999997
0
LINE
8
BLACK
6
CONTINUOUS
10
140.4707449999999938
20
-120.3853679999999997
11
140.4707499999999811
21
-120.3853689999999972
0
LINE
8
BLACK
6
CONTINUOUS
10
140.4707499999999811
20
-120.3853689999999972
11
140.544747000000001
21
-120.3937059999999946
0
LINE
8
BLACK
6
CONTINUOUS
10
140.544747000000001
20
-120.3937059999999946
11
140.6050400000000025
21
-120.4004989999999964
0
LINE
8
BLACK
6
CONTINUOUS
10
140.6050400000000025
20
-120.4004989999999964
11
140.6050429999999949
21
-120.4004999999999939
0
LINE
8
BLACK
6
CONTINUOUS
10
140.6050429999999949
20
-120.4004999999999939
11
140.6050459999999873
21
-120.4004999999999939
0
LINE
8
BLACK
6
CONTINUOUS
10
140.6050459999999873
20
-120.4004999999999939
11
142.3949570000000051
21
-120.4004999999999939
0
LINE
8
BLACK
6
CONTINUOUS
10
142.3949570000000051
20
-120.4004999999999939
11
142.3949580000000026
21
-120.4004989999999964
0
LINE
8
BLACK
6
CONTINUOUS
10
142.3949580000000026
20
-120.4004989999999964
11
142.4621039999999823
21
-120.3929339999999968
0
LINE
8
BLACK
6
CONTINUOUS
10
142.4621039999999823
20
-120.3929339999999968
11
142.529248999999993
21
-120.3853689999999972
0
LINE
8
BLACK
6
CONTINUOUS
10
142.529248999999993
20
-120.3853689999999972
11
142.5292519999999854
21
-120.3853679999999997
0
LINE
8
BLACK
6
CONTINUOUS
10
142.5292519999999854
20
-120.3853679999999997
11
142.5292550000000062
21
-120.3853679999999997
0
LINE
8
BLACK
6
CONTINUOUS
10
142.5292550000000062
20
-120.3853679999999997
11
142.6995220000000018
21
-120.3257890000000003
0
LINE
8
BLACK
6
CONTINUOUS
10
142.6995220000000018
20
-120.3257890000000003
11
142.8522619999999961
21
-120.2298159999999996
0
LINE
8
BLACK
6
CONTINUOUS
10
142.8522619999999961
20
-120.2298159999999996
11
142.9798159999999996
21
-120.1022619999999961
0
LINE
8
BLACK
6
CONTINUOUS
10
142.9798159999999996
20
-120.1022619999999961
11
143.0387130000000013
21
-120.0085279999999983
0
LINE
8
BLACK
6
CONTINUOUS
10
143.0387130000000013
20
-120.0085279999999983
11
143.0910480000000007
21
-119.9622369999999876
0
LINE
8
BLACK
6
CONTINUOUS
10
143.0910480000000007
20
-119.9622369999999876
11
143.1437070000000062
21
-119.950499999999991
0
LINE
8
BLACK
6
CONTINUOUS
10
143.1437070000000062
20
-119.950499999999991
11
145.0749779999999873
21
-119.950499999999991
0
LINE
8
BLACK
6
CONTINUOUS
10
145.0749779999999873
20
-119.950499999999991
11
145.0976679999999988
21
-119.9571619999999967
0
LINE
8
BLACK
6
CONTINUOUS
10
145.0976679999999988
20
-119.9571619999999967
11
145.1212119999999857
21
-119.9594409999999982
0
LINE
8
BLACK
6
CONTINUOUS
10
145.1212119999999857
20
-119.9594409999999982
11
145.1338429999999846
21
-119.9677849999999921
0
LINE
8
BLACK
6
CONTINUOUS
10
145.1338429999999846
20
-119.9677849999999921
11
145.1420169999999814
21
-119.9701850000000007
0
LINE
8
BLACK
6
CONTINUOUS
10
145.1420169999999814
20
-119.9701850000000007
11
145.1517539999999826
21
-119.9771279999999933
0
LINE
8
BLACK
6
CONTINUOUS
10
145.1517539999999826
20
-119.9771279999999933
11
145.1574929999999881
21
-119.9816529999999943
0
LINE
8
BLACK
6
CONTINUOUS
10
145.1574929999999881
20
-119.9816529999999943
11
145.1847709999999836
21
-120.0089309999999898
0
LINE
8
BLACK
6
CONTINUOUS
10
145.1847709999999836
20
-120.0089309999999898
11
145.2779160000000047
21
-120.0766050000000007
0
LINE
8
BLACK
6
CONTINUOUS
10
145.2779160000000047
20
-120.0766050000000007
11
145.279847999999987
21
-120.0781279999999924
0
LINE
8
BLACK
6
CONTINUOUS
10
145.279847999999987
20
-120.0781279999999924
11
145.2987129999999922
21
-120.1046909999999883
0
LINE
8
BLACK
6
CONTINUOUS
10
145.2987129999999922
20
-120.1046909999999883
11
145.3186230000000023
21
-120.130511999999996
0
LINE
8
BLACK
6
CONTINUOUS
10
145.3186230000000023
20
-120.130511999999996
11
145.318838999999997
21
-120.1330309999999884
0
LINE
8
BLACK
6
CONTINUOUS
10
145.318838999999997
20
-120.1330309999999884
11
145.320303999999993
21
-120.1350939999999952
0
LINE
8
BLACK
6
CONTINUOUS
10
145.320303999999993
20
-120.1350939999999952
11
145.3218129999999917
21
-120.1676569999999913
0
LINE
8
BLACK
6
CONTINUOUS
10
145.3218129999999917
20
-120.1676569999999913
11
145.3246019999999987
21
-120.2001259999999974
0
LINE
8
BLACK
6
CONTINUOUS
10
145.3246019999999987
20
-120.2001259999999974
11
145.3234209999999962
21
-120.2023619999999937
0
LINE
8
BLACK
6
CONTINUOUS
10
145.3234209999999962
20
-120.2023619999999937
11
145.3235389999999825
21
-120.2048879999999969
0
LINE
8
BLACK
6
CONTINUOUS
10
145.3235389999999825
20
-120.2048879999999969
11
145.3072070000000053
21
-120.2330919999999992
0
LINE
8
BLACK
6
CONTINUOUS
10
145.3072070000000053
20
-120.2330919999999992
11
145.2919959999999833
21
-120.261921000000001
0
LINE
8
BLACK
6
CONTINUOUS
10
145.2919959999999833
20
-120.261921000000001
11
145.2897940000000006
21
-120.2631639999999891
0
LINE
8
BLACK
6
CONTINUOUS
10
145.2897940000000006
20
-120.2631639999999891
11
145.2885269999999878
21
-120.2653529999999904
0
LINE
8
BLACK
6
CONTINUOUS
10
145.2885269999999878
20
-120.2653529999999904
11
145.259539999999987
21
-120.2802489999999977
0
LINE
8
BLACK
6
CONTINUOUS
10
145.259539999999987
20
-120.2802489999999977
11
145.2311569999999961
21
-120.2962780000000009
0
LINE
8
BLACK
6
CONTINUOUS
10
145.2311569999999961
20
-120.2962780000000009
11
145.2275429999999972
21
-120.2966919999999931
0
LINE
8
BLACK
6
CONTINUOUS
10
145.2275429999999972
20
-120.2966919999999931
11
145.2263829999999984
21
-120.2972889999999921
0
LINE
8
BLACK
6
CONTINUOUS
10
145.2263829999999984
20
-120.2972889999999921
11
145.224191999999988
21
-120.2970770000000016
0
LINE
8
BLACK
6
CONTINUOUS
10
145.224191999999988
20
-120.2970770000000016
11
145.2030719999999917
21
-120.2994999999999948
0
LINE
8
BLACK
6
CONTINUOUS
10
145.2030719999999917
20
-120.2994999999999948
11
144.4055139999999824
21
-120.2994999999999948
0
LINE
8
BLACK
6
CONTINUOUS
10
144.4055139999999824
20
-120.2994999999999948
11
144.2188809999999819
21
-120.3290590000000009
0
LINE
8
BLACK
6
CONTINUOUS
10
144.2188809999999819
20
-120.3290590000000009
11
144.0391630000000021
21
-120.3874539999999911
0
LINE
8
BLACK
6
CONTINUOUS
10
144.0391630000000021
20
-120.3874539999999911
11
143.8708000000000027
21
-120.4732399999999899
0
LINE
8
BLACK
6
CONTINUOUS
10
143.8708000000000027
20
-120.4732399999999899
11
143.7835790000000031
21
-120.536609999999996
0
LINE
8
BLACK
6
CONTINUOUS
10
143.7835790000000031
20
-120.536609999999996
11
143.7179270000000031
21
-120.5843099999999879
0
LINE
8
BLACK
6
CONTINUOUS
10
143.7179270000000031
20
-120.5843099999999879
11
143.7179249999999797
21
-120.5843119999999971
0
LINE
8
BLACK
6
CONTINUOUS
10
143.7179249999999797
20
-120.5843119999999971
11
143.7179239999999822
21
-120.5843119999999971
0
LINE
8
BLACK
6
CONTINUOUS
10
143.7179239999999822
20
-120.5843119999999971
11
141.8343099999999879
21
-122.4679249999999939
0
LINE
8
BLACK
6
CONTINUOUS
10
141.8343099999999879
20
-122.4679249999999939
11
141.7915659999999889
21
-122.5267589999999984
0
LINE
8
BLACK
6
CONTINUOUS
10
141.7915659999999889
20
-122.5267589999999984
11
141.7915649999999914
21
-122.5267589999999984
0
LINE
8
BLACK
6
CONTINUOUS
10
141.7915649999999914
20
-122.5267589999999984
11
141.7232419999999991
21
-122.620796999999996
0
LINE
8
BLACK
6
CONTINUOUS
10
141.7232419999999991
20
-122.620796999999996
11
141.6374539999999911
21
-122.7891629999999878
0
LINE
8
BLACK
6
CONTINUOUS
10
141.6374539999999911
20
-122.7891629999999878
11
141.5790590000000009
21
-122.9688809999999961
0
LINE
8
BLACK
6
CONTINUOUS
10
141.5790590000000009
20
-122.9688809999999961
11
141.5494999999999948
21
-123.1555129999999991
0
LINE
8
BLACK
6
CONTINUOUS
10
141.5494999999999948
20
-123.1555129999999991
11
141.5494999999999948
21
-127.5944859999999892
0
LINE
8
BLACK
6
CONTINUOUS
10
141.5494999999999948
20
-127.5944859999999892
11
141.5790590000000009
21
-127.7811179999999922
0
LINE
8
BLACK
6
CONTINUOUS
10
141.5790590000000009
20
-127.7811179999999922
11
141.6374539999999911
21
-127.9608360000000005
0
LINE
8
BLACK
6
CONTINUOUS
10
141.6374539999999911
20
-127.9608360000000005
11
141.6946519999999907
21
-128.0730920000000026
0
LINE
8
BLACK
6
CONTINUOUS
10
141.6946519999999907
20
-128.0730920000000026
11
141.7232400000000041
21
-128.1291989999999998
0
LINE
8
BLACK
6
CONTINUOUS
10
141.7232400000000041
20
-128.1291989999999998
11
141.8343099999999879
21
-128.2820739999999944
0
LINE
8
BLACK
6
CONTINUOUS
10
141.8343099999999879
20
-128.2820739999999944
11
148.4679260000000056
21
-134.9156899999999837
0
LINE
8
BLACK
6
CONTINUOUS
10
148.4679260000000056
20
-134.9156899999999837
11
148.6208010000000002
21
-135.0267599999999959
0
LINE
8
BLACK
6
CONTINUOUS
10
148.6208010000000002
20
-135.0267599999999959
11
148.7891679999999894
21
-135.1125470000000064
0
LINE
8
BLACK
6
CONTINUOUS
10
148.7891679999999894
20
-135.1125470000000064
11
148.9688819999999794
21
-135.1709400000000016
0
LINE
8
BLACK
6
CONTINUOUS
10
148.9688819999999794
20
-135.1709400000000016
11
149.0388700000000028
21
-135.1820249999999817
0
LINE
8
BLACK
6
CONTINUOUS
10
149.0388700000000028
20
-135.1820249999999817
11
149.1555129999999849
21
-135.2005000000000052
0
LINE
8
BLACK
6
CONTINUOUS
10
149.1555129999999849
20
-135.2005000000000052
11
149.1555180000000007
21
-135.2005000000000052
0
LINE
8
BLACK
6
CONTINUOUS
10
149.1555180000000007
20
-135.2005000000000052
11
149.1555189999999982
21
-135.2005000000000052
0
LINE
8
BLACK
6
CONTINUOUS
10
149.1555189999999982
20
-135.2005000000000052
11
151.6690920000000062
21
-135.2005000000000052
0
LINE
8
BLACK
6
CONTINUOUS
10
151.6690920000000062
20
-135.2005000000000052
11
151.7361310000000003
21
-135.2201849999999865
0
LINE
8
BLACK
6
CONTINUOUS
10
151.7361310000000003
20
-135.2201849999999865
11
151.7818859999999859
21
-135.2729889999999955
0
LINE
8
BLACK
6
CONTINUOUS
10
151.7818859999999859
20
-135.2729889999999955
11
151.7861299999999858
21
-135.283535999999998
0
LINE
8
BLACK
6
CONTINUOUS
10
151.7861299999999858
20
-135.283535999999998
11
151.8117809999999963
21
-135.3568449999999928
0
LINE
8
BLACK
6
CONTINUOUS
10
151.8117809999999963
20
-135.3568449999999928
11
151.8442100000000039
21
-135.4495210000000043
0
LINE
8
BLACK
6
CONTINUOUS
10
151.8442100000000039
20
-135.4495210000000043
11
151.8442110000000014
21
-135.4495220000000018
0
LINE
8
BLACK
6
CONTINUOUS
10
151.8442110000000014
20
-135.4495220000000018
11
151.9401839999999879
21
-135.6022619999999961
0
LINE
8
BLACK
6
CONTINUOUS
10
151.9401839999999879
20
-135.6022619999999961
11
152.0677379999999914
21
-135.7298159999999996
0
LINE
8
BLACK
6
CONTINUOUS
10
152.0677379999999914
20
-135.7298159999999996
11
152.2204779999999857
21
-135.8257889999999861
0
LINE
8
BLACK
6
CONTINUOUS
10
152.2204779999999857
20
-135.8257889999999861
11
152.3907449999999812
21
-135.8853679999999997
0
LINE
8
BLACK
6
CONTINUOUS
10
152.3907449999999812
20
-135.8853679999999997
11
152.390749999999997
21
-135.8853689999999972
0
LINE
8
BLACK
6
CONTINUOUS
10
152.390749999999997
20
-135.8853689999999972
11
152.4812459999999987
21
-135.8955650000000048
0
LINE
8
BLACK
6
CONTINUOUS
10
152.4812459999999987
20
-135.8955650000000048
11
152.52503999999999
21
-135.9004989999999964
0
LINE
8
BLACK
6
CONTINUOUS
10
152.52503999999999
20
-135.9004989999999964
11
152.5250429999999824
21
-135.9004999999999939
0
LINE
8
BLACK
6
CONTINUOUS
10
152.5250429999999824
20
-135.9004999999999939
11
152.5250460000000032
21
-135.9004999999999939
0
LINE
8
BLACK
6
CONTINUOUS
10
152.5250460000000032
20
-135.9004999999999939
11
154.3149569999999926
21
-135.9004999999999939
0
LINE
8
BLACK
6
CONTINUOUS
10
154.3149569999999926
20
-135.9004999999999939
11
154.3149579999999901
21
-135.9004989999999964
0
LINE
8
BLACK
6
CONTINUOUS
10
154.3149579999999901
20
-135.9004989999999964
11
154.3821039999999982
21
-135.8929339999999968
0
LINE
8
BLACK
6
CONTINUOUS
10
154.3821039999999982
20
-135.8929339999999968
11
154.4492489999999805
21
-135.8853689999999972
0
LINE
8
BLACK
6
CONTINUOUS
10
154.4492489999999805
20
-135.8853689999999972
11
154.4492520000000013
21
-135.8853679999999997
0
LINE
8
BLACK
6
CONTINUOUS
10
154.4492520000000013
20
-135.8853679999999997
11
154.4492549999999937
21
-135.8853679999999997
0
LINE
8
BLACK
6
CONTINUOUS
10
154.4492549999999937
20
-135.8853679999999997
11
154.6195219999999892
21
-135.8257889999999861
0
LINE
8
BLACK
6
CONTINUOUS
10
154.6195219999999892
20
-135.8257889999999861
11
154.7722619999999836
21
-135.7298159999999996
0
LINE
8
BLACK
6
CONTINUOUS
10
154.7722619999999836
20
-135.7298159999999996
11
154.8726549999999804
21
-135.6294230000000027
0
LINE
8
BLACK
6
CONTINUOUS
10
154.8726549999999804
20
-135.6294230000000027
11
154.9339779999999962
21
-135.5959379999999896
0
LINE
8
BLACK
6
CONTINUOUS
10
154.9339779999999962
20
-135.5959379999999896
11
155.0036699999999996
21
-135.6009219999999971
0
LINE
8
BLACK
6
CONTINUOUS
10
155.0036699999999996
20
-135.6009219999999971
11
155.0332180000000051
21
-135.6167829999999981
0
LINE
8
BLACK
6
CONTINUOUS
10
155.0332180000000051
20
-135.6167829999999981
11
155.0949489999999855
21
-135.6616339999999923
0
LINE
8
BLACK
6
CONTINUOUS
10
155.0949489999999855
20
-135.6616339999999923
11
155.1491639999999848
21
-135.6892579999999953
0
LINE
8
BLACK
6
CONTINUOUS
10
155.1491639999999848
20
-135.6892579999999953
11
155.3264230000000055
21
-135.7795769999999891
0
LINE
8
BLACK
6
CONTINUOUS
10
155.3264230000000055
20
-135.7795769999999891
11
155.3264250000000004
21
-135.7795769999999891
0
LINE
8
BLACK
6
CONTINUOUS
10
155.3264250000000004
20
-135.7795769999999891
11
155.3264279999999928
21
-135.779578999999984
0
LINE
8
BLACK
6
CONTINUOUS
10
155.3264279999999928
20
-135.779578999999984
11
155.5735070000000064
21
-135.8598599999999976
0
LINE
8
BLACK
6
CONTINUOUS
10
155.5735070000000064
20
-135.8598599999999976
11
155.7057059999999922
21
-135.8807970000000012
0
LINE
8
BLACK
6
CONTINUOUS
10
155.7057059999999922
20
-135.8807970000000012
11
155.8300979999999925
21
-135.9004999999999939
0
LINE
8
BLACK
6
CONTINUOUS
10
155.8300979999999925
20
-135.9004999999999939
11
155.8301029999999798
21
-135.9004999999999939
0
LINE
8
BLACK
6
CONTINUOUS
10
155.8301029999999798
20
-135.9004999999999939
11
156.089901999999995
21
-135.9004999999999939
0
LINE
8
BLACK
6
CONTINUOUS
10
156.089901999999995
20
-135.9004999999999939
11
156.2032979999999895
21
-135.88253899999998
0
LINE
8
BLACK
6
CONTINUOUS
10
156.2032979999999895
20
-135.88253899999998
11
156.3464929999999811
21
-135.8598599999999976
0
LINE
8
BLACK
6
CONTINUOUS
10
156.3464929999999811
20
-135.8598599999999976
11
156.5935719999999947
21
-135.779578999999984
0
LINE
8
BLACK
6
CONTINUOUS
10
156.5935719999999947
20
-135.779578999999984
11
156.7708360000000027
21
-135.6892569999999978
0
LINE
8
BLACK
6
CONTINUOUS
10
156.7708360000000027
20
-135.6892569999999978
11
156.8395050000000026
21
-135.6763609999999858
0
LINE
8
BLACK
6
CONTINUOUS
10
156.8395050000000026
20
-135.6763609999999858
11
156.9042450000000031
21
-135.7026369999999815
0
LINE
8
BLACK
6
CONTINUOUS
10
156.9042450000000031
20
-135.7026369999999815
11
156.9445029999999974
21
-135.7597429999999861
0
LINE
8
BLACK
6
CONTINUOUS
10
156.9445029999999974
20
-135.7597429999999861
11
156.9474950000000035
21
-135.8295489999999859
0
LINE
8
BLACK
6
CONTINUOUS
10
156.9474950000000035
20
-135.8295489999999859
11
156.9148119999999835
21
-135.8874229999999841
0
LINE
8
BLACK
6
CONTINUOUS
10
156.9148119999999835
20
-135.8874229999999841
11
155.5390549999999905
21
-137.263181000000003
0
LINE
8
BLACK
6
CONTINUOUS
10
155.5390549999999905
20
-137.263181000000003
11
155.4777320000000032
21
-137.2966659999999877
0
LINE
8
BLACK
6
CONTINUOUS
10
155.4777320000000032
20
-137.2966659999999877
11
155.4513739999999871
21
-137.2994999999999948
0
LINE
8
BLACK
6
CONTINUOUS
10
155.4513739999999871
20
-137.2994999999999948
11
149.2986259999999845
21
-137.2994999999999948
0
LINE
8
BLACK
6
CONTINUOUS
10
149.2986259999999845
20
-137.2994999999999948
11
149.2315869999999904
21
-137.279814999999985
0
LINE
8
BLACK
6
CONTINUOUS
10
149.2315869999999904
20
-137.279814999999985
11
149.2109449999999811
21
-137.263181000000003
0
LINE
8
BLACK
6
CONTINUOUS
10
149.2109449999999811
20
-137.263181000000003
11
138.486818999999997
21
-126.5390549999999905
0
LINE
8
BLACK
6
CONTINUOUS
10
138.486818999999997
20
-126.5390549999999905
11
138.4533339999999839
21
-126.4777319999999889
0
LINE
8
BLACK
6
CONTINUOUS
10
138.4533339999999839
20
-126.4777319999999889
11
138.4505000000000052
21
-126.4513740000000013
0
LINE
8
BLACK
6
CONTINUOUS
10
138.4505000000000052
20
-126.4513740000000013
11
138.4505000000000052
21
-115.2986259999999987
0
LINE
8
BLACK
6
CONTINUOUS
10
138.4505000000000052
20
-115.2986259999999987
11
138.4701849999999865
21
-115.2315869999999904
0
LINE
8
BLACK
6
CONTINUOUS
10
138.4701849999999865
20
-115.2315869999999904
11
138.486818999999997
21
-115.2109449999999953
0
LINE
8
BLACK
6
CONTINUOUS
10
138.486818999999997
20
-115.2109449999999953
11
145.0409449999999936
21
-108.6568189999999987
0
LINE
8
BLACK
6
CONTINUOUS
10
145.0409449999999936
20
-108.6568189999999987
11
145.1022679999999809
21
-108.6233339999999998
0
LINE
8
BLACK
6
CONTINUOUS
10
145.1022679999999809
20
-108.6233339999999998
11
145.128625999999997
21
-108.6204999999999927
0
LINE
8
BLACK
6
CONTINUOUS
10
145.128625999999997
20
-108.6204999999999927
11
146.9507040000000018
21
-108.6204999999999927
0
LINE
8
BLACK
6
CONTINUOUS
10
146.9507040000000018
20
-108.6204999999999927
11
147.0177429999999958
21
-108.6401849999999882
0
LINE
8
BLACK
6
CONTINUOUS
10
166.2167900000000031
20
-108.8903929999999889
11
166.3809519999999793
21
-108.9437329999999946
0
LINE
8
BLACK
6
CONTINUOUS
10
166.3809519999999793
20
-108.9437329999999946
11
166.5347479999999791
21
-109.0220959999999906
0
LINE
8
BLACK
6
CONTINUOUS
10
166.5347479999999791
20
-109.0220959999999906
11
166.6743929999999807
21
-109.1235530000000011
0
LINE
8
BLACK
6
CONTINUOUS
10
166.6743929999999807
20
-109.1235530000000011
11
166.7964470000000006
21
-109.2456069999999926
0
LINE
8
BLACK
6
CONTINUOUS
10
166.7964470000000006
20
-109.2456069999999926
11
166.8979039999999827
21
-109.3852519999999942
0
LINE
8
BLACK
6
CONTINUOUS
10
166.8979039999999827
20
-109.3852519999999942
11
166.9762669999999787
21
-109.539047999999994
0
LINE
8
BLACK
6
CONTINUOUS
10
166.9762669999999787
20
-109.539047999999994
11
167.0296069999999986
21
-109.7032099999999986
0
LINE
8
BLACK
6
CONTINUOUS
10
167.0296069999999986
20
-109.7032099999999986
11
167.0566089999999804
21
-109.8736949999999979
0
LINE
8
BLACK
6
CONTINUOUS
10
167.0566089999999804
20
-109.8736949999999979
11
167.0566089999999804
21
-110.0463049999999896
0
LINE
8
BLACK
6
CONTINUOUS
10
167.0566089999999804
20
-110.0463049999999896
11
167.0296069999999986
21
-110.2167899999999889
0
LINE
8
BLACK
6
CONTINUOUS
10
167.0296069999999986
20
-110.2167899999999889
11
166.9762669999999787
21
-110.3809519999999935
0
LINE
8
BLACK
6
CONTINUOUS
10
166.9762669999999787
20
-110.3809519999999935
11
166.8979039999999827
21
-110.5347479999999933
0
LINE
8
BLACK
6
CONTINUOUS
10
166.8979039999999827
20
-110.5347479999999933
11
166.7964470000000006
21
-110.6743929999999949
0
LINE
8
BLACK
6
CONTINUOUS
10
166.7964470000000006
20
-110.6743929999999949
11
166.6743929999999807
21
-110.7964470000000006
0
LINE
8
BLACK
6
CONTINUOUS
10
166.6743929999999807
20
-110.7964470000000006
11
166.5347479999999791
21
-110.8979039999999969
0
LINE
8
BLACK
6
CONTINUOUS
10
166.5347479999999791
20
-110.8979039999999969
11
166.3809519999999793
21
-110.9762669999999929
0
LINE
8
BLACK
6
CONTINUOUS
10
166.3809519999999793
20
-110.9762669999999929
11
166.2167900000000031
21
-111.0296069999999986
0
LINE
8
BLACK
6
CONTINUOUS
10
166.2167900000000031
20
-111.0296069999999986
11
166.0463049999999896
21
-111.0566089999999946
0
LINE
8
BLACK
6
CONTINUOUS
10
166.0463049999999896
20
-111.0566089999999946
11
165.8736949999999979
21
-111.0566089999999946
0
LINE
8
BLACK
6
CONTINUOUS
10
165.8736949999999979
20
-111.0566089999999946
11
165.7032099999999843
21
-111.0296069999999986
0
LINE
8
BLACK
6
CONTINUOUS
10
165.7032099999999843
20
-111.0296069999999986
11
165.5390479999999798
21
-110.9762669999999929
0
LINE
8
BLACK
6
CONTINUOUS
10
165.5390479999999798
20
-110.9762669999999929
11
165.3852519999999799
21
-110.8979039999999969
0
LINE
8
BLACK
6
CONTINUOUS
10
165.3852519999999799
20
-110.8979039999999969
11
165.2456069999999784
21
-110.7964470000000006
0
LINE
8
BLACK
6
CONTINUOUS
10
165.2456069999999784
20
-110.7964470000000006
11
165.1235529999999869
21
-110.6743929999999949
0
LINE
8
BLACK
6
CONTINUOUS
10
165.1235529999999869
20
-110.6743929999999949
11
165.0220960000000048
21
-110.5347479999999933
0
LINE
8
BLACK
6
CONTINUOUS
10
165.0220960000000048
20
-110.5347479999999933
11
164.9437329999999804
21
-110.3809519999999935
0
LINE
8
BLACK
6
CONTINUOUS
10
164.9437329999999804
20
-110.3809519999999935
11
164.9369250000000022
21
-110.3599999999999994
0
LINE
8
BLACK
6
CONTINUOUS
10
164.9369250000000022
20
-110.3599999999999994
11
157.7056849999999883
21
-110.3599999999999994
0
LINE
8
BLACK
6
CONTINUOUS
10
157.7056849999999883
20
-110.3599999999999994
11
149.7156860000000052
21
-118.3499999999999943
0
LINE
8
BLACK
6
CONTINUOUS
10
149.7156860000000052
20
-118.3499999999999943
11
154.25
21
-118.3499999999999943
0
LINE
8
BLACK
6
CONTINUOUS
10
154.25
20
-118.3499999999999943
11
154.3022100000000023
21
-118.3534219999999948
0
LINE
8
BLACK
6
CONTINUOUS
10
154.3022100000000023
20
-118.3534219999999948
11
154.4030740000000037
21
-118.3804480000000012
0
LINE
8
BLACK
6
CONTINUOUS
10
154.4030740000000037
20
-118.3804480000000012
11
154.493504999999999
21
-118.432659000000001
0
LINE
8
BLACK
6
CONTINUOUS
10
154.493504999999999
20
-118.432659000000001
11
154.5328429999999855
21
-118.4671570000000003
0
LINE
8
BLACK
6
CONTINUOUS
10
154.5328429999999855
20
-118.4671570000000003
11
159.7828429999999855
21
-123.7171570000000003
0
LINE
8
BLACK
6
CONTINUOUS
10
159.7828429999999855
20
-123.7171570000000003
11
159.817340999999999
21
-123.756495000000001
0
LINE
8
BLACK
6
CONTINUOUS
10
159.817340999999999
20
-123.756495000000001
11
159.8695519999999988
21
-123.8469259999999963
0
LINE
8
BLACK
6
CONTINUOUS
10
159.8695519999999988
20
-123.8469259999999963
11
159.8695519999999988
21
-123.8469269999999938
0
LINE
8
BLACK
6
CONTINUOUS
10
159.8695519999999988
20
-123.8469269999999938
11
159.8965780000000052
21
-123.9477899999999977
0
LINE
8
BLACK
6
CONTINUOUS
10
159.8965780000000052
20
-123.9477899999999977
11
159.9000000000000057
21
-124.
0
LINE
8
BLACK
6
CONTINUOUS
10
159.9000000000000057
20
-124.
11
159.9000000000000057
21
-126.4769249999999943
0
LINE
8
BLACK
6
CONTINUOUS
10
159.9000000000000057
20
-126.4769249999999943
11
159.9209519999999998
21
-126.4837330000000009
0
LINE
8
BLACK
6
CONTINUOUS
10
159.9209519999999998
20
-126.4837330000000009
11
160.0747479999999996
21
-126.5620959999999968
0
LINE
8
BLACK
6
CONTINUOUS
10
160.0747479999999996
20
-126.5620959999999968
11
160.2143930000000012
21
-126.6635529999999932
0
LINE
8
BLACK
6
CONTINUOUS
10
160.2143930000000012
20
-126.6635529999999932
11
160.3364469999999926
21
-126.7856069999999988
0
LINE
8
BLACK
6
CONTINUOUS
10
160.3364469999999926
20
-126.7856069999999988
11
160.4379040000000032
21
-126.9252520000000004
0
LINE
8
BLACK
6
CONTINUOUS
10
160.4379040000000032
20
-126.9252520000000004
11
160.5162669999999991
21
-127.0790480000000002
0
LINE
8
BLACK
6
CONTINUOUS
10
160.5162669999999991
20
-127.0790480000000002
11
160.5696069999999906
21
-127.2432099999999906
0
LINE
8
BLACK
6
CONTINUOUS
10
160.5696069999999906
20
-127.2432099999999906
11
160.5966090000000008
21
-127.4136949999999899
0
LINE
8
BLACK
6
CONTINUOUS
10
160.5966090000000008
20
-127.4136949999999899
11
160.5966090000000008
21
-127.5863049999999959
0
LINE
8
BLACK
6
CONTINUOUS
10
160.5966090000000008
20
-127.5863049999999959
11
160.5696069999999906
21
-127.7567899999999952
0
LINE
8
BLACK
6
CONTINUOUS
10
160.5696069999999906
20
-127.7567899999999952
11
160.5162669999999991
21
-127.9209519999999998
0
LINE
8
BLACK
6
CONTINUOUS
10
160.5162669999999991
20
-127.9209519999999998
11
160.4379040000000032
21
-128.0747479999999996
0
LINE
8
BLACK
6
CONTINUOUS
10
160.4379040000000032
20
-128.0747479999999996
11
160.3364469999999926
21
-128.2143930000000012
0
LINE
8
BLACK
6
CONTINUOUS
10
160.3364469999999926
20
-128.2143930000000012
11
160.2143930000000012
21
-128.3364469999999926
0
LINE
8
BLACK
6
CONTINUOUS
10
160.2143930000000012
20
-128.3364469999999926
11
160.0747479999999996
21
-128.4379040000000032
0
LINE
8
BLACK
6
CONTINUOUS
10
160.0747479999999996
20
-128.4379040000000032
11
159.9209519999999998
21
-128.5162669999999991
0
LINE
8
BLACK
6
CONTINUOUS
10
159.9209519999999998
20
-128.5162669999999991
11
159.7567899999999952
21
-128.5696069999999906
0
LINE
8
BLACK
6
CONTINUOUS
10
159.7567899999999952
20
-128.5696069999999906
11
159.5863049999999816
21
-128.5966090000000008
0
LINE
8
BLACK
6
CONTINUOUS
10
159.5863049999999816
20
-128.5966090000000008
11
159.4136949999999899
21
-128.5966090000000008
0
LINE
8
BLACK
6
CONTINUOUS
10
159.4136949999999899
20
-128.5966090000000008
11
159.2432100000000048
21
-128.5696069999999906
0
LINE
8
BLACK
6
CONTINUOUS
10
159.2432100000000048
20
-128.5696069999999906
11
159.0790480000000002
21
-128.5162669999999991
0
LINE
8
BLACK
6
CONTINUOUS
10
159.0790480000000002
20
-128.5162669999999991
11
158.9252520000000004
21
-128.4379040000000032
0
LINE
8
BLACK
6
CONTINUOUS
10
158.9252520000000004
20
-128.4379040000000032
11
158.7856069999999988
21
-128.3364469999999926
0
LINE
8
BLACK
6
CONTINUOUS
10
158.7856069999999988
20
-128.3364469999999926
11
158.663552999999979
21
-128.2143930000000012
0
LINE
8
BLACK
6
CONTINUOUS
10
158.663552999999979
20
-128.2143930000000012
11
158.5620959999999968
21
-128.0747479999999996
0
LINE
8
BLACK
6
CONTINUOUS
10
158.5620959999999968
20
-128.0747479999999996
11
158.4837330000000009
21
-127.9209519999999998
0
LINE
8
BLACK
6
CONTINUOUS
10
158.4837330000000009
20
-127.9209519999999998
11
158.4303929999999809
21
-127.7567899999999952
0
LINE
8
BLACK
6
CONTINUOUS
10
158.4303929999999809
20
-127.7567899999999952
11
158.4033909999999992
21
-127.5863049999999959
0
LINE
8
BLACK
6
CONTINUOUS
10
158.4033909999999992
20
-127.5863049999999959
11
158.4033909999999992
21
-127.4136949999999899
0
LINE
8
BLACK
6
CONTINUOUS
10
158.4033909999999992
20
-127.4136949999999899
11
158.4303929999999809
21
-127.2432099999999906
0
LINE
8
BLACK
6
CONTINUOUS
10
158.4303929999999809
20
-127.2432099999999906
11
158.4837330000000009
21
-127.0790480000000002
0
LINE
8
BLACK
6
CONTINUOUS
10
158.4837330000000009
20
-127.0790480000000002
11
158.5620959999999968
21
-126.9252520000000004
0
LINE
8
BLACK
6
CONTINUOUS
10
158.5620959999999968
20
-126.9252520000000004
11
158.663552999999979
21
-126.7856069999999988
0
LINE
8
BLACK
6
CONTINUOUS
10
158.663552999999979
20
-126.7856069999999988
11
158.7856069999999988
21
-126.6635529999999932
0
LINE
8
BLACK
6
CONTINUOUS
10
158.7856069999999988
20
-126.6635529999999932
11
158.9252520000000004
21
-126.5620959999999968
0
LINE
8
BLACK
6
CONTINUOUS
10
158.9252520000000004
20
-126.5620959999999968
11
159.0790480000000002
21
-126.4837330000000009
0
LINE
8
BLACK
6
CONTINUOUS
10
159.0790480000000002
20
-126.4837330000000009
11
159.0999999999999943
21
-126.4769249999999943
0
LINE
8
BLACK
6
CONTINUOUS
10
159.0999999999999943
20
-126.4769249999999943
11
159.0999999999999943
21
-124.1656859999999938
0
LINE
8
BLACK
6
CONTINUOUS
10
159.0999999999999943
20
-124.1656859999999938
11
154.0843140000000062
21
-119.1499999999999915
0
LINE
8
BLACK
6
CONTINUOUS
10
154.0843140000000062
20
-119.1499999999999915
11
149.6500000000000057
21
-119.1499999999999915
0
LINE
8
BLACK
6
CONTINUOUS
10
149.6500000000000057
20
-119.1499999999999915
11
149.6500000000000057
21
-119.5999999999999943
0
LINE
8
BLACK
6
CONTINUOUS
10
149.6500000000000057
20
-119.5999999999999943
11
149.1999999999999886
21
-119.5999999999999943
0
LINE
8
BLACK
6
CONTINUOUS
10
149.1999999999999886
20
-119.5999999999999943
11
149.1999999999999886
21
-121.5
0
LINE
8
BLACK
6
CONTINUOUS
10
149.1999999999999886
20
-121.5
11
149.1999999999999886
21
-125.5421709999999962
0
LINE
8
BLACK
6
CONTINUOUS
10
149.1999999999999886
20
-125.5421709999999962
11
149.2490049999999826
21
-125.5624699999999905
0
LINE
8
BLACK
6
CONTINUOUS
10
149.2490049999999826
20
-125.5624699999999905
11
149.4042599999999936
21
-125.6662079999999975
0
LINE
8
BLACK
6
CONTINUOUS
10
149.4042599999999936
20
-125.6662079999999975
11
149.5362920000000031
21
-125.7982399999999927
0
LINE
8
BLACK
6
CONTINUOUS
10
149.5362920000000031
20
-125.7982399999999927
11
149.6400299999999959
21
-125.9534949999999895
0
LINE
8
BLACK
6
CONTINUOUS
10
149.6400299999999959
20
-125.9534949999999895
11
149.7114859999999794
21
-126.1260039999999947
0
LINE
8
BLACK
6
CONTINUOUS
10
149.7114859999999794
20
-126.1260039999999947
11
149.7479129999999827
21
-126.3091389999999876
0
LINE
8
BLACK
6
CONTINUOUS
10
149.7479129999999827
20
-126.3091389999999876
11
149.7524999999999977
21
-126.4024999999999892
0
LINE
8
BLACK
6
CONTINUOUS
10
149.7524999999999977
20
-126.4024999999999892
11
149.7524999999999977
21
-126.4974999999999881
0
LINE
8
BLACK
6
CONTINUOUS
10
149.7524999999999977
20
-126.4974999999999881
11
149.7479129999999827
21
-126.5908609999999896
0
LINE
8
BLACK
6
CONTINUOUS
10
149.7479129999999827
20
-126.5908609999999896
11
149.7114859999999794
21
-126.7739959999999968
0
LINE
8
BLACK
6
CONTINUOUS
10
149.7114859999999794
20
-126.7739959999999968
11
149.6400299999999959
21
-126.9465049999999877
0
LINE
8
BLACK
6
CONTINUOUS
10
149.6400299999999959
20
-126.9465049999999877
11
149.5362920000000031
21
-127.1017599999999987
0
LINE
8
BLACK
6
CONTINUOUS
10
149.5362920000000031
20
-127.1017599999999987
11
149.4042599999999936
21
-127.233791999999994
0
LINE
8
BLACK
6
CONTINUOUS
10
149.4042599999999936
20
-127.233791999999994
11
149.2490049999999826
21
-127.337530000000001
0
LINE
8
BLACK
6
CONTINUOUS
10
149.2490049999999826
20
-127.337530000000001
11
149.0764959999999917
21
-127.4089859999999987
0
LINE
8
BLACK
6
CONTINUOUS
10
149.0764959999999917
20
-127.4089859999999987
11
148.8933609999999987
21
-127.4454129999999878
0
LINE
8
BLACK
6
CONTINUOUS
10
148.8933609999999987
20
-127.4454129999999878
11
148.7066389999999956
21
-127.4454129999999878
0
LINE
8
BLACK
6
CONTINUOUS
10
148.7066389999999956
20
-127.4454129999999878
11
148.5235040000000026
21
-127.4089859999999987
0
LINE
8
BLACK
6
CONTINUOUS
10
148.5235040000000026
20
-127.4089859999999987
11
148.3509949999999833
21
-127.337530000000001
0
LINE
8
BLACK
6
CONTINUOUS
10
148.3509949999999833
20
-127.337530000000001
11
148.1957400000000007
21
-127.233791999999994
0
LINE
8
BLACK
6
CONTINUOUS
10
148.1957400000000007
20
-127.233791999999994
11
148.0637079999999912
21
-127.1017599999999987
0
LINE
8
BLACK
6
CONTINUOUS
10
148.0637079999999912
20
-127.1017599999999987
11
147.9599699999999984
21
-126.9465049999999877
0
LINE
8
BLACK
6
CONTINUOUS
10
147.9599699999999984
20
-126.9465049999999877
11
147.8885139999999865
21
-126.7739959999999968
0
LINE
8
BLACK
6
CONTINUOUS
10
147.8885139999999865
20
-126.7739959999999968
11
147.8520869999999832
21
-126.5908609999999896
0
LINE
8
BLACK
6
CONTINUOUS
10
147.8520869999999832
20
-126.5908609999999896
11
147.8474999999999966
21
-126.4974999999999881
0
LINE
8
BLACK
6
CONTINUOUS
10
147.8474999999999966
20
-126.4974999999999881
11
147.8474999999999966
21
-126.4024999999999892
0
LINE
8
BLACK
6
CONTINUOUS
10
147.8474999999999966
20
-126.4024999999999892
11
147.8520869999999832
21
-126.3091389999999876
0
LINE
8
BLACK
6
CONTINUOUS
10
147.8520869999999832
20
-126.3091389999999876
11
147.8885139999999865
21
-126.1260039999999947
0
LINE
8
BLACK
6
CONTINUOUS
10
147.8885139999999865
20
-126.1260039999999947
11
147.9599699999999984
21
-125.9534949999999895
0
LINE
8
BLACK
6
CONTINUOUS
10
147.9599699999999984
20
-125.9534949999999895
11
148.0637079999999912
21
-125.7982399999999927
0
LINE
8
BLACK
6
CONTINUOUS
10
148.0637079999999912
20
-125.7982399999999927
11
148.1957400000000007
21
-125.6662079999999975
0
LINE
8
BLACK
6
CONTINUOUS
10
148.1957400000000007
20
-125.6662079999999975
11
148.3509949999999833
21
-125.5624699999999905
0
LINE
8
BLACK
6
CONTINUOUS
10
148.3509949999999833
20
-125.5624699999999905
11
148.4000000000000057
21
-125.5421709999999962
0
LINE
8
BLACK
6
CONTINUOUS
10
148.4000000000000057
20
-125.5421709999999962
11
148.4000000000000057
21
-121.8999999999999915
0
LINE
8
BLACK
6
CONTINUOUS
10
148.4000000000000057
20
-121.8999999999999915
11
144.6656859999999938
21
-121.8999999999999915
0
LINE
8
BLACK
6
CONTINUOUS
10
144.6656859999999938
20
-121.8999999999999915
11
143.1500000000000057
21
-123.4156859999999938
0
LINE
8
BLACK
6
CONTINUOUS
10
143.1500000000000057
20
-123.4156859999999938
11
143.1500000000000057
21
-127.334313999999992
0
LINE
8
BLACK
6
CONTINUOUS
10
143.1500000000000057
20
-127.334313999999992
11
149.4156859999999938
21
-133.5999999999999943
0
LINE
8
BLACK
6
CONTINUOUS
10
149.4156859999999938
20
-133.5999999999999943
11
152.5699999999999932
21
-133.5999999999999943
0
LINE
8
BLACK
6
CONTINUOUS
10
152.5699999999999932
20
-133.5999999999999943
11
152.5699999999999932
21
-133.4000000000000057
0
LINE
8
BLACK
6
CONTINUOUS
10
152.5699999999999932
20
-133.4000000000000057
11
154.2699999999999818
21
-133.4000000000000057
0
LINE
8
BLACK
6
CONTINUOUS
10
154.2699999999999818
20
-133.4000000000000057
11
154.2699999999999818
21
-135.0999999999999943
0
LINE
8
BLACK
6
CONTINUOUS
10
154.2699999999999818
20
-135.0999999999999943
11
152.5699999999999932
21
-135.0999999999999943
0
LINE
8
BLACK
6
CONTINUOUS
10
152.5699999999999932
20
-135.0999999999999943
11
152.5699999999999932
21
-134.4000000000000057
0
LINE
8
BLACK
6
CONTINUOUS
10
152.5699999999999932
20
-134.4000000000000057
11
149.25
21
-134.4000000000000057
0
LINE
8
BLACK
6
CONTINUOUS
10
149.25
20
-134.4000000000000057
11
149.1977899999999977
21
-134.3965780000000052
0
LINE
8
BLACK
6
CONTINUOUS
10
149.1977899999999977
20
-134.3965780000000052
11
149.0969259999999963
21
-134.3695519999999988
0
LINE
8
BLACK
6
CONTINUOUS
10
149.0969259999999963
20
-134.3695519999999988
11
149.006495000000001
21
-134.317340999999999
0
LINE
8
BLACK
6
CONTINUOUS
10
149.006495000000001
20
-134.317340999999999
11
148.9671569999999861
21
-134.2828429999999855
0
LINE
8
BLACK
6
CONTINUOUS
10
148.9671569999999861
20
-134.2828429999999855
11
142.4671569999999861
21
-127.7828429999999997
0
LINE
8
BLACK
6
CONTINUOUS
10
142.4671569999999861
20
-127.7828429999999997
11
142.432659000000001
21
-127.743504999999999
0
LINE
8
BLACK
6
CONTINUOUS
10
142.432659000000001
20
-127.743504999999999
11
142.3804480000000012
21
-127.6530739999999895
0
LINE
8
BLACK
6
CONTINUOUS
10
142.3804480000000012
20
-127.6530739999999895
11
142.3534219999999948
21
-127.5522099999999881
0
LINE
8
BLACK
6
CONTINUOUS
10
142.3534219999999948
20
-127.5522099999999881
11
142.3499999999999943
21
-127.5
0
LINE
8
BLACK
6
CONTINUOUS
10
142.3499999999999943
20
-127.5
11
142.3499999999999943
21
-123.25
0
LINE
8
BLACK
6
CONTINUOUS
10
142.3499999999999943
20
-123.25
11
142.3534219999999948
21
-123.1977899999999977
0
LINE
8
BLACK
6
CONTINUOUS
10
142.3534219999999948
20
-123.1977899999999977
11
142.353541000000007
21
-123.1973449999999985
0
LINE
8
BLACK
6
CONTINUOUS
10
142.353541000000007
20
-123.1973449999999985
11
142.3804480000000012
21
-123.0969259999999963
0
LINE
8
BLACK
6
CONTINUOUS
10
142.3804480000000012
20
-123.0969259999999963
11
142.432659000000001
21
-123.006495000000001
0
LINE
8
BLACK
6
CONTINUOUS
10
142.432659000000001
20
-123.006495000000001
11
142.4671569999999861
21
-122.9671570000000003
0
LINE
8
BLACK
6
CONTINUOUS
10
142.4671569999999861
20
-122.9671570000000003
11
144.2171569999999861
21
-121.2171570000000003
0
LINE
8
BLACK
6
CONTINUOUS
10
144.2171569999999861
20
-121.2171570000000003
11
144.256495000000001
21
-121.182659000000001
0
LINE
8
BLACK
6
CONTINUOUS
10
144.256495000000001
20
-121.182659000000001
11
144.3469259999999963
21
-121.1304480000000012
0
LINE
8
BLACK
6
CONTINUOUS
10
144.3469259999999963
20
-121.1304480000000012
11
144.4477899999999977
21
-121.1034219999999948
0
LINE
8
BLACK
6
CONTINUOUS
10
144.4477899999999977
20
-121.1034219999999948
11
144.5
21
-121.0999999999999943
0
LINE
8
BLACK
6
CONTINUOUS
10
144.5
20
-121.0999999999999943
11
148.4000000000000057
21
-121.0999999999999943
0
LINE
8
BLACK
6
CONTINUOUS
10
148.4000000000000057
20
-121.0999999999999943
11
148.4000000000000057
21
-119.5999999999999943
0
LINE
8
BLACK
6
CONTINUOUS
10
148.4000000000000057
20
-119.5999999999999943
11
147.9499999999999886
21
-119.5999999999999943
0
LINE
8
BLACK
6
CONTINUOUS
10
147.9499999999999886
20
-119.5999999999999943
11
147.9499999999999886
21
-117.8999999999999915
0
LINE
8
BLACK
6
CONTINUOUS
10
147.9499999999999886
20
-117.8999999999999915
11
148.4000000000000057
21
-117.8999999999999915
0
LINE
8
BLACK
6
CONTINUOUS
10
148.4000000000000057
20
-117.8999999999999915
11
148.4000000000000057
21
-113.3800029999999879
0
LINE
8
BLACK
6
CONTINUOUS
10
148.4000000000000057
20
-113.3800029999999879
11
148.3034949999999981
21
-113.3400299999999987
0
LINE
8
BLACK
6
CONTINUOUS
10
148.3034949999999981
20
-113.3400299999999987
11
148.148239999999987
21
-113.2362919999999917
0
LINE
8
BLACK
6
CONTINUOUS
10
148.148239999999987
20
-113.2362919999999917
11
148.016208000000006
21
-113.1042599999999965
0
LINE
8
BLACK
6
CONTINUOUS
10
148.016208000000006
20
-113.1042599999999965
11
147.9124699999999848
21
-112.9490049999999997
0
LINE
8
BLACK
6
CONTINUOUS
10
147.9124699999999848
20
-112.9490049999999997
11
147.8410140000000013
21
-112.7764959999999945
0
LINE
8
BLACK
6
CONTINUOUS
10
147.8410140000000013
20
-112.7764959999999945
11
147.8045869999999979
21
-112.5933610000000016
0
LINE
8
BLACK
6
CONTINUOUS
10
147.8045869999999979
20
-112.5933610000000016
11
147.8045869999999979
21
-112.4066389999999984
0
LINE
8
BLACK
6
CONTINUOUS
10
147.8045869999999979
20
-112.4066389999999984
11
147.8410140000000013
21
-112.2235039999999913
0
LINE
8
BLACK
6
CONTINUOUS
10
147.8410140000000013
20
-112.2235039999999913
11
147.9124699999999848
21
-112.0509950000000003
0
LINE
8
BLACK
6
CONTINUOUS
10
147.9124699999999848
20
-112.0509950000000003
11
148.016208000000006
21
-111.8957399999999893
0
LINE
8
BLACK
6
CONTINUOUS
10
148.016208000000006
20
-111.8957399999999893
11
148.148239999999987
21
-111.7637079999999941
0
LINE
8
BLACK
6
CONTINUOUS
10
148.148239999999987
20
-111.7637079999999941
11
148.3034949999999981
21
-111.6599700000000013
0
LINE
8
BLACK
6
CONTINUOUS
10
148.3034949999999981
20
-111.6599700000000013
11
148.476003999999989
21
-111.5885139999999893
0
LINE
8
BLACK
6
CONTINUOUS
10
148.476003999999989
20
-111.5885139999999893
11
148.6591389999999819
21
-111.5520870000000002
0
LINE
8
BLACK
6
CONTINUOUS
10
148.6591389999999819
20
-111.5520870000000002
11
148.7524999999999977
21
-111.5474999999999994
0
LINE
8
BLACK
6
CONTINUOUS
10
148.7524999999999977
20
-111.5474999999999994
11
148.8474999999999966
21
-111.5474999999999994
0
LINE
8
BLACK
6
CONTINUOUS
10
148.8474999999999966
20
-111.5474999999999994
11
148.940860999999984
21
-111.5520870000000002
0
LINE
8
BLACK
6
CONTINUOUS
10
148.940860999999984
20
-111.5520870000000002
11
149.1239960000000053
21
-111.5885139999999893
0
LINE
8
BLACK
6
CONTINUOUS
10
149.1239960000000053
20
-111.5885139999999893
11
149.2965049999999962
21
-111.6599700000000013
0
LINE
8
BLACK
6
CONTINUOUS
10
149.2965049999999962
20
-111.6599700000000013
11
149.4517600000000073
21
-111.7637079999999941
0
LINE
8
BLACK
6
CONTINUOUS
10
149.4517600000000073
20
-111.7637079999999941
11
149.5837919999999883
21
-111.8957399999999893
0
LINE
8
BLACK
6
CONTINUOUS
10
149.5837919999999883
20
-111.8957399999999893
11
149.6875299999999811
21
-112.0509950000000003
0
LINE
8
BLACK
6
CONTINUOUS
10
149.6875299999999811
20
-112.0509950000000003
11
149.7589859999999931
21
-112.2235039999999913
0
LINE
8
BLACK
6
CONTINUOUS
10
149.7589859999999931
20
-112.2235039999999913
11
149.7954129999999964
21
-112.4066389999999984
0
LINE
8
BLACK
6
CONTINUOUS
10
149.7954129999999964
20
-112.4066389999999984
11
149.7954129999999964
21
-112.5933610000000016
0
LINE
8
BLACK
6
CONTINUOUS
10
149.7954129999999964
20
-112.5933610000000016
11
149.7589859999999931
21
-112.7764959999999945
0
LINE
8
BLACK
6
CONTINUOUS
10
149.7589859999999931
20
-112.7764959999999945
11
149.6875299999999811
21
-112.9490049999999997
0
LINE
8
BLACK
6
CONTINUOUS
10
149.6875299999999811
20
-112.9490049999999997
11
149.5837919999999883
21
-113.1042599999999965
0
LINE
8
BLACK
6
CONTINUOUS
10
149.5837919999999883
20
-113.1042599999999965
11
149.4517600000000073
21
-113.2362919999999917
0
LINE
8
BLACK
6
CONTINUOUS
10
149.4517600000000073
20
-113.2362919999999917
11
149.2965049999999962
21
-113.3400299999999987
0
LINE
8
BLACK
6
CONTINUOUS
10
149.2965049999999962
20
-113.3400299999999987
11
149.1999999999999886
21
-113.3800029999999879
0
LINE
8
BLACK
6
CONTINUOUS
10
149.1999999999999886
20
-113.3800029999999879
11
149.1999999999999886
21
-117.7343139999999977
0
LINE
8
BLACK
6
CONTINUOUS
10
149.1999999999999886
20
-117.7343139999999977
11
157.257158000000004
21
-109.677156999999994
0
LINE
8
BLACK
6
CONTINUOUS
10
157.257158000000004
20
-109.677156999999994
11
157.2964949999999931
21
-109.6426589999999948
0
LINE
8
BLACK
6
CONTINUOUS
10
157.2964949999999931
20
-109.6426589999999948
11
157.3869269999999858
21
-109.590447999999995
0
LINE
8
BLACK
6
CONTINUOUS
10
157.3869269999999858
20
-109.590447999999995
11
157.4877899999999897
21
-109.5634219999999885
0
LINE
8
BLACK
6
CONTINUOUS
10
157.4877899999999897
20
-109.5634219999999885
11
157.539999999999992
21
-109.5599999999999881
0
LINE
8
BLACK
6
CONTINUOUS
10
157.539999999999992
20
-109.5599999999999881
11
164.9369250000000022
21
-109.5599999999999881
0
LINE
8
BLACK
6
CONTINUOUS
10
164.9369250000000022
20
-109.5599999999999881
11
164.9437329999999804
21
-109.539047999999994
0
LINE
8
BLACK
6
CONTINUOUS
10
164.9437329999999804
20
-109.539047999999994
11
165.0220960000000048
21
-109.3852519999999942
0
LINE
8
BLACK
6
CONTINUOUS
10
165.0220960000000048
20
-109.3852519999999942
11
165.1235529999999869
21
-109.2456069999999926
0
LINE
8
BLACK
6
CONTINUOUS
10
165.1235529999999869
20
-109.2456069999999926
11
165.2456069999999784
21
-109.1235530000000011
0
LINE
8
BLACK
6
CONTINUOUS
10
165.2456069999999784
20
-109.1235530000000011
11
165.3852519999999799
21
-109.0220959999999906
0
LINE
8
BLACK
6
CONTINUOUS
10
165.3852519999999799
20
-109.0220959999999906
11
165.5390479999999798
21
-108.9437329999999946
0
LINE
8
BLACK
6
CONTINUOUS
10
165.5390479999999798
20
-108.9437329999999946
11
165.7032099999999843
21
-108.8903929999999889
0
LINE
8
BLACK
6
CONTINUOUS
10
165.7032099999999843
20
-108.8903929999999889
11
165.8736949999999979
21
-108.8633909999999929
0
LINE
8
BLACK
6
CONTINUOUS
10
165.8736949999999979
20
-108.8633909999999929
11
166.0463049999999896
21
-108.8633909999999929
0
LINE
8
BLACK
6
CONTINUOUS
10
166.0463049999999896
20
-108.8633909999999929
11
166.2167900000000031
21
-108.8903929999999889
0
LINE
8
BLACK
6
CONTINUOUS
10
167.9531989999999837
20
-121.9101419999999933
11
168.0799779999999828
21
-121.962654999999998
0
LINE
8
BLACK
6
CONTINUOUS
10
168.0799779999999828
20
-121.962654999999998
11
168.194074999999998
21
-122.0388929999999874
0
LINE
8
BLACK
6
CONTINUOUS
10
168.194074999999998
20
-122.0388929999999874
11
168.2911069999999825
21
-122.1359250000000003
0
LINE
8
BLACK
6
CONTINUOUS
10
168.2911069999999825
20
-122.1359250000000003
11
168.3673450000000003
21
-122.2500220000000013
0
LINE
8
BLACK
6
CONTINUOUS
10
168.3673450000000003
20
-122.2500220000000013
11
168.4198580000000049
21
-122.3768010000000004
0
LINE
8
BLACK
6
CONTINUOUS
10
168.4198580000000049
20
-122.3768010000000004
11
168.4466290000000015
21
-122.5113879999999966
0
LINE
8
BLACK
6
CONTINUOUS
10
168.4466290000000015
20
-122.5113879999999966
11
168.4466290000000015
21
-122.648612
0
LINE
8
BLACK
6
CONTINUOUS
10
168.4466290000000015
20
-122.648612
11
168.4198580000000049
21
-122.7831989999999962
0
LINE
8
BLACK
6
CONTINUOUS
10
168.4198580000000049
20
-122.7831989999999962
11
168.3673450000000003
21
-122.9099779999999953
0
LINE
8
BLACK
6
CONTINUOUS
10
168.3673450000000003
20
-122.9099779999999953
11
168.2911069999999825
21
-123.0240749999999963
0
LINE
8
BLACK
6
CONTINUOUS
10
168.2911069999999825
20
-123.0240749999999963
11
168.194074999999998
21
-123.121106999999995
0
LINE
8
BLACK
6
CONTINUOUS
10
168.194074999999998
20
-123.121106999999995
11
168.1500000000000057
21
-123.1505569999999921
0
LINE
8
BLACK
6
CONTINUOUS
10
168.1500000000000057
20
-123.1505569999999921
11
168.1500000000000057
21
-127.5
0
LINE
8
BLACK
6
CONTINUOUS
10
168.1500000000000057
20
-127.5
11
168.1465780000000052
21
-127.5522099999999881
0
LINE
8
BLACK
6
CONTINUOUS
10
168.1465780000000052
20
-127.5522099999999881
11
168.1195519999999988
21
-127.6530739999999895
0
LINE
8
BLACK
6
CONTINUOUS
10
168.1195519999999988
20
-127.6530739999999895
11
168.067340999999999
21
-127.743504999999999
0
LINE
8
BLACK
6
CONTINUOUS
10
168.067340999999999
20
-127.743504999999999
11
168.0328429999999855
21
-127.7828429999999997
0
LINE
8
BLACK
6
CONTINUOUS
10
168.0328429999999855
20
-127.7828429999999997
11
163.5328429999999855
21
-132.2828429999999855
0
LINE
8
BLACK
6
CONTINUOUS
10
163.5328429999999855
20
-132.2828429999999855
11
163.493504999999999
21
-132.317340999999999
0
LINE
8
BLACK
6
CONTINUOUS
10
163.493504999999999
20
-132.317340999999999
11
163.4030740000000037
21
-132.3695519999999988
0
LINE
8
BLACK
6
CONTINUOUS
10
163.4030740000000037
20
-132.3695519999999988
11
163.3022100000000023
21
-132.3965780000000052
0
LINE
8
BLACK
6
CONTINUOUS
10
163.3022100000000023
20
-132.3965780000000052
11
163.25
21
-132.4000000000000057
0
LINE
8
BLACK
6
CONTINUOUS
10
163.25
20
-132.4000000000000057
11
156.4156849999999963
21
-132.4000000000000057
0
LINE
8
BLACK
6
CONTINUOUS
10
156.4156849999999963
20
-132.4000000000000057
11
156.4000000000000057
21
-132.4156849999999963
0
LINE
8
BLACK
6
CONTINUOUS
10
156.4000000000000057
20
-132.4156849999999963
11
156.4000000000000057
21
-133.5266349999999989
0
LINE
8
BLACK
6
CONTINUOUS
10
156.4000000000000057
20
-133.5266349999999989
11
156.4992340000000013
21
-133.5929409999999962
0
LINE
8
BLACK
6
CONTINUOUS
10
156.4992340000000013
20
-133.5929409999999962
11
156.6170589999999834
21
-133.7107660000000067
0
LINE
8
BLACK
6
CONTINUOUS
10
156.6170589999999834
20
-133.7107660000000067
11
156.7096329999999966
21
-133.8493129999999951
0
LINE
8
BLACK
6
CONTINUOUS
10
156.7096329999999966
20
-133.8493129999999951
11
156.7733989999999835
21
-134.0032579999999882
0
LINE
8
BLACK
6
CONTINUOUS
10
156.7733989999999835
20
-134.0032579999999882
11
156.8059069999999906
21
-134.1666850000000011
0
LINE
8
BLACK
6
CONTINUOUS
10
156.8059069999999906
20
-134.1666850000000011
11
156.8059069999999906
21
-134.3333149999999989
0
LINE
8
BLACK
6
CONTINUOUS
10
156.8059069999999906
20
-134.3333149999999989
11
156.7733989999999835
21
-134.4967419999999834
0
LINE
8
BLACK
6
CONTINUOUS
10
156.7733989999999835
20
-134.4967419999999834
11
156.7096329999999966
21
-134.6506870000000049
0
LINE
8
BLACK
6
CONTINUOUS
10
156.7096329999999966
20
-134.6506870000000049
11
156.6170589999999834
21
-134.7892339999999933
0
LINE
8
BLACK
6
CONTINUOUS
10
156.6170589999999834
20
-134.7892339999999933
11
156.4992340000000013
21
-134.9070590000000038
0
LINE
8
BLACK
6
CONTINUOUS
10
156.4992340000000013
20
-134.9070590000000038
11
156.3606869999999844
21
-134.9996329999999887
0
LINE
8
BLACK
6
CONTINUOUS
10
156.3606869999999844
20
-134.9996329999999887
11
156.2067419999999913
21
-135.063399000000004
0
LINE
8
BLACK
6
CONTINUOUS
10
156.2067419999999913
20
-135.063399000000004
11
156.0433150000000069
21
-135.0959069999999826
0
LINE
8
BLACK
6
CONTINUOUS
10
156.0433150000000069
20
-135.0959069999999826
11
155.8766849999999806
21
-135.0959069999999826
0
LINE
8
BLACK
6
CONTINUOUS
10
155.8766849999999806
20
-135.0959069999999826
11
155.7132579999999962
21
-135.063399000000004
0
LINE
8
BLACK
6
CONTINUOUS
10
155.7132579999999962
20
-135.063399000000004
11
155.5593130000000031
21
-134.9996329999999887
0
LINE
8
BLACK
6
CONTINUOUS
10
155.5593130000000031
20
-134.9996329999999887
11
155.4207659999999862
21
-134.9070590000000038
0
LINE
8
BLACK
6
CONTINUOUS
10
155.4207659999999862
20
-134.9070590000000038
11
155.3029410000000041
21
-134.7892339999999933
0
LINE
8
BLACK
6
CONTINUOUS
10
155.3029410000000041
20
-134.7892339999999933
11
155.2103669999999909
21
-134.6506870000000049
0
LINE
8
BLACK
6
CONTINUOUS
10
155.2103669999999909
20
-134.6506870000000049
11
155.146601000000004
21
-134.4967419999999834
0
LINE
8
BLACK
6
CONTINUOUS
10
155.146601000000004
20
-134.4967419999999834
11
155.1140929999999969
21
-134.3333149999999989
0
LINE
8
BLACK
6
CONTINUOUS
10
155.1140929999999969
20
-134.3333149999999989
11
155.1140929999999969
21
-134.1666850000000011
0
LINE
8
BLACK
6
CONTINUOUS
10
155.1140929999999969
20
-134.1666850000000011
11
155.146601000000004
21
-134.0032579999999882
0
LINE
8
BLACK
6
CONTINUOUS
10
155.146601000000004
20
-134.0032579999999882
11
155.2103669999999909
21
-133.8493129999999951
0
LINE
8
BLACK
6
CONTINUOUS
10
155.2103669999999909
20
-133.8493129999999951
11
155.3029410000000041
21
-133.7107660000000067
0
LINE
8
BLACK
6
CONTINUOUS
10
155.3029410000000041
20
-133.7107660000000067
11
155.4207659999999862
21
-133.5929409999999962
0
LINE
8
BLACK
6
CONTINUOUS
10
155.4207659999999862
20
-133.5929409999999962
11
155.5593130000000031
21
-133.5003669999999829
0
LINE
8
BLACK
6
CONTINUOUS
10
155.5593130000000031
20
-133.5003669999999829
11
155.5999999999999943
21
-133.4835129999999879
0
LINE
8
BLACK
6
CONTINUOUS
10
155.5999999999999943
20
-133.4835129999999879
11
155.5999999999999943
21
-132.4156849999999963
0
LINE
8
BLACK
6
CONTINUOUS
10
155.5999999999999943
20
-132.4156849999999963
11
155.5843140000000062
21
-132.4000000000000057
0
LINE
8
BLACK
6
CONTINUOUS
10
155.5843140000000062
20
-132.4000000000000057
11
150.875
21
-132.4000000000000057
0
LINE
8
BLACK
6
CONTINUOUS
10
150.875
20
-132.4000000000000057
11
150.8227899999999977
21
-132.3965780000000052
0
LINE
8
BLACK
6
CONTINUOUS
10
150.8227899999999977
20
-132.3965780000000052
11
150.7219269999999938
21
-132.3695519999999988
0
LINE
8
BLACK
6
CONTINUOUS
10
150.7219269999999938
20
-132.3695519999999988
11
150.631495000000001
21
-132.317340999999999
0
LINE
8
BLACK
6
CONTINUOUS
10
150.631495000000001
20
-132.317340999999999
11
150.5921569999999861
21
-132.2828429999999855
0
LINE
8
BLACK
6
CONTINUOUS
10
150.5921569999999861
20
-132.2828429999999855
11
145.927156999999994
21
-127.6178429999999935
0
LINE
8
BLACK
6
CONTINUOUS
10
145.927156999999994
20
-127.6178429999999935
11
145.8926589999999806
21
-127.5785049999999927
0
LINE
8
BLACK
6
CONTINUOUS
10
145.8926589999999806
20
-127.5785049999999927
11
145.8404479999999808
21
-127.4880739999999975
0
LINE
8
BLACK
6
CONTINUOUS
10
145.8404479999999808
20
-127.4880739999999975
11
145.8302459999999883
21
-127.4499999999999886
0
LINE
8
BLACK
6
CONTINUOUS
10
145.8302459999999883
20
-127.4499999999999886
11
145.3075000000000045
21
-127.4499999999999886
0
LINE
8
BLACK
6
CONTINUOUS
10
145.3075000000000045
20
-127.4499999999999886
11
145.3075000000000045
21
-125.4499999999999886
0
LINE
8
BLACK
6
CONTINUOUS
10
145.3075000000000045
20
-125.4499999999999886
11
147.2125000000000057
21
-125.4499999999999886
0
LINE
8
BLACK
6
CONTINUOUS
10
147.2125000000000057
20
-125.4499999999999886
11
147.2125000000000057
21
-127.4499999999999886
0
LINE
8
BLACK
6
CONTINUOUS
10
147.2125000000000057
20
-127.4499999999999886
11
146.8906859999999881
21
-127.4499999999999886
0
LINE
8
BLACK
6
CONTINUOUS
10
146.8906859999999881
20
-127.4499999999999886
11
151.0406859999999938
21
-131.5999999999999943
0
LINE
8
BLACK
6
CONTINUOUS
10
151.0406859999999938
20
-131.5999999999999943
11
155.75
21
-131.5999999999999943
0
LINE
8
BLACK
6
CONTINUOUS
10
155.75
20
-131.5999999999999943
11
155.8022100000000023
21
-131.6034219999999948
0
LINE
8
BLACK
6
CONTINUOUS
10
155.8022100000000023
20
-131.6034219999999948
11
155.9030740000000037
21
-131.6304480000000012
0
LINE
8
BLACK
6
CONTINUOUS
10
155.9030740000000037
20
-131.6304480000000012
11
155.993504999999999
21
-131.682659000000001
0
LINE
8
BLACK
6
CONTINUOUS
10
155.993504999999999
20
-131.682659000000001
11
156.
21
-131.6883540000000039
0
LINE
8
BLACK
6
CONTINUOUS
10
156.
20
-131.6883540000000039
11
156.006495000000001
21
-131.682659000000001
0
LINE
8
BLACK
6
CONTINUOUS
10
156.006495000000001
20
-131.682659000000001
11
156.0969269999999938
21
-131.6304480000000012
0
LINE
8
BLACK
6
CONTINUOUS
10
156.0969269999999938
20
-131.6304480000000012
11
156.1977899999999977
21
-131.6034219999999948
0
LINE
8
BLACK
6
CONTINUOUS
10
156.1977899999999977
20
-131.6034219999999948
11
156.25
21
-131.5999999999999943
0
LINE
8
BLACK
6
CONTINUOUS
10
156.25
20
-131.5999999999999943
11
163.0843140000000062
21
-131.5999999999999943
0
LINE
8
BLACK
6
CONTINUOUS
10
163.0843140000000062
20
-131.5999999999999943
11
167.3499999999999943
21
-127.334313999999992
0
LINE
8
BLACK
6
CONTINUOUS
10
167.3499999999999943
20
-127.334313999999992
11
167.3499999999999943
21
-123.1505569999999921
0
LINE
8
BLACK
6
CONTINUOUS
10
167.3499999999999943
20
-123.1505569999999921
11
167.305925000000002
21
-123.121106999999995
0
LINE
8
BLACK
6
CONTINUOUS
10
167.305925000000002
20
-123.121106999999995
11
167.2088929999999891
21
-123.0240749999999963
0
LINE
8
BLACK
6
CONTINUOUS
10
167.2088929999999891
20
-123.0240749999999963
11
167.1326549999999997
21
-122.9099779999999953
0
LINE
8
BLACK
6
CONTINUOUS
10
167.1326549999999997
20
-122.9099779999999953
11
167.0801419999999951
21
-122.7831989999999962
0
LINE
8
BLACK
6
CONTINUOUS
10
167.0801419999999951
20
-122.7831989999999962
11
167.0533709999999985
21
-122.648612
0
LINE
8
BLACK
6
CONTINUOUS
10
167.0533709999999985
20
-122.648612
11
167.0533709999999985
21
-122.5113879999999966
0
LINE
8
BLACK
6
CONTINUOUS
10
167.0533709999999985
20
-122.5113879999999966
11
167.0801419999999951
21
-122.3768010000000004
0
LINE
8
BLACK
6
CONTINUOUS
10
167.0801419999999951
20
-122.3768010000000004
11
167.1326549999999997
21
-122.2500220000000013
0
LINE
8
BLACK
6
CONTINUOUS
10
167.1326549999999997
20
-122.2500220000000013
11
167.2088929999999891
21
-122.1359250000000003
0
LINE
8
BLACK
6
CONTINUOUS
10
167.2088929999999891
20
-122.1359250000000003
11
167.305925000000002
21
-122.0388929999999874
0
LINE
8
BLACK
6
CONTINUOUS
10
167.305925000000002
20
-122.0388929999999874
11
167.4200219999999888
21
-121.962654999999998
0
LINE
8
BLACK
6
CONTINUOUS
10
167.4200219999999888
20
-121.962654999999998
11
167.5468009999999879
21
-121.9101419999999933
0
LINE
8
BLACK
6
CONTINUOUS
10
167.5468009999999879
20
-121.9101419999999933
11
167.6813879999999983
21
-121.8833709999999968
0
LINE
8
BLACK
6
CONTINUOUS
10
167.6813879999999983
20
-121.8833709999999968
11
167.8186120000000017
21
-121.8833709999999968
0
LINE
8
BLACK
6
CONTINUOUS
10
167.8186120000000017
20
-121.8833709999999968
11
167.9531989999999837
21
-121.9101419999999933
0
LINE
8
BLACK
6
CONTINUOUS
10
147.542539000000005
20
-122.7201850000000007
11
147.5882939999999905
21
-122.7729889999999955
0
LINE
8
BLACK
6
CONTINUOUS
10
147.5882939999999905
20
-122.7729889999999955
11
147.5995000000000061
21
-122.8245000000000005
0
LINE
8
BLACK
6
CONTINUOUS
10
147.5995000000000061
20
-122.8245000000000005
11
147.5995000000000061
21
-124.5625619999999998
0
LINE
8
BLACK
6
CONTINUOUS
10
147.5995000000000061
20
-124.5625619999999998
11
147.5798149999999964
21
-124.6296009999999939
0
LINE
8
BLACK
6
CONTINUOUS
10
147.5798149999999964
20
-124.6296009999999939
11
147.5270109999999875
21
-124.6753559999999936
0
LINE
8
BLACK
6
CONTINUOUS
10
147.5270109999999875
20
-124.6753559999999936
11
147.4578530000000001
21
-124.685299999999998
0
LINE
8
BLACK
6
CONTINUOUS
10
147.4578530000000001
20
-124.685299999999998
11
147.4345469999999807
21
-124.6796039999999977
0
LINE
8
BLACK
6
CONTINUOUS
10
147.4345469999999807
20
-124.6796039999999977
11
147.3917610000000025
21
-124.6646329999999949
0
LINE
8
BLACK
6
CONTINUOUS
10
147.3917610000000025
20
-124.6646329999999949
11
147.3917490000000043
21
-124.6646299999999883
0
LINE
8
BLACK
6
CONTINUOUS
10
147.3917490000000043
20
-124.6646299999999883
11
147.2574599999999805
21
-124.6494999999999891
0
LINE
8
BLACK
6
CONTINUOUS
10
147.2574599999999805
20
-124.6494999999999891
11
147.2574539999999956
21
-124.6494999999999891
0
LINE
8
BLACK
6
CONTINUOUS
10
147.2574539999999956
20
-124.6494999999999891
11
145.2625459999999862
21
-124.6494999999999891
0
LINE
8
BLACK
6
CONTINUOUS
10
145.2625459999999862
20
-124.6494999999999891
11
145.2625390000000039
21
-124.6494999999999891
0
LINE
8
BLACK
6
CONTINUOUS
10
145.2625390000000039
20
-124.6494999999999891
11
145.12824999999998
21
-124.6646299999999883
0
LINE
8
BLACK
6
CONTINUOUS
10
145.12824999999998
20
-124.6646299999999883
11
145.1282449999999926
21
-124.664631
0
LINE
8
BLACK
6
CONTINUOUS
10
145.1282449999999926
20
-124.664631
11
144.9579760000000022
21
-124.7242109999999968
0
LINE
8
BLACK
6
CONTINUOUS
10
144.9579760000000022
20
-124.7242109999999968
11
144.8052370000000053
21
-124.8201839999999976
0
LINE
8
BLACK
6
CONTINUOUS
10
144.8052370000000053
20
-124.8201839999999976
11
144.6776839999999993
21
-124.9477369999999894
0
LINE
8
BLACK
6
CONTINUOUS
10
144.6776839999999993
20
-124.9477369999999894
11
144.5817109999999843
21
-125.1004760000000005
0
LINE
8
BLACK
6
CONTINUOUS
10
144.5817109999999843
20
-125.1004760000000005
11
144.5221310000000017
21
-125.2707449999999909
0
LINE
8
BLACK
6
CONTINUOUS
10
144.5221310000000017
20
-125.2707449999999909
11
144.5221300000000042
21
-125.2707499999999925
0
LINE
8
BLACK
6
CONTINUOUS
10
144.5221300000000042
20
-125.2707499999999925
11
144.507000000000005
21
-125.4050389999999879
0
LINE
8
BLACK
6
CONTINUOUS
10
144.507000000000005
20
-125.4050389999999879
11
144.507000000000005
21
-127.2598739999999964
0
LINE
8
BLACK
6
CONTINUOUS
10
144.507000000000005
20
-127.2598739999999964
11
144.4873149999999953
21
-127.3269129999999905
0
LINE
8
BLACK
6
CONTINUOUS
10
144.4873149999999953
20
-127.3269129999999905
11
144.4345109999999863
21
-127.3726679999999902
0
LINE
8
BLACK
6
CONTINUOUS
10
144.4345109999999863
20
-127.3726679999999902
11
144.3653529999999989
21
-127.3826119999999946
0
LINE
8
BLACK
6
CONTINUOUS
10
144.3653529999999989
20
-127.3826119999999946
11
144.3017969999999934
21
-127.3535869999999903
0
LINE
8
BLACK
6
CONTINUOUS
10
144.3017969999999934
20
-127.3535869999999903
11
144.2953190000000063
21
-127.3475549999999998
0
LINE
8
BLACK
6
CONTINUOUS
10
144.2953190000000063
20
-127.3475549999999998
11
143.986818999999997
21
-127.0390549999999905
0
LINE
8
BLACK
6
CONTINUOUS
10
143.986818999999997
20
-127.0390549999999905
11
143.9533339999999839
21
-126.9777319999999889
0
LINE
8
BLACK
6
CONTINUOUS
10
143.9533339999999839
20
-126.9777319999999889
11
143.9505000000000052
21
-126.9513740000000013
0
LINE
8
BLACK
6
CONTINUOUS
10
143.9505000000000052
20
-126.9513740000000013
11
143.9505000000000052
21
-123.7986250000000013
0
LINE
8
BLACK
6
CONTINUOUS
10
143.9505000000000052
20
-123.7986250000000013
11
143.9701849999999865
21
-123.731585999999993
0
LINE
8
BLACK
6
CONTINUOUS
10
143.9701849999999865
20
-123.731585999999993
11
143.986818999999997
21
-123.7109439999999978
0
LINE
8
BLACK
6
CONTINUOUS
10
143.986818999999997
20
-123.7109439999999978
11
144.9609439999999836
21
-122.736818999999997
0
LINE
8
BLACK
6
CONTINUOUS
10
144.9609439999999836
20
-122.736818999999997
11
145.0222669999999994
21
-122.7033339999999981
0
LINE
8
BLACK
6
CONTINUOUS
10
145.0222669999999994
20
-122.7033339999999981
11
145.048624999999987
21
-122.700499999999991
0
LINE
8
BLACK
6
CONTINUOUS
10
145.048624999999987
20
-122.700499999999991
11
147.4754999999999825
21
-122.700499999999991
0
LINE
8
BLACK
6
CONTINUOUS
10
147.4754999999999825
20
-122.700499999999991
11
147.542539000000005
21
-122.7201850000000007
0
LINE
8
BLACK
6
CONTINUOUS
10
142.3499999999999943
20
-118.3499999999999943
11
145.5100819999999828
21
-118.3499999999999943
0
LINE
8
BLACK
6
CONTINUOUS
10
145.5100819999999828
20
-118.3499999999999943
11
145.5103670000000022
21
-118.3493129999999951
0
LINE
8
BLACK
6
CONTINUOUS
10
145.5103670000000022
20
-118.3493129999999951
11
145.6029409999999871
21
-118.2107659999999925
0
LINE
8
BLACK
6
CONTINUOUS
10
145.6029409999999871
20
-118.2107659999999925
11
145.7207659999999976
21
-118.0929409999999962
0
LINE
8
BLACK
6
CONTINUOUS
10
145.7207659999999976
20
-118.0929409999999962
11
145.859312999999986
21
-118.0003669999999971
0
LINE
8
BLACK
6
CONTINUOUS
10
145.859312999999986
20
-118.0003669999999971
11
146.0132580000000075
21
-117.936600999999996
0
LINE
8
BLACK
6
CONTINUOUS
10
146.0132580000000075
20
-117.936600999999996
11
146.176684999999992
21
-117.9040929999999889
0
LINE
8
BLACK
6
CONTINUOUS
10
146.176684999999992
20
-117.9040929999999889
11
146.3433149999999898
21
-117.9040929999999889
0
LINE
8
BLACK
6
CONTINUOUS
10
146.3433149999999898
20
-117.9040929999999889
11
146.5067420000000027
21
-117.936600999999996
0
LINE
8
BLACK
6
CONTINUOUS
10
146.5067420000000027
20
-117.936600999999996
11
146.6606869999999958
21
-118.0003669999999971
0
LINE
8
BLACK
6
CONTINUOUS
10
146.6606869999999958
20
-118.0003669999999971
11
146.7992339999999842
21
-118.0929409999999962
0
LINE
8
BLACK
6
CONTINUOUS
10
146.7992339999999842
20
-118.0929409999999962
11
146.9170589999999947
21
-118.2107659999999925
0
LINE
8
BLACK
6
CONTINUOUS
10
146.9170589999999947
20
-118.2107659999999925
11
147.0096329999999796
21
-118.3493129999999951
0
LINE
8
BLACK
6
CONTINUOUS
10
147.0096329999999796
20
-118.3493129999999951
11
147.0733989999999949
21
-118.5032579999999882
0
LINE
8
BLACK
6
CONTINUOUS
10
147.0733989999999949
20
-118.5032579999999882
11
147.105907000000002
21
-118.6666850000000011
0
LINE
8
BLACK
6
CONTINUOUS
10
147.105907000000002
20
-118.6666850000000011
11
147.105907000000002
21
-118.8333149999999989
0
LINE
8
BLACK
6
CONTINUOUS
10
147.105907000000002
20
-118.8333149999999989
11
147.0733989999999949
21
-118.9967419999999976
0
LINE
8
BLACK
6
CONTINUOUS
10
147.0733989999999949
20
-118.9967419999999976
11
147.0096329999999796
21
-119.1506869999999907
0
LINE
8
BLACK
6
CONTINUOUS
10
147.0096329999999796
20
-119.1506869999999907
11
146.9170589999999947
21
-119.2892339999999933
0
LINE
8
BLACK
6
CONTINUOUS
10
146.9170589999999947
20
-119.2892339999999933
11
146.7992339999999842
21
-119.4070589999999896
0
LINE
8
BLACK
6
CONTINUOUS
10
146.7992339999999842
20
-119.4070589999999896
11
146.6606869999999958
21
-119.4996329999999887
0
LINE
8
BLACK
6
CONTINUOUS
10
146.6606869999999958
20
-119.4996329999999887
11
146.5067420000000027
21
-119.5633989999999898
0
LINE
8
BLACK
6
CONTINUOUS
10
146.5067420000000027
20
-119.5633989999999898
11
146.3433149999999898
21
-119.5959069999999969
0
LINE
8
BLACK
6
CONTINUOUS
10
146.3433149999999898
20
-119.5959069999999969
11
146.176684999999992
21
-119.5959069999999969
0
LINE
8
BLACK
6
CONTINUOUS
10
146.176684999999992
20
-119.5959069999999969
11
146.0132580000000075
21
-119.5633989999999898
0
LINE
8
BLACK
6
CONTINUOUS
10
146.0132580000000075
20
-119.5633989999999898
11
145.859312999999986
21
-119.4996329999999887
0
LINE
8
BLACK
6
CONTINUOUS
10
145.859312999999986
20
-119.4996329999999887
11
145.7207659999999976
21
-119.4070589999999896
0
LINE
8
BLACK
6
CONTINUOUS
10
145.7207659999999976
20
-119.4070589999999896
11
145.6029409999999871
21
-119.2892339999999933
0
LINE
8
BLACK
6
CONTINUOUS
10
145.6029409999999871
20
-119.2892339999999933
11
145.5103670000000022
21
-119.1506869999999907
0
LINE
8
BLACK
6
CONTINUOUS
10
145.5103670000000022
20
-119.1506869999999907
11
145.5100819999999828
21
-119.1499999999999915
0
LINE
8
BLACK
6
CONTINUOUS
10
145.5100819999999828
20
-119.1499999999999915
11
142.3499999999999943
21
-119.1499999999999915
0
LINE
8
BLACK
6
CONTINUOUS
10
142.3499999999999943
20
-119.1499999999999915
11
142.3499999999999943
21
-119.5999999999999943
0
LINE
8
BLACK
6
CONTINUOUS
10
142.3499999999999943
20
-119.5999999999999943
11
140.6500000000000057
21
-119.5999999999999943
0
LINE
8
BLACK
6
CONTINUOUS
10
140.6500000000000057
20
-119.5999999999999943
11
140.6500000000000057
21
-117.8999999999999915
0
LINE
8
BLACK
6
CONTINUOUS
10
140.6500000000000057
20
-117.8999999999999915
11
142.3499999999999943
21
-117.8999999999999915
0
LINE
8
BLACK
6
CONTINUOUS
10
142.3499999999999943
20
-117.8999999999999915
11
142.3499999999999943
21
-118.3499999999999943
0
LINE
8
BLACK
6
CONTINUOUS
10
171.0522100000000023
20
-91.6034219999999948
11
171.1530740000000037
21
-91.6304480000000012
0
LINE
8
BLACK
6
CONTINUOUS
10
171.1530740000000037
20
-91.6304480000000012
11
171.243504999999999
21
-91.682659000000001
0
LINE
8
BLACK
6
CONTINUOUS
10
171.243504999999999
20
-91.682659000000001
11
171.2828429999999855
21
-91.7171570000000003
0
LINE
8
BLACK
6
CONTINUOUS
10
171.2828429999999855
20
-91.7171570000000003
11
174.2828429999999855
21
-94.7171579999999977
0
LINE
8
BLACK
6
CONTINUOUS
10
174.2828429999999855
20
-94.7171579999999977
11
174.317340999999999
21
-94.756495000000001
0
LINE
8
BLACK
6
CONTINUOUS
10
174.317340999999999
20
-94.756495000000001
11
174.3695519999999988
21
-94.8469259999999963
0
LINE
8
BLACK
6
CONTINUOUS
10
174.3695519999999988
20
-94.8469259999999963
11
174.3695519999999988
21
-94.8469269999999938
0
LINE
8
BLACK
6
CONTINUOUS
10
174.3695519999999988
20
-94.8469269999999938
11
174.3965780000000052
21
-94.9477899999999977
0
LINE
8
BLACK
6
CONTINUOUS
10
174.3965780000000052
20
-94.9477899999999977
11
174.4000000000000057
21
-95.
0
LINE
8
BLACK
6
CONTINUOUS
10
174.4000000000000057
20
-95.
11
174.4000000000000057
21
-112.5
0
LINE
8
BLACK
6
CONTINUOUS
10
174.4000000000000057
20
-112.5
11
174.3965780000000052
21
-112.5522099999999881
0
LINE
8
BLACK
6
CONTINUOUS
10
174.3965780000000052
20
-112.5522099999999881
11
174.3695519999999988
21
-112.653072999999992
0
LINE
8
BLACK
6
CONTINUOUS
10
174.3695519999999988
20
-112.653072999999992
11
174.3695510000000013
21
-112.6530739999999895
0
LINE
8
BLACK
6
CONTINUOUS
10
174.3695510000000013
20
-112.6530739999999895
11
174.317340999999999
21
-112.743504999999999
0
LINE
8
BLACK
6
CONTINUOUS
10
174.317340999999999
20
-112.743504999999999
11
174.2828429999999855
21
-112.7828429999999997
0
LINE
8
BLACK
6
CONTINUOUS
10
174.2828429999999855
20
-112.7828429999999997
11
169.322843000000006
21
-117.7428429999999935
0
LINE
8
BLACK
6
CONTINUOUS
10
169.322843000000006
20
-117.7428429999999935
11
169.283504999999991
21
-117.7773409999999927
0
LINE
8
BLACK
6
CONTINUOUS
10
169.283504999999991
20
-117.7773409999999927
11
169.1930739999999957
21
-117.8295519999999925
0
LINE
8
BLACK
6
CONTINUOUS
10
169.1930739999999957
20
-117.8295519999999925
11
169.0922099999999944
21
-117.856577999999999
0
LINE
8
BLACK
6
CONTINUOUS
10
169.0922099999999944
20
-117.856577999999999
11
169.039999999999992
21
-117.8599999999999994
0
LINE
8
BLACK
6
CONTINUOUS
10
169.039999999999992
20
-117.8599999999999994
11
168.3472849999999994
21
-117.8599999999999994
0
LINE
8
BLACK
6
CONTINUOUS
10
168.3472849999999994
20
-117.8599999999999994
11
168.2911069999999825
21
-117.944074999999998
0
LINE
8
BLACK
6
CONTINUOUS
10
168.2911069999999825
20
-117.944074999999998
11
168.194074999999998
21
-118.0411069999999967
0
LINE
8
BLACK
6
CONTINUOUS
10
168.194074999999998
20
-118.0411069999999967
11
168.0799779999999828
21
-118.1173450000000003
0
LINE
8
BLACK
6
CONTINUOUS
10
168.0799779999999828
20
-118.1173450000000003
11
167.9531989999999837
21
-118.1698579999999907
0
LINE
8
BLACK
6
CONTINUOUS
10
167.9531989999999837
20
-118.1698579999999907
11
167.8186120000000017
21
-118.1966290000000015
0
LINE
8
BLACK
6
CONTINUOUS
10
167.8186120000000017
20
-118.1966290000000015
11
167.6813879999999983
21
-118.1966290000000015
0
LINE
8
BLACK
6
CONTINUOUS
10
167.6813879999999983
20
-118.1966290000000015
11
167.5468009999999879
21
-118.1698579999999907
0
LINE
8
BLACK
6
CONTINUOUS
10
167.5468009999999879
20
-118.1698579999999907
11
167.4200219999999888
21
-118.1173450000000003
0
LINE
8
BLACK
6
CONTINUOUS
10
167.4200219999999888
20
-118.1173450000000003
11
167.305925000000002
21
-118.0411069999999967
0
LINE
8
BLACK
6
CONTINUOUS
10
167.305925000000002
20
-118.0411069999999967
11
167.2088929999999891
21
-117.944074999999998
0
LINE
8
BLACK
6
CONTINUOUS
10
167.2088929999999891
20
-117.944074999999998
11
167.1326549999999997
21
-117.829977999999997
0
LINE
8
BLACK
6
CONTINUOUS
10
167.1326549999999997
20
-117.829977999999997
11
167.0801419999999951
21
-117.7031989999999979
0
LINE
8
BLACK
6
CONTINUOUS
10
167.0801419999999951
20
-117.7031989999999979
11
167.0533709999999985
21
-117.5686120000000017
0
LINE
8
BLACK
6
CONTINUOUS
10
167.0533709999999985
20
-117.5686120000000017
11
167.0533709999999985
21
-117.4313879999999983
0
LINE
8
BLACK
6
CONTINUOUS
10
167.0533709999999985
20
-117.4313879999999983
11
167.0801419999999951
21
-117.2968009999999879
0
LINE
8
BLACK
6
CONTINUOUS
10
167.0801419999999951
20
-117.2968009999999879
11
167.1326549999999997
21
-117.1700219999999888
0
LINE
8
BLACK
6
CONTINUOUS
10
167.1326549999999997
20
-117.1700219999999888
11
167.2088929999999891
21
-117.0559249999999878
0
LINE
8
BLACK
6
CONTINUOUS
10
167.2088929999999891
20
-117.0559249999999878
11
167.305925000000002
21
-116.9588929999999891
0
LINE
8
BLACK
6
CONTINUOUS
10
167.305925000000002
20
-116.9588929999999891
11
167.4200219999999888
21
-116.8826549999999997
0
LINE
8
BLACK
6
CONTINUOUS
10
167.4200219999999888
20
-116.8826549999999997
11
167.5468009999999879
21
-116.8301419999999951
0
LINE
8
BLACK
6
CONTINUOUS
10
167.5468009999999879
20
-116.8301419999999951
11
167.6813879999999983
21
-116.8033709999999985
0
LINE
8
BLACK
6
CONTINUOUS
10
167.6813879999999983
20
-116.8033709999999985
11
167.8186120000000017
21
-116.8033709999999985
0
LINE
8
BLACK
6
CONTINUOUS
10
167.8186120000000017
20
-116.8033709999999985
11
167.9531989999999837
21
-116.8301419999999951
0
LINE
8
BLACK
6
CONTINUOUS
10
167.9531989999999837
20
-116.8301419999999951
11
168.0799779999999828
21
-116.8826549999999997
0
LINE
8
BLACK
6
CONTINUOUS
10
168.0799779999999828
20
-116.8826549999999997
11
168.194074999999998
21
-116.9588929999999891
0
LINE
8
BLACK
6
CONTINUOUS
10
168.194074999999998
20
-116.9588929999999891
11
168.2911069999999825
21
-117.0559249999999878
0
LINE
8
BLACK
6
CONTINUOUS
10
168.2911069999999825
20
-117.0559249999999878
11
168.2938299999999856
21
-117.0599999999999881
0
LINE
8
BLACK
6
CONTINUOUS
10
168.2938299999999856
20
-117.0599999999999881
11
168.8743139999999983
21
-117.0599999999999881
0
LINE
8
BLACK
6
CONTINUOUS
10
168.8743139999999983
20
-117.0599999999999881
11
173.5999999999999943
21
-112.334313999999992
0
LINE
8
BLACK
6
CONTINUOUS
10
173.5999999999999943
20
-112.334313999999992
11
173.5999999999999943
21
-95.1656849999999963
0
LINE
8
BLACK
6
CONTINUOUS
10
173.5999999999999943
20
-95.1656849999999963
11
170.8343140000000062
21
-92.3999999999999915
0
LINE
8
BLACK
6
CONTINUOUS
10
170.8343140000000062
20
-92.3999999999999915
11
159.1656849999999963
21
-92.3999999999999915
0
LINE
8
BLACK
6
CONTINUOUS
10
159.1656849999999963
20
-92.3999999999999915
11
157.3599999999999852
21
-94.2056850000000026
0
LINE
8
BLACK
6
CONTINUOUS
10
157.3599999999999852
20
-94.2056850000000026
11
157.3599999999999852
21
-94.885081999999997
0
LINE
8
BLACK
6
CONTINUOUS
10
157.3599999999999852
20
-94.885081999999997
11
157.3606869999999844
21
-94.8853670000000022
0
LINE
8
BLACK
6
CONTINUOUS
10
157.3606869999999844
20
-94.8853670000000022
11
157.4992340000000013
21
-94.9779410000000013
0
LINE
8
BLACK
6
CONTINUOUS
10
157.4992340000000013
20
-94.9779410000000013
11
157.6170589999999834
21
-95.0957659999999976
0
LINE
8
BLACK
6
CONTINUOUS
10
157.6170589999999834
20
-95.0957659999999976
11
157.7096329999999966
21
-95.2343130000000002
0
LINE
8
BLACK
6
CONTINUOUS
10
157.7096329999999966
20
-95.2343130000000002
11
157.7733989999999835
21
-95.3882579999999933
0
LINE
8
BLACK
6
CONTINUOUS
10
157.7733989999999835
20
-95.3882579999999933
11
157.8059069999999906
21
-95.551684999999992
0
LINE
8
BLACK
6
CONTINUOUS
10
157.8059069999999906
20
-95.551684999999992
11
157.8059069999999906
21
-95.7183149999999898
0
LINE
8
BLACK
6
CONTINUOUS
10
157.8059069999999906
20
-95.7183149999999898
11
157.7733989999999835
21
-95.8817420000000027
0
LINE
8
BLACK
6
CONTINUOUS
10
157.7733989999999835
20
-95.8817420000000027
11
157.7096329999999966
21
-96.0356869999999958
0
LINE
8
BLACK
6
CONTINUOUS
10
157.7096329999999966
20
-96.0356869999999958
11
157.6170589999999834
21
-96.1742339999999984
0
LINE
8
BLACK
6
CONTINUOUS
10
157.6170589999999834
20
-96.1742339999999984
11
157.4992340000000013
21
-96.2920589999999947
0
LINE
8
BLACK
6
CONTINUOUS
10
157.4992340000000013
20
-96.2920589999999947
11
157.3606869999999844
21
-96.3846329999999938
0
LINE
8
BLACK
6
CONTINUOUS
10
157.3606869999999844
20
-96.3846329999999938
11
157.2067419999999913
21
-96.4483989999999949
0
LINE
8
BLACK
6
CONTINUOUS
10
157.2067419999999913
20
-96.4483989999999949
11
157.0433150000000069
21
-96.480907000000002
0
LINE
8
BLACK
6
CONTINUOUS
10
157.0433150000000069
20
-96.480907000000002
11
156.8766849999999806
21
-96.480907000000002
0
LINE
8
BLACK
6
CONTINUOUS
10
156.8766849999999806
20
-96.480907000000002
11
156.7132579999999962
21
-96.4483989999999949
0
LINE
8
BLACK
6
CONTINUOUS
10
156.7132579999999962
20
-96.4483989999999949
11
156.5593130000000031
21
-96.3846329999999938
0
LINE
8
BLACK
6
CONTINUOUS
10
156.5593130000000031
20
-96.3846329999999938
11
156.4207659999999862
21
-96.2920589999999947
0
LINE
8
BLACK
6
CONTINUOUS
10
156.4207659999999862
20
-96.2920589999999947
11
156.3029410000000041
21
-96.1742339999999984
0
LINE
8
BLACK
6
CONTINUOUS
10
156.3029410000000041
20
-96.1742339999999984
11
156.2103669999999909
21
-96.0356869999999958
0
LINE
8
BLACK
6
CONTINUOUS
10
156.2103669999999909
20
-96.0356869999999958
11
156.146601000000004
21
-95.8817420000000027
0
LINE
8
BLACK
6
CONTINUOUS
10
156.146601000000004
20
-95.8817420000000027
11
156.1140929999999969
21
-95.7183149999999898
0
LINE
8
BLACK
6
CONTINUOUS
10
156.1140929999999969
20
-95.7183149999999898
11
156.1140929999999969
21
-95.551684999999992
0
LINE
8
BLACK
6
CONTINUOUS
10
156.1140929999999969
20
-95.551684999999992
11
156.146601000000004
21
-95.3882579999999933
0
LINE
8
BLACK
6
CONTINUOUS
10
156.146601000000004
20
-95.3882579999999933
11
156.2103669999999909
21
-95.2343130000000002
0
LINE
8
BLACK
6
CONTINUOUS
10
156.2103669999999909
20
-95.2343130000000002
11
156.3029410000000041
21
-95.0957659999999976
0
LINE
8
BLACK
6
CONTINUOUS
10
156.3029410000000041
20
-95.0957659999999976
11
156.4207659999999862
21
-94.9779410000000013
0
LINE
8
BLACK
6
CONTINUOUS
10
156.4207659999999862
20
-94.9779410000000013
11
156.5593130000000031
21
-94.8853670000000022
0
LINE
8
BLACK
6
CONTINUOUS
10
156.5593130000000031
20
-94.8853670000000022
11
156.5600000000000023
21
-94.885081999999997
0
LINE
8
BLACK
6
CONTINUOUS
10
156.5600000000000023
20
-94.885081999999997
11
156.5600000000000023
21
-94.039999999999992
0
LINE
8
BLACK
6
CONTINUOUS
10
156.5600000000000023
20
-94.039999999999992
11
156.5634220000000028
21
-93.9877899999999897
0
LINE
8
BLACK
6
CONTINUOUS
10
156.5634220000000028
20
-93.9877899999999897
11
156.5735279999999818
21
-93.9500729999999891
0
LINE
8
BLACK
6
CONTINUOUS
10
156.5735279999999818
20
-93.9500729999999891
11
156.5904479999999808
21
-93.8869260000000025
0
LINE
8
BLACK
6
CONTINUOUS
10
156.5904479999999808
20
-93.8869260000000025
11
156.6426589999999806
21
-93.7964949999999931
0
LINE
8
BLACK
6
CONTINUOUS
10
156.6426589999999806
20
-93.7964949999999931
11
156.677156999999994
21
-93.7571569999999923
0
LINE
8
BLACK
6
CONTINUOUS
10
156.677156999999994
20
-93.7571569999999923
11
158.7171579999999835
21
-91.7171570000000003
0
LINE
8
BLACK
6
CONTINUOUS
10
158.7171579999999835
20
-91.7171570000000003
11
158.756495000000001
21
-91.682659000000001
0
LINE
8
BLACK
6
CONTINUOUS
10
158.756495000000001
20
-91.682659000000001
11
158.8469259999999963
21
-91.6304480000000012
0
LINE
8
BLACK
6
CONTINUOUS
10
158.8469259999999963
20
-91.6304480000000012
11
158.9477899999999977
21
-91.6034219999999948
0
LINE
8
BLACK
6
CONTINUOUS
10
158.9477899999999977
20
-91.6034219999999948
11
159.
21
-91.5999999999999943
0
LINE
8
BLACK
6
CONTINUOUS
10
159.
20
-91.5999999999999943
11
171.
21
-91.5999999999999943
0
LINE
8
BLACK
6
CONTINUOUS
10
171.
20
-91.5999999999999943
11
171.0522100000000023
21
-91.6034219999999948
0
LINE
8
BLACK
6
CONTINUOUS
10
154.4094130000000007
20
-111.1801849999999945
11
154.4551679999999863
21
-111.2329889999999892
0
LINE
8
BLACK
6
CONTINUOUS
10
154.4551679999999863
20
-111.2329889999999892
11
154.4651120000000049
21
-111.3021469999999908
0
LINE
8
BLACK
6
CONTINUOUS
10
154.4651120000000049
20
-111.3021469999999908
11
154.4360869999999863
21
-111.3657029999999963
0
LINE
8
BLACK
6
CONTINUOUS
10
154.4360869999999863
20
-111.3657029999999963
11
154.4300549999999816
21
-111.3721809999999977
0
LINE
8
BLACK
6
CONTINUOUS
10
154.4300549999999816
20
-111.3721809999999977
11
150.2121809999999869
21
-115.5900549999999924
0
LINE
8
BLACK
6
CONTINUOUS
10
150.2121809999999869
20
-115.5900549999999924
11
150.1508579999999995
21
-115.6235399999999913
0
LINE
8
BLACK
6
CONTINUOUS
10
150.1508579999999995
20
-115.6235399999999913
11
150.0811659999999961
21
-115.6185559999999981
0
LINE
8
BLACK
6
CONTINUOUS
10
150.0811659999999961
20
-115.6185559999999981
11
150.0252329999999859
21
-115.5766840000000002
0
LINE
8
BLACK
6
CONTINUOUS
10
150.0252329999999859
20
-115.5766840000000002
11
150.0008159999999862
21
-115.5112199999999945
0
LINE
8
BLACK
6
CONTINUOUS
10
150.0008159999999862
20
-115.5112199999999945
11
150.0004999999999882
21
-115.502373999999989
0
LINE
8
BLACK
6
CONTINUOUS
10
150.0004999999999882
20
-115.502373999999989
11
150.0004999999999882
21
-113.8774789999999939
0
LINE
8
BLACK
6
CONTINUOUS
10
150.0004999999999882
20
-113.8774789999999939
11
150.0201849999999979
21
-113.8104399999999998
0
LINE
8
BLACK
6
CONTINUOUS
10
150.0201849999999979
20
-113.8104399999999998
11
150.03681899999998
21
-113.7897979999999905
0
LINE
8
BLACK
6
CONTINUOUS
10
150.03681899999998
20
-113.7897979999999905
11
150.168297999999993
21
-113.6583179999999942
0
LINE
8
BLACK
6
CONTINUOUS
10
150.168297999999993
20
-113.6583179999999942
11
150.1683029999999803
21
-113.6583129999999926
0
LINE
8
BLACK
6
CONTINUOUS
10
150.1683029999999803
20
-113.6583129999999926
11
150.3081929999999886
21
-113.476003999999989
0
LINE
8
BLACK
6
CONTINUOUS
10
150.3081929999999886
20
-113.476003999999989
11
150.4230909999999994
21
-113.2769959999999969
0
LINE
8
BLACK
6
CONTINUOUS
10
150.4230909999999994
20
-113.2769959999999969
11
150.5110300000000052
21
-113.0646919999999938
0
LINE
8
BLACK
6
CONTINUOUS
10
150.5110300000000052
20
-113.0646919999999938
11
150.5705049999999972
21
-112.8427269999999965
0
LINE
8
BLACK
6
CONTINUOUS
10
150.5705049999999972
20
-112.8427269999999965
11
150.6004999999999825
21
-112.6148979999999966
0
LINE
8
BLACK
6
CONTINUOUS
10
150.6004999999999825
20
-112.6148979999999966
11
150.6004999999999825
21
-112.3851019999999892
0
LINE
8
BLACK
6
CONTINUOUS
10
150.6004999999999825
20
-112.3851019999999892
11
150.5705049999999972
21
-112.1572729999999893
0
LINE
8
BLACK
6
CONTINUOUS
10
150.5705049999999972
20
-112.1572729999999893
11
150.5110300000000052
21
-111.935307999999992
0
LINE
8
BLACK
6
CONTINUOUS
10
150.5110300000000052
20
-111.935307999999992
11
150.4230909999999994
21
-111.7230039999999889
0
LINE
8
BLACK
6
CONTINUOUS
10
150.4230909999999994
20
-111.7230039999999889
11
150.3081929999999886
21
-111.5239959999999968
0
LINE
8
BLACK
6
CONTINUOUS
10
150.3081929999999886
20
-111.5239959999999968
11
150.1917019999999923
21
-111.3721809999999977
0
LINE
8
BLACK
6
CONTINUOUS
10
150.1917019999999923
20
-111.3721809999999977
11
150.182344999999998
21
-111.3599859999999921
0
LINE
8
BLACK
6
CONTINUOUS
10
150.182344999999998
20
-111.3599859999999921
11
150.1571509999999989
21
-111.2948169999999948
0
LINE
8
BLACK
6
CONTINUOUS
10
150.1571509999999989
20
-111.2948169999999948
11
150.1711899999999957
21
-111.2263719999999978
0
LINE
8
BLACK
6
CONTINUOUS
10
150.1711899999999957
20
-111.2263719999999978
11
150.2200039999999888
21
-111.1763819999999896
0
LINE
8
BLACK
6
CONTINUOUS
10
150.2200039999999888
20
-111.1763819999999896
11
150.2807209999999998
21
-111.160499999999999
0
LINE
8
BLACK
6
CONTINUOUS
10
150.2807209999999998
20
-111.160499999999999
11
154.3423740000000066
21
-111.160499999999999
0
LINE
8
BLACK
6
CONTINUOUS
10
154.3423740000000066
20
-111.160499999999999
11
154.4094130000000007
21
-111.1801849999999945
0
LINE
8
BLACK
6
CONTINUOUS
10
161.9531989999999837
20
-101.6701419999999985
11
162.0799779999999828
21
-101.7226549999999889
0
LINE
8
BLACK
6
CONTINUOUS
10
162.0799779999999828
20
-101.7226549999999889
11
162.194074999999998
21
-101.7988929999999925
0
LINE
8
BLACK
6
CONTINUOUS
10
162.194074999999998
20
-101.7988929999999925
11
162.2911069999999825
21
-101.8959249999999912
0
LINE
8
BLACK
6
CONTINUOUS
10
162.2911069999999825
20
-101.8959249999999912
11
162.3205569999999796
21
-101.9399999999999977
0
LINE
8
BLACK
6
CONTINUOUS
10
162.3205569999999796
20
-101.9399999999999977
11
163.9599999999999795
21
-101.9399999999999977
0
LINE
8
BLACK
6
CONTINUOUS
10
163.9599999999999795
20
-101.9399999999999977
11
164.0122099999999818
21
-101.9434219999999982
0
LINE
8
BLACK
6
CONTINUOUS
10
164.0122099999999818
20
-101.9434219999999982
11
164.0250000000000057
21
-101.9468490000000003
0
LINE
8
BLACK
6
CONTINUOUS
10
164.0250000000000057
20
-101.9468490000000003
11
164.0377900000000011
21
-101.9434219999999982
0
LINE
8
BLACK
6
CONTINUOUS
10
164.0377900000000011
20
-101.9434219999999982
11
164.0900000000000034
21
-101.9399999999999977
0
LINE
8
BLACK
6
CONTINUOUS
10
164.0900000000000034
20
-101.9399999999999977
11
165.389443
21
-101.9399999999999977
0
LINE
8
BLACK
6
CONTINUOUS
10
165.389443
20
-101.9399999999999977
11
165.4188929999999971
21
-101.8959249999999912
0
LINE
8
BLACK
6
CONTINUOUS
10
165.4188929999999971
20
-101.8959249999999912
11
165.5159249999999815
21
-101.7988929999999925
0
LINE
8
BLACK
6
CONTINUOUS
10
165.5159249999999815
20
-101.7988929999999925
11
165.6300219999999968
21
-101.7226549999999889
0
LINE
8
BLACK
6
CONTINUOUS
10
165.6300219999999968
20
-101.7226549999999889
11
165.7568009999999958
21
-101.6701419999999985
0
LINE
8
BLACK
6
CONTINUOUS
10
165.7568009999999958
20
-101.6701419999999985
11
165.8913880000000063
21
-101.6433710000000019
0
LINE
8
BLACK
6
CONTINUOUS
10
165.8913880000000063
20
-101.6433710000000019
11
166.0286119999999812
21
-101.6433710000000019
0
LINE
8
BLACK
6
CONTINUOUS
10
166.0286119999999812
20
-101.6433710000000019
11
166.1631989999999917
21
-101.6701419999999985
0
LINE
8
BLACK
6
CONTINUOUS
10
166.1631989999999917
20
-101.6701419999999985
11
166.2899779999999907
21
-101.7226549999999889
0
LINE
8
BLACK
6
CONTINUOUS
10
166.2899779999999907
20
-101.7226549999999889
11
166.404075000000006
21
-101.7988929999999925
0
LINE
8
BLACK
6
CONTINUOUS
10
166.404075000000006
20
-101.7988929999999925
11
166.5011069999999904
21
-101.8959249999999912
0
LINE
8
BLACK
6
CONTINUOUS
10
166.5011069999999904
20
-101.8959249999999912
11
166.5773449999999798
21
-102.0100219999999922
0
LINE
8
BLACK
6
CONTINUOUS
10
166.5773449999999798
20
-102.0100219999999922
11
166.6298579999999845
21
-102.1368009999999913
0
LINE
8
BLACK
6
CONTINUOUS
10
166.6298579999999845
20
-102.1368009999999913
11
166.656628999999981
21
-102.2713880000000017
0
LINE
8
BLACK
6
CONTINUOUS
10
166.656628999999981
20
-102.2713880000000017
11
166.656628999999981
21
-102.4086119999999909
0
LINE
8
BLACK
6
CONTINUOUS
10
166.656628999999981
20
-102.4086119999999909
11
166.6298579999999845
21
-102.5431990000000013
0
LINE
8
BLACK
6
CONTINUOUS
10
166.6298579999999845
20
-102.5431990000000013
11
166.5773449999999798
21
-102.6699780000000004
0
LINE
8
BLACK
6
CONTINUOUS
10
166.5773449999999798
20
-102.6699780000000004
11
166.5011069999999904
21
-102.7840750000000014
0
LINE
8
BLACK
6
CONTINUOUS
10
166.5011069999999904
20
-102.7840750000000014
11
166.404075000000006
21
-102.8811070000000001
0
LINE
8
BLACK
6
CONTINUOUS
10
166.404075000000006
20
-102.8811070000000001
11
166.3599999999999852
21
-102.9105569999999972
0
LINE
8
BLACK
6
CONTINUOUS
10
166.3599999999999852
20
-102.9105569999999972
11
166.3599999999999852
21
-103.044314
0
LINE
8
BLACK
6
CONTINUOUS
10
166.3599999999999852
20
-103.044314
11
169.0328429999999855
21
-105.7171570000000003
0
LINE
8
BLACK
6
CONTINUOUS
10
169.0328429999999855
20
-105.7171570000000003
11
169.067340999999999
21
-105.756495000000001
0
LINE
8
BLACK
6
CONTINUOUS
10
169.067340999999999
20
-105.756495000000001
11
169.1195519999999988
21
-105.8469259999999963
0
LINE
8
BLACK
6
CONTINUOUS
10
169.1195519999999988
20
-105.8469259999999963
11
169.1195519999999988
21
-105.8469269999999938
0
LINE
8
BLACK
6
CONTINUOUS
10
169.1195519999999988
20
-105.8469269999999938
11
169.1465780000000052
21
-105.9477899999999977
0
LINE
8
BLACK
6
CONTINUOUS
10
169.1465780000000052
20
-105.9477899999999977
11
169.1500000000000057
21
-106.
0
LINE
8
BLACK
6
CONTINUOUS
10
169.1500000000000057
20
-106.
11
169.1500000000000057
21
-111.
0
LINE
8
BLACK
6
CONTINUOUS
10
169.1500000000000057
20
-111.
11
169.1465780000000052
21
-111.0522099999999881
0
LINE
8
BLACK
6
CONTINUOUS
10
169.1465780000000052
20
-111.0522099999999881
11
169.1195519999999988
21
-111.153072999999992
0
LINE
8
BLACK
6
CONTINUOUS
10
169.1195519999999988
20
-111.153072999999992
11
169.1044689999999946
21
-111.179197000000002
0
LINE
8
BLACK
6
CONTINUOUS
10
169.1044689999999946
20
-111.179197000000002
11
169.067340999999999
21
-111.243504999999999
0
LINE
8
BLACK
6
CONTINUOUS
10
169.067340999999999
20
-111.243504999999999
11
169.032841999999988
21
-111.2828429999999997
0
LINE
8
BLACK
6
CONTINUOUS
10
169.032841999999988
20
-111.2828429999999997
11
167.5328429999999855
21
-112.7828429999999997
0
LINE
8
BLACK
6
CONTINUOUS
10
167.5328429999999855
20
-112.7828429999999997
11
167.493504999999999
21
-112.817340999999999
0
LINE
8
BLACK
6
CONTINUOUS
10
167.493504999999999
20
-112.817340999999999
11
167.4030740000000037
21
-112.8695519999999988
0
LINE
8
BLACK
6
CONTINUOUS
10
167.4030740000000037
20
-112.8695519999999988
11
167.3022100000000023
21
-112.896577999999991
0
LINE
8
BLACK
6
CONTINUOUS
10
167.3022100000000023
20
-112.896577999999991
11
167.25
21
-112.8999999999999915
0
LINE
8
BLACK
6
CONTINUOUS
10
167.25
20
-112.8999999999999915
11
160.5230750000000057
21
-112.8999999999999915
0
LINE
8
BLACK
6
CONTINUOUS
10
160.5230750000000057
20
-112.8999999999999915
11
160.5162669999999991
21
-112.9209519999999998
0
LINE
8
BLACK
6
CONTINUOUS
10
160.5162669999999991
20
-112.9209519999999998
11
160.4379040000000032
21
-113.0747479999999996
0
LINE
8
BLACK
6
CONTINUOUS
10
160.4379040000000032
20
-113.0747479999999996
11
160.3364469999999926
21
-113.2143930000000012
0
LINE
8
BLACK
6
CONTINUOUS
10
160.3364469999999926
20
-113.2143930000000012
11
160.2143930000000012
21
-113.3364469999999926
0
LINE
8
BLACK
6
CONTINUOUS
10
160.2143930000000012
20
-113.3364469999999926
11
160.0747479999999996
21
-113.437903999999989
0
LINE
8
BLACK
6
CONTINUOUS
10
160.0747479999999996
20
-113.437903999999989
11
159.9209519999999998
21
-113.5162669999999991
0
LINE
8
BLACK
6
CONTINUOUS
10
159.9209519999999998
20
-113.5162669999999991
11
159.7567899999999952
21
-113.5696069999999906
0
LINE
8
BLACK
6
CONTINUOUS
10
159.7567899999999952
20
-113.5696069999999906
11
159.5863049999999816
21
-113.5966090000000008
0
LINE
8
BLACK
6
CONTINUOUS
10
159.5863049999999816
20
-113.5966090000000008
11
159.4136949999999899
21
-113.5966090000000008
0
LINE
8
BLACK
6
CONTINUOUS
10
159.4136949999999899
20
-113.5966090000000008
11
159.2432100000000048
21
-113.5696069999999906
0
LINE
8
BLACK
6
CONTINUOUS
10
159.2432100000000048
20
-113.5696069999999906
11
159.0790480000000002
21
-113.5162669999999991
0
LINE
8
BLACK
6
CONTINUOUS
10
159.0790480000000002
20
-113.5162669999999991
11
158.9252520000000004
21
-113.437903999999989
0
LINE
8
BLACK
6
CONTINUOUS
10
158.9252520000000004
20
-113.437903999999989
11
158.7856069999999988
21
-113.3364469999999926
0
LINE
8
BLACK
6
CONTINUOUS
10
158.7856069999999988
20
-113.3364469999999926
11
158.663552999999979
21
-113.2143930000000012
0
LINE
8
BLACK
6
CONTINUOUS
10
158.663552999999979
20
-113.2143930000000012
11
158.5620959999999968
21
-113.0747479999999996
0
LINE
8
BLACK
6
CONTINUOUS
10
158.5620959999999968
20
-113.0747479999999996
11
158.4837330000000009
21
-112.9209519999999998
0
LINE
8
BLACK
6
CONTINUOUS
10
158.4837330000000009
20
-112.9209519999999998
11
158.4303929999999809
21
-112.7567899999999952
0
LINE
8
BLACK
6
CONTINUOUS
10
158.4303929999999809
20
-112.7567899999999952
11
158.4033909999999992
21
-112.5863049999999959
0
LINE
8
BLACK
6
CONTINUOUS
10
158.4033909999999992
20
-112.5863049999999959
11
158.4033909999999992
21
-112.4136949999999899
0
LINE
8
BLACK
6
CONTINUOUS
10
158.4033909999999992
20
-112.4136949999999899
11
158.4303929999999809
21
-112.2432099999999906
0
LINE
8
BLACK
6
CONTINUOUS
10
158.4303929999999809
20
-112.2432099999999906
11
158.4837330000000009
21
-112.0790480000000002
0
LINE
8
BLACK
6
CONTINUOUS
10
158.4837330000000009
20
-112.0790480000000002
11
158.5620959999999968
21
-111.9252520000000004
0
LINE
8
BLACK
6
CONTINUOUS
10
158.5620959999999968
20
-111.9252520000000004
11
158.663552999999979
21
-111.7856069999999988
0
LINE
8
BLACK
6
CONTINUOUS
10
158.663552999999979
20
-111.7856069999999988
11
158.7856069999999988
21
-111.6635529999999932
0
LINE
8
BLACK
6
CONTINUOUS
10
158.7856069999999988
20
-111.6635529999999932
11
158.9252520000000004
21
-111.5620959999999968
0
LINE
8
BLACK
6
CONTINUOUS
10
158.9252520000000004
20
-111.5620959999999968
11
159.0790480000000002
21
-111.4837330000000009
0
LINE
8
BLACK
6
CONTINUOUS
10
159.0790480000000002
20
-111.4837330000000009
11
159.2432100000000048
21
-111.4303929999999951
0
LINE
8
BLACK
6
CONTINUOUS
10
159.2432100000000048
20
-111.4303929999999951
11
159.4136949999999899
21
-111.4033909999999992
0
LINE
8
BLACK
6
CONTINUOUS
10
159.4136949999999899
20
-111.4033909999999992
11
159.5863049999999816
21
-111.4033909999999992
0
LINE
8
BLACK
6
CONTINUOUS
10
159.5863049999999816
20
-111.4033909999999992
11
159.7567899999999952
21
-111.4303929999999951
0
LINE
8
BLACK
6
CONTINUOUS
10
159.7567899999999952
20
-111.4303929999999951
11
159.9209519999999998
21
-111.4837330000000009
0
LINE
8
BLACK
6
CONTINUOUS
10
159.9209519999999998
20
-111.4837330000000009
11
160.0747479999999996
21
-111.5620959999999968
0
LINE
8
BLACK
6
CONTINUOUS
10
160.0747479999999996
20
-111.5620959999999968
11
160.2143930000000012
21
-111.6635529999999932
0
LINE
8
BLACK
6
CONTINUOUS
10
160.2143930000000012
20
-111.6635529999999932
11
160.3364469999999926
21
-111.7856069999999988
0
LINE
8
BLACK
6
CONTINUOUS
10
160.3364469999999926
20
-111.7856069999999988
11
160.4379040000000032
21
-111.9252520000000004
0
LINE
8
BLACK
6
CONTINUOUS
10
160.4379040000000032
20
-111.9252520000000004
11
160.5162669999999991
21
-112.0790480000000002
0
LINE
8
BLACK
6
CONTINUOUS
10
160.5162669999999991
20
-112.0790480000000002
11
160.5230750000000057
21
-112.0999999999999943
0
LINE
8
BLACK
6
CONTINUOUS
10
160.5230750000000057
20
-112.0999999999999943
11
167.0843140000000062
21
-112.0999999999999943
0
LINE
8
BLACK
6
CONTINUOUS
10
167.0843140000000062
20
-112.0999999999999943
11
168.3499999999999943
21
-110.834313999999992
0
LINE
8
BLACK
6
CONTINUOUS
10
168.3499999999999943
20
-110.834313999999992
11
168.3499999999999943
21
-106.1656859999999938
0
LINE
8
BLACK
6
CONTINUOUS
10
168.3499999999999943
20
-106.1656859999999938
11
165.677156999999994
21
-103.4928429999999935
0
LINE
8
BLACK
6
CONTINUOUS
10
165.677156999999994
20
-103.4928429999999935
11
165.6426589999999806
21
-103.4535049999999927
0
LINE
8
BLACK
6
CONTINUOUS
10
165.6426589999999806
20
-103.4535049999999927
11
165.5904479999999808
21
-103.3630739999999975
0
LINE
8
BLACK
6
CONTINUOUS
10
165.5904479999999808
20
-103.3630739999999975
11
165.5634220000000028
21
-103.2622099999999961
0
LINE
8
BLACK
6
CONTINUOUS
10
165.5634220000000028
20
-103.2622099999999961
11
165.5600000000000023
21
-103.2099999999999937
0
LINE
8
BLACK
6
CONTINUOUS
10
165.5600000000000023
20
-103.2099999999999937
11
165.5600000000000023
21
-102.9105569999999972
0
LINE
8
BLACK
6
CONTINUOUS
10
165.5600000000000023
20
-102.9105569999999972
11
165.5159249999999815
21
-102.8811070000000001
0
LINE
8
BLACK
6
CONTINUOUS
10
165.5159249999999815
20
-102.8811070000000001
11
165.4188929999999971
21
-102.7840750000000014
0
LINE
8
BLACK
6
CONTINUOUS
10
165.4188929999999971
20
-102.7840750000000014
11
165.389443
21
-102.7399999999999949
0
LINE
8
BLACK
6
CONTINUOUS
10
165.389443
20
-102.7399999999999949
11
164.0900000000000034
21
-102.7399999999999949
0
LINE
8
BLACK
6
CONTINUOUS
10
164.0900000000000034
20
-102.7399999999999949
11
164.0377900000000011
21
-102.7365779999999944
0
LINE
8
BLACK
6
CONTINUOUS
10
164.0377900000000011
20
-102.7365779999999944
11
164.0250000000000057
21
-102.7331499999999949
0
LINE
8
BLACK
6
CONTINUOUS
10
164.0250000000000057
20
-102.7331499999999949
11
164.0122099999999818
21
-102.7365779999999944
0
LINE
8
BLACK
6
CONTINUOUS
10
164.0122099999999818
20
-102.7365779999999944
11
163.9599999999999795
21
-102.7399999999999949
0
LINE
8
BLACK
6
CONTINUOUS
10
163.9599999999999795
20
-102.7399999999999949
11
162.3205569999999796
21
-102.7399999999999949
0
LINE
8
BLACK
6
CONTINUOUS
10
162.3205569999999796
20
-102.7399999999999949
11
162.2911069999999825
21
-102.7840750000000014
0
LINE
8
BLACK
6
CONTINUOUS
10
162.2911069999999825
20
-102.7840750000000014
11
162.194074999999998
21
-102.8811070000000001
0
LINE
8
BLACK
6
CONTINUOUS
10
162.194074999999998
20
-102.8811070000000001
11
162.0799779999999828
21
-102.9573449999999895
0
LINE
8
BLACK
6
CONTINUOUS
10
162.0799779999999828
20
-102.9573449999999895
11
161.9531989999999837
21
-103.0098579999999941
0
LINE
8
BLACK
6
CONTINUOUS
10
161.9531989999999837
20
-103.0098579999999941
11
161.8186120000000017
21
-103.0366289999999907
0
LINE
8
BLACK
6
CONTINUOUS
10
161.8186120000000017
20
-103.0366289999999907
11
161.6813879999999983
21
-103.0366289999999907
0
LINE
8
BLACK
6
CONTINUOUS
10
161.6813879999999983
20
-103.0366289999999907
11
161.5468009999999879
21
-103.0098579999999941
0
LINE
8
BLACK
6
CONTINUOUS
10
161.5468009999999879
20
-103.0098579999999941
11
161.4200219999999888
21
-102.9573449999999895
0
LINE
8
BLACK
6
CONTINUOUS
10
161.4200219999999888
20
-102.9573449999999895
11
161.305925000000002
21
-102.8811070000000001
0
LINE
8
BLACK
6
CONTINUOUS
10
161.305925000000002
20
-102.8811070000000001
11
161.2088929999999891
21
-102.7840750000000014
0
LINE
8
BLACK
6
CONTINUOUS
10
161.2088929999999891
20
-102.7840750000000014
11
161.1326549999999997
21
-102.6699780000000004
0
LINE
8
BLACK
6
CONTINUOUS
10
161.1326549999999997
20
-102.6699780000000004
11
161.0801419999999951
21
-102.5431990000000013
0
LINE
8
BLACK
6
CONTINUOUS
10
161.0801419999999951
20
-102.5431990000000013
11
161.0533709999999985
21
-102.4086119999999909
0
LINE
8
BLACK
6
CONTINUOUS
10
161.0533709999999985
20
-102.4086119999999909
11
161.0533709999999985
21
-102.2713880000000017
0
LINE
8
BLACK
6
CONTINUOUS
10
161.0533709999999985
20
-102.2713880000000017
11
161.0801419999999951
21
-102.1368009999999913
0
LINE
8
BLACK
6
CONTINUOUS
10
161.0801419999999951
20
-102.1368009999999913
11
161.1326549999999997
21
-102.0100219999999922
0
LINE
8
BLACK
6
CONTINUOUS
10
161.1326549999999997
20
-102.0100219999999922
11
161.2088929999999891
21
-101.8959249999999912
0
LINE
8
BLACK
6
CONTINUOUS
10
161.2088929999999891
20
-101.8959249999999912
11
161.305925000000002
21
-101.7988929999999925
0
LINE
8
BLACK
6
CONTINUOUS
10
161.305925000000002
20
-101.7988929999999925
11
161.4200219999999888
21
-101.7226549999999889
0
LINE
8
BLACK
6
CONTINUOUS
10
161.4200219999999888
20
-101.7226549999999889
11
161.5468009999999879
21
-101.6701419999999985
0
LINE
8
BLACK
6
CONTINUOUS
10
161.5468009999999879
20
-101.6701419999999985
11
161.6813879999999983
21
-101.6433710000000019
0
LINE
8
BLACK
6
CONTINUOUS
10
161.6813879999999983
20
-101.6433710000000019
11
161.8186120000000017
21
-101.6433710000000019
0
LINE
8
BLACK
6
CONTINUOUS
10
161.8186120000000017
20
-101.6433710000000019
11
161.9531989999999837
21
-101.6701419999999985
0
LINE
8
BLACK
6
CONTINUOUS
10
155.2699999999999818
20
-96.4849999999999994
11
153.5699999999999932
21
-96.4849999999999994
0
LINE
8
BLACK
6
CONTINUOUS
10
153.5699999999999932
20
-96.4849999999999994
11
153.5699999999999932
21
-96.0349999999999966
0
LINE
8
BLACK
6
CONTINUOUS
10
153.5699999999999932
20
-96.0349999999999966
11
152.5306850000000054
21
-96.0349999999999966
0
LINE
8
BLACK
6
CONTINUOUS
10
152.5306850000000054
20
-96.0349999999999966
11
149.4000000000000057
21
-99.1656849999999963
0
LINE
8
BLACK
6
CONTINUOUS
10
149.4000000000000057
20
-99.1656849999999963
11
149.4000000000000057
21
-102.584313999999992
0
LINE
8
BLACK
6
CONTINUOUS
10
149.4000000000000057
20
-102.584313999999992
11
150.6656849999999963
21
-103.8499999999999943
0
LINE
8
BLACK
6
CONTINUOUS
10
150.6656849999999963
20
-103.8499999999999943
11
153.75
21
-103.8499999999999943
0
LINE
8
BLACK
6
CONTINUOUS
10
153.75
20
-103.8499999999999943
11
153.8022100000000023
21
-103.8534219999999948
0
LINE
8
BLACK
6
CONTINUOUS
10
153.8022100000000023
20
-103.8534219999999948
11
153.9030740000000037
21
-103.8804480000000012
0
LINE
8
BLACK
6
CONTINUOUS
10
153.9030740000000037
20
-103.8804480000000012
11
153.993504999999999
21
-103.932659000000001
0
LINE
8
BLACK
6
CONTINUOUS
10
153.993504999999999
20
-103.932659000000001
11
154.0328429999999855
21
-103.9671570000000003
0
LINE
8
BLACK
6
CONTINUOUS
10
154.0328429999999855
20
-103.9671570000000003
11
156.5328429999999855
21
-106.4671570000000003
0
LINE
8
BLACK
6
CONTINUOUS
10
156.5328429999999855
20
-106.4671570000000003
11
156.567340999999999
21
-106.506495000000001
0
LINE
8
BLACK
6
CONTINUOUS
10
156.567340999999999
20
-106.506495000000001
11
156.6195519999999988
21
-106.5969259999999963
0
LINE
8
BLACK
6
CONTINUOUS
10
156.6195519999999988
20
-106.5969259999999963
11
156.6195519999999988
21
-106.5969269999999938
0
LINE
8
BLACK
6
CONTINUOUS
10
156.6195519999999988
20
-106.5969269999999938
11
156.6465780000000052
21
-106.6977899999999977
0
LINE
8
BLACK
6
CONTINUOUS
10
156.6465780000000052
20
-106.6977899999999977
11
156.6500000000000057
21
-106.75
0
LINE
8
BLACK
6
CONTINUOUS
10
156.6500000000000057
20
-106.75
11
156.6500000000000057
21
-108.25
0
LINE
8
BLACK
6
CONTINUOUS
10
156.6500000000000057
20
-108.25
11
156.6465780000000052
21
-108.3022099999999881
0
LINE
8
BLACK
6
CONTINUOUS
10
156.6465780000000052
20
-108.3022099999999881
11
156.6195519999999988
21
-108.4030739999999895
0
LINE
8
BLACK
6
CONTINUOUS
10
156.6195519999999988
20
-108.4030739999999895
11
156.567340999999999
21
-108.493504999999999
0
LINE
8
BLACK
6
CONTINUOUS
10
156.567340999999999
20
-108.493504999999999
11
156.5328429999999855
21
-108.5328429999999997
0
LINE
8
BLACK
6
CONTINUOUS
10
156.5328429999999855
20
-108.5328429999999997
11
154.822843000000006
21
-110.2428429999999935
0
LINE
8
BLACK
6
CONTINUOUS
10
154.822843000000006
20
-110.2428429999999935
11
154.783504999999991
21
-110.2773409999999927
0
LINE
8
BLACK
6
CONTINUOUS
10
154.783504999999991
20
-110.2773409999999927
11
154.6930739999999957
21
-110.3295519999999925
0
LINE
8
BLACK
6
CONTINUOUS
10
154.6930739999999957
20
-110.3295519999999925
11
154.5922099999999944
21
-110.356577999999999
0
LINE
8
BLACK
6
CONTINUOUS
10
154.5922099999999944
20
-110.356577999999999
11
154.539999999999992
21
-110.3599999999999994
0
LINE
8
BLACK
6
CONTINUOUS
10
154.539999999999992
20
-110.3599999999999994
11
149.7078290000000038
21
-110.3599999999999994
0
LINE
8
BLACK
6
CONTINUOUS
10
149.7078290000000038
20
-110.3599999999999994
11
149.6875299999999811
21
-110.4090049999999934
0
LINE
8
BLACK
6
CONTINUOUS
10
149.6875299999999811
20
-110.4090049999999934
11
149.5837919999999883
21
-110.5642599999999902
0
LINE
8
BLACK
6
CONTINUOUS
10
149.5837919999999883
20
-110.5642599999999902
11
149.4517600000000073
21
-110.6962919999999997
0
LINE
8
BLACK
6
CONTINUOUS
10
149.4517600000000073
20
-110.6962919999999997
11
149.2965049999999962
21
-110.8000299999999925
0
LINE
8
BLACK
6
CONTINUOUS
10
149.2965049999999962
20
-110.8000299999999925
11
149.1239960000000053
21
-110.8714859999999902
0
LINE
8
BLACK
6
CONTINUOUS
10
149.1239960000000053
20
-110.8714859999999902
11
148.940860999999984
21
-110.9079129999999935
0
LINE
8
BLACK
6
CONTINUOUS
10
148.940860999999984
20
-110.9079129999999935
11
148.8474999999999966
21
-110.9124999999999943
0
LINE
8
BLACK
6
CONTINUOUS
10
148.8474999999999966
20
-110.9124999999999943
11
148.7524999999999977
21
-110.9124999999999943
0
LINE
8
BLACK
6
CONTINUOUS
10
148.7524999999999977
20
-110.9124999999999943
11
148.6591389999999819
21
-110.9079129999999935
0
LINE
8
BLACK
6
CONTINUOUS
10
148.6591389999999819
20
-110.9079129999999935
11
148.476003999999989
21
-110.8714859999999902
0
LINE
8
BLACK
6
CONTINUOUS
10
148.476003999999989
20
-110.8714859999999902
11
148.3034949999999981
21
-110.8000299999999925
0
LINE
8
BLACK
6
CONTINUOUS
10
148.3034949999999981
20
-110.8000299999999925
11
148.148239999999987
21
-110.6962919999999997
0
LINE
8
BLACK
6
CONTINUOUS
10
148.148239999999987
20
-110.6962919999999997
11
148.016208000000006
21
-110.5642599999999902
0
LINE
8
BLACK
6
CONTINUOUS
10
148.016208000000006
20
-110.5642599999999902
11
147.9124699999999848
21
-110.4090049999999934
0
LINE
8
BLACK
6
CONTINUOUS
10
147.9124699999999848
20
-110.4090049999999934
11
147.8410140000000013
21
-110.2364959999999883
0
LINE
8
BLACK
6
CONTINUOUS
10
147.8410140000000013
20
-110.2364959999999883
11
147.8045869999999979
21
-110.0533609999999953
0
LINE
8
BLACK
6
CONTINUOUS
10
147.8045869999999979
20
-110.0533609999999953
11
147.8045869999999979
21
-109.8666389999999922
0
LINE
8
BLACK
6
CONTINUOUS
10
147.8045869999999979
20
-109.8666389999999922
11
147.8410140000000013
21
-109.6835039999999992
0
LINE
8
BLACK
6
CONTINUOUS
10
147.8410140000000013
20
-109.6835039999999992
11
147.9124699999999848
21
-109.5109949999999941
0
LINE
8
BLACK
6
CONTINUOUS
10
147.9124699999999848
20
-109.5109949999999941
11
148.016208000000006
21
-109.3557399999999973
0
LINE
8
BLACK
6
CONTINUOUS
10
148.016208000000006
20
-109.3557399999999973
11
148.148239999999987
21
-109.223708000000002
0
LINE
8
BLACK
6
CONTINUOUS
10
148.148239999999987
20
-109.223708000000002
11
148.3034949999999981
21
-109.119969999999995
0
LINE
8
BLACK
6
CONTINUOUS
10
148.3034949999999981
20
-109.119969999999995
11
148.476003999999989
21
-109.0485139999999973
0
LINE
8
BLACK
6
CONTINUOUS
10
148.476003999999989
20
-109.0485139999999973
11
148.6591389999999819
21
-109.012086999999994
0
LINE
8
BLACK
6
CONTINUOUS
10
148.6591389999999819
20
-109.012086999999994
11
148.7524999999999977
21
-109.0074999999999932
0
LINE
8
BLACK
6
CONTINUOUS
10
148.7524999999999977
20
-109.0074999999999932
11
148.8474999999999966
21
-109.0074999999999932
0
LINE
8
BLACK
6
CONTINUOUS
10
148.8474999999999966
20
-109.0074999999999932
11
148.940860999999984
21
-109.012086999999994
0
LINE
8
BLACK
6
CONTINUOUS
10
148.940860999999984
20
-109.012086999999994
11
149.1239960000000053
21
-109.0485139999999973
0
LINE
8
BLACK
6
CONTINUOUS
10
149.1239960000000053
20
-109.0485139999999973
11
149.2965049999999962
21
-109.119969999999995
0
LINE
8
BLACK
6
CONTINUOUS
10
149.2965049999999962
20
-109.119969999999995
11
149.4517600000000073
21
-109.223708000000002
0
LINE
8
BLACK
6
CONTINUOUS
10
149.4517600000000073
20
-109.223708000000002
11
149.5837919999999883
21
-109.3557399999999973
0
LINE
8
BLACK
6
CONTINUOUS
10
149.5837919999999883
20
-109.3557399999999973
11
149.6875299999999811
21
-109.5109949999999941
0
LINE
8
BLACK
6
CONTINUOUS
10
149.6875299999999811
20
-109.5109949999999941
11
149.7078290000000038
21
-109.5599999999999881
0
LINE
8
BLACK
6
CONTINUOUS
10
149.7078290000000038
20
-109.5599999999999881
11
154.3743139999999983
21
-109.5599999999999881
0
LINE
8
BLACK
6
CONTINUOUS
10
154.3743139999999983
20
-109.5599999999999881
11
155.8499999999999943
21
-108.084313999999992
0
LINE
8
BLACK
6
CONTINUOUS
10
155.8499999999999943
20
-108.084313999999992
11
155.8499999999999943
21
-106.9156859999999938
0
LINE
8
BLACK
6
CONTINUOUS
10
155.8499999999999943
20
-106.9156859999999938
11
153.5843140000000062
21
-104.6499999999999915
0
LINE
8
BLACK
6
CONTINUOUS
10
153.5843140000000062
20
-104.6499999999999915
11
150.5
21
-104.6499999999999915
0
LINE
8
BLACK
6
CONTINUOUS
10
150.5
20
-104.6499999999999915
11
150.4477899999999977
21
-104.646577999999991
0
LINE
8
BLACK
6
CONTINUOUS
10
150.4477899999999977
20
-104.646577999999991
11
150.3469269999999938
21
-104.6195519999999988
0
LINE
8
BLACK
6
CONTINUOUS
10
150.3469269999999938
20
-104.6195519999999988
11
150.256495000000001
21
-104.567340999999999
0
LINE
8
BLACK
6
CONTINUOUS
10
150.256495000000001
20
-104.567340999999999
11
150.2171569999999861
21
-104.5328420000000023
0
LINE
8
BLACK
6
CONTINUOUS
10
150.2171569999999861
20
-104.5328420000000023
11
148.7171569999999861
21
-103.0328429999999997
0
LINE
8
BLACK
6
CONTINUOUS
10
148.7171569999999861
20
-103.0328429999999997
11
148.682659000000001
21
-102.993504999999999
0
LINE
8
BLACK
6
CONTINUOUS
10
148.682659000000001
20
-102.993504999999999
11
148.6304480000000012
21
-102.9030739999999895
0
LINE
8
BLACK
6
CONTINUOUS
10
148.6304480000000012
20
-102.9030739999999895
11
148.6034219999999948
21
-102.8022100000000023
0
LINE
8
BLACK
6
CONTINUOUS
10
148.6034219999999948
20
-102.8022100000000023
11
148.5999999999999943
21
-102.75
0
LINE
8
BLACK
6
CONTINUOUS
10
148.5999999999999943
20
-102.75
11
148.5999999999999943
21
-99.
0
LINE
8
BLACK
6
CONTINUOUS
10
148.5999999999999943
20
-99.
11
148.6034219999999948
21
-98.9477899999999977
0
LINE
8
BLACK
6
CONTINUOUS
10
148.6034219999999948
20
-98.9477899999999977
11
148.6304480000000012
21
-98.8469269999999938
0
LINE
8
BLACK
6
CONTINUOUS
10
148.6304480000000012
20
-98.8469269999999938
11
148.6304480000000012
21
-98.8469259999999963
0
LINE
8
BLACK
6
CONTINUOUS
10
148.6304480000000012
20
-98.8469259999999963
11
148.682659000000001
21
-98.756495000000001
0
LINE
8
BLACK
6
CONTINUOUS
10
148.682659000000001
20
-98.756495000000001
11
148.7171569999999861
21
-98.7171570000000003
0
LINE
8
BLACK
6
CONTINUOUS
10
148.7171569999999861
20
-98.7171570000000003
11
152.0821579999999926
21
-95.3521569999999912
0
LINE
8
BLACK
6
CONTINUOUS
10
152.0821579999999926
20
-95.3521569999999912
11
152.1214949999999817
21
-95.3176589999999919
0
LINE
8
BLACK
6
CONTINUOUS
10
152.1214949999999817
20
-95.3176589999999919
11
152.2119260000000054
21
-95.2654479999999921
0
LINE
8
BLACK
6
CONTINUOUS
10
152.2119260000000054
20
-95.2654479999999921
11
152.3127900000000068
21
-95.2384219999999999
0
LINE
8
BLACK
6
CONTINUOUS
10
152.3127900000000068
20
-95.2384219999999999
11
152.3649999999999807
21
-95.2349999999999994
0
LINE
8
BLACK
6
CONTINUOUS
10
152.3649999999999807
20
-95.2349999999999994
11
153.5699999999999932
21
-95.2349999999999994
0
LINE
8
BLACK
6
CONTINUOUS
10
153.5699999999999932
20
-95.2349999999999994
11
153.5699999999999932
21
-94.7849999999999966
0
LINE
8
BLACK
6
CONTINUOUS
10
153.5699999999999932
20
-94.7849999999999966
11
155.2699999999999818
21
-94.7849999999999966
0
LINE
8
BLACK
6
CONTINUOUS
10
155.2699999999999818
20
-94.7849999999999966
11
155.2699999999999818
21
-96.4849999999999994
0
LINE
8
BLACK
6
CONTINUOUS
10
157.6557029999999884
20
-107.7339130000000011
11
157.6621810000000039
21
-107.7399449999999916
0
LINE
8
BLACK
6
CONTINUOUS
10
157.6621810000000039
20
-107.7399449999999916
11
157.8693339999999807
21
-107.9470979999999969
0
LINE
8
BLACK
6
CONTINUOUS
10
157.8693339999999807
20
-107.9470979999999969
11
157.8967539999999872
21
-107.9918359999999922
0
LINE
8
BLACK
6
CONTINUOUS
10
157.8967539999999872
20
-107.9918359999999922
11
157.8975709999999992
21
-107.9914989999999904
0
LINE
8
BLACK
6
CONTINUOUS
10
157.8975709999999992
20
-107.9914989999999904
11
157.8994299999999953
21
-107.9959899999999919
0
LINE
8
BLACK
6
CONTINUOUS
10
157.8994299999999953
20
-107.9959899999999919
11
157.9807150000000036
21
-108.1555189999999982
0
LINE
8
BLACK
6
CONTINUOUS
10
157.9807150000000036
20
-108.1555189999999982
11
158.0066569999999899
21
-108.2064329999999899
0
LINE
8
BLACK
6
CONTINUOUS
10
158.0066569999999899
20
-108.2064329999999899
11
158.1454829999999845
21
-108.3975099999999969
0
LINE
8
BLACK
6
CONTINUOUS
10
158.1454829999999845
20
-108.3975099999999969
11
158.1454849999999794
21
-108.3975119999999919
0
LINE
8
BLACK
6
CONTINUOUS
10
158.1454849999999794
20
-108.3975119999999919
11
158.2957920000000058
21
-108.5478189999999898
0
LINE
8
BLACK
6
CONTINUOUS
10
158.2957920000000058
20
-108.5478189999999898
11
158.3292769999999905
21
-108.6091419999999914
0
LINE
8
BLACK
6
CONTINUOUS
10
158.3292769999999905
20
-108.6091419999999914
11
158.3242929999999831
21
-108.6788339999999948
0
LINE
8
BLACK
6
CONTINUOUS
10
158.3242929999999831
20
-108.6788339999999948
11
158.2824209999999994
21
-108.7347669999999908
0
LINE
8
BLACK
6
CONTINUOUS
10
158.2824209999999994
20
-108.7347669999999908
11
158.2169569999999794
21
-108.7591839999999905
0
LINE
8
BLACK
6
CONTINUOUS
10
158.2169569999999794
20
-108.7591839999999905
11
158.2081110000000024
21
-108.7594999999999885
0
LINE
8
BLACK
6
CONTINUOUS
10
158.2081110000000024
20
-108.7594999999999885
11
157.5174049999999966
21
-108.7594999999999885
0
LINE
8
BLACK
6
CONTINUOUS
10
157.5174049999999966
20
-108.7594999999999885
11
157.4503660000000025
21
-108.739814999999993
0
LINE
8
BLACK
6
CONTINUOUS
10
157.4503660000000025
20
-108.739814999999993
11
157.4046109999999885
21
-108.6870109999999983
0
LINE
8
BLACK
6
CONTINUOUS
10
157.4046109999999885
20
-108.6870109999999983
11
157.3946669999999983
21
-108.6178529999999967
0
LINE
8
BLACK
6
CONTINUOUS
10
157.3946669999999983
20
-108.6178529999999967
11
157.3994739999999979
21
-108.5971819999999894
0
LINE
8
BLACK
6
CONTINUOUS
10
157.3994739999999979
20
-108.5971819999999894
11
157.4209400000000016
21
-108.5311179999999922
0
LINE
8
BLACK
6
CONTINUOUS
10
157.4209400000000016
20
-108.5311179999999922
11
157.4421009999999796
21
-108.3975109999999944
0
LINE
8
BLACK
6
CONTINUOUS
10
157.4421009999999796
20
-108.3975109999999944
11
157.4505000000000052
21
-108.3444870000000009
0
LINE
8
BLACK
6
CONTINUOUS
10
157.4505000000000052
20
-108.3444870000000009
11
157.4505000000000052
21
-107.8276259999999951
0
LINE
8
BLACK
6
CONTINUOUS
10
157.4505000000000052
20
-107.8276259999999951
11
157.4701849999999865
21
-107.760587000000001
0
LINE
8
BLACK
6
CONTINUOUS
10
157.4701849999999865
20
-107.760587000000001
11
157.5229889999999955
21
-107.7148320000000012
0
LINE
8
BLACK
6
CONTINUOUS
10
157.5229889999999955
20
-107.7148320000000012
11
157.5921469999999829
21
-107.7048879999999969
0
LINE
8
BLACK
6
CONTINUOUS
10
157.5921469999999829
20
-107.7048879999999969
11
157.6557029999999884
21
-107.7339130000000011
0
LINE
8
BLACK
6
CONTINUOUS
10
155.0664960000000008
20
-100.0410139999999899
11
155.2390049999999917
21
-100.1124700000000018
0
LINE
8
BLACK
6
CONTINUOUS
10
155.2390049999999917
20
-100.1124700000000018
11
155.3942600000000027
21
-100.2162079999999946
0
LINE
8
BLACK
6
CONTINUOUS
10
155.3942600000000027
20
-100.2162079999999946
11
155.5262919999999838
21
-100.3482399999999899
0
LINE
8
BLACK
6
CONTINUOUS
10
155.5262919999999838
20
-100.3482399999999899
11
155.630030000000005
21
-100.5034950000000009
0
LINE
8
BLACK
6
CONTINUOUS
10
155.630030000000005
20
-100.5034950000000009
11
155.7014859999999885
21
-100.6760039999999918
0
LINE
8
BLACK
6
CONTINUOUS
10
155.7014859999999885
20
-100.6760039999999918
11
155.7379129999999918
21
-100.859138999999999
0
LINE
8
BLACK
6
CONTINUOUS
10
155.7379129999999918
20
-100.859138999999999
11
155.7425000000000068
21
-100.9525000000000006
0
LINE
8
BLACK
6
CONTINUOUS
10
155.7425000000000068
20
-100.9525000000000006
11
155.7425000000000068
21
-101.0474999999999994
0
LINE
8
BLACK
6
CONTINUOUS
10
155.7425000000000068
20
-101.0474999999999994
11
155.7379129999999918
21
-101.140861000000001
0
LINE
8
BLACK
6
CONTINUOUS
10
155.7379129999999918
20
-101.140861000000001
11
155.7014859999999885
21
-101.323995999999994
0
LINE
8
BLACK
6
CONTINUOUS
10
155.7014859999999885
20
-101.323995999999994
11
155.630030000000005
21
-101.4965049999999991
0
LINE
8
BLACK
6
CONTINUOUS
10
155.630030000000005
20
-101.4965049999999991
11
155.5262919999999838
21
-101.6517599999999959
0
LINE
8
BLACK
6
CONTINUOUS
10
155.5262919999999838
20
-101.6517599999999959
11
155.3942600000000027
21
-101.7837919999999912
0
LINE
8
BLACK
6
CONTINUOUS
10
155.3942600000000027
20
-101.7837919999999912
11
155.2390049999999917
21
-101.8875299999999982
0
LINE
8
BLACK
6
CONTINUOUS
10
155.2390049999999917
20
-101.8875299999999982
11
155.1500000000000057
21
-101.924396999999999
0
LINE
8
BLACK
6
CONTINUOUS
10
155.1500000000000057
20
-101.924396999999999
11
155.1500000000000057
21
-102.9643140000000017
0
LINE
8
BLACK
6
CONTINUOUS
10
155.1500000000000057
20
-102.9643140000000017
11
158.9800459999999873
21
-106.7943599999999975
0
LINE
8
BLACK
6
CONTINUOUS
10
158.9800459999999873
20
-106.7943599999999975
11
159.0868009999999799
21
-106.7501419999999968
0
LINE
8
BLACK
6
CONTINUOUS
10
159.0868009999999799
20
-106.7501419999999968
11
159.2213879999999904
21
-106.7233710000000002
0
LINE
8
BLACK
6
CONTINUOUS
10
159.2213879999999904
20
-106.7233710000000002
11
159.3586119999999937
21
-106.7233710000000002
0
LINE
8
BLACK
6
CONTINUOUS
10
159.3586119999999937
20
-106.7233710000000002
11
159.4931990000000042
21
-106.7501419999999968
0
LINE
8
BLACK
6
CONTINUOUS
10
159.4931990000000042
20
-106.7501419999999968
11
159.6199780000000032
21
-106.8026550000000015
0
LINE
8
BLACK
6
CONTINUOUS
10
159.6199780000000032
20
-106.8026550000000015
11
159.73407499999999
21
-106.8788929999999908
0
LINE
8
BLACK
6
CONTINUOUS
10
159.73407499999999
20
-106.8788929999999908
11
159.8311070000000029
21
-106.9759249999999895
0
LINE
8
BLACK
6
CONTINUOUS
10
159.8311070000000029
20
-106.9759249999999895
11
159.860557
21
-107.019999999999996
0
LINE
8
BLACK
6
CONTINUOUS
10
159.860557
20
-107.019999999999996
11
161.179442999999992
21
-107.019999999999996
0
LINE
8
BLACK
6
CONTINUOUS
10
161.179442999999992
20
-107.019999999999996
11
161.2088929999999891
21
-106.9759249999999895
0
LINE
8
BLACK
6
CONTINUOUS
10
161.2088929999999891
20
-106.9759249999999895
11
161.305925000000002
21
-106.8788929999999908
0
LINE
8
BLACK
6
CONTINUOUS
10
161.305925000000002
20
-106.8788929999999908
11
161.4200219999999888
21
-106.8026550000000015
0
LINE
8
BLACK
6
CONTINUOUS
10
161.4200219999999888
20
-106.8026550000000015
11
161.5468009999999879
21
-106.7501419999999968
0
LINE
8
BLACK
6
CONTINUOUS
10
161.5468009999999879
20
-106.7501419999999968
11
161.6813879999999983
21
-106.7233710000000002
0
LINE
8
BLACK
6
CONTINUOUS
10
161.6813879999999983
20
-106.7233710000000002
11
161.8186120000000017
21
-106.7233710000000002
0
LINE
8
BLACK
6
CONTINUOUS
10
161.8186120000000017
20
-106.7233710000000002
11
161.9531989999999837
21
-106.7501419999999968
0
LINE
8
BLACK
6
CONTINUOUS
10
161.9531989999999837
20
-106.7501419999999968
11
162.0799779999999828
21
-106.8026550000000015
0
LINE
8
BLACK
6
CONTINUOUS
10
162.0799779999999828
20
-106.8026550000000015
11
162.194074999999998
21
-106.8788929999999908
0
LINE
8
BLACK
6
CONTINUOUS
10
162.194074999999998
20
-106.8788929999999908
11
162.2911069999999825
21
-106.9759249999999895
0
LINE
8
BLACK
6
CONTINUOUS
10
162.2911069999999825
20
-106.9759249999999895
11
162.3205569999999796
21
-107.019999999999996
0
LINE
8
BLACK
6
CONTINUOUS
10
162.3205569999999796
20
-107.019999999999996
11
164.8599999999999852
21
-107.019999999999996
0
LINE
8
BLACK
6
CONTINUOUS
10
164.8599999999999852
20
-107.019999999999996
11
164.8599999999999852
21
-106.5699989999999957
0
LINE
8
BLACK
6
CONTINUOUS
10
164.8599999999999852
20
-106.5699989999999957
11
164.8790300000000002
21
-106.4743289999999973
0
LINE
8
BLACK
6
CONTINUOUS
10
164.8790300000000002
20
-106.4743289999999973
11
164.9332229999999981
21
-106.3932229999999919
0
LINE
8
BLACK
6
CONTINUOUS
10
164.9332229999999981
20
-106.3932229999999919
11
165.0143290000000036
21
-106.3390299999999939
0
LINE
8
BLACK
6
CONTINUOUS
10
165.0143290000000036
20
-106.3390299999999939
11
165.1099999999999852
21
-106.3200009999999907
0
LINE
8
BLACK
6
CONTINUOUS
10
165.1099999999999852
20
-106.3200009999999907
11
166.8100009999999997
21
-106.3199999999999932
0
LINE
8
BLACK
6
CONTINUOUS
10
166.8100009999999997
20
-106.3199999999999932
11
166.9056709999999839
21
-106.3390299999999939
0
LINE
8
BLACK
6
CONTINUOUS
10
166.9056709999999839
20
-106.3390299999999939
11
166.9867769999999894
21
-106.3932229999999919
0
LINE
8
BLACK
6
CONTINUOUS
10
166.9867769999999894
20
-106.3932229999999919
11
167.0409699999999873
21
-106.4743289999999973
0
LINE
8
BLACK
6
CONTINUOUS
10
167.0409699999999873
20
-106.4743289999999973
11
167.0599990000000048
21
-106.5699999999999932
0
LINE
8
BLACK
6
CONTINUOUS
10
167.0599990000000048
20
-106.5699999999999932
11
167.0600000000000023
21
-108.2700009999999935
0
LINE
8
BLACK
6
CONTINUOUS
10
167.0600000000000023
20
-108.2700009999999935
11
167.0409699999999873
21
-108.3656709999999919
0
LINE
8
BLACK
6
CONTINUOUS
10
167.0409699999999873
20
-108.3656709999999919
11
166.9867769999999894
21
-108.4467769999999973
0
LINE
8
BLACK
6
CONTINUOUS
10
166.9867769999999894
20
-108.4467769999999973
11
166.9056709999999839
21
-108.5009699999999953
0
LINE
8
BLACK
6
CONTINUOUS
10
166.9056709999999839
20
-108.5009699999999953
11
166.8100000000000023
21
-108.5199989999999985
0
LINE
8
BLACK
6
CONTINUOUS
10
166.8100000000000023
20
-108.5199989999999985
11
165.1099989999999877
21
-108.519999999999996
0
LINE
8
BLACK
6
CONTINUOUS
10
165.1099989999999877
20
-108.519999999999996
11
165.0143290000000036
21
-108.5009699999999953
0
LINE
8
BLACK
6
CONTINUOUS
10
165.0143290000000036
20
-108.5009699999999953
11
164.9332229999999981
21
-108.4467769999999973
0
LINE
8
BLACK
6
CONTINUOUS
10
164.9332229999999981
20
-108.4467769999999973
11
164.8790300000000002
21
-108.3656709999999919
0
LINE
8
BLACK
6
CONTINUOUS
10
164.8790300000000002
20
-108.3656709999999919
11
164.8600009999999827
21
-108.269999999999996
0
LINE
8
BLACK
6
CONTINUOUS
10
164.8600009999999827
20
-108.269999999999996
11
164.8600009999999827
21
-107.8199999999999932
0
LINE
8
BLACK
6
CONTINUOUS
10
164.8600009999999827
20
-107.8199999999999932
11
162.3205569999999796
21
-107.8199999999999932
0
LINE
8
BLACK
6
CONTINUOUS
10
162.3205569999999796
20
-107.8199999999999932
11
162.2911069999999825
21
-107.8640749999999997
0
LINE
8
BLACK
6
CONTINUOUS
10
162.2911069999999825
20
-107.8640749999999997
11
162.194074999999998
21
-107.9611069999999984
0
LINE
8
BLACK
6
CONTINUOUS
10
162.194074999999998
20
-107.9611069999999984
11
162.0799779999999828
21
-108.037345000000002
0
LINE
8
BLACK
6
CONTINUOUS
10
162.0799779999999828
20
-108.037345000000002
11
161.9531989999999837
21
-108.0898579999999924
0
LINE
8
BLACK
6
CONTINUOUS
10
161.9531989999999837
20
-108.0898579999999924
11
161.8186120000000017
21
-108.116628999999989
0
LINE
8
BLACK
6
CONTINUOUS
10
161.8186120000000017
20
-108.116628999999989
11
161.6813879999999983
21
-108.116628999999989
0
LINE
8
BLACK
6
CONTINUOUS
10
161.6813879999999983
20
-108.116628999999989
11
161.5468009999999879
21
-108.0898579999999924
0
LINE
8
BLACK
6
CONTINUOUS
10
161.5468009999999879
20
-108.0898579999999924
11
161.4200219999999888
21
-108.037345000000002
0
LINE
8
BLACK
6
CONTINUOUS
10
161.4200219999999888
20
-108.037345000000002
11
161.305925000000002
21
-107.9611069999999984
0
LINE
8
BLACK
6
CONTINUOUS
10
161.305925000000002
20
-107.9611069999999984
11
161.2088929999999891
21
-107.8640749999999997
0
LINE
8
BLACK
6
CONTINUOUS
10
161.2088929999999891
20
-107.8640749999999997
11
161.179442999999992
21
-107.8199999999999932
0
LINE
8
BLACK
6
CONTINUOUS
10
161.179442999999992
20
-107.8199999999999932
11
159.860557
21
-107.8199999999999932
0
LINE
8
BLACK
6
CONTINUOUS
10
159.860557
20
-107.8199999999999932
11
159.8311070000000029
21
-107.8640749999999997
0
LINE
8
BLACK
6
CONTINUOUS
10
159.8311070000000029
20
-107.8640749999999997
11
159.73407499999999
21
-107.9611069999999984
0
LINE
8
BLACK
6
CONTINUOUS
10
159.73407499999999
20
-107.9611069999999984
11
159.6199780000000032
21
-108.037345000000002
0
LINE
8
BLACK
6
CONTINUOUS
10
159.6199780000000032
20
-108.037345000000002
11
159.4931990000000042
21
-108.0898579999999924
0
LINE
8
BLACK
6
CONTINUOUS
10
159.4931990000000042
20
-108.0898579999999924
11
159.3586119999999937
21
-108.116628999999989
0
LINE
8
BLACK
6
CONTINUOUS
10
159.3586119999999937
20
-108.116628999999989
11
159.2213879999999904
21
-108.116628999999989
0
LINE
8
BLACK
6
CONTINUOUS
10
159.2213879999999904
20
-108.116628999999989
11
159.0868009999999799
21
-108.0898579999999924
0
LINE
8
BLACK
6
CONTINUOUS
10
159.0868009999999799
20
-108.0898579999999924
11
158.9600219999999808
21
-108.037345000000002
0
LINE
8
BLACK
6
CONTINUOUS
10
158.9600219999999808
20
-108.037345000000002
11
158.845924999999994
21
-107.9611069999999984
0
LINE
8
BLACK
6
CONTINUOUS
10
158.845924999999994
20
-107.9611069999999984
11
158.7488929999999812
21
-107.8640749999999997
0
LINE
8
BLACK
6
CONTINUOUS
10
158.7488929999999812
20
-107.8640749999999997
11
158.6726549999999918
21
-107.7499779999999987
0
LINE
8
BLACK
6
CONTINUOUS
10
158.6726549999999918
20
-107.7499779999999987
11
158.6201419999999871
21
-107.6231989999999996
0
LINE
8
BLACK
6
CONTINUOUS
10
158.6201419999999871
20
-107.6231989999999996
11
158.6058960000000013
21
-107.5515819999999962
0
LINE
8
BLACK
6
CONTINUOUS
10
158.6058960000000013
20
-107.5515819999999962
11
154.4671569999999861
21
-103.4128429999999952
0
LINE
8
BLACK
6
CONTINUOUS
10
154.4671569999999861
20
-103.4128429999999952
11
154.432659000000001
21
-103.3735049999999944
0
LINE
8
BLACK
6
CONTINUOUS
10
154.432659000000001
20
-103.3735049999999944
11
154.3804480000000012
21
-103.2830739999999992
0
LINE
8
BLACK
6
CONTINUOUS
10
154.3804480000000012
20
-103.2830739999999992
11
154.3534219999999948
21
-103.1822099999999978
0
LINE
8
BLACK
6
CONTINUOUS
10
154.3534219999999948
20
-103.1822099999999978
11
154.3499999999999943
21
-103.1299999999999955
0
LINE
8
BLACK
6
CONTINUOUS
10
154.3499999999999943
20
-103.1299999999999955
11
154.3499999999999943
21
-101.8912599999999884
0
LINE
8
BLACK
6
CONTINUOUS
10
154.3499999999999943
20
-101.8912599999999884
11
154.3409949999999924
21
-101.8875299999999982
0
LINE
8
BLACK
6
CONTINUOUS
10
154.3409949999999924
20
-101.8875299999999982
11
154.1857399999999814
21
-101.7837919999999912
0
LINE
8
BLACK
6
CONTINUOUS
10
154.1857399999999814
20
-101.7837919999999912
11
154.0537080000000003
21
-101.6517599999999959
0
LINE
8
BLACK
6
CONTINUOUS
10
154.0537080000000003
20
-101.6517599999999959
11
153.9499699999999791
21
-101.4965049999999991
0
LINE
8
BLACK
6
CONTINUOUS
10
153.9499699999999791
20
-101.4965049999999991
11
153.8785139999999956
21
-101.323995999999994
0
LINE
8
BLACK
6
CONTINUOUS
10
153.8785139999999956
20
-101.323995999999994
11
153.8420869999999923
21
-101.140861000000001
0
LINE
8
BLACK
6
CONTINUOUS
10
153.8420869999999923
20
-101.140861000000001
11
153.8375000000000057
21
-101.0474999999999994
0
LINE
8
BLACK
6
CONTINUOUS
10
153.8375000000000057
20
-101.0474999999999994
11
153.8375000000000057
21
-100.9525000000000006
0
LINE
8
BLACK
6
CONTINUOUS
10
153.8375000000000057
20
-100.9525000000000006
11
153.8420869999999923
21
-100.859138999999999
0
LINE
8
BLACK
6
CONTINUOUS
10
153.8420869999999923
20
-100.859138999999999
11
153.8785139999999956
21
-100.6760039999999918
0
LINE
8
BLACK
6
CONTINUOUS
10
153.8785139999999956
20
-100.6760039999999918
11
153.9499699999999791
21
-100.5034950000000009
0
LINE
8
BLACK
6
CONTINUOUS
10
153.9499699999999791
20
-100.5034950000000009
11
154.0537080000000003
21
-100.3482399999999899
0
LINE
8
BLACK
6
CONTINUOUS
10
154.0537080000000003
20
-100.3482399999999899
11
154.1857399999999814
21
-100.2162079999999946
0
LINE
8
BLACK
6
CONTINUOUS
10
154.1857399999999814
20
-100.2162079999999946
11
154.3409949999999924
21
-100.1124700000000018
0
LINE
8
BLACK
6
CONTINUOUS
10
154.3409949999999924
20
-100.1124700000000018
11
154.5135039999999833
21
-100.0410139999999899
0
LINE
8
BLACK
6
CONTINUOUS
10
154.5135039999999833
20
-100.0410139999999899
11
154.6966390000000047
21
-100.0045870000000008
0
LINE
8
BLACK
6
CONTINUOUS
10
154.6966390000000047
20
-100.0045870000000008
11
154.8833609999999794
21
-100.0045870000000008
0
LINE
8
BLACK
6
CONTINUOUS
10
154.8833609999999794
20
-100.0045870000000008
11
155.0664960000000008
21
-100.0410139999999899
0
LINE
8
BLACK
6
CONTINUOUS
10
151.0386330000000044
20
-102.7575109999999938
11
151.1182369999999935
21
-102.7853659999999962
0
LINE
8
BLACK
6
CONTINUOUS
10
151.1182369999999935
20
-102.7853659999999962
11
151.1182430000000068
21
-102.7853669999999937
0
LINE
8
BLACK
6
CONTINUOUS
10
151.1182430000000068
20
-102.7853669999999937
11
151.1182450000000017
21
-102.7853679999999912
0
LINE
8
BLACK
6
CONTINUOUS
10
151.1182450000000017
20
-102.7853679999999912
11
151.1182459999999992
21
-102.7853679999999912
0
LINE
8
BLACK
6
CONTINUOUS
10
151.1182459999999992
20
-102.7853679999999912
11
151.1182499999999891
21
-102.7853689999999887
0
LINE
8
BLACK
6
CONTINUOUS
10
151.1182499999999891
20
-102.7853689999999887
11
151.2087459999999908
21
-102.7955649999999963
0
LINE
8
BLACK
6
CONTINUOUS
10
151.2087459999999908
20
-102.7955649999999963
11
151.252539999999982
21
-102.8004990000000021
0
LINE
8
BLACK
6
CONTINUOUS
10
151.252539999999982
20
-102.8004990000000021
11
151.2525430000000028
21
-102.8004999999999995
0
LINE
8
BLACK
6
CONTINUOUS
10
151.2525430000000028
20
-102.8004999999999995
11
151.2525459999999953
21
-102.8004999999999995
0
LINE
8
BLACK
6
CONTINUOUS
10
151.2525459999999953
20
-102.8004999999999995
11
153.2474569999999972
21
-102.8004999999999995
0
LINE
8
BLACK
6
CONTINUOUS
10
153.2474569999999972
20
-102.8004999999999995
11
153.2474579999999946
21
-102.8004990000000021
0
LINE
8
BLACK
6
CONTINUOUS
10
153.2474579999999946
20
-102.8004990000000021
11
153.3817549999999983
21
-102.7853679999999912
0
LINE
8
BLACK
6
CONTINUOUS
10
153.3817549999999983
20
-102.7853679999999912
11
153.384541999999982
21
-102.7843919999999969
0
LINE
8
BLACK
6
CONTINUOUS
10
153.384541999999982
20
-102.7843919999999969
11
153.3864570000000072
21
-102.7842939999999885
0
LINE
8
BLACK
6
CONTINUOUS
10
153.3864570000000072
20
-102.7842939999999885
11
153.3885369999999853
21
-102.7838199999999915
0
LINE
8
BLACK
6
CONTINUOUS
10
153.3885369999999853
20
-102.7838199999999915
11
153.3886200000000031
21
-102.7841839999999962
0
LINE
8
BLACK
6
CONTINUOUS
10
153.3886200000000031
20
-102.7841839999999962
11
153.4543160000000057
21
-102.7808270000000022
0
LINE
8
BLACK
6
CONTINUOUS
10
153.4543160000000057
20
-102.7808270000000022
11
153.5149449999999831
21
-102.8155509999999992
0
LINE
8
BLACK
6
CONTINUOUS
10
153.5149449999999831
20
-102.8155509999999992
11
153.5471770000000049
21
-102.8775419999999912
0
LINE
8
BLACK
6
CONTINUOUS
10
153.5471770000000049
20
-102.8775419999999912
11
153.5494999999999948
21
-102.9014319999999998
0
LINE
8
BLACK
6
CONTINUOUS
10
153.5494999999999948
20
-102.9014319999999998
11
153.5494999999999948
21
-102.9254999999999995
0
LINE
8
BLACK
6
CONTINUOUS
10
153.5494999999999948
20
-102.9254999999999995
11
153.529814999999985
21
-102.9925389999999936
0
LINE
8
BLACK
6
CONTINUOUS
10
153.529814999999985
20
-102.9925389999999936
11
153.4770110000000045
21
-103.0382939999999934
0
LINE
8
BLACK
6
CONTINUOUS
10
153.4770110000000045
20
-103.0382939999999934
11
153.4254999999999995
21
-103.0494999999999948
0
LINE
8
BLACK
6
CONTINUOUS
10
153.4254999999999995
20
-103.0494999999999948
11
151.0486259999999845
21
-103.0494999999999948
0
LINE
8
BLACK
6
CONTINUOUS
10
151.0486259999999845
20
-103.0494999999999948
11
150.9815869999999904
21
-103.0298149999999993
0
LINE
8
BLACK
6
CONTINUOUS
10
150.9815869999999904
20
-103.0298149999999993
11
150.9609449999999811
21
-103.0131809999999888
0
LINE
8
BLACK
6
CONTINUOUS
10
150.9609449999999811
20
-103.0131809999999888
11
150.9099970000000042
21
-102.9622329999999977
0
LINE
8
BLACK
6
CONTINUOUS
10
150.9099970000000042
20
-102.9622329999999977
11
150.906267999999983
21
-102.9554049999999989
0
LINE
8
BLACK
6
CONTINUOUS
10
150.906267999999983
20
-102.9554049999999989
11
150.8999469999999974
21
-102.9508709999999923
0
LINE
8
BLACK
6
CONTINUOUS
10
150.8999469999999974
20
-102.9508709999999923
11
150.889758999999998
21
-102.9251709999999917
0
LINE
8
BLACK
6
CONTINUOUS
10
150.889758999999998
20
-102.9251709999999917
11
150.8765119999999911
21
-102.9009099999999961
0
LINE
8
BLACK
6
CONTINUOUS
10
150.8765119999999911
20
-102.9009099999999961
11
150.877065999999985
21
-102.8931499999999915
0
LINE
8
BLACK
6
CONTINUOUS
10
150.877065999999985
20
-102.8931499999999915
11
150.8742000000000019
21
-102.8859179999999895
0
LINE
8
BLACK
6
CONTINUOUS
10
150.8742000000000019
20
-102.8859179999999895
11
150.879523000000006
21
-102.8587929999999915
0
LINE
8
BLACK
6
CONTINUOUS
10
150.879523000000006
20
-102.8587929999999915
11
150.8814959999999985
21
-102.8312179999999927
0
LINE
8
BLACK
6
CONTINUOUS
10
150.8814959999999985
20
-102.8312179999999927
11
150.8861579999999947
21
-102.8249890000000022
0
LINE
8
BLACK
6
CONTINUOUS
10
150.8861579999999947
20
-102.8249890000000022
11
150.8876569999999901
21
-102.8173570000000012
0
LINE
8
BLACK
6
CONTINUOUS
10
150.8876569999999901
20
-102.8173570000000012
11
150.906800000000004
21
-102.7974150000000009
0
LINE
8
BLACK
6
CONTINUOUS
10
150.906800000000004
20
-102.7974150000000009
11
150.9233679999999822
21
-102.7752849999999967
0
LINE
8
BLACK
6
CONTINUOUS
10
150.9233679999999822
20
-102.7752849999999967
11
150.9306550000000016
21
-102.7725659999999976
0
LINE
8
BLACK
6
CONTINUOUS
10
150.9306550000000016
20
-102.7725659999999976
11
150.9360439999999812
21
-102.7669539999999984
0
LINE
8
BLACK
6
CONTINUOUS
10
150.9360439999999812
20
-102.7669539999999984
11
150.96293399999999
21
-102.7605269999999962
0
LINE
8
BLACK
6
CONTINUOUS
10
150.96293399999999
20
-102.7605269999999962
11
150.9888320000000022
21
-102.750867999999997
0
LINE
8
BLACK
6
CONTINUOUS
10
150.9888320000000022
20
-102.750867999999997
11
150.9981499999999812
21
-102.7521100000000018
0
LINE
8
BLACK
6
CONTINUOUS
10
150.9981499999999812
20
-102.7521100000000018
11
151.0039999999999907
21
-102.7507129999999904
0
LINE
8
BLACK
6
CONTINUOUS
10
151.0039999999999907
20
-102.7507129999999904
11
151.0386330000000044
21
-102.7575109999999938
0
LINE
8
BLACK
6
CONTINUOUS
10
171.9856709999999964
20
-98.2212129999999917
11
172.0667770000000019
21
-98.2754059999999896
0
LINE
8
BLACK
6
CONTINUOUS
10
172.0667770000000019
20
-98.2754059999999896
11
172.1209699999999998
21
-98.3565119999999951
0
LINE
8
BLACK
6
CONTINUOUS
10
172.1209699999999998
20
-98.3565119999999951
11
172.1399989999999889
21
-98.4521829999999909
0
LINE
8
BLACK
6
CONTINUOUS
10
172.1399989999999889
20
-98.4521829999999909
11
172.1399999999999864
21
-100.1521839999999912
0
LINE
8
BLACK
6
CONTINUOUS
10
172.1399999999999864
20
-100.1521839999999912
11
172.1209699999999998
21
-100.2478539999999896
0
LINE
8
BLACK
6
CONTINUOUS
10
172.1209699999999998
20
-100.2478539999999896
11
172.0667770000000019
21
-100.328959999999995
0
LINE
8
BLACK
6
CONTINUOUS
10
172.0667770000000019
20
-100.328959999999995
11
171.9856709999999964
21
-100.383152999999993
0
LINE
8
BLACK
6
CONTINUOUS
10
171.9856709999999964
20
-100.383152999999993
11
171.8899999999999864
21
-100.4021819999999963
0
LINE
8
BLACK
6
CONTINUOUS
10
171.8899999999999864
20
-100.4021819999999963
11
171.4399999999999977
21
-100.4021819999999963
0
LINE
8
BLACK
6
CONTINUOUS
10
171.4399999999999977
20
-100.4021819999999963
11
171.4399999999999977
21
-101.769441999999998
0
LINE
8
BLACK
6
CONTINUOUS
10
171.4399999999999977
20
-101.769441999999998
11
171.48407499999999
21
-101.7988929999999925
0
LINE
8
BLACK
6
CONTINUOUS
10
171.48407499999999
20
-101.7988929999999925
11
171.5811070000000029
21
-101.8959249999999912
0
LINE
8
BLACK
6
CONTINUOUS
10
171.5811070000000029
20
-101.8959249999999912
11
171.6573449999999923
21
-102.0100219999999922
0
LINE
8
BLACK
6
CONTINUOUS
10
171.6573449999999923
20
-102.0100219999999922
11
171.709857999999997
21
-102.1368009999999913
0
LINE
8
BLACK
6
CONTINUOUS
10
171.709857999999997
20
-102.1368009999999913
11
171.7366289999999935
21
-102.2713880000000017
0
LINE
8
BLACK
6
CONTINUOUS
10
171.7366289999999935
20
-102.2713880000000017
11
171.7366289999999935
21
-102.4086119999999909
0
LINE
8
BLACK
6
CONTINUOUS
10
171.7366289999999935
20
-102.4086119999999909
11
171.709857999999997
21
-102.5431990000000013
0
LINE
8
BLACK
6
CONTINUOUS
10
171.709857999999997
20
-102.5431990000000013
11
171.6573449999999923
21
-102.6699780000000004
0
LINE
8
BLACK
6
CONTINUOUS
10
171.6573449999999923
20
-102.6699780000000004
11
171.5811070000000029
21
-102.7840750000000014
0
LINE
8
BLACK
6
CONTINUOUS
10
171.5811070000000029
20
-102.7840750000000014
11
171.48407499999999
21
-102.8811070000000001
0
LINE
8
BLACK
6
CONTINUOUS
10
171.48407499999999
20
-102.8811070000000001
11
171.3699780000000032
21
-102.9573449999999895
0
LINE
8
BLACK
6
CONTINUOUS
10
171.3699780000000032
20
-102.9573449999999895
11
171.2431990000000042
21
-103.0098579999999941
0
LINE
8
BLACK
6
CONTINUOUS
10
171.2431990000000042
20
-103.0098579999999941
11
171.1086119999999937
21
-103.0366289999999907
0
LINE
8
BLACK
6
CONTINUOUS
10
171.1086119999999937
20
-103.0366289999999907
11
170.9713879999999904
21
-103.0366289999999907
0
LINE
8
BLACK
6
CONTINUOUS
10
170.9713879999999904
20
-103.0366289999999907
11
170.8368009999999799
21
-103.0098579999999941
0
LINE
8
BLACK
6
CONTINUOUS
10
170.8368009999999799
20
-103.0098579999999941
11
170.7100219999999808
21
-102.9573449999999895
0
LINE
8
BLACK
6
CONTINUOUS
10
170.7100219999999808
20
-102.9573449999999895
11
170.595924999999994
21
-102.8811070000000001
0
LINE
8
BLACK
6
CONTINUOUS
10
170.595924999999994
20
-102.8811070000000001
11
170.4988929999999812
21
-102.7840750000000014
0
LINE
8
BLACK
6
CONTINUOUS
10
170.4988929999999812
20
-102.7840750000000014
11
170.4226549999999918
21
-102.6699780000000004
0
LINE
8
BLACK
6
CONTINUOUS
10
170.4226549999999918
20
-102.6699780000000004
11
170.3701419999999871
21
-102.5431990000000013
0
LINE
8
BLACK
6
CONTINUOUS
10
170.3701419999999871
20
-102.5431990000000013
11
170.3433709999999905
21
-102.4086119999999909
0
LINE
8
BLACK
6
CONTINUOUS
10
170.3433709999999905
20
-102.4086119999999909
11
170.3433709999999905
21
-102.2713880000000017
0
LINE
8
BLACK
6
CONTINUOUS
10
170.3433709999999905
20
-102.2713880000000017
11
170.3701419999999871
21
-102.1368009999999913
0
LINE
8
BLACK
6
CONTINUOUS
10
170.3701419999999871
20
-102.1368009999999913
11
170.4226549999999918
21
-102.0100219999999922
0
LINE
8
BLACK
6
CONTINUOUS
10
170.4226549999999918
20
-102.0100219999999922
11
170.4988929999999812
21
-101.8959249999999912
0
LINE
8
BLACK
6
CONTINUOUS
10
170.4988929999999812
20
-101.8959249999999912
11
170.595924999999994
21
-101.7988929999999925
0
LINE
8
BLACK
6
CONTINUOUS
10
170.595924999999994
20
-101.7988929999999925
11
170.6399999999999864
21
-101.769441999999998
0
LINE
8
BLACK
6
CONTINUOUS
10
170.6399999999999864
20
-101.769441999999998
11
170.6399999999999864
21
-100.4021819999999963
0
LINE
8
BLACK
6
CONTINUOUS
10
170.6399999999999864
20
-100.4021819999999963
11
170.1899990000000003
21
-100.4021829999999937
0
LINE
8
BLACK
6
CONTINUOUS
10
170.1899990000000003
20
-100.4021829999999937
11
170.0943289999999877
21
-100.383152999999993
0
LINE
8
BLACK
6
CONTINUOUS
10
170.0943289999999877
20
-100.383152999999993
11
170.0132229999999822
21
-100.328959999999995
0
LINE
8
BLACK
6
CONTINUOUS
10
170.0132229999999822
20
-100.328959999999995
11
169.9590299999999843
21
-100.2478539999999896
0
LINE
8
BLACK
6
CONTINUOUS
10
169.9590299999999843
20
-100.2478539999999896
11
169.9400009999999952
21
-100.1521829999999937
0
LINE
8
BLACK
6
CONTINUOUS
10
169.9400009999999952
20
-100.1521829999999937
11
169.9399999999999977
21
-98.4521819999999934
0
LINE
8
BLACK
6
CONTINUOUS
10
169.9399999999999977
20
-98.4521819999999934
11
169.9590299999999843
21
-98.3565119999999951
0
LINE
8
BLACK
6
CONTINUOUS
10
169.9590299999999843
20
-98.3565119999999951
11
170.0132229999999822
21
-98.2754059999999896
0
LINE
8
BLACK
6
CONTINUOUS
10
170.0132229999999822
20
-98.2754059999999896
11
170.0943289999999877
21
-98.2212129999999917
0
LINE
8
BLACK
6
CONTINUOUS
10
170.0943289999999877
20
-98.2212129999999917
11
170.1899999999999977
21
-98.2021840000000026
0
LINE
8
BLACK
6
CONTINUOUS
10
170.1899999999999977
20
-98.2021840000000026
11
171.8900009999999838
21
-98.2021829999999909
0
LINE
8
BLACK
6
CONTINUOUS
10
171.8900009999999838
20
-98.2021829999999909
11
171.9856709999999964
21
-98.2212129999999917
0
LINE
8
BLACK
6
CONTINUOUS
10
152.8469179999999881
20
-96.9258159999999975
11
152.8726199999999835
21
-96.9276550000000015
0
LINE
8
BLACK
6
CONTINUOUS
10
152.8726199999999835
20
-96.9276550000000015
11
152.8804169999999942
21
-96.9334920000000011
0
LINE
8
BLACK
6
CONTINUOUS
10
152.8804169999999942
20
-96.9334920000000011
11
152.8899099999999862
21
-96.9356669999999951
0
LINE
8
BLACK
6
CONTINUOUS
10
152.8899099999999862
20
-96.9356669999999951
11
152.9179289999999867
21
-96.9571279999999973
0
LINE
8
BLACK
6
CONTINUOUS
10
152.9179289999999867
20
-96.9571279999999973
11
152.9272129999999947
21
-96.9666189999999943
0
LINE
8
BLACK
6
CONTINUOUS
10
152.9272129999999947
20
-96.9666189999999943
11
152.9401839999999879
21
-96.9872620000000012
0
LINE
8
BLACK
6
CONTINUOUS
10
152.9401839999999879
20
-96.9872620000000012
11
153.0677379999999914
21
-97.1148159999999905
0
LINE
8
BLACK
6
CONTINUOUS
10
153.0677379999999914
20
-97.1148159999999905
11
153.0792529999999942
21
-97.122050999999999
0
LINE
8
BLACK
6
CONTINUOUS
10
153.0792529999999942
20
-97.122050999999999
11
153.0895069999999976
21
-97.1325339999999926
0
LINE
8
BLACK
6
CONTINUOUS
10
153.0895069999999976
20
-97.1325339999999926
11
153.1223139999999887
21
-97.1942229999999938
0
LINE
8
BLACK
6
CONTINUOUS
10
153.1223139999999887
20
-97.1942229999999938
11
153.1165609999999901
21
-97.2638559999999899
0
LINE
8
BLACK
6
CONTINUOUS
10
153.1165609999999901
20
-97.2638559999999899
11
153.0740749999999935
21
-97.3193239999999946
0
LINE
8
BLACK
6
CONTINUOUS
10
153.0740749999999935
20
-97.3193239999999946
11
153.0571599999999819
21
-97.3297269999999912
0
LINE
8
BLACK
6
CONTINUOUS
10
153.0571599999999819
20
-97.3297269999999912
11
152.9698029999999846
21
-97.3742379999999912
0
LINE
8
BLACK
6
CONTINUOUS
10
152.9698029999999846
20
-97.3742379999999912
11
152.8933639999999912
21
-97.4297749999999922
0
LINE
8
BLACK
6
CONTINUOUS
10
152.8933639999999912
20
-97.4297749999999922
11
152.8169269999999926
21
-97.4853099999999984
0
LINE
8
BLACK
6
CONTINUOUS
10
152.8169269999999926
20
-97.4853099999999984
11
152.8169249999999977
21
-97.4853119999999933
0
LINE
8
BLACK
6
CONTINUOUS
10
152.8169249999999977
20
-97.4853119999999933
11
152.8169240000000002
21
-97.4853119999999933
0
LINE
8
BLACK
6
CONTINUOUS
10
152.8169240000000002
20
-97.4853119999999933
11
151.2943119999999908
21
-99.007922999999991
0
LINE
8
BLACK
6
CONTINUOUS
10
151.2943119999999908
20
-99.007922999999991
11
151.1832369999999912
21
-99.1608039999999988
0
LINE
8
BLACK
6
CONTINUOUS
10
151.1832369999999912
20
-99.1608039999999988
11
151.1820659999999918
21
-99.162715999999989
0
LINE
8
BLACK
6
CONTINUOUS
10
151.1820659999999918
20
-99.162715999999989
11
151.1814310000000035
21
-99.1632889999999918
0
LINE
8
BLACK
6
CONTINUOUS
10
151.1814310000000035
20
-99.1632889999999918
11
151.1803759999999954
21
-99.1647430000000014
0
LINE
8
BLACK
6
CONTINUOUS
10
151.1803759999999954
20
-99.1647430000000014
11
151.1800700000000006
21
-99.1645209999999935
0
LINE
8
BLACK
6
CONTINUOUS
10
151.1800700000000006
20
-99.1645209999999935
11
151.1302519999999845
21
-99.2095899999999915
0
LINE
8
BLACK
6
CONTINUOUS
10
151.1302519999999845
20
-99.2095899999999915
11
151.1172959999999819
21
-99.2149639999999948
0
LINE
8
BLACK
6
CONTINUOUS
10
151.1172959999999819
20
-99.2149639999999948
11
150.9479769999999803
21
-99.274210999999994
0
LINE
8
BLACK
6
CONTINUOUS
10
150.9479769999999803
20
-99.274210999999994
11
150.795236999999986
21
-99.3701839999999947
0
LINE
8
BLACK
6
CONTINUOUS
10
150.795236999999986
20
-99.3701839999999947
11
150.66768399999998
21
-99.4977370000000008
0
LINE
8
BLACK
6
CONTINUOUS
10
150.66768399999998
20
-99.4977370000000008
11
150.5717109999999934
21
-99.6504759999999976
0
LINE
8
BLACK
6
CONTINUOUS
10
150.5717109999999934
20
-99.6504759999999976
11
150.5121309999999824
21
-99.8207450000000023
0
LINE
8
BLACK
6
CONTINUOUS
10
150.5121309999999824
20
-99.8207450000000023
11
150.5121299999999849
21
-99.8207499999999897
0
LINE
8
BLACK
6
CONTINUOUS
10
150.5121299999999849
20
-99.8207499999999897
11
150.4969999999999857
21
-99.9550389999999993
0
LINE
8
BLACK
6
CONTINUOUS
10
150.4969999999999857
20
-99.9550389999999993
11
150.4969999999999857
21
-102.044959999999989
0
LINE
8
BLACK
6
CONTINUOUS
10
150.4969999999999857
20
-102.044959999999989
11
150.5121299999999849
21
-102.1792489999999987
0
LINE
8
BLACK
6
CONTINUOUS
10
150.5121299999999849
20
-102.1792489999999987
11
150.5121319999999798
21
-102.1792569999999927
0
LINE
8
BLACK
6
CONTINUOUS
10
150.5121319999999798
20
-102.1792569999999927
11
150.5399889999999914
21
-102.2588669999999951
0
LINE
8
BLACK
6
CONTINUOUS
10
150.5399889999999914
20
-102.2588669999999951
11
150.543549999999982
21
-102.3286449999999945
0
LINE
8
BLACK
6
CONTINUOUS
10
150.543549999999982
20
-102.3286449999999945
11
150.5088209999999833
21
-102.3892729999999887
0
LINE
8
BLACK
6
CONTINUOUS
10
150.5088209999999833
20
-102.3892729999999887
11
150.4468279999999822
21
-102.4214999999999947
0
LINE
8
BLACK
6
CONTINUOUS
10
150.4468279999999822
20
-102.4214999999999947
11
150.3772519999999986
21
-102.4150949999999938
0
LINE
8
BLACK
6
CONTINUOUS
10
150.3772519999999986
20
-102.4150949999999938
11
150.3352659999999901
21
-102.3875019999999978
0
LINE
8
BLACK
6
CONTINUOUS
10
150.3352659999999901
20
-102.3875019999999978
11
150.236818999999997
21
-102.2890549999999905
0
LINE
8
BLACK
6
CONTINUOUS
10
150.236818999999997
20
-102.2890549999999905
11
150.2033339999999839
21
-102.2277319999999889
0
LINE
8
BLACK
6
CONTINUOUS
10
150.2033339999999839
20
-102.2277319999999889
11
150.2005000000000052
21
-102.2013740000000013
0
LINE
8
BLACK
6
CONTINUOUS
10
150.2005000000000052
20
-102.2013740000000013
11
150.2005000000000052
21
-99.5486239999999896
0
LINE
8
BLACK
6
CONTINUOUS
10
150.2005000000000052
20
-99.5486239999999896
11
150.2201849999999865
21
-99.4815849999999955
0
LINE
8
BLACK
6
CONTINUOUS
10
150.2201849999999865
20
-99.4815849999999955
11
150.2368139999999812
21
-99.4609480000000019
0
LINE
8
BLACK
6
CONTINUOUS
10
150.2368139999999812
20
-99.4609480000000019
11
152.7416069999999877
21
-96.9561539999999979
0
LINE
8
BLACK
6
CONTINUOUS
10
152.7416069999999877
20
-96.9561539999999979
11
152.7501509999999882
21
-96.9514889999999951
0
LINE
8
BLACK
6
CONTINUOUS
10
152.7501509999999882
20
-96.9514889999999951
11
152.7560749999999814
21
-96.9437559999999934
0
LINE
8
BLACK
6
CONTINUOUS
10
152.7560749999999814
20
-96.9437559999999934
11
152.7803159999999991
21
-96.9350179999999995
0
LINE
8
BLACK
6
CONTINUOUS
10
152.7803159999999991
20
-96.9350179999999995
11
152.8029279999999801
21
-96.922670999999994
0
LINE
8
BLACK
6
CONTINUOUS
10
152.8029279999999801
20
-96.922670999999994
11
152.8126419999999825
21
-96.9233649999999898
0
LINE
8
BLACK
6
CONTINUOUS
10
152.8126419999999825
20
-96.9233649999999898
11
152.8218049999999835
21
-96.920062999999999
0
LINE
8
BLACK
6
CONTINUOUS
10
152.8218049999999835
20
-96.920062999999999
11
152.8469179999999881
21
-96.9258159999999975
0
LINE
8
BLACK
6
CONTINUOUS
10
159.7467419999999834
20
-94.8216010000000011
11
159.9006870000000049
21
-94.8853670000000022
0
LINE
8
BLACK
6
CONTINUOUS
10
159.9006870000000049
20
-94.8853670000000022
11
160.0392339999999933
21
-94.9779410000000013
0
LINE
8
BLACK
6
CONTINUOUS
10
160.0392339999999933
20
-94.9779410000000013
11
160.1570590000000038
21
-95.0957659999999976
0
LINE
8
BLACK
6
CONTINUOUS
10
160.1570590000000038
20
-95.0957659999999976
11
160.2496329999999887
21
-95.2343130000000002
0
LINE
8
BLACK
6
CONTINUOUS
10
160.2496329999999887
20
-95.2343130000000002
11
160.313399000000004
21
-95.3882579999999933
0
LINE
8
BLACK
6
CONTINUOUS
10
160.313399000000004
20
-95.3882579999999933
11
160.3459069999999826
21
-95.551684999999992
0
LINE
8
BLACK
6
CONTINUOUS
10
160.3459069999999826
20
-95.551684999999992
11
160.3459069999999826
21
-95.7183149999999898
0
LINE
8
BLACK
6
CONTINUOUS
10
160.3459069999999826
20
-95.7183149999999898
11
160.313399000000004
21
-95.8817420000000027
0
LINE
8
BLACK
6
CONTINUOUS
10
160.313399000000004
20
-95.8817420000000027
11
160.2496329999999887
21
-96.0356869999999958
0
LINE
8
BLACK
6
CONTINUOUS
10
160.2496329999999887
20
-96.0356869999999958
11
160.1570590000000038
21
-96.1742339999999984
0
LINE
8
BLACK
6
CONTINUOUS
10
160.1570590000000038
20
-96.1742339999999984
11
160.0392339999999933
21
-96.2920589999999947
0
LINE
8
BLACK
6
CONTINUOUS
10
160.0392339999999933
20
-96.2920589999999947
11
159.9006870000000049
21
-96.3846329999999938
0
LINE
8
BLACK
6
CONTINUOUS
10
159.9006870000000049
20
-96.3846329999999938
11
159.9000000000000057
21
-96.3849170000000015
0
LINE
8
BLACK
6
CONTINUOUS
10
159.9000000000000057
20
-96.3849170000000015
11
159.9000000000000057
21
-96.75
0
LINE
8
BLACK
6
CONTINUOUS
10
159.9000000000000057
20
-96.75
11
159.8965780000000052
21
-96.8022100000000023
0
LINE
8
BLACK
6
CONTINUOUS
10
159.8965780000000052
20
-96.8022100000000023
11
159.8695519999999988
21
-96.903072999999992
0
LINE
8
BLACK
6
CONTINUOUS
10
159.8695519999999988
20
-96.903072999999992
11
159.817340999999999
21
-96.993504999999999
0
LINE
8
BLACK
6
CONTINUOUS
10
159.817340999999999
20
-96.993504999999999
11
159.7828429999999855
21
-97.0328420000000023
0
LINE
8
BLACK
6
CONTINUOUS
10
159.7828429999999855
20
-97.0328420000000023
11
158.1318430000000035
21
-98.683842999999996
0
LINE
8
BLACK
6
CONTINUOUS
10
158.1318430000000035
20
-98.683842999999996
11
158.0925049999999885
21
-98.7183409999999952
0
LINE
8
BLACK
6
CONTINUOUS
10
158.0925049999999885
20
-98.7183409999999952
11
158.0020739999999932
21
-98.770551999999995
0
LINE
8
BLACK
6
CONTINUOUS
10
158.0020739999999932
20
-98.770551999999995
11
157.9012099999999919
21
-98.7975780000000015
0
LINE
8
BLACK
6
CONTINUOUS
10
157.9012099999999919
20
-98.7975780000000015
11
157.8489999999999895
21
-98.8010000000000019
0
LINE
8
BLACK
6
CONTINUOUS
10
157.8489999999999895
20
-98.8010000000000019
11
153.7646849999999858
21
-98.8010000000000019
0
LINE
8
BLACK
6
CONTINUOUS
10
153.7646849999999858
20
-98.8010000000000019
11
152.6099999999999852
21
-99.9556850000000026
0
LINE
8
BLACK
6
CONTINUOUS
10
152.6099999999999852
20
-99.9556850000000026
11
152.6099999999999852
21
-100.
0
LINE
8
BLACK
6
CONTINUOUS
10
152.6099999999999852
20
-100.
11
153.2024999999999864
21
-100.
0
LINE
8
BLACK
6
CONTINUOUS
10
153.2024999999999864
20
-100.
11
153.2024999999999864
21
-102.
0
LINE
8
BLACK
6
CONTINUOUS
10
153.2024999999999864
20
-102.
11
151.2974999999999852
21
-102.
0
LINE
8
BLACK
6
CONTINUOUS
10
151.2974999999999852
20
-102.
11
151.2974999999999852
21
-100.
0
LINE
8
BLACK
6
CONTINUOUS
10
151.2974999999999852
20
-100.
11
151.8100000000000023
21
-100.
0
LINE
8
BLACK
6
CONTINUOUS
10
151.8100000000000023
20
-100.
11
151.8100000000000023
21
-99.789999999999992
0
LINE
8
BLACK
6
CONTINUOUS
10
151.8100000000000023
20
-99.789999999999992
11
151.8134220000000028
21
-99.7377899999999897
0
LINE
8
BLACK
6
CONTINUOUS
10
151.8134220000000028
20
-99.7377899999999897
11
151.8205719999999985
21
-99.7111039999999917
0
LINE
8
BLACK
6
CONTINUOUS
10
151.8205719999999985
20
-99.7111039999999917
11
151.8404479999999808
21
-99.6369260000000025
0
LINE
8
BLACK
6
CONTINUOUS
10
151.8404479999999808
20
-99.6369260000000025
11
151.8926589999999806
21
-99.5464949999999931
0
LINE
8
BLACK
6
CONTINUOUS
10
151.8926589999999806
20
-99.5464949999999931
11
151.927156999999994
21
-99.5071569999999923
0
LINE
8
BLACK
6
CONTINUOUS
10
151.927156999999994
20
-99.5071569999999923
11
153.3161580000000015
21
-98.1181569999999965
0
LINE
8
BLACK
6
CONTINUOUS
10
153.3161580000000015
20
-98.1181569999999965
11
153.3554949999999906
21
-98.0836589999999973
0
LINE
8
BLACK
6
CONTINUOUS
10
153.3554949999999906
20
-98.0836589999999973
11
153.4459259999999858
21
-98.0314479999999975
0
LINE
8
BLACK
6
CONTINUOUS
10
153.4459259999999858
20
-98.0314479999999975
11
153.5467899999999872
21
-98.004421999999991
0
LINE
8
BLACK
6
CONTINUOUS
10
153.5467899999999872
20
-98.004421999999991
11
153.5989999999999895
21
-98.0009999999999906
0
LINE
8
BLACK
6
CONTINUOUS
10
153.5989999999999895
20
-98.0009999999999906
11
157.6833139999999958
21
-98.0009999999999906
0
LINE
8
BLACK
6
CONTINUOUS
10
157.6833139999999958
20
-98.0009999999999906
11
159.0999999999999943
21
-96.584313999999992
0
LINE
8
BLACK
6
CONTINUOUS
10
159.0999999999999943
20
-96.584313999999992
11
159.0999999999999943
21
-96.3849170000000015
0
LINE
8
BLACK
6
CONTINUOUS
10
159.0999999999999943
20
-96.3849170000000015
11
159.0993129999999951
21
-96.3846329999999938
0
LINE
8
BLACK
6
CONTINUOUS
10
159.0993129999999951
20
-96.3846329999999938
11
158.9607660000000067
21
-96.2920589999999947
0
LINE
8
BLACK
6
CONTINUOUS
10
158.9607660000000067
20
-96.2920589999999947
11
158.8429409999999962
21
-96.1742339999999984
0
LINE
8
BLACK
6
CONTINUOUS
10
158.8429409999999962
20
-96.1742339999999984
11
158.7503669999999829
21
-96.0356869999999958
0
LINE
8
BLACK
6
CONTINUOUS
10
158.7503669999999829
20
-96.0356869999999958
11
158.686600999999996
21
-95.8817420000000027
0
LINE
8
BLACK
6
CONTINUOUS
10
158.686600999999996
20
-95.8817420000000027
11
158.6540929999999889
21
-95.7183149999999898
0
LINE
8
BLACK
6
CONTINUOUS
10
158.6540929999999889
20
-95.7183149999999898
11
158.6540929999999889
21
-95.551684999999992
0
LINE
8
BLACK
6
CONTINUOUS
10
158.6540929999999889
20
-95.551684999999992
11
158.686600999999996
21
-95.3882579999999933
0
LINE
8
BLACK
6
CONTINUOUS
10
158.686600999999996
20
-95.3882579999999933
11
158.7503669999999829
21
-95.2343130000000002
0
LINE
8
BLACK
6
CONTINUOUS
10
158.7503669999999829
20
-95.2343130000000002
11
158.8429409999999962
21
-95.0957659999999976
0
LINE
8
BLACK
6
CONTINUOUS
10
158.8429409999999962
20
-95.0957659999999976
11
158.9607660000000067
21
-94.9779410000000013
0
LINE
8
BLACK
6
CONTINUOUS
10
158.9607660000000067
20
-94.9779410000000013
11
159.0993129999999951
21
-94.8853670000000022
0
LINE
8
BLACK
6
CONTINUOUS
10
159.0993129999999951
20
-94.8853670000000022
11
159.2532579999999882
21
-94.8216010000000011
0
LINE
8
BLACK
6
CONTINUOUS
10
159.2532579999999882
20
-94.8216010000000011
11
159.4166850000000011
21
-94.789092999999994
0
LINE
8
BLACK
6
CONTINUOUS
10
159.4166850000000011
20
-94.789092999999994
11
159.5833149999999989
21
-94.789092999999994
0
LINE
8
BLACK
6
CONTINUOUS
10
159.5833149999999989
20
-94.789092999999994
11
159.7467419999999834
21
-94.8216010000000011
0
LINE
8
BLACK
6
CONTINUOUS
10
164.8267419999999959
20
-94.8216010000000011
11
164.980686999999989
21
-94.8853670000000022
0
LINE
8
BLACK
6
CONTINUOUS
10
164.980686999999989
20
-94.8853670000000022
11
165.1192340000000058
21
-94.9779410000000013
0
LINE
8
BLACK
6
CONTINUOUS
10
165.1192340000000058
20
-94.9779410000000013
11
165.2370589999999879
21
-95.0957659999999976
0
LINE
8
BLACK
6
CONTINUOUS
10
165.2370589999999879
20
-95.0957659999999976
11
165.3296330000000012
21
-95.2343130000000002
0
LINE
8
BLACK
6
CONTINUOUS
10
165.3296330000000012
20
-95.2343130000000002
11
165.3299179999999922
21
-95.2349999999999994
0
LINE
8
BLACK
6
CONTINUOUS
10
165.3299179999999922
20
-95.2349999999999994
11
169.9128169999999898
21
-95.2349999999999994
0
LINE
8
BLACK
6
CONTINUOUS
10
169.9128169999999898
20
-95.2349999999999994
11
169.9650269999999921
21
-95.2384219999999999
0
LINE
8
BLACK
6
CONTINUOUS
10
169.9650269999999921
20
-95.2384219999999999
11
170.0658909999999935
21
-95.2654479999999921
0
LINE
8
BLACK
6
CONTINUOUS
10
170.0658909999999935
20
-95.2654479999999921
11
170.1563219999999887
21
-95.3176589999999919
0
LINE
8
BLACK
6
CONTINUOUS
10
170.1563219999999887
20
-95.3176589999999919
11
170.1956600000000037
21
-95.3521569999999912
0
LINE
8
BLACK
6
CONTINUOUS
10
170.1956600000000037
20
-95.3521569999999912
11
170.5994189999999833
21
-95.7559169999999966
0
LINE
8
BLACK
6
CONTINUOUS
10
170.5994189999999833
20
-95.7559169999999966
11
170.6190479999999923
21
-95.745915999999994
0
LINE
8
BLACK
6
CONTINUOUS
10
170.6190479999999923
20
-95.745915999999994
11
170.7832099999999969
21
-95.6925760000000025
0
LINE
8
BLACK
6
CONTINUOUS
10
170.7832099999999969
20
-95.6925760000000025
11
170.953694999999982
21
-95.6655739999999923
0
LINE
8
BLACK
6
CONTINUOUS
10
170.953694999999982
20
-95.6655739999999923
11
171.1263050000000021
21
-95.6655739999999923
0
LINE
8
BLACK
6
CONTINUOUS
10
171.1263050000000021
20
-95.6655739999999923
11
171.2967899999999872
21
-95.6925760000000025
0
LINE
8
BLACK
6
CONTINUOUS
10
171.2967899999999872
20
-95.6925760000000025
11
171.4609519999999918
21
-95.745915999999994
0
LINE
8
BLACK
6
CONTINUOUS
10
171.4609519999999918
20
-95.745915999999994
11
171.6147479999999916
21
-95.82427899999999
0
LINE
8
BLACK
6
CONTINUOUS
10
171.6147479999999916
20
-95.82427899999999
11
171.7543929999999932
21
-95.9257360000000006
0
LINE
8
BLACK
6
CONTINUOUS
10
171.7543929999999932
20
-95.9257360000000006
11
171.8764469999999847
21
-96.047789999999992
0
LINE
8
BLACK
6
CONTINUOUS
10
171.8764469999999847
20
-96.047789999999992
11
171.9779039999999952
21
-96.1874349999999936
0
LINE
8
BLACK
6
CONTINUOUS
10
171.9779039999999952
20
-96.1874349999999936
11
172.0562669999999912
21
-96.3412309999999934
0
LINE
8
BLACK
6
CONTINUOUS
10
172.0562669999999912
20
-96.3412309999999934
11
172.1096069999999827
21
-96.505392999999998
0
LINE
8
BLACK
6
CONTINUOUS
10
172.1096069999999827
20
-96.505392999999998
11
172.1366089999999929
21
-96.6758779999999973
0
LINE
8
BLACK
6
CONTINUOUS
10
172.1366089999999929
20
-96.6758779999999973
11
172.1366089999999929
21
-96.848487999999989
0
LINE
8
BLACK
6
CONTINUOUS
10
172.1366089999999929
20
-96.848487999999989
11
172.1096069999999827
21
-97.0189730000000026
0
LINE
8
BLACK
6
CONTINUOUS
10
172.1096069999999827
20
-97.0189730000000026
11
172.0562669999999912
21
-97.1831349999999929
0
LINE
8
BLACK
6
CONTINUOUS
10
172.0562669999999912
20
-97.1831349999999929
11
171.9779039999999952
21
-97.3369309999999928
0
LINE
8
BLACK
6
CONTINUOUS
10
171.9779039999999952
20
-97.3369309999999928
11
171.8764469999999847
21
-97.4765759999999943
0
LINE
8
BLACK
6
CONTINUOUS
10
171.8764469999999847
20
-97.4765759999999943
11
171.7543929999999932
21
-97.59863
0
LINE
8
BLACK
6
CONTINUOUS
10
171.7543929999999932
20
-97.59863
11
171.6147479999999916
21
-97.7000869999999964
0
LINE
8
BLACK
6
CONTINUOUS
10
171.6147479999999916
20
-97.7000869999999964
11
171.4609519999999918
21
-97.7784499999999923
0
LINE
8
BLACK
6
CONTINUOUS
10
171.4609519999999918
20
-97.7784499999999923
11
171.2967899999999872
21
-97.831789999999998
0
LINE
8
BLACK
6
CONTINUOUS
10
171.2967899999999872
20
-97.831789999999998
11
171.1263050000000021
21
-97.858791999999994
0
LINE
8
BLACK
6
CONTINUOUS
10
171.1263050000000021
20
-97.858791999999994
11
170.953694999999982
21
-97.858791999999994
0
LINE
8
BLACK
6
CONTINUOUS
10
170.953694999999982
20
-97.858791999999994
11
170.7832099999999969
21
-97.831789999999998
0
LINE
8
BLACK
6
CONTINUOUS
10
170.7832099999999969
20
-97.831789999999998
11
170.6190479999999923
21
-97.7784499999999923
0
LINE
8
BLACK
6
CONTINUOUS
10
170.6190479999999923
20
-97.7784499999999923
11
170.4652519999999924
21
-97.7000869999999964
0
LINE
8
BLACK
6
CONTINUOUS
10
170.4652519999999924
20
-97.7000869999999964
11
170.3256069999999909
21
-97.59863
0
LINE
8
BLACK
6
CONTINUOUS
10
170.3256069999999909
20
-97.59863
11
170.2035529999999994
21
-97.4765759999999943
0
LINE
8
BLACK
6
CONTINUOUS
10
170.2035529999999994
20
-97.4765759999999943
11
170.1020959999999889
21
-97.3369309999999928
0
LINE
8
BLACK
6
CONTINUOUS
10
170.1020959999999889
20
-97.3369309999999928
11
170.0237329999999929
21
-97.1831349999999929
0
LINE
8
BLACK
6
CONTINUOUS
10
170.0237329999999929
20
-97.1831349999999929
11
169.9703930000000014
21
-97.0189730000000026
0
LINE
8
BLACK
6
CONTINUOUS
10
169.9703930000000014
20
-97.0189730000000026
11
169.9433909999999912
21
-96.848487999999989
0
LINE
8
BLACK
6
CONTINUOUS
10
169.9433909999999912
20
-96.848487999999989
11
169.9433909999999912
21
-96.6758779999999973
0
LINE
8
BLACK
6
CONTINUOUS
10
169.9433909999999912
20
-96.6758779999999973
11
169.9703930000000014
21
-96.505392999999998
0
LINE
8
BLACK
6
CONTINUOUS
10
169.9703930000000014
20
-96.505392999999998
11
170.0237329999999929
21
-96.3412309999999934
0
LINE
8
BLACK
6
CONTINUOUS
10
170.0237329999999929
20
-96.3412309999999934
11
170.0337339999999813
21
-96.3216019999999986
0
LINE
8
BLACK
6
CONTINUOUS
10
170.0337339999999813
20
-96.3216019999999986
11
169.747130999999996
21
-96.0349999999999966
0
LINE
8
BLACK
6
CONTINUOUS
10
169.747130999999996
20
-96.0349999999999966
11
165.3299179999999922
21
-96.0349999999999966
0
LINE
8
BLACK
6
CONTINUOUS
10
165.3299179999999922
20
-96.0349999999999966
11
165.3296330000000012
21
-96.0356869999999958
0
LINE
8
BLACK
6
CONTINUOUS
10
165.3296330000000012
20
-96.0356869999999958
11
165.2370589999999879
21
-96.1742339999999984
0
LINE
8
BLACK
6
CONTINUOUS
10
165.2370589999999879
20
-96.1742339999999984
11
165.1192340000000058
21
-96.2920589999999947
0
LINE
8
BLACK
6
CONTINUOUS
10
165.1192340000000058
20
-96.2920589999999947
11
164.980686999999989
21
-96.3846329999999938
0
LINE
8
BLACK
6
CONTINUOUS
10
164.980686999999989
20
-96.3846329999999938
11
164.8267419999999959
21
-96.4483989999999949
0
LINE
8
BLACK
6
CONTINUOUS
10
164.8267419999999959
20
-96.4483989999999949
11
164.663314999999983
21
-96.480907000000002
0
LINE
8
BLACK
6
CONTINUOUS
10
164.663314999999983
20
-96.480907000000002
11
164.4966849999999852
21
-96.480907000000002
0
LINE
8
BLACK
6
CONTINUOUS
10
164.4966849999999852
20
-96.480907000000002
11
164.3332580000000007
21
-96.4483989999999949
0
LINE
8
BLACK
6
CONTINUOUS
10
164.3332580000000007
20
-96.4483989999999949
11
164.1793129999999792
21
-96.3846329999999938
0
LINE
8
BLACK
6
CONTINUOUS
10
164.1793129999999792
20
-96.3846329999999938
11
164.0407659999999908
21
-96.2920589999999947
0
LINE
8
BLACK
6
CONTINUOUS
10
164.0407659999999908
20
-96.2920589999999947
11
163.9229409999999802
21
-96.1742339999999984
0
LINE
8
BLACK
6
CONTINUOUS
10
163.9229409999999802
20
-96.1742339999999984
11
163.8303669999999954
21
-96.0356869999999958
0
LINE
8
BLACK
6
CONTINUOUS
10
163.8303669999999954
20
-96.0356869999999958
11
163.7666009999999801
21
-95.8817420000000027
0
LINE
8
BLACK
6
CONTINUOUS
10
163.7666009999999801
20
-95.8817420000000027
11
163.7340930000000014
21
-95.7183149999999898
0
LINE
8
BLACK
6
CONTINUOUS
10
163.7340930000000014
20
-95.7183149999999898
11
163.7340930000000014
21
-95.551684999999992
0
LINE
8
BLACK
6
CONTINUOUS
10
163.7340930000000014
20
-95.551684999999992
11
163.7666009999999801
21
-95.3882579999999933
0
LINE
8
BLACK
6
CONTINUOUS
10
163.7666009999999801
20
-95.3882579999999933
11
163.8303669999999954
21
-95.2343130000000002
0
LINE
8
BLACK
6
CONTINUOUS
10
163.8303669999999954
20
-95.2343130000000002
11
163.9229409999999802
21
-95.0957659999999976
0
LINE
8
BLACK
6
CONTINUOUS
10
163.9229409999999802
20
-95.0957659999999976
11
164.0407659999999908
21
-94.9779410000000013
0
LINE
8
BLACK
6
CONTINUOUS
10
164.0407659999999908
20
-94.9779410000000013
11
164.1793129999999792
21
-94.8853670000000022
0
LINE
8
BLACK
6
CONTINUOUS
10
164.1793129999999792
20
-94.8853670000000022
11
164.3332580000000007
21
-94.8216010000000011
0
LINE
8
BLACK
6
CONTINUOUS
10
164.3332580000000007
20
-94.8216010000000011
11
164.4966849999999852
21
-94.789092999999994
0
LINE
8
BLACK
6
CONTINUOUS
10
164.4966849999999852
20
-94.789092999999994
11
164.663314999999983
21
-94.789092999999994
0
LINE
8
BLACK
6
CONTINUOUS
10
164.663314999999983
20
-94.789092999999994
11
164.8267419999999959
21
-94.8216010000000011
0
LINE
8
BLACK
6
CONTINUOUS
10
169.4224490000000003
20
-131.0797309999999811
11
169.4902720000000045
21
-131.1188889999999958
0
LINE
8
BLACK
6
CONTINUOUS
10
169.4902720000000045
20
-131.1188889999999958
11
169.5456499999999949
21
-131.1742669999999862
0
LINE
8
BLACK
6
CONTINUOUS
10
169.5456499999999949
20
-131.1742669999999862
11
169.5848079999999811
21
-131.2420899999999904
0
LINE
8
BLACK
6
CONTINUOUS
10
169.5848079999999811
20
-131.2420899999999904
11
169.6050769999999943
21
-131.3177369999999939
0
LINE
8
BLACK
6
CONTINUOUS
10
169.6050769999999943
20
-131.3177369999999939
11
169.6076439999999934
21
-131.3568949999999802
0
LINE
8
BLACK
6
CONTINUOUS
10
169.6076439999999934
20
-131.3568949999999802
11
169.6076439999999934
21
-133.437847000000005
0
LINE
8
BLACK
6
CONTINUOUS
10
169.6076439999999934
20
-133.437847000000005
11
171.8647869999999784
21
-133.437847000000005
0
LINE
8
BLACK
6
CONTINUOUS
10
171.8647869999999784
20
-133.437847000000005
11
171.8647869999999784
21
-131.3568949999999802
0
LINE
8
BLACK
6
CONTINUOUS
10
171.8647869999999784
20
-131.3568949999999802
11
171.867354000000006
21
-131.3177369999999939
0
LINE
8
BLACK
6
CONTINUOUS
10
171.867354000000006
20
-131.3177369999999939
11
171.8876229999999907
21
-131.2420899999999904
0
LINE
8
BLACK
6
CONTINUOUS
10
171.8876229999999907
20
-131.2420899999999904
11
171.9267810000000054
21
-131.1742669999999862
0
LINE
8
BLACK
6
CONTINUOUS
10
171.9267810000000054
20
-131.1742669999999862
11
171.9821589999999958
21
-131.1188889999999958
0
LINE
8
BLACK
6
CONTINUOUS
10
171.9821589999999958
20
-131.1188889999999958
11
172.049982
21
-131.0797309999999811
0
LINE
8
BLACK
6
CONTINUOUS
10
172.049982
20
-131.0797309999999811
11
172.1256290000000035
21
-131.0594619999999964
0
LINE
8
BLACK
6
CONTINUOUS
10
172.1256290000000035
20
-131.0594619999999964
11
172.2039450000000045
21
-131.0594619999999964
0
LINE
8
BLACK
6
CONTINUOUS
10
172.2039450000000045
20
-131.0594619999999964
11
172.2795919999999796
21
-131.0797309999999811
0
LINE
8
BLACK
6
CONTINUOUS
10
172.2795919999999796
20
-131.0797309999999811
11
172.3474149999999838
21
-131.1188889999999958
0
LINE
8
BLACK
6
CONTINUOUS
10
172.3474149999999838
20
-131.1188889999999958
11
172.4027930000000026
21
-131.1742669999999862
0
LINE
8
BLACK
6
CONTINUOUS
10
172.4027930000000026
20
-131.1742669999999862
11
172.4419509999999889
21
-131.2420899999999904
0
LINE
8
BLACK
6
CONTINUOUS
10
172.4419509999999889
20
-131.2420899999999904
11
172.4622200000000021
21
-131.3177369999999939
0
LINE
8
BLACK
6
CONTINUOUS
10
172.4622200000000021
20
-131.3177369999999939
11
172.4647870000000012
21
-131.3568949999999802
0
LINE
8
BLACK
6
CONTINUOUS
10
172.4647870000000012
20
-131.3568949999999802
11
172.4647870000000012
21
-136.3568949999999802
0
LINE
8
BLACK
6
CONTINUOUS
10
172.4647870000000012
20
-136.3568949999999802
11
172.4622200000000021
21
-136.3960529999999949
0
LINE
8
BLACK
6
CONTINUOUS
10
172.4622200000000021
20
-136.3960529999999949
11
172.4419509999999889
21
-136.4716999999999985
0
LINE
8
BLACK
6
CONTINUOUS
10
172.4419509999999889
20
-136.4716999999999985
11
172.4027930000000026
21
-136.5395230000000026
0
LINE
8
BLACK
6
CONTINUOUS
10
172.4027930000000026
20
-136.5395230000000026
11
172.3474149999999838
21
-136.594900999999993
0
LINE
8
BLACK
6
CONTINUOUS
10
172.3474149999999838
20
-136.594900999999993
11
172.2795919999999796
21
-136.6340590000000077
0
LINE
8
BLACK
6
CONTINUOUS
10
172.2795919999999796
20
-136.6340590000000077
11
172.2039450000000045
21
-136.6543279999999925
0
LINE
8
BLACK
6
CONTINUOUS
10
172.2039450000000045
20
-136.6543279999999925
11
172.1256290000000035
21
-136.6543279999999925
0
LINE
8
BLACK
6
CONTINUOUS
10
172.1256290000000035
20
-136.6543279999999925
11
172.049982
21
-136.6340590000000077
0
LINE
8
BLACK
6
CONTINUOUS
10
172.049982
20
-136.6340590000000077
11
171.9821589999999958
21
-136.594900999999993
0
LINE
8
BLACK
6
CONTINUOUS
10
171.9821589999999958
20
-136.594900999999993
11
171.9267810000000054
21
-136.5395230000000026
0
LINE
8
BLACK
6
CONTINUOUS
10
171.9267810000000054
20
-136.5395230000000026
11
171.8876229999999907
21
-136.4716999999999985
0
LINE
8
BLACK
6
CONTINUOUS
10
171.8876229999999907
20
-136.4716999999999985
11
171.867354000000006
21
-136.3960529999999949
0
LINE
8
BLACK
6
CONTINUOUS
10
171.867354000000006
20
-136.3960529999999949
11
171.8647869999999784
21
-136.3568949999999802
0
LINE
8
BLACK
6
CONTINUOUS
10
171.8647869999999784
20
-136.3568949999999802
11
171.8647869999999784
21
-134.0378469999999993
0
LINE
8
BLACK
6
CONTINUOUS
10
171.8647869999999784
20
-134.0378469999999993
11
169.6076439999999934
21
-134.0378469999999993
0
LINE
8
BLACK
6
CONTINUOUS
10
169.6076439999999934
20
-134.0378469999999993
11
169.6076439999999934
21
-136.3568949999999802
0
LINE
8
BLACK
6
CONTINUOUS
10
169.6076439999999934
20
-136.3568949999999802
11
169.6050769999999943
21
-136.3960529999999949
0
LINE
8
BLACK
6
CONTINUOUS
10
169.6050769999999943
20
-136.3960529999999949
11
169.5848079999999811
21
-136.4716999999999985
0
LINE
8
BLACK
6
CONTINUOUS
10
169.5848079999999811
20
-136.4716999999999985
11
169.5456499999999949
21
-136.5395230000000026
0
LINE
8
BLACK
6
CONTINUOUS
10
169.5456499999999949
20
-136.5395230000000026
11
169.4902720000000045
21
-136.594900999999993
0
LINE
8
BLACK
6
CONTINUOUS
10
169.4902720000000045
20
-136.594900999999993
11
169.4224490000000003
21
-136.6340590000000077
0
LINE
8
BLACK
6
CONTINUOUS
10
169.4224490000000003
20
-136.6340590000000077
11
169.3468019999999967
21
-136.6543279999999925
0
LINE
8
BLACK
6
CONTINUOUS
10
169.3468019999999967
20
-136.6543279999999925
11
169.2684859999999958
21
-136.6543279999999925
0
LINE
8
BLACK
6
CONTINUOUS
10
169.2684859999999958
20
-136.6543279999999925
11
169.1928389999999922
21
-136.6340590000000077
0
LINE
8
BLACK
6
CONTINUOUS
10
169.1928389999999922
20
-136.6340590000000077
11
169.125015999999988
21
-136.594900999999993
0
LINE
8
BLACK
6
CONTINUOUS
10
169.125015999999988
20
-136.594900999999993
11
169.0696379999999976
21
-136.5395230000000026
0
LINE
8
BLACK
6
CONTINUOUS
10
169.0696379999999976
20
-136.5395230000000026
11
169.030479999999983
21
-136.4716999999999985
0
LINE
8
BLACK
6
CONTINUOUS
10
169.030479999999983
20
-136.4716999999999985
11
169.0102109999999982
21
-136.3960529999999949
0
LINE
8
BLACK
6
CONTINUOUS
10
169.0102109999999982
20
-136.3960529999999949
11
169.0076439999999991
21
-136.3568949999999802
0
LINE
8
BLACK
6
CONTINUOUS
10
169.0076439999999991
20
-136.3568949999999802
11
169.0076439999999991
21
-131.3568949999999802
0
LINE
8
BLACK
6
CONTINUOUS
10
169.0076439999999991
20
-131.3568949999999802
11
169.0102109999999982
21
-131.3177369999999939
0
LINE
8
BLACK
6
CONTINUOUS
10
169.0102109999999982
20
-131.3177369999999939
11
169.030479999999983
21
-131.2420899999999904
0
LINE
8
BLACK
6
CONTINUOUS
10
169.030479999999983
20
-131.2420899999999904
11
169.0696379999999976
21
-131.1742669999999862
0
LINE
8
BLACK
6
CONTINUOUS
10
169.0696379999999976
20
-131.1742669999999862
11
169.125015999999988
21
-131.1188889999999958
0
LINE
8
BLACK
6
CONTINUOUS
10
169.125015999999988
20
-131.1188889999999958
11
169.1928389999999922
21
-131.0797309999999811
0
LINE
8
BLACK
6
CONTINUOUS
10
169.1928389999999922
20
-131.0797309999999811
11
169.2684859999999958
21
-131.0594619999999964
0
LINE
8
BLACK
6
CONTINUOUS
10
169.2684859999999958
20
-131.0594619999999964
11
169.3468019999999967
21
-131.0594619999999964
0
LINE
8
BLACK
6
CONTINUOUS
10
169.3468019999999967
20
-131.0594619999999964
11
169.4224490000000003
21
-131.0797309999999811
0
LINE
8
BLACK
6
CONTINUOUS
10
191.9425389999999823
20
-86.5201849999999979
11
191.9882939999999962
21
-86.5729889999999926
0
LINE
8
BLACK
6
CONTINUOUS
10
191.9882939999999962
20
-86.5729889999999926
11
191.9994999999999834
21
-86.6244999999999976
0
LINE
8
BLACK
6
CONTINUOUS
10
191.9994999999999834
20
-86.6244999999999976
11
191.9994999999999834
21
-142.3754999999999882
0
LINE
8
BLACK
6
CONTINUOUS
10
191.9994999999999834
20
-142.3754999999999882
11
191.9798150000000021
21
-142.4425389999999823
0
LINE
8
BLACK
6
CONTINUOUS
10
191.9798150000000021
20
-142.4425389999999823
11
191.9270109999999931
21
-142.4882939999999962
0
LINE
8
BLACK
6
CONTINUOUS
10
191.9270109999999931
20
-142.4882939999999962
11
191.8754999999999882
21
-142.4994999999999834
0
LINE
8
BLACK
6
CONTINUOUS
10
191.8754999999999882
20
-142.4994999999999834
11
127.1244999999999976
21
-142.4994999999999834
0
LINE
8
BLACK
6
CONTINUOUS
10
127.1244999999999976
20
-142.4994999999999834
11
127.0574609999999893
21
-142.4798150000000021
0
LINE
8
BLACK
6
CONTINUOUS
10
127.0574609999999893
20
-142.4798150000000021
11
127.0117059999999896
21
-142.4270109999999931
0
LINE
8
BLACK
6
CONTINUOUS
10
127.0117059999999896
20
-142.4270109999999931
11
127.0004999999999882
21
-142.3754999999999882
0
LINE
8
BLACK
6
CONTINUOUS
10
127.0004999999999882
20
-142.3754999999999882
11
127.0004999999999882
21
-114.6555129999999991
0
LINE
8
BLACK
6
CONTINUOUS
10
127.0004999999999882
20
-114.6555129999999991
11
127.0004999999999882
21
-86.6244999999999976
0
LINE
8
BLACK
6
CONTINUOUS
10
127.0004999999999882
20
-86.6244999999999976
11
127.0201849999999979
21
-86.5574609999999893
0
LINE
8
BLACK
6
CONTINUOUS
10
127.0201849999999979
20
-86.5574609999999893
11
127.0729889999999926
21
-86.5117059999999896
0
LINE
8
BLACK
6
CONTINUOUS
10
127.0729889999999926
20
-86.5117059999999896
11
127.1244999999999976
21
-86.5005000000000024
0
LINE
8
BLACK
6
CONTINUOUS
10
127.1244999999999976
20
-86.5005000000000024
11
191.8754999999999882
21
-86.5005000000000024
0
LINE
8
BLACK
6
CONTINUOUS
10
191.8754999999999882
20
-86.5005000000000024
11
191.9425389999999823
21
-86.5201849999999979
0
LINE
8
BLACK
6
CONTINUOUS
10
136.0494999999999948
20
-127.0944859999999892
11
136.0790590000000009
21
-127.2811179999999922
0
LINE
8
BLACK
6
CONTINUOUS
10
136.0790590000000009
20
-127.2811179999999922
11
136.1374539999999911
21
-127.4608360000000005
0
LINE
8
BLACK
6
CONTINUOUS
10
136.1374539999999911
20
-127.4608360000000005
11
136.1917509999999822
21
-127.5673979999999972
0
LINE
8
BLACK
6
CONTINUOUS
10
136.1917509999999822
20
-127.5673979999999972
11
136.2232400000000041
21
-127.6291989999999998
0
LINE
8
BLACK
6
CONTINUOUS
10
136.2232400000000041
20
-127.6291989999999998
11
136.3343099999999879
21
-127.7820739999999944
0
LINE
8
BLACK
6
CONTINUOUS
10
136.3343099999999879
20
-127.7820739999999944
11
147.9679260000000056
21
-139.4156899999999837
0
LINE
8
BLACK
6
CONTINUOUS
10
147.9679260000000056
20
-139.4156899999999837
11
148.1208010000000002
21
-139.5267599999999959
0
LINE
8
BLACK
6
CONTINUOUS
10
148.1208010000000002
20
-139.5267599999999959
11
148.2003469999999936
21
-139.5672899999999856
0
LINE
8
BLACK
6
CONTINUOUS
10
148.2003469999999936
20
-139.5672899999999856
11
148.2891630000000021
21
-139.612544999999983
0
LINE
8
BLACK
6
CONTINUOUS
10
148.2891630000000021
20
-139.612544999999983
11
148.289164999999997
21
-139.612544999999983
0
LINE
8
BLACK
6
CONTINUOUS
10
148.289164999999997
20
-139.612544999999983
11
148.2891679999999894
21
-139.6125470000000064
0
LINE
8
BLACK
6
CONTINUOUS
10
148.2891679999999894
20
-139.6125470000000064
11
148.3854969999999867
21
-139.6438459999999964
0
LINE
8
BLACK
6
CONTINUOUS
10
148.3854969999999867
20
-139.6438459999999964
11
148.4688809999999819
21
-139.6709400000000016
0
LINE
8
BLACK
6
CONTINUOUS
10
148.4688809999999819
20
-139.6709400000000016
11
148.6555139999999824
21
-139.7005000000000052
0
LINE
8
BLACK
6
CONTINUOUS
10
148.6555139999999824
20
-139.7005000000000052
11
148.6555189999999982
21
-139.7005000000000052
0
LINE
8
BLACK
6
CONTINUOUS
10
148.6555189999999982
20
-139.7005000000000052
11
156.0944859999999892
21
-139.7005000000000052
0
LINE
8
BLACK
6
CONTINUOUS
10
156.0944859999999892
20
-139.7005000000000052
11
156.2811179999999922
21
-139.6709400000000016
0
LINE
8
BLACK
6
CONTINUOUS
10
156.2811179999999922
20
-139.6709400000000016
11
156.4608319999999821
21
-139.6125470000000064
0
LINE
8
BLACK
6
CONTINUOUS
10
156.4608319999999821
20
-139.6125470000000064
11
156.6291989999999998
21
-139.5267599999999959
0
LINE
8
BLACK
6
CONTINUOUS
10
156.6291989999999998
20
-139.5267599999999959
11
156.7820739999999944
21
-139.4156899999999837
0
LINE
8
BLACK
6
CONTINUOUS
10
156.7820739999999944
20
-139.4156899999999837
11
158.7353689999999915
21
-137.4623949999999866
0
LINE
8
BLACK
6
CONTINUOUS
10
158.7353689999999915
20
-137.4623949999999866
11
159.4956899999999962
21
-136.7020739999999819
0
LINE
8
BLACK
6
CONTINUOUS
10
159.4956899999999962
20
-136.7020739999999819
11
159.60675999999998
21
-136.5491989999999873
0
LINE
8
BLACK
6
CONTINUOUS
10
159.60675999999998
20
-136.5491989999999873
11
159.6925469999999905
21
-136.3808319999999981
0
LINE
8
BLACK
6
CONTINUOUS
10
159.6925469999999905
20
-136.3808319999999981
11
159.7509399999999857
21
-136.2011179999999797
0
LINE
8
BLACK
6
CONTINUOUS
10
159.7509399999999857
20
-136.2011179999999797
11
159.7804999999999893
21
-136.0144860000000051
0
LINE
8
BLACK
6
CONTINUOUS
10
159.7804999999999893
20
-136.0144860000000051
11
159.7804999999999893
21
-135.3358299999999872
0
LINE
8
BLACK
6
CONTINUOUS
10
159.7804999999999893
20
-135.3358299999999872
11
159.800184999999999
21
-135.2687909999999931
0
LINE
8
BLACK
6
CONTINUOUS
10
159.800184999999999
20
-135.2687909999999931
11
159.8041629999999884
21
-135.2629709999999932
0
LINE
8
BLACK
6
CONTINUOUS
10
159.8041629999999884
20
-135.2629709999999932
11
159.9116339999999923
21
-135.115050999999994
0
LINE
8
BLACK
6
CONTINUOUS
10
159.9116339999999923
20
-135.115050999999994
11
160.029578999999984
21
-134.8835719999999867
0
LINE
8
BLACK
6
CONTINUOUS
10
160.029578999999984
20
-134.8835719999999867
11
160.1098599999999976
21
-134.6364930000000015
0
LINE
8
BLACK
6
CONTINUOUS
10
160.1098599999999976
20
-134.6364930000000015
11
160.13253899999998
21
-134.4932979999999816
0
LINE
8
BLACK
6
CONTINUOUS
10
160.13253899999998
20
-134.4932979999999816
11
160.1504999999999939
21
-134.3799019999999871
0
LINE
8
BLACK
6
CONTINUOUS
10
160.1504999999999939
20
-134.3799019999999871
11
160.1504999999999939
21
-134.120096999999987
0
LINE
8
BLACK
6
CONTINUOUS
10
160.1504999999999939
20
-134.120096999999987
11
160.1289469999999824
21
-133.9840209999999843
0
LINE
8
BLACK
6
CONTINUOUS
10
160.1289469999999824
20
-133.9840209999999843
11
160.1098599999999976
21
-133.8635069999999985
0
LINE
8
BLACK
6
CONTINUOUS
10
160.1098599999999976
20
-133.8635069999999985
11
160.029578999999984
21
-133.6164279999999849
0
LINE
8
BLACK
6
CONTINUOUS
10
160.029578999999984
20
-133.6164279999999849
11
160.0295769999999891
21
-133.6164249999999925
0
LINE
8
BLACK
6
CONTINUOUS
10
160.0295769999999891
20
-133.6164249999999925
11
160.0295769999999891
21
-133.6164229999999975
0
LINE
8
BLACK
6
CONTINUOUS
10
160.0295769999999891
20
-133.6164229999999975
11
159.9095169999999939
21
-133.3807950000000062
0
LINE
8
BLACK
6
CONTINUOUS
10
159.9095169999999939
20
-133.3807950000000062
11
159.8966209999999819
21
-133.3121260000000063
0
LINE
8
BLACK
6
CONTINUOUS
10
159.8966209999999819
20
-133.3121260000000063
11
159.9228970000000061
21
-133.2473860000000059
0
LINE
8
BLACK
6
CONTINUOUS
10
159.9228970000000061
20
-133.2473860000000059
11
159.9800029999999822
21
-133.2071279999999831
0
LINE
8
BLACK
6
CONTINUOUS
10
159.9800029999999822
20
-133.2071279999999831
11
160.0200020000000052
21
-133.2005000000000052
0
LINE
8
BLACK
6
CONTINUOUS
10
160.0200020000000052
20
-133.2005000000000052
11
163.3444859999999892
21
-133.2005000000000052
0
LINE
8
BLACK
6
CONTINUOUS
10
163.3444859999999892
20
-133.2005000000000052
11
163.5311179999999922
21
-133.1709400000000016
0
LINE
8
BLACK
6
CONTINUOUS
10
163.5311179999999922
20
-133.1709400000000016
11
163.7108319999999821
21
-133.1125470000000064
0
LINE
8
BLACK
6
CONTINUOUS
10
163.7108319999999821
20
-133.1125470000000064
11
163.8791989999999998
21
-133.0267599999999959
0
LINE
8
BLACK
6
CONTINUOUS
10
163.8791989999999998
20
-133.0267599999999959
11
164.0320739999999944
21
-132.9156899999999837
0
LINE
8
BLACK
6
CONTINUOUS
10
164.0320739999999944
20
-132.9156899999999837
11
168.6656899999999837
21
-128.2820739999999944
0
LINE
8
BLACK
6
CONTINUOUS
10
168.6656899999999837
20
-128.2820739999999944
11
168.7767599999999959
21
-128.1291989999999998
0
LINE
8
BLACK
6
CONTINUOUS
10
168.7767599999999959
20
-128.1291989999999998
11
168.8625470000000064
21
-127.9608319999999964
0
LINE
8
BLACK
6
CONTINUOUS
10
168.8625470000000064
20
-127.9608319999999964
11
168.9209400000000016
21
-127.7811179999999922
0
LINE
8
BLACK
6
CONTINUOUS
10
168.9209400000000016
20
-127.7811179999999922
11
168.9407860000000028
21
-127.6558139999999923
0
LINE
8
BLACK
6
CONTINUOUS
10
168.9407860000000028
20
-127.6558139999999923
11
168.9505000000000052
21
-127.5944870000000009
0
LINE
8
BLACK
6
CONTINUOUS
10
168.9505000000000052
20
-127.5944870000000009
11
168.9505000000000052
21
-123.5207459999999884
0
LINE
8
BLACK
6
CONTINUOUS
10
168.9505000000000052
20
-123.5207459999999884
11
168.9701849999999865
21
-123.4537069999999943
0
LINE
8
BLACK
6
CONTINUOUS
10
168.9701849999999865
20
-123.4537069999999943
11
168.9741729999999791
21
-123.4478709999999921
0
LINE
8
BLACK
6
CONTINUOUS
10
168.9741729999999791
20
-123.4478709999999921
11
169.0333430000000021
21
-123.3664330000000007
0
LINE
8
BLACK
6
CONTINUOUS
10
169.0333430000000021
20
-123.3664330000000007
11
169.1405680000000018
21
-123.1559919999999977
0
LINE
8
BLACK
6
CONTINUOUS
10
169.1405680000000018
20
-123.1559919999999977
11
169.2135529999999903
21
-122.931367999999992
0
LINE
8
BLACK
6
CONTINUOUS
10
169.2135529999999903
20
-122.931367999999992
11
169.2304790000000025
21
-122.8245000000000005
0
LINE
8
BLACK
6
CONTINUOUS
10
169.2304790000000025
20
-122.8245000000000005
11
169.2504999999999882
21
-122.69809699999999
0
LINE
8
BLACK
6
CONTINUOUS
10
169.2504999999999882
20
-122.69809699999999
11
169.2504999999999882
21
-122.4619019999999949
0
LINE
8
BLACK
6
CONTINUOUS
10
169.2504999999999882
20
-122.4619019999999949
11
169.2135529999999903
21
-122.2286309999999929
0
LINE
8
BLACK
6
CONTINUOUS
10
169.2135529999999903
20
-122.2286309999999929
11
169.1405659999999784
21
-122.0040029999999973
0
LINE
8
BLACK
6
CONTINUOUS
10
169.1405659999999784
20
-122.0040029999999973
11
169.0333420000000046
21
-121.7935659999999984
0
LINE
8
BLACK
6
CONTINUOUS
10
169.0333420000000046
20
-121.7935659999999984
11
168.8945169999999791
21
-121.6024899999999889
0
LINE
8
BLACK
6
CONTINUOUS
10
168.8945169999999791
20
-121.6024899999999889
11
168.7275099999999952
21
-121.4354829999999907
0
LINE
8
BLACK
6
CONTINUOUS
10
168.7275099999999952
20
-121.4354829999999907
11
168.5364329999999882
21
-121.2966569999999962
0
LINE
8
BLACK
6
CONTINUOUS
10
168.5364329999999882
20
-121.2966569999999962
11
168.3259960000000035
21
-121.189432999999994
0
LINE
8
BLACK
6
CONTINUOUS
10
168.3259960000000035
20
-121.189432999999994
11
168.1013679999999795
21
-121.1164459999999963
0
LINE
8
BLACK
6
CONTINUOUS
10
168.1013679999999795
20
-121.1164459999999963
11
167.8680970000000059
21
-121.0794999999999959
0
LINE
8
BLACK
6
CONTINUOUS
10
167.8680970000000059
20
-121.0794999999999959
11
167.8680919999999901
21
-121.0794999999999959
0
LINE
8
BLACK
6
CONTINUOUS
10
167.8680919999999901
20
-121.0794999999999959
11
167.6319079999999815
21
-121.0794999999999959
0
LINE
8
BLACK
6
CONTINUOUS
10
167.6319079999999815
20
-121.0794999999999959
11
167.6319029999999941
21
-121.0794999999999959
0
LINE
8
BLACK
6
CONTINUOUS
10
167.6319029999999941
20
-121.0794999999999959
11
167.3986309999999946
21
-121.1164459999999963
0
LINE
8
BLACK
6
CONTINUOUS
10
167.3986309999999946
20
-121.1164459999999963
11
167.174002999999999
21
-121.189432999999994
0
LINE
8
BLACK
6
CONTINUOUS
10
167.174002999999999
20
-121.189432999999994
11
166.9635659999999859
21
-121.2966569999999962
0
LINE
8
BLACK
6
CONTINUOUS
10
166.9635659999999859
20
-121.2966569999999962
11
166.854549999999989
21
-121.3758619999999979
0
LINE
8
BLACK
6
CONTINUOUS
10
166.854549999999989
20
-121.3758619999999979
11
166.7724900000000048
21
-121.4354829999999907
0
LINE
8
BLACK
6
CONTINUOUS
10
166.7724900000000048
20
-121.4354829999999907
11
166.7724879999999814
21
-121.4354849999999999
0
LINE
8
BLACK
6
CONTINUOUS
10
166.7724879999999814
20
-121.4354849999999999
11
166.7724869999999839
21
-121.4354849999999999
0
LINE
8
BLACK
6
CONTINUOUS
10
166.7724869999999839
20
-121.4354849999999999
11
166.6054849999999874
21
-121.6024869999999964
0
LINE
8
BLACK
6
CONTINUOUS
10
166.6054849999999874
20
-121.6024869999999964
11
166.6054849999999874
21
-121.6024879999999939
0
LINE
8
BLACK
6
CONTINUOUS
10
166.6054849999999874
20
-121.6024879999999939
11
166.6054829999999924
21
-121.6024899999999889
0
LINE
8
BLACK
6
CONTINUOUS
10
166.6054829999999924
20
-121.6024899999999889
11
166.5458619999999996
21
-121.6845500000000015
0
LINE
8
BLACK
6
CONTINUOUS
10
166.5458619999999996
20
-121.6845500000000015
11
166.4666569999999979
21
-121.7935659999999984
0
LINE
8
BLACK
6
CONTINUOUS
10
166.4666569999999979
20
-121.7935659999999984
11
166.3594329999999957
21
-122.0040029999999973
0
LINE
8
BLACK
6
CONTINUOUS
10
166.3594329999999957
20
-122.0040029999999973
11
166.2864459999999838
21
-122.2286309999999929
0
LINE
8
BLACK
6
CONTINUOUS
10
166.2864459999999838
20
-122.2286309999999929
11
166.2494999999999834
21
-122.4619019999999949
0
LINE
8
BLACK
6
CONTINUOUS
10
166.2494999999999834
20
-122.4619019999999949
11
166.2494999999999834
21
-122.69809699999999
0
LINE
8
BLACK
6
CONTINUOUS
10
166.2494999999999834
20
-122.69809699999999
11
166.2864459999999838
21
-122.931367999999992
0
LINE
8
BLACK
6
CONTINUOUS
10
166.2864459999999838
20
-122.931367999999992
11
166.3594329999999957
21
-123.1559959999999876
0
LINE
8
BLACK
6
CONTINUOUS
10
166.3594329999999957
20
-123.1559959999999876
11
166.4666569999999979
21
-123.3664330000000007
0
LINE
8
BLACK
6
CONTINUOUS
10
166.4666569999999979
20
-123.3664330000000007
11
166.5258179999999868
21
-123.447860999999989
0
LINE
8
BLACK
6
CONTINUOUS
10
166.5258179999999868
20
-123.447860999999989
11
166.5492979999999932
21
-123.5136660000000006
0
LINE
8
BLACK
6
CONTINUOUS
10
166.5492979999999932
20
-123.5136660000000006
11
166.5494999999999948
21
-123.5207459999999884
0
LINE
8
BLACK
6
CONTINUOUS
10
166.5494999999999948
20
-123.5207459999999884
11
166.5494999999999948
21
-126.9513740000000013
0
LINE
8
BLACK
6
CONTINUOUS
10
166.5494999999999948
20
-126.9513740000000013
11
166.529814999999985
21
-127.0184129999999953
0
LINE
8
BLACK
6
CONTINUOUS
10
166.529814999999985
20
-127.0184129999999953
11
166.513181000000003
21
-127.0390549999999905
0
LINE
8
BLACK
6
CONTINUOUS
10
166.513181000000003
20
-127.0390549999999905
11
162.7890549999999905
21
-130.763181000000003
0
LINE
8
BLACK
6
CONTINUOUS
10
162.7890549999999905
20
-130.763181000000003
11
162.7277320000000032
21
-130.7966659999999877
0
LINE
8
BLACK
6
CONTINUOUS
10
162.7277320000000032
20
-130.7966659999999877
11
162.7013739999999871
21
-130.7994999999999948
0
LINE
8
BLACK
6
CONTINUOUS
10
162.7013739999999871
20
-130.7994999999999948
11
156.1555129999999849
21
-130.7994999999999948
0
LINE
8
BLACK
6
CONTINUOUS
10
156.1555129999999849
20
-130.7994999999999948
11
156.0193969999999979
21
-130.8210579999999936
0
LINE
8
BLACK
6
CONTINUOUS
10
156.0193969999999979
20
-130.8210579999999936
11
155.9806030000000021
21
-130.8210579999999936
0
LINE
8
BLACK
6
CONTINUOUS
10
155.9806030000000021
20
-130.8210579999999936
11
155.8444869999999867
21
-130.7994999999999948
0
LINE
8
BLACK
6
CONTINUOUS
10
155.8444869999999867
20
-130.7994999999999948
11
155.8444810000000018
21
-130.7994999999999948
0
LINE
8
BLACK
6
CONTINUOUS
10
155.8444810000000018
20
-130.7994999999999948
11
151.4236259999999845
21
-130.7994999999999948
0
LINE
8
BLACK
6
CONTINUOUS
10
151.4236259999999845
20
-130.7994999999999948
11
151.3565869999999904
21
-130.779814999999985
0
LINE
8
BLACK
6
CONTINUOUS
10
151.3565869999999904
20
-130.779814999999985
11
151.3359449999999811
21
-130.763181000000003
0
LINE
8
BLACK
6
CONTINUOUS
10
151.3359449999999811
20
-130.763181000000003
11
149.0117229999999893
21
-128.4389589999999828
0
LINE
8
BLACK
6
CONTINUOUS
10
149.0117229999999893
20
-128.4389589999999828
11
148.9782380000000046
21
-128.3776359999999954
0
LINE
8
BLACK
6
CONTINUOUS
10
148.9782380000000046
20
-128.3776359999999954
11
148.9832219999999836
21
-128.307943999999992
0
LINE
8
BLACK
6
CONTINUOUS
10
148.9832219999999836
20
-128.307943999999992
11
149.0250939999999957
21
-128.2520109999999818
0
LINE
8
BLACK
6
CONTINUOUS
10
149.0250939999999957
20
-128.2520109999999818
11
149.0832159999999931
21
-128.2283390000000054
0
LINE
8
BLACK
6
CONTINUOUS
10
149.0832159999999931
20
-128.2283390000000054
11
149.1427269999999794
21
-128.2205050000000028
0
LINE
8
BLACK
6
CONTINUOUS
10
149.1427269999999794
20
-128.2205050000000028
11
149.3646919999999909
21
-128.1610299999999825
0
LINE
8
BLACK
6
CONTINUOUS
10
149.3646919999999909
20
-128.1610299999999825
11
149.5769959999999799
21
-128.0730910000000051
0
LINE
8
BLACK
6
CONTINUOUS
10
149.5769959999999799
20
-128.0730910000000051
11
149.7760040000000004
21
-127.9581929999999943
0
LINE
8
BLACK
6
CONTINUOUS
10
149.7760040000000004
20
-127.9581929999999943
11
149.958313000000004
21
-127.8183030000000002
0
LINE
8
BLACK
6
CONTINUOUS
10
149.958313000000004
20
-127.8183030000000002
11
150.1208029999999951
21
-127.6558129999999949
0
LINE
8
BLACK
6
CONTINUOUS
10
150.1208029999999951
20
-127.6558129999999949
11
150.17512499999998
21
-127.5850179999999909
0
LINE
8
BLACK
6
CONTINUOUS
10
150.17512499999998
20
-127.5850179999999909
11
150.2315490000000011
21
-127.54381699999999
0
LINE
8
BLACK
6
CONTINUOUS
10
150.2315490000000011
20
-127.54381699999999
11
150.3012949999999819
21
-127.5396619999999928
0
LINE
8
BLACK
6
CONTINUOUS
10
150.3012949999999819
20
-127.5396619999999928
11
150.3611799999999903
21
-127.5728249999999946
0
LINE
8
BLACK
6
CONTINUOUS
10
150.3611799999999903
20
-127.5728249999999946
11
150.3937569999999937
21
-127.605401999999998
0
LINE
8
BLACK
6
CONTINUOUS
10
150.3937569999999937
20
-127.605401999999998
11
150.5787229999999965
21
-127.7397879999999901
0
LINE
8
BLACK
6
CONTINUOUS
10
150.5787229999999965
20
-127.7397879999999901
11
150.7824289999999792
21
-127.8435819999999978
0
LINE
8
BLACK
6
CONTINUOUS
10
150.7824289999999792
20
-127.8435819999999978
11
150.9998709999999846
21
-127.9142339999999933
0
LINE
8
BLACK
6
CONTINUOUS
10
150.9998709999999846
20
-127.9142339999999933
11
151.0900000000000034
21
-127.9285089999999911
0
LINE
8
BLACK
6
CONTINUOUS
10
151.0900000000000034
20
-127.9285089999999911
11
151.0900000000000034
21
-127.4142559999999946
0
LINE
8
BLACK
6
CONTINUOUS
10
151.0900000000000034
20
-127.4142559999999946
11
151.0635039999999947
21
-127.4089859999999987
0
LINE
8
BLACK
6
CONTINUOUS
10
151.0635039999999947
20
-127.4089859999999987
11
150.8909950000000038
21
-127.337530000000001
0
LINE
8
BLACK
6
CONTINUOUS
10
150.8909950000000038
20
-127.337530000000001
11
150.7357399999999927
21
-127.233791999999994
0
LINE
8
BLACK
6
CONTINUOUS
10
150.7357399999999927
20
-127.233791999999994
11
150.6037079999999833
21
-127.1017599999999987
0
LINE
8
BLACK
6
CONTINUOUS
10
150.6037079999999833
20
-127.1017599999999987
11
150.4999699999999905
21
-126.9465049999999877
0
LINE
8
BLACK
6
CONTINUOUS
10
150.4999699999999905
20
-126.9465049999999877
11
150.4285140000000069
21
-126.7739959999999968
0
LINE
8
BLACK
6
CONTINUOUS
10
150.4285140000000069
20
-126.7739959999999968
11
150.3920870000000036
21
-126.5908609999999896
0
LINE
8
BLACK
6
CONTINUOUS
10
150.3920870000000036
20
-126.5908609999999896
11
150.3874999999999886
21
-126.4974999999999881
0
LINE
8
BLACK
6
CONTINUOUS
10
150.3874999999999886
20
-126.4974999999999881
11
150.3874999999999886
21
-126.4024999999999892
0
LINE
8
BLACK
6
CONTINUOUS
10
150.3874999999999886
20
-126.4024999999999892
11
150.3920870000000036
21
-126.3091389999999876
0
LINE
8
BLACK
6
CONTINUOUS
10
150.3920870000000036
20
-126.3091389999999876
11
150.4285140000000069
21
-126.1260039999999947
0
LINE
8
BLACK
6
CONTINUOUS
10
150.4285140000000069
20
-126.1260039999999947
11
150.4999699999999905
21
-125.9534949999999895
0
LINE
8
BLACK
6
CONTINUOUS
10
150.4999699999999905
20
-125.9534949999999895
11
150.6037079999999833
21
-125.7982399999999927
0
LINE
8
BLACK
6
CONTINUOUS
10
150.6037079999999833
20
-125.7982399999999927
11
150.7357399999999927
21
-125.6662079999999975
0
LINE
8
BLACK
6
CONTINUOUS
10
150.7357399999999927
20
-125.6662079999999975
11
150.8909950000000038
21
-125.5624699999999905
0
LINE
8
BLACK
6
CONTINUOUS
10
150.8909950000000038
20
-125.5624699999999905
11
151.0635039999999947
21
-125.4910139999999927
0
LINE
8
BLACK
6
CONTINUOUS
10
151.0635039999999947
20
-125.4910139999999927
11
151.0900000000000034
21
-125.4857429999999994
0
LINE
8
BLACK
6
CONTINUOUS
10
151.0900000000000034
20
-125.4857429999999994
11
151.0900000000000034
21
-124.9714899999999886
0
LINE
8
BLACK
6
CONTINUOUS
10
151.0900000000000034
20
-124.9714899999999886
11
151.0899990000000059
21
-124.9714899999999886
0
LINE
8
BLACK
6
CONTINUOUS
10
151.0899990000000059
20
-124.9714899999999886
11
150.999875000000003
21
-124.9857650000000007
0
LINE
8
BLACK
6
CONTINUOUS
10
150.999875000000003
20
-124.9857650000000007
11
150.7824310000000025
21
-125.0564169999999962
0
LINE
8
BLACK
6
CONTINUOUS
10
150.7824310000000025
20
-125.0564169999999962
11
150.5787200000000041
21
-125.1602129999999988
0
LINE
8
BLACK
6
CONTINUOUS
10
150.5787200000000041
20
-125.1602129999999988
11
150.3937659999999994
21
-125.2945889999999878
0
LINE
8
BLACK
6
CONTINUOUS
10
150.3937659999999994
20
-125.2945889999999878
11
150.3611779999999953
21
-125.3271759999999944
0
LINE
8
BLACK
6
CONTINUOUS
10
150.3611779999999953
20
-125.3271759999999944
11
150.3501430000000028
21
-125.3331999999999908
0
LINE
8
BLACK
6
CONTINUOUS
10
150.3501430000000028
20
-125.3331999999999908
11
150.3420519999999954
21
-125.3428189999999915
0
LINE
8
BLACK
6
CONTINUOUS
10
150.3420519999999954
20
-125.3428189999999915
11
150.3200599999999838
21
-125.3496260000000007
0
LINE
8
BLACK
6
CONTINUOUS
10
150.3200599999999838
20
-125.3496260000000007
11
150.2998539999999821
21
-125.3606589999999983
0
LINE
8
BLACK
6
CONTINUOUS
10
150.2998539999999821
20
-125.3606589999999983
11
150.2873150000000066
21
-125.3597609999999918
0
LINE
8
BLACK
6
CONTINUOUS
10
150.2873150000000066
20
-125.3597609999999918
11
150.275306999999998
21
-125.3634789999999981
0
LINE
8
BLACK
6
CONTINUOUS
10
150.275306999999998
20
-125.3634789999999981
11
150.2531259999999804
21
-125.3573149999999998
0
LINE
8
BLACK
6
CONTINUOUS
10
150.2531259999999804
20
-125.3573149999999998
11
150.2301620000000071
21
-125.3556729999999959
0
LINE
8
BLACK
6
CONTINUOUS
10
150.2301620000000071
20
-125.3556729999999959
11
150.2184839999999895
21
-125.3476900000000001
0
LINE
8
BLACK
6
CONTINUOUS
10
150.2184839999999895
20
-125.3476900000000001
11
150.2079880000000003
21
-125.344774000000001
0
LINE
8
BLACK
6
CONTINUOUS
10
150.2079880000000003
20
-125.344774000000001
11
150.1888930000000073
21
-125.327461999999997
0
LINE
8
BLACK
6
CONTINUOUS
10
150.1888930000000073
20
-125.327461999999997
11
150.1809800000000052
21
-125.3220529999999968
0
LINE
8
BLACK
6
CONTINUOUS
10
150.1809800000000052
20
-125.3220529999999968
11
150.1779209999999978
21
-125.3186249999999973
0
LINE
8
BLACK
6
CONTINUOUS
10
150.1779209999999978
20
-125.3186249999999973
11
150.1208029999999951
21
-125.2441869999999966
0
LINE
8
BLACK
6
CONTINUOUS
10
150.1208029999999951
20
-125.2441869999999966
11
150.0343269999999904
21
-125.1577109999999919
0
LINE
8
BLACK
6
CONTINUOUS
10
150.0343269999999904
20
-125.1577109999999919
11
150.0319810000000018
21
-125.1550819999999931
0
LINE
8
BLACK
6
CONTINUOUS
10
150.0319810000000018
20
-125.1550819999999931
11
150.0184539999999913
21
-125.1265689999999893
0
LINE
8
BLACK
6
CONTINUOUS
10
150.0184539999999913
20
-125.1265689999999893
11
150.0033339999999953
21
-125.0988789999999966
0
LINE
8
BLACK
6
CONTINUOUS
10
150.0033339999999953
20
-125.0988789999999966
11
150.0027519999999868
21
-125.0934729999999888
0
LINE
8
BLACK
6
CONTINUOUS
10
150.0027519999999868
20
-125.0934729999999888
11
150.0020329999999831
21
-125.0919559999999962
0
LINE
8
BLACK
6
CONTINUOUS
10
150.0020329999999831
20
-125.0919559999999962
11
150.0023359999999855
21
-125.0896009999999876
0
LINE
8
BLACK
6
CONTINUOUS
10
150.0023359999999855
20
-125.0896009999999876
11
150.0004999999999882
21
-125.0725209999999947
0
LINE
8
BLACK
6
CONTINUOUS
10
150.0004999999999882
20
-125.0725209999999947
11
150.0004999999999882
21
-120.3937059999999946
0
LINE
8
BLACK
6
CONTINUOUS
10
150.0004999999999882
20
-120.3937059999999946
11
150.0201849999999979
21
-120.3266670000000005
0
LINE
8
BLACK
6
CONTINUOUS
10
150.0201849999999979
20
-120.3266670000000005
11
150.0585289999999929
21
-120.2887119999999896
0
LINE
8
BLACK
6
CONTINUOUS
10
150.0585289999999929
20
-120.2887119999999896
11
150.1522589999999866
21
-120.2298179999999945
0
LINE
8
BLACK
6
CONTINUOUS
10
150.1522589999999866
20
-120.2298179999999945
11
150.1522589999999866
21
-120.2298169999999971
0
LINE
8
BLACK
6
CONTINUOUS
10
150.1522589999999866
20
-120.2298169999999971
11
150.152261999999979
21
-120.2298159999999996
0
LINE
8
BLACK
6
CONTINUOUS
10
150.152261999999979
20
-120.2298159999999996
11
150.2798159999999825
21
-120.1022619999999961
0
LINE
8
BLACK
6
CONTINUOUS
10
150.2798159999999825
20
-120.1022619999999961
11
150.3387129999999843
21
-120.0085279999999983
0
LINE
8
BLACK
6
CONTINUOUS
10
150.3387129999999843
20
-120.0085279999999983
11
150.3910479999999836
21
-119.9622369999999876
0
LINE
8
BLACK
6
CONTINUOUS
10
150.3910479999999836
20
-119.9622369999999876
11
150.4437069999999892
21
-119.950499999999991
0
LINE
8
BLACK
6
CONTINUOUS
10
150.4437069999999892
20
-119.950499999999991
11
153.7013739999999871
21
-119.950499999999991
0
LINE
8
BLACK
6
CONTINUOUS
10
153.7013739999999871
20
-119.950499999999991
11
153.7684129999999811
21
-119.9701850000000007
0
LINE
8
BLACK
6
CONTINUOUS
10
153.7684129999999811
20
-119.9701850000000007
11
153.7890549999999905
21
-119.986818999999997
0
LINE
8
BLACK
6
CONTINUOUS
10
153.7890549999999905
20
-119.986818999999997
11
158.263181000000003
21
-124.4609449999999953
0
LINE
8
BLACK
6
CONTINUOUS
10
158.263181000000003
20
-124.4609449999999953
11
158.2966659999999877
21
-124.5222679999999968
0
LINE
8
BLACK
6
CONTINUOUS
10
158.2966659999999877
20
-124.5222679999999968
11
158.2994999999999948
21
-124.5486259999999987
0
LINE
8
BLACK
6
CONTINUOUS
10
158.2994999999999948
20
-124.5486259999999987
11
158.2994999999999948
21
-125.9644969999999944
0
LINE
8
BLACK
6
CONTINUOUS
10
158.2994999999999948
20
-125.9644969999999944
11
158.279814999999985
21
-126.0315359999999885
0
LINE
8
BLACK
6
CONTINUOUS
10
158.279814999999985
20
-126.0315359999999885
11
158.2509909999999991
21
-126.0628689999999921
0
LINE
8
BLACK
6
CONTINUOUS
10
158.2509909999999991
20
-126.0628689999999921
11
158.2442240000000027
21
-126.0680610000000001
0
LINE
8
BLACK
6
CONTINUOUS
10
158.2442240000000027
20
-126.0680610000000001
11
158.244214999999997
21
-126.0680699999999916
0
LINE
8
BLACK
6
CONTINUOUS
10
158.244214999999997
20
-126.0680699999999916
11
158.0680659999999875
21
-126.2442179999999894
0
LINE
8
BLACK
6
CONTINUOUS
10
158.0680659999999875
20
-126.2442179999999894
11
158.0680600000000027
21
-126.2442250000000001
0
LINE
8
BLACK
6
CONTINUOUS
10
158.0680600000000027
20
-126.2442250000000001
11
157.9163999999999817
21
-126.4418730000000011
0
LINE
8
BLACK
6
CONTINUOUS
10
157.9163999999999817
20
-126.4418730000000011
11
157.7918369999999868
21
-126.657623000000001
0
LINE
8
BLACK
6
CONTINUOUS
10
157.7918369999999868
20
-126.657623000000001
11
157.7918300000000045
21
-126.6576379999999915
0
LINE
8
BLACK
6
CONTINUOUS
10
157.7918300000000045
20
-126.6576379999999915
11
157.6964979999999912
21
-126.8877919999999904
0
LINE
8
BLACK
6
CONTINUOUS
10
157.6964979999999912
20
-126.8877919999999904
11
157.6320169999999905
21
-127.1284379999999885
0
LINE
8
BLACK
6
CONTINUOUS
10
157.6320169999999905
20
-127.1284379999999885
11
157.5995010000000036
21
-127.3754239999999953
0
LINE
8
BLACK
6
CONTINUOUS
10
157.5995010000000036
20
-127.3754239999999953
11
157.5995000000000061
21
-127.375440999999995
0
LINE
8
BLACK
6
CONTINUOUS
10
157.5995000000000061
20
-127.375440999999995
11
157.5995000000000061
21
-127.6245579999999933
0
LINE
8
BLACK
6
CONTINUOUS
10
157.5995000000000061
20
-127.6245579999999933
11
157.5995010000000036
21
-127.624574999999993
0
LINE
8
BLACK
6
CONTINUOUS
10
157.5995010000000036
20
-127.624574999999993
11
157.6320169999999905
21
-127.8715609999999998
0
LINE
8
BLACK
6
CONTINUOUS
10
157.6320169999999905
20
-127.8715609999999998
11
157.6964979999999912
21
-128.1122069999999837
0
LINE
8
BLACK
6
CONTINUOUS
10
157.6964979999999912
20
-128.1122069999999837
11
157.7918300000000045
21
-128.3423609999999826
0
LINE
8
BLACK
6
CONTINUOUS
10
157.7918300000000045
20
-128.3423609999999826
11
157.7918369999999868
21
-128.3423760000000016
0
LINE
8
BLACK
6
CONTINUOUS
10
157.7918369999999868
20
-128.3423760000000016
11
157.9163999999999817
21
-128.5581259999999872
0
LINE
8
BLACK
6
CONTINUOUS
10
157.9163999999999817
20
-128.5581259999999872
11
158.0680600000000027
21
-128.7557740000000024
0
LINE
8
BLACK
6
CONTINUOUS
10
158.0680600000000027
20
-128.7557740000000024
11
158.0680659999999875
21
-128.7557809999999847
0
LINE
8
BLACK
6
CONTINUOUS
10
158.0680659999999875
20
-128.7557809999999847
11
158.2442179999999894
21
-128.9319329999999866
0
LINE
8
BLACK
6
CONTINUOUS
10
158.2442179999999894
20
-128.9319329999999866
11
158.2442250000000001
21
-128.9319389999999999
0
LINE
8
BLACK
6
CONTINUOUS
10
158.2442250000000001
20
-128.9319389999999999
11
158.4418729999999869
21
-129.0835989999999924
0
LINE
8
BLACK
6
CONTINUOUS
10
158.4418729999999869
20
-129.0835989999999924
11
158.657623000000001
21
-129.2081619999999873
0
LINE
8
BLACK
6
CONTINUOUS
10
158.657623000000001
20
-129.2081619999999873
11
158.6576379999999915
21
-129.2081689999999981
0
LINE
8
BLACK
6
CONTINUOUS
10
158.6576379999999915
20
-129.2081689999999981
11
158.7568249999999921
21
-129.2492529999999817
0
LINE
8
BLACK
6
CONTINUOUS
10
158.7568249999999921
20
-129.2492529999999817
11
158.8877929999999878
21
-129.3035019999999804
0
LINE
8
BLACK
6
CONTINUOUS
10
158.8877929999999878
20
-129.3035019999999804
11
159.1284349999999961
21
-129.3679819999999836
0
LINE
8
BLACK
6
CONTINUOUS
10
159.1284349999999961
20
-129.3679819999999836
11
159.3754349999999818
21
-129.4004999999999939
0
LINE
8
BLACK
6
CONTINUOUS
10
159.3754349999999818
20
-129.4004999999999939
11
159.3754419999999925
21
-129.4004999999999939
0
LINE
8
BLACK
6
CONTINUOUS
10
159.3754419999999925
20
-129.4004999999999939
11
159.6245579999999791
21
-129.4004999999999939
0
LINE
8
BLACK
6
CONTINUOUS
10
159.6245579999999791
20
-129.4004999999999939
11
159.6245649999999898
21
-129.4004999999999939
0
LINE
8
BLACK
6
CONTINUOUS
10
159.6245649999999898
20
-129.4004999999999939
11
159.8715650000000039
21
-129.3679819999999836
0
LINE
8
BLACK
6
CONTINUOUS
10
159.8715650000000039
20
-129.3679819999999836
11
160.1122069999999837
21
-129.3035019999999804
0
LINE
8
BLACK
6
CONTINUOUS
10
160.1122069999999837
20
-129.3035019999999804
11
160.3423729999999807
21
-129.2081639999999823
0
LINE
8
BLACK
6
CONTINUOUS
10
160.3423729999999807
20
-129.2081639999999823
11
160.5581269999999847
21
-129.0835989999999924
0
LINE
8
BLACK
6
CONTINUOUS
10
160.5581269999999847
20
-129.0835989999999924
11
160.7557759999999973
21
-128.9319380000000024
0
LINE
8
BLACK
6
CONTINUOUS
10
160.7557759999999973
20
-128.9319380000000024
11
160.9319380000000024
21
-128.7557759999999973
0
LINE
8
BLACK
6
CONTINUOUS
10
160.9319380000000024
20
-128.7557759999999973
11
161.0835989999999924
21
-128.5581269999999847
0
LINE
8
BLACK
6
CONTINUOUS
10
161.0835989999999924
20
-128.5581269999999847
11
161.2081639999999823
21
-128.3423729999999807
0
LINE
8
BLACK
6
CONTINUOUS
10
161.2081639999999823
20
-128.3423729999999807
11
161.3035019999999804
21
-128.1122069999999837
0
LINE
8
BLACK
6
CONTINUOUS
10
161.3035019999999804
20
-128.1122069999999837
11
161.3679819999999836
21
-127.8715649999999897
0
LINE
8
BLACK
6
CONTINUOUS
10
161.3679819999999836
20
-127.8715649999999897
11
161.4004999999999939
21
-127.6245649999999898
0
LINE
8
BLACK
6
CONTINUOUS
10
161.4004999999999939
20
-127.6245649999999898
11
161.4004999999999939
21
-127.375434999999996
0
LINE
8
BLACK
6
CONTINUOUS
10
161.4004999999999939
20
-127.375434999999996
11
161.3679819999999836
21
-127.1284349999999961
0
LINE
8
BLACK
6
CONTINUOUS
10
161.3679819999999836
20
-127.1284349999999961
11
161.3035019999999804
21
-126.8877929999999878
0
LINE
8
BLACK
6
CONTINUOUS
10
161.3035019999999804
20
-126.8877929999999878
11
161.2492529999999817
21
-126.7568249999999921
0
LINE
8
BLACK
6
CONTINUOUS
10
161.2492529999999817
20
-126.7568249999999921
11
161.2081689999999981
21
-126.6576379999999915
0
LINE
8
BLACK
6
CONTINUOUS
10
161.2081689999999981
20
-126.6576379999999915
11
161.2081619999999873
21
-126.657623000000001
0
LINE
8
BLACK
6
CONTINUOUS
10
161.2081619999999873
20
-126.657623000000001
11
161.0835989999999924
21
-126.4418730000000011
0
LINE
8
BLACK
6
CONTINUOUS
10
161.0835989999999924
20
-126.4418730000000011
11
160.9319389999999999
21
-126.2442250000000001
0
LINE
8
BLACK
6
CONTINUOUS
10
160.9319389999999999
20
-126.2442250000000001
11
160.9319329999999866
21
-126.2442179999999894
0
LINE
8
BLACK
6
CONTINUOUS
10
160.9319329999999866
20
-126.2442179999999894
11
160.755785000000003
21
-126.0680699999999916
0
LINE
8
BLACK
6
CONTINUOUS
10
160.755785000000003
20
-126.0680699999999916
11
160.7557749999999999
21
-126.0680610000000001
0
LINE
8
BLACK
6
CONTINUOUS
10
160.7557749999999999
20
-126.0680610000000001
11
160.7490090000000009
21
-126.0628689999999921
0
LINE
8
BLACK
6
CONTINUOUS
10
160.7490090000000009
20
-126.0628689999999921
11
160.7078089999999975
21
-126.0064390000000003
0
LINE
8
BLACK
6
CONTINUOUS
10
160.7078089999999975
20
-126.0064390000000003
11
160.7005000000000052
21
-125.9644969999999944
0
LINE
8
BLACK
6
CONTINUOUS
10
160.7005000000000052
20
-125.9644969999999944
11
160.7005000000000052
21
-123.9055199999999957
0
LINE
8
BLACK
6
CONTINUOUS
10
160.7005000000000052
20
-123.9055199999999957
11
160.6963309999999865
21
-123.8791989999999998
0
LINE
8
BLACK
6
CONTINUOUS
10
160.6963309999999865
20
-123.8791989999999998
11
160.6963309999999865
21
-123.8791969999999907
0
LINE
8
BLACK
6
CONTINUOUS
10
160.6963309999999865
20
-123.8791969999999907
11
160.6709400000000016
21
-123.7188819999999936
0
LINE
8
BLACK
6
CONTINUOUS
10
160.6709400000000016
20
-123.7188819999999936
11
160.6709400000000016
21
-123.7188809999999961
0
LINE
8
BLACK
6
CONTINUOUS
10
160.6709400000000016
20
-123.7188809999999961
11
160.612544999999983
21
-123.5391629999999878
0
LINE
8
BLACK
6
CONTINUOUS
10
160.612544999999983
20
-123.5391629999999878
11
160.5267589999999984
21
-123.3707999999999885
0
LINE
8
BLACK
6
CONTINUOUS
10
160.5267589999999984
20
-123.3707999999999885
11
160.5235859999999946
21
-123.3664330000000007
0
LINE
8
BLACK
6
CONTINUOUS
10
160.5235859999999946
20
-123.3664330000000007
11
160.4156899999999837
21
-123.2179259999999914
0
LINE
8
BLACK
6
CONTINUOUS
10
160.4156899999999837
20
-123.2179259999999914
11
155.0320739999999944
21
-117.8343099999999879
0
LINE
8
BLACK
6
CONTINUOUS
10
155.0320739999999944
20
-117.8343099999999879
11
154.8791989999999998
21
-117.7232399999999899
0
LINE
8
BLACK
6
CONTINUOUS
10
154.8791989999999998
20
-117.7232399999999899
11
154.8743020000000001
21
-117.7207449999999938
0
LINE
8
BLACK
6
CONTINUOUS
10
154.8743020000000001
20
-117.7207449999999938
11
154.7108360000000005
21
-117.6374539999999911
0
LINE
8
BLACK
6
CONTINUOUS
10
154.7108360000000005
20
-117.6374539999999911
11
154.5311179999999922
21
-117.5790590000000009
0
LINE
8
BLACK
6
CONTINUOUS
10
154.5311179999999922
20
-117.5790590000000009
11
154.3444859999999892
21
-117.5494999999999948
0
LINE
8
BLACK
6
CONTINUOUS
10
154.3444859999999892
20
-117.5494999999999948
11
154.3444810000000018
21
-117.5494999999999948
0
LINE
8
BLACK
6
CONTINUOUS
10
154.3444810000000018
20
-117.5494999999999948
11
151.9476259999999854
21
-117.5494999999999948
0
LINE
8
BLACK
6
CONTINUOUS
10
151.9476259999999854
20
-117.5494999999999948
11
151.8805869999999913
21
-117.5298149999999993
0
LINE
8
BLACK
6
CONTINUOUS
10
151.8805869999999913
20
-117.5298149999999993
11
151.8348320000000058
21
-117.4770109999999903
0
LINE
8
BLACK
6
CONTINUOUS
10
151.8348320000000058
20
-117.4770109999999903
11
151.8248879999999872
21
-117.4078529999999887
0
LINE
8
BLACK
6
CONTINUOUS
10
151.8248879999999872
20
-117.4078529999999887
11
151.8539130000000057
21
-117.3442969999999974
0
LINE
8
BLACK
6
CONTINUOUS
10
151.8539130000000057
20
-117.3442969999999974
11
151.859944999999982
21
-117.3378189999999961
0
LINE
8
BLACK
6
CONTINUOUS
10
151.859944999999982
20
-117.3378189999999961
11
153.1982639999999947
21
-115.9994999999999976
0
LINE
8
BLACK
6
CONTINUOUS
10
153.1982639999999947
20
-115.9994999999999976
11
157.5290139999999894
21
-111.6687479999999937
0
LINE
8
BLACK
6
CONTINUOUS
10
157.5290139999999894
20
-111.6687479999999937
11
157.5903349999999818
21
-111.6352649999999898
0
LINE
8
BLACK
6
CONTINUOUS
10
157.5903349999999818
20
-111.6352649999999898
11
157.6600269999999853
21
-111.6402489999999972
0
LINE
8
BLACK
6
CONTINUOUS
10
157.6600269999999853
20
-111.6402489999999972
11
157.7159599999999955
21
-111.6821209999999951
0
LINE
8
BLACK
6
CONTINUOUS
10
157.7159599999999955
20
-111.6821209999999951
11
157.7403769999999952
21
-111.7475850000000008
0
LINE
8
BLACK
6
CONTINUOUS
10
157.7403769999999952
20
-111.7475850000000008
11
157.7312550000000044
21
-111.803882999999999
0
LINE
8
BLACK
6
CONTINUOUS
10
157.7312550000000044
20
-111.803882999999999
11
157.6964959999999962
21
-111.8877990000000011
0
LINE
8
BLACK
6
CONTINUOUS
10
157.6964959999999962
20
-111.8877990000000011
11
157.6320169999999905
21
-112.1284379999999885
0
LINE
8
BLACK
6
CONTINUOUS
10
157.6320169999999905
20
-112.1284379999999885
11
157.5995010000000036
21
-112.3754239999999953
0
LINE
8
BLACK
6
CONTINUOUS
10
157.5995010000000036
20
-112.3754239999999953
11
157.5995000000000061
21
-112.375440999999995
0
LINE
8
BLACK
6
CONTINUOUS
10
157.5995000000000061
20
-112.375440999999995
11
157.5995000000000061
21
-112.6245579999999933
0
LINE
8
BLACK
6
CONTINUOUS
10
157.5995000000000061
20
-112.6245579999999933
11
157.5995010000000036
21
-112.624574999999993
0
LINE
8
BLACK
6
CONTINUOUS
10
157.5995010000000036
20
-112.624574999999993
11
157.6320169999999905
21
-112.8715609999999998
0
LINE
8
BLACK
6
CONTINUOUS
10
157.6320169999999905
20
-112.8715609999999998
11
157.6964979999999912
21
-113.1122069999999979
0
LINE
8
BLACK
6
CONTINUOUS
10
157.6964979999999912
20
-113.1122069999999979
11
157.7918300000000045
21
-113.3423609999999968
0
LINE
8
BLACK
6
CONTINUOUS
10
157.7918300000000045
20
-113.3423609999999968
11
157.7918369999999868
21
-113.3423760000000016
0
LINE
8
BLACK
6
CONTINUOUS
10
157.7918369999999868
20
-113.3423760000000016
11
157.9163999999999817
21
-113.5581260000000015
0
LINE
8
BLACK
6
CONTINUOUS
10
157.9163999999999817
20
-113.5581260000000015
11
158.0680600000000027
21
-113.7557739999999882
0
LINE
8
BLACK
6
CONTINUOUS
10
158.0680600000000027
20
-113.7557739999999882
11
158.0680659999999875
21
-113.7557809999999989
0
LINE
8
BLACK
6
CONTINUOUS
10
158.0680659999999875
20
-113.7557809999999989
11
158.2442179999999894
21
-113.9319330000000008
0
LINE
8
BLACK
6
CONTINUOUS
10
158.2442179999999894
20
-113.9319330000000008
11
158.2442250000000001
21
-113.9319389999999999
0
LINE
8
BLACK
6
CONTINUOUS
10
158.2442250000000001
20
-113.9319389999999999
11
158.4418729999999869
21
-114.0835989999999924
0
LINE
8
BLACK
6
CONTINUOUS
10
158.4418729999999869
20
-114.0835989999999924
11
158.657623000000001
21
-114.2081620000000015
0
LINE
8
BLACK
6
CONTINUOUS
10
158.657623000000001
20
-114.2081620000000015
11
158.6576379999999915
21
-114.2081689999999981
0
LINE
8
BLACK
6
CONTINUOUS
10
158.6576379999999915
20
-114.2081689999999981
11
158.7568249999999921
21
-114.249252999999996
0
LINE
8
BLACK
6
CONTINUOUS
10
158.7568249999999921
20
-114.249252999999996
11
158.8877929999999878
21
-114.3035019999999946
0
LINE
8
BLACK
6
CONTINUOUS
10
158.8877929999999878
20
-114.3035019999999946
11
159.1284349999999961
21
-114.3679819999999978
0
LINE
8
BLACK
6
CONTINUOUS
10
159.1284349999999961
20
-114.3679819999999978
11
159.3754349999999818
21
-114.4004999999999939
0
LINE
8
BLACK
6
CONTINUOUS
10
159.3754349999999818
20
-114.4004999999999939
11
159.3754419999999925
21
-114.4004999999999939
0
LINE
8
BLACK
6
CONTINUOUS
10
159.3754419999999925
20
-114.4004999999999939
11
159.6245579999999791
21
-114.4004999999999939
0
LINE
8
BLACK
6
CONTINUOUS
10
159.6245579999999791
20
-114.4004999999999939
11
159.6245649999999898
21
-114.4004999999999939
0
LINE
8
BLACK
6
CONTINUOUS
10
159.6245649999999898
20
-114.4004999999999939
11
159.8715650000000039
21
-114.3679819999999978
0
LINE
8
BLACK
6
CONTINUOUS
10
159.8715650000000039
20
-114.3679819999999978
11
160.1122069999999837
21
-114.3035019999999946
0
LINE
8
BLACK
6
CONTINUOUS
10
160.1122069999999837
20
-114.3035019999999946
11
160.3423729999999807
21
-114.2081639999999965
0
LINE
8
BLACK
6
CONTINUOUS
10
160.3423729999999807
20
-114.2081639999999965
11
160.5581269999999847
21
-114.0835989999999924
0
LINE
8
BLACK
6
CONTINUOUS
10
160.5581269999999847
20
-114.0835989999999924
11
160.7557759999999973
21
-113.9319379999999882
0
LINE
8
BLACK
6
CONTINUOUS
10
160.7557759999999973
20
-113.9319379999999882
11
160.8365929999999935
21
-113.851120999999992
0
LINE
8
BLACK
6
CONTINUOUS
10
160.8365929999999935
20
-113.851120999999992
11
160.9319299999999942
21
-113.7557849999999888
0
LINE
8
BLACK
6
CONTINUOUS
10
160.9319299999999942
20
-113.7557849999999888
11
160.9319309999999916
21
-113.7557829999999939
0
LINE
8
BLACK
6
CONTINUOUS
10
160.9319309999999916
20
-113.7557829999999939
11
160.9319380000000024
21
-113.7557759999999973
0
LINE
8
BLACK
6
CONTINUOUS
10
160.9319380000000024
20
-113.7557759999999973
11
160.9371270000000038
21
-113.7490129999999908
0
LINE
8
BLACK
6
CONTINUOUS
10
160.9371270000000038
20
-113.7490129999999908
11
160.993551999999994
21
-113.7078109999999924
0
LINE
8
BLACK
6
CONTINUOUS
10
160.993551999999994
20
-113.7078109999999924
11
161.0355019999999797
21
-113.700499999999991
0
LINE
8
BLACK
6
CONTINUOUS
10
161.0355019999999797
20
-113.700499999999991
11
167.3444859999999892
21
-113.700499999999991
0
LINE
8
BLACK
6
CONTINUOUS
10
167.3444859999999892
20
-113.700499999999991
11
167.5311179999999922
21
-113.6709400000000016
0
LINE
8
BLACK
6
CONTINUOUS
10
167.5311179999999922
20
-113.6709400000000016
11
167.5699639999999988
21
-113.6583179999999942
0
LINE
8
BLACK
6
CONTINUOUS
10
167.5699639999999988
20
-113.6583179999999942
11
167.7108319999999821
21
-113.6125469999999922
0
LINE
8
BLACK
6
CONTINUOUS
10
167.7108319999999821
20
-113.6125469999999922
11
167.8791989999999998
21
-113.5267599999999959
0
LINE
8
BLACK
6
CONTINUOUS
10
167.8791989999999998
20
-113.5267599999999959
11
168.0320739999999944
21
-113.4156899999999979
0
LINE
8
BLACK
6
CONTINUOUS
10
168.0320739999999944
20
-113.4156899999999979
11
169.6656899999999837
21
-111.7820739999999944
0
LINE
8
BLACK
6
CONTINUOUS
10
169.6656899999999837
20
-111.7820739999999944
11
169.7767599999999959
21
-111.6291989999999998
0
LINE
8
BLACK
6
CONTINUOUS
10
169.7767599999999959
20
-111.6291989999999998
11
169.8625470000000064
21
-111.4608319999999964
0
LINE
8
BLACK
6
CONTINUOUS
10
169.8625470000000064
20
-111.4608319999999964
11
169.9209400000000016
21
-111.2811179999999922
0
LINE
8
BLACK
6
CONTINUOUS
10
169.9209400000000016
20
-111.2811179999999922
11
169.9370820000000037
21
-111.179197000000002
0
LINE
8
BLACK
6
CONTINUOUS
10
169.9370820000000037
20
-111.179197000000002
11
169.9505000000000052
21
-111.0944810000000018
0
LINE
8
BLACK
6
CONTINUOUS
10
169.9505000000000052
20
-111.0944810000000018
11
169.9505000000000052
21
-105.9055189999999982
0
LINE
8
BLACK
6
CONTINUOUS
10
169.9505000000000052
20
-105.9055189999999982
11
169.9505000000000052
21
-105.9055129999999991
0
LINE
8
BLACK
6
CONTINUOUS
10
169.9505000000000052
20
-105.9055129999999991
11
169.9209400000000016
21
-105.7188809999999961
0
LINE
8
BLACK
6
CONTINUOUS
10
169.9209400000000016
20
-105.7188809999999961
11
169.8806129999999825
21
-105.5947689999999994
0
LINE
8
BLACK
6
CONTINUOUS
10
169.8806129999999825
20
-105.5947689999999994
11
169.8625470000000064
21
-105.5391679999999894
0
LINE
8
BLACK
6
CONTINUOUS
10
169.8625470000000064
20
-105.5391679999999894
11
169.862544999999983
21
-105.539164999999997
0
LINE
8
BLACK
6
CONTINUOUS
10
169.862544999999983
20
-105.539164999999997
11
169.862544999999983
21
-105.5391630000000021
0
LINE
8
BLACK
6
CONTINUOUS
10
169.862544999999983
20
-105.5391630000000021
11
169.7767589999999984
21
-105.3707999999999885
0
LINE
8
BLACK
6
CONTINUOUS
10
169.7767589999999984
20
-105.3707999999999885
11
169.6656899999999837
21
-105.2179269999999889
0
LINE
8
BLACK
6
CONTINUOUS
10
169.6656899999999837
20
-105.2179269999999889
11
169.5320729999999969
21
-105.0843100000000021
0
LINE
8
BLACK
6
CONTINUOUS
10
169.5320729999999969
20
-105.0843100000000021
11
167.4075330000000008
21
-102.9597689999999943
0
LINE
8
BLACK
6
CONTINUOUS
10
167.4075330000000008
20
-102.9597689999999943
11
167.3740479999999877
21
-102.8984459999999928
0
LINE
8
BLACK
6
CONTINUOUS
10
167.3740479999999877
20
-102.8984459999999928
11
167.3772830000000056
21
-102.8337700000000012
0
LINE
8
BLACK
6
CONTINUOUS
10
167.3772830000000056
20
-102.8337700000000012
11
167.4235529999999983
21
-102.6913679999999971
0
LINE
8
BLACK
6
CONTINUOUS
10
167.4235529999999983
20
-102.6913679999999971
11
167.4409739999999829
21
-102.5813739999999967
0
LINE
8
BLACK
6
CONTINUOUS
10
167.4409739999999829
20
-102.5813739999999967
11
167.4604999999999961
21
-102.4580969999999951
0
LINE
8
BLACK
6
CONTINUOUS
10
167.4604999999999961
20
-102.4580969999999951
11
167.4604999999999961
21
-102.221902
0
LINE
8
BLACK
6
CONTINUOUS
10
167.4604999999999961
20
-102.221902
11
167.4235529999999983
21
-101.988630999999998
0
LINE
8
BLACK
6
CONTINUOUS
10
167.4235529999999983
20
-101.988630999999998
11
167.3505659999999864
21
-101.7640030000000024
0
LINE
8
BLACK
6
CONTINUOUS
10
167.3505659999999864
20
-101.7640030000000024
11
167.2433419999999842
21
-101.5535659999999893
0
LINE
8
BLACK
6
CONTINUOUS
10
167.2433419999999842
20
-101.5535659999999893
11
167.2135189999999909
21
-101.512518
0
LINE
8
BLACK
6
CONTINUOUS
10
167.2135189999999909
20
-101.512518
11
167.1045169999999871
21
-101.362489999999994
0
LINE
8
BLACK
6
CONTINUOUS
10
167.1045169999999871
20
-101.362489999999994
11
166.9375100000000032
21
-101.1954829999999959
0
LINE
8
BLACK
6
CONTINUOUS
10
166.9375100000000032
20
-101.1954829999999959
11
166.7464329999999961
21
-101.0566570000000013
0
LINE
8
BLACK
6
CONTINUOUS
10
166.7464329999999961
20
-101.0566570000000013
11
166.6880789999999877
21
-101.026923999999994
0
LINE
8
BLACK
6
CONTINUOUS
10
166.6880789999999877
20
-101.026923999999994
11
166.535995999999983
21
-100.9494329999999991
0
LINE
8
BLACK
6
CONTINUOUS
10
166.535995999999983
20
-100.9494329999999991
11
166.3113679999999874
21
-100.8764460000000014
0
LINE
8
BLACK
6
CONTINUOUS
10
166.3113679999999874
20
-100.8764460000000014
11
166.0780969999999854
21
-100.839500000000001
0
LINE
8
BLACK
6
CONTINUOUS
10
166.0780969999999854
20
-100.839500000000001
11
166.0780919999999981
21
-100.839500000000001
0
LINE
8
BLACK
6
CONTINUOUS
10
166.0780919999999981
20
-100.839500000000001
11
165.8419079999999894
21
-100.839500000000001
0
LINE
8
BLACK
6
CONTINUOUS
10
165.8419079999999894
20
-100.839500000000001
11
165.8419030000000021
21
-100.839500000000001
0
LINE
8
BLACK
6
CONTINUOUS
10
165.8419030000000021
20
-100.839500000000001
11
165.6086310000000026
21
-100.8764460000000014
0
LINE
8
BLACK
6
CONTINUOUS
10
165.6086310000000026
20
-100.8764460000000014
11
165.3840029999999786
21
-100.9494329999999991
0
LINE
8
BLACK
6
CONTINUOUS
10
165.3840029999999786
20
-100.9494329999999991
11
165.1735630000000015
21
-101.0566589999999962
0
LINE
8
BLACK
6
CONTINUOUS
10
165.1735630000000015
20
-101.0566589999999962
11
165.0921380000000056
21
-101.1158179999999902
0
LINE
8
BLACK
6
CONTINUOUS
10
165.0921380000000056
20
-101.1158179999999902
11
165.0263319999999965
21
-101.1392979999999966
0
LINE
8
BLACK
6
CONTINUOUS
10
165.0263319999999965
20
-101.1392979999999966
11
165.019252999999992
21
-101.1394999999999982
0
LINE
8
BLACK
6
CONTINUOUS
10
165.019252999999992
20
-101.1394999999999982
11
162.6907469999999876
21
-101.1394999999999982
0
LINE
8
BLACK
6
CONTINUOUS
10
162.6907469999999876
20
-101.1394999999999982
11
162.6237079999999935
21
-101.1198149999999885
0
LINE
8
BLACK
6
CONTINUOUS
10
162.6237079999999935
20
-101.1198149999999885
11
162.6178620000000024
21
-101.1158179999999902
0
LINE
8
BLACK
6
CONTINUOUS
10
162.6178620000000024
20
-101.1158179999999902
11
162.5364359999999806
21
-101.0566589999999962
0
LINE
8
BLACK
6
CONTINUOUS
10
162.5364359999999806
20
-101.0566589999999962
11
162.5364349999999831
21
-101.0566579999999988
0
LINE
8
BLACK
6
CONTINUOUS
10
162.5364349999999831
20
-101.0566579999999988
11
162.5364329999999882
21
-101.0566570000000013
0
LINE
8
BLACK
6
CONTINUOUS
10
162.5364329999999882
20
-101.0566570000000013
11
162.4707149999999842
21
-101.0231720000000024
0
LINE
8
BLACK
6
CONTINUOUS
10
162.4707149999999842
20
-101.0231720000000024
11
162.3259960000000035
21
-100.9494329999999991
0
LINE
8
BLACK
6
CONTINUOUS
10
162.3259960000000035
20
-100.9494329999999991
11
162.1013679999999795
21
-100.8764460000000014
0
LINE
8
BLACK
6
CONTINUOUS
10
162.1013679999999795
20
-100.8764460000000014
11
161.8680970000000059
21
-100.839500000000001
0
LINE
8
BLACK
6
CONTINUOUS
10
161.8680970000000059
20
-100.839500000000001
11
161.8680919999999901
21
-100.839500000000001
0
LINE
8
BLACK
6
CONTINUOUS
10
161.8680919999999901
20
-100.839500000000001
11
161.6319079999999815
21
-100.839500000000001
0
LINE
8
BLACK
6
CONTINUOUS
10
161.6319079999999815
20
-100.839500000000001
11
161.6319029999999941
21
-100.839500000000001
0
LINE
8
BLACK
6
CONTINUOUS
10
161.6319029999999941
20
-100.839500000000001
11
161.3986309999999946
21
-100.8764460000000014
0
LINE
8
BLACK
6
CONTINUOUS
10
161.3986309999999946
20
-100.8764460000000014
11
161.174002999999999
21
-100.9494329999999991
0
LINE
8
BLACK
6
CONTINUOUS
10
161.174002999999999
20
-100.9494329999999991
11
160.9635659999999859
21
-101.0566570000000013
0
LINE
8
BLACK
6
CONTINUOUS
10
160.9635659999999859
20
-101.0566570000000013
11
160.8661769999999933
21
-101.1274149999999992
0
LINE
8
BLACK
6
CONTINUOUS
10
160.8661769999999933
20
-101.1274149999999992
11
160.7724900000000048
21
-101.1954829999999959
0
LINE
8
BLACK
6
CONTINUOUS
10
160.7724900000000048
20
-101.1954829999999959
11
160.7724879999999814
21
-101.1954849999999908
0
LINE
8
BLACK
6
CONTINUOUS
10
160.7724879999999814
20
-101.1954849999999908
11
160.7724869999999839
21
-101.1954849999999908
0
LINE
8
BLACK
6
CONTINUOUS
10
160.7724869999999839
20
-101.1954849999999908
11
160.6054849999999874
21
-101.3624870000000016
0
LINE
8
BLACK
6
CONTINUOUS
10
160.6054849999999874
20
-101.3624870000000016
11
160.6054849999999874
21
-101.362487999999999
0
LINE
8
BLACK
6
CONTINUOUS
10
160.6054849999999874
20
-101.362487999999999
11
160.6054829999999924
21
-101.362489999999994
0
LINE
8
BLACK
6
CONTINUOUS
10
160.6054829999999924
20
-101.362489999999994
11
160.5872190000000046
21
-101.3876279999999923
0
LINE
8
BLACK
6
CONTINUOUS
10
160.5872190000000046
20
-101.3876279999999923
11
160.4666569999999979
21
-101.5535659999999893
0
LINE
8
BLACK
6
CONTINUOUS
10
160.4666569999999979
20
-101.5535659999999893
11
160.3594329999999957
21
-101.7640030000000024
0
LINE
8
BLACK
6
CONTINUOUS
10
160.3594329999999957
20
-101.7640030000000024
11
160.2864459999999838
21
-101.988630999999998
0
LINE
8
BLACK
6
CONTINUOUS
10
160.2864459999999838
20
-101.988630999999998
11
160.2494999999999834
21
-102.221902
0
LINE
8
BLACK
6
CONTINUOUS
10
160.2494999999999834
20
-102.221902
11
160.2494999999999834
21
-102.4580969999999951
0
LINE
8
BLACK
6
CONTINUOUS
10
160.2494999999999834
20
-102.4580969999999951
11
160.2864459999999838
21
-102.6913679999999971
0
LINE
8
BLACK
6
CONTINUOUS
10
160.2864459999999838
20
-102.6913679999999971
11
160.3594329999999957
21
-102.9159959999999927
0
LINE
8
BLACK
6
CONTINUOUS
10
160.3594329999999957
20
-102.9159959999999927
11
160.4666569999999979
21
-103.1264329999999916
0
LINE
8
BLACK
6
CONTINUOUS
10
160.4666569999999979
20
-103.1264329999999916
11
160.6054829999999924
21
-103.3175099999999986
0
LINE
8
BLACK
6
CONTINUOUS
10
160.6054829999999924
20
-103.3175099999999986
11
160.7724900000000048
21
-103.4845169999999968
0
LINE
8
BLACK
6
CONTINUOUS
10
160.7724900000000048
20
-103.4845169999999968
11
160.9635669999999834
21
-103.6233429999999913
0
LINE
8
BLACK
6
CONTINUOUS
10
160.9635669999999834
20
-103.6233429999999913
11
161.0567790000000059
21
-103.6708369999999917
0
LINE
8
BLACK
6
CONTINUOUS
10
161.0567790000000059
20
-103.6708369999999917
11
161.174002999999999
21
-103.7305659999999961
0
LINE
8
BLACK
6
CONTINUOUS
10
161.174002999999999
20
-103.7305659999999961
11
161.174004999999994
21
-103.7305659999999961
0
LINE
8
BLACK
6
CONTINUOUS
10
161.174004999999994
20
-103.7305659999999961
11
161.1740079999999864
21
-103.730567999999991
0
LINE
8
BLACK
6
CONTINUOUS
10
161.1740079999999864
20
-103.730567999999991
11
161.2944119999999941
21
-103.7696889999999996
0
LINE
8
BLACK
6
CONTINUOUS
10
161.2944119999999941
20
-103.7696889999999996
11
161.3986309999999946
21
-103.8035529999999937
0
LINE
8
BLACK
6
CONTINUOUS
10
161.3986309999999946
20
-103.8035529999999937
11
161.6319029999999941
21
-103.8404999999999916
0
LINE
8
BLACK
6
CONTINUOUS
10
161.6319029999999941
20
-103.8404999999999916
11
161.6319079999999815
21
-103.8404999999999916
0
LINE
8
BLACK
6
CONTINUOUS
10
161.6319079999999815
20
-103.8404999999999916
11
161.8680970000000059
21
-103.8404999999999916
0
LINE
8
BLACK
6
CONTINUOUS
10
161.8680970000000059
20
-103.8404999999999916
11
162.1013679999999795
21
-103.8035529999999937
0
LINE
8
BLACK
6
CONTINUOUS
10
162.1013679999999795
20
-103.8035529999999937
11
162.3259919999999852
21
-103.730567999999991
0
LINE
8
BLACK
6
CONTINUOUS
10
162.3259919999999852
20
-103.730567999999991
11
162.5364329999999882
21
-103.6233429999999913
0
LINE
8
BLACK
6
CONTINUOUS
10
162.5364329999999882
20
-103.6233429999999913
11
162.5742379999999798
21
-103.5958749999999924
0
LINE
8
BLACK
6
CONTINUOUS
10
162.5742379999999798
20
-103.5958749999999924
11
162.6178620000000024
21
-103.5641820000000024
0
LINE
8
BLACK
6
CONTINUOUS
10
162.6178620000000024
20
-103.5641820000000024
11
162.6836679999999831
21
-103.540701999999996
0
LINE
8
BLACK
6
CONTINUOUS
10
162.6836679999999831
20
-103.540701999999996
11
162.6907469999999876
21
-103.5404999999999944
0
LINE
8
BLACK
6
CONTINUOUS
10
162.6907469999999876
20
-103.5404999999999944
11
163.9955190000000016
21
-103.5404999999999944
0
LINE
8
BLACK
6
CONTINUOUS
10
163.9955190000000016
20
-103.5404999999999944
11
164.7150139999999965
21
-103.5404999999999944
0
LINE
8
BLACK
6
CONTINUOUS
10
164.7150139999999965
20
-103.5404999999999944
11
164.7820529999999906
21
-103.5601849999999899
0
LINE
8
BLACK
6
CONTINUOUS
10
164.7820529999999906
20
-103.5601849999999899
11
164.8278080000000045
21
-103.6129889999999989
0
LINE
8
BLACK
6
CONTINUOUS
10
164.8278080000000045
20
-103.6129889999999989
11
164.8329410000000053
21
-103.6261719999999968
0
LINE
8
BLACK
6
CONTINUOUS
10
164.8329410000000053
20
-103.6261719999999968
11
164.8474530000000016
21
-103.6708319999999901
0
LINE
8
BLACK
6
CONTINUOUS
10
164.8474530000000016
20
-103.6708319999999901
11
164.8474549999999965
21
-103.6708369999999917
0
LINE
8
BLACK
6
CONTINUOUS
10
164.8474549999999965
20
-103.6708369999999917
11
164.9332399999999836
21
-103.8391989999999936
0
LINE
8
BLACK
6
CONTINUOUS
10
164.9332399999999836
20
-103.8391989999999936
11
165.0443099999999959
21
-103.9920740000000023
0
LINE
8
BLACK
6
CONTINUOUS
10
165.0443099999999959
20
-103.9920740000000023
11
165.0443119999999908
21
-103.9920759999999973
0
LINE
8
BLACK
6
CONTINUOUS
10
165.0443119999999908
20
-103.9920759999999973
11
166.3600549999999885
21
-105.307818999999995
0
LINE
8
BLACK
6
CONTINUOUS
10
166.3600549999999885
20
-105.307818999999995
11
166.3935400000000016
21
-105.3691419999999965
0
LINE
8
BLACK
6
CONTINUOUS
10
166.3935400000000016
20
-105.3691419999999965
11
166.3885559999999941
21
-105.4388339999999999
0
LINE
8
BLACK
6
CONTINUOUS
10
166.3885559999999941
20
-105.4388339999999999
11
166.346683999999982
21
-105.494766999999996
0
LINE
8
BLACK
6
CONTINUOUS
10
166.346683999999982
20
-105.494766999999996
11
166.2812199999999905
21
-105.5191839999999956
0
LINE
8
BLACK
6
CONTINUOUS
10
166.2812199999999905
20
-105.5191839999999956
11
166.272373999999985
21
-105.5194999999999936
0
LINE
8
BLACK
6
CONTINUOUS
10
166.272373999999985
20
-105.5194999999999936
11
165.0583949999999902
21
-105.5194999999999936
0
LINE
8
BLACK
6
CONTINUOUS
10
165.0583949999999902
20
-105.5194999999999936
11
164.9040669999999977
21
-105.5346989999999892
0
LINE
8
BLACK
6
CONTINUOUS
10
164.9040669999999977
20
-105.5346989999999892
11
164.7060419999999965
21
-105.5947689999999994
0
LINE
8
BLACK
6
CONTINUOUS
10
164.7060419999999965
20
-105.5947689999999994
11
164.5235449999999844
21
-105.6923169999999885
0
LINE
8
BLACK
6
CONTINUOUS
10
164.5235449999999844
20
-105.6923169999999885
11
164.3635889999999904
21
-105.8235889999999984
0
LINE
8
BLACK
6
CONTINUOUS
10
164.3635889999999904
20
-105.8235889999999984
11
164.2323169999999948
21
-105.9835449999999923
0
LINE
8
BLACK
6
CONTINUOUS
10
164.2323169999999948
20
-105.9835449999999923
11
164.2323149999999998
21
-105.9835489999999965
0
LINE
8
BLACK
6
CONTINUOUS
10
164.2323149999999998
20
-105.9835489999999965
11
164.1504779999999926
21
-106.1366549999999904
0
LINE
8
BLACK
6
CONTINUOUS
10
164.1504779999999926
20
-106.1366549999999904
11
164.1412310000000048
21
-106.1539539999999988
0
LINE
8
BLACK
6
CONTINUOUS
10
164.1412310000000048
20
-106.1539539999999988
11
164.09226799999999
21
-106.2037979999999919
0
LINE
8
BLACK
6
CONTINUOUS
10
164.09226799999999
20
-106.2037979999999919
11
164.0318729999999903
21
-106.2194999999999965
0
LINE
8
BLACK
6
CONTINUOUS
10
164.0318729999999903
20
-106.2194999999999965
11
162.6907469999999876
21
-106.2194999999999965
0
LINE
8
BLACK
6
CONTINUOUS
10
162.6907469999999876
20
-106.2194999999999965
11
162.6237079999999935
21
-106.199815000000001
0
LINE
8
BLACK
6
CONTINUOUS
10
162.6237079999999935
20
-106.199815000000001
11
162.6178620000000024
21
-106.1958179999999885
0
LINE
8
BLACK
6
CONTINUOUS
10
162.6178620000000024
20
-106.1958179999999885
11
162.5364359999999806
21
-106.1366589999999945
0
LINE
8
BLACK
6
CONTINUOUS
10
162.5364359999999806
20
-106.1366589999999945
11
162.5364349999999831
21
-106.1366579999999971
0
LINE
8
BLACK
6
CONTINUOUS
10
162.5364349999999831
20
-106.1366579999999971
11
162.5364329999999882
21
-106.1366569999999996
0
LINE
8
BLACK
6
CONTINUOUS
10
162.5364329999999882
20
-106.1366569999999996
11
162.4707149999999842
21
-106.1031720000000007
0
LINE
8
BLACK
6
CONTINUOUS
10
162.4707149999999842
20
-106.1031720000000007
11
162.3259960000000035
21
-106.0294329999999974
0
LINE
8
BLACK
6
CONTINUOUS
10
162.3259960000000035
20
-106.0294329999999974
11
162.1013679999999795
21
-105.9564459999999997
0
LINE
8
BLACK
6
CONTINUOUS
10
162.1013679999999795
20
-105.9564459999999997
11
161.8680970000000059
21
-105.9194999999999993
0
LINE
8
BLACK
6
CONTINUOUS
10
161.8680970000000059
20
-105.9194999999999993
11
161.8680919999999901
21
-105.9194999999999993
0
LINE
8
BLACK
6
CONTINUOUS
10
161.8680919999999901
20
-105.9194999999999993
11
161.6319079999999815
21
-105.9194999999999993
0
LINE
8
BLACK
6
CONTINUOUS
10
161.6319079999999815
20
-105.9194999999999993
11
161.6319029999999941
21
-105.9194999999999993
0
LINE
8
BLACK
6
CONTINUOUS
10
161.6319029999999941
20
-105.9194999999999993
11
161.3986309999999946
21
-105.9564459999999997
0
LINE
8
BLACK
6
CONTINUOUS
10
161.3986309999999946
20
-105.9564459999999997
11
161.174002999999999
21
-106.0294329999999974
0
LINE
8
BLACK
6
CONTINUOUS
10
161.174002999999999
20
-106.0294329999999974
11
160.9635629999999935
21
-106.1366589999999945
0
LINE
8
BLACK
6
CONTINUOUS
10
160.9635629999999935
20
-106.1366589999999945
11
160.8821379999999976
21
-106.1958179999999885
0
LINE
8
BLACK
6
CONTINUOUS
10
160.8821379999999976
20
-106.1958179999999885
11
160.8163319999999885
21
-106.2192979999999949
0
LINE
8
BLACK
6
CONTINUOUS
10
160.8163319999999885
20
-106.2192979999999949
11
160.809252999999984
21
-106.2194999999999965
0
LINE
8
BLACK
6
CONTINUOUS
10
160.809252999999984
20
-106.2194999999999965
11
160.2307469999999796
21
-106.2194999999999965
0
LINE
8
BLACK
6
CONTINUOUS
10
160.2307469999999796
20
-106.2194999999999965
11
160.1637079999999855
21
-106.199815000000001
0
LINE
8
BLACK
6
CONTINUOUS
10
160.1637079999999855
20
-106.199815000000001
11
160.1578619999999944
21
-106.1958179999999885
0
LINE
8
BLACK
6
CONTINUOUS
10
160.1578619999999944
20
-106.1958179999999885
11
160.0764360000000011
21
-106.1366589999999945
0
LINE
8
BLACK
6
CONTINUOUS
10
160.0764360000000011
20
-106.1366589999999945
11
160.0764350000000036
21
-106.1366579999999971
0
LINE
8
BLACK
6
CONTINUOUS
10
160.0764350000000036
20
-106.1366579999999971
11
160.0764329999999802
21
-106.1366569999999996
0
LINE
8
BLACK
6
CONTINUOUS
10
160.0764329999999802
20
-106.1366569999999996
11
160.0107150000000047
21
-106.1031720000000007
0
LINE
8
BLACK
6
CONTINUOUS
10
160.0107150000000047
20
-106.1031720000000007
11
159.8659959999999955
21
-106.0294329999999974
0
LINE
8
BLACK
6
CONTINUOUS
10
159.8659959999999955
20
-106.0294329999999974
11
159.6413679999999999
21
-105.9564459999999997
0
LINE
8
BLACK
6
CONTINUOUS
10
159.6413679999999999
20
-105.9564459999999997
11
159.4080969999999979
21
-105.9194999999999993
0
LINE
8
BLACK
6
CONTINUOUS
10
159.4080969999999979
20
-105.9194999999999993
11
159.4080919999999821
21
-105.9194999999999993
0
LINE
8
BLACK
6
CONTINUOUS
10
159.4080919999999821
20
-105.9194999999999993
11
159.2886259999999936
21
-105.9194999999999993
0
LINE
8
BLACK
6
CONTINUOUS
10
159.2886259999999936
20
-105.9194999999999993
11
159.2215869999999995
21
-105.8998149999999896
0
LINE
8
BLACK
6
CONTINUOUS
10
159.2215869999999995
20
-105.8998149999999896
11
159.2009449999999902
21
-105.8831809999999933
0
LINE
8
BLACK
6
CONTINUOUS
10
159.2009449999999902
20
-105.8831809999999933
11
155.986818999999997
21
-102.6690550000000002
0
LINE
8
BLACK
6
CONTINUOUS
10
155.986818999999997
20
-102.6690550000000002
11
155.9721150000000023
21
-102.6421270000000021
0
LINE
8
BLACK
6
CONTINUOUS
10
155.9721150000000023
20
-102.6421270000000021
11
155.9555229999999995
21
-102.6163090000000011
0
LINE
8
BLACK
6
CONTINUOUS
10
155.9555229999999995
20
-102.6163090000000011
11
155.9546310000000062
21
-102.6101079999999968
0
LINE
8
BLACK
6
CONTINUOUS
10
155.9546310000000062
20
-102.6101079999999968
11
155.9533339999999839
21
-102.6077319999999986
0
LINE
8
BLACK
6
CONTINUOUS
10
155.9533339999999839
20
-102.6077319999999986
11
155.9505000000000052
21
-102.5813739999999967
0
LINE
8
BLACK
6
CONTINUOUS
10
155.9505000000000052
20
-102.5813739999999967
11
155.9505000000000052
21
-102.4174779999999885
0
LINE
8
BLACK
6
CONTINUOUS
10
155.9505000000000052
20
-102.4174779999999885
11
155.9701849999999865
21
-102.3504389999999944
0
LINE
8
BLACK
6
CONTINUOUS
10
155.9701849999999865
20
-102.3504389999999944
11
155.9868139999999812
21
-102.3298009999999891
0
LINE
8
BLACK
6
CONTINUOUS
10
155.9868139999999812
20
-102.3298009999999891
11
156.1108030000000042
21
-102.205812999999992
0
LINE
8
BLACK
6
CONTINUOUS
10
156.1108030000000042
20
-102.205812999999992
11
156.1651249999999891
21
-102.1350180000000023
0
LINE
8
BLACK
6
CONTINUOUS
10
156.1651249999999891
20
-102.1350180000000023
11
156.2215489999999818
21
-102.0938170000000014
0
LINE
8
BLACK
6
CONTINUOUS
10
156.2215489999999818
20
-102.0938170000000014
11
156.291294999999991
21
-102.0896619999999899
0
LINE
8
BLACK
6
CONTINUOUS
10
156.291294999999991
20
-102.0896619999999899
11
156.3511799999999994
21
-102.1228249999999917
0
LINE
8
BLACK
6
CONTINUOUS
10
156.3511799999999994
20
-102.1228249999999917
11
156.3837570000000028
21
-102.1554019999999952
0
LINE
8
BLACK
6
CONTINUOUS
10
156.3837570000000028
20
-102.1554019999999952
11
156.5687230000000056
21
-102.2897880000000015
0
LINE
8
BLACK
6
CONTINUOUS
10
156.5687230000000056
20
-102.2897880000000015
11
156.7724289999999883
21
-102.393581999999995
0
LINE
8
BLACK
6
CONTINUOUS
10
156.7724289999999883
20
-102.393581999999995
11
156.9898709999999937
21
-102.4642339999999905
0
LINE
8
BLACK
6
CONTINUOUS
10
156.9898709999999937
20
-102.4642339999999905
11
157.0799999999999841
21
-102.4785089999999883
0
LINE
8
BLACK
6
CONTINUOUS
10
157.0799999999999841
20
-102.4785089999999883
11
157.0799999999999841
21
-101.9642559999999918
0
LINE
8
BLACK
6
CONTINUOUS
10
157.0799999999999841
20
-101.9642559999999918
11
157.0535040000000038
21
-101.9589859999999959
0
LINE
8
BLACK
6
CONTINUOUS
10
157.0535040000000038
20
-101.9589859999999959
11
156.8809949999999844
21
-101.8875299999999982
0
LINE
8
BLACK
6
CONTINUOUS
10
156.8809949999999844
20
-101.8875299999999982
11
156.7257400000000018
21
-101.7837919999999912
0
LINE
8
BLACK
6
CONTINUOUS
10
156.7257400000000018
20
-101.7837919999999912
11
156.5937079999999924
21
-101.6517599999999959
0
LINE
8
BLACK
6
CONTINUOUS
10
156.5937079999999924
20
-101.6517599999999959
11
156.4899699999999996
21
-101.4965049999999991
0
LINE
8
BLACK
6
CONTINUOUS
10
156.4899699999999996
20
-101.4965049999999991
11
156.4185139999999876
21
-101.323995999999994
0
LINE
8
BLACK
6
CONTINUOUS
10
156.4185139999999876
20
-101.323995999999994
11
156.3820869999999843
21
-101.140861000000001
0
LINE
8
BLACK
6
CONTINUOUS
10
156.3820869999999843
20
-101.140861000000001
11
156.3774999999999977
21
-101.0474999999999994
0
LINE
8
BLACK
6
CONTINUOUS
10
156.3774999999999977
20
-101.0474999999999994
11
156.3774999999999977
21
-100.9525000000000006
0
LINE
8
BLACK
6
CONTINUOUS
10
156.3774999999999977
20
-100.9525000000000006
11
156.3820869999999843
21
-100.859138999999999
0
LINE
8
BLACK
6
CONTINUOUS
10
156.3820869999999843
20
-100.859138999999999
11
156.4185139999999876
21
-100.6760039999999918
0
LINE
8
BLACK
6
CONTINUOUS
10
156.4185139999999876
20
-100.6760039999999918
11
156.4899699999999996
21
-100.5034950000000009
0
LINE
8
BLACK
6
CONTINUOUS
10
156.4899699999999996
20
-100.5034950000000009
11
156.5937079999999924
21
-100.3482399999999899
0
LINE
8
BLACK
6
CONTINUOUS
10
156.5937079999999924
20
-100.3482399999999899
11
156.7257400000000018
21
-100.2162079999999946
0
LINE
8
BLACK
6
CONTINUOUS
10
156.7257400000000018
20
-100.2162079999999946
11
156.8809949999999844
21
-100.1124700000000018
0
LINE
8
BLACK
6
CONTINUOUS
10
156.8809949999999844
20
-100.1124700000000018
11
157.0535040000000038
21
-100.0410139999999899
0
LINE
8
BLACK
6
CONTINUOUS
10
157.0535040000000038
20
-100.0410139999999899
11
157.2366389999999967
21
-100.0045870000000008
0
LINE
8
BLACK
6
CONTINUOUS
10
157.2366389999999967
20
-100.0045870000000008
11
157.4233609999999999
21
-100.0045870000000008
0
LINE
8
BLACK
6
CONTINUOUS
10
157.4233609999999999
20
-100.0045870000000008
11
157.6064959999999928
21
-100.0410139999999899
0
LINE
8
BLACK
6
CONTINUOUS
10
157.6064959999999928
20
-100.0410139999999899
11
157.7790049999999837
21
-100.1124700000000018
0
LINE
8
BLACK
6
CONTINUOUS
10
157.7790049999999837
20
-100.1124700000000018
11
157.9342599999999948
21
-100.2162079999999946
0
LINE
8
BLACK
6
CONTINUOUS
10
157.9342599999999948
20
-100.2162079999999946
11
158.0662920000000042
21
-100.3482399999999899
0
LINE
8
BLACK
6
CONTINUOUS
10
158.0662920000000042
20
-100.3482399999999899
11
158.170029999999997
21
-100.5034950000000009
0
LINE
8
BLACK
6
CONTINUOUS
10
158.170029999999997
20
-100.5034950000000009
11
158.2414859999999805
21
-100.6760039999999918
0
LINE
8
BLACK
6
CONTINUOUS
10
158.2414859999999805
20
-100.6760039999999918
11
158.2562039999999968
21
-100.75
0
LINE
8
BLACK
6
CONTINUOUS
10
158.2562039999999968
20
-100.75
11
158.7685319999999933
21
-100.75
0
LINE
8
BLACK
6
CONTINUOUS
10
158.7685319999999933
20
-100.75
11
158.7467340000000036
21
-100.612370999999996
0
LINE
8
BLACK
6
CONTINUOUS
10
158.7467340000000036
20
-100.612370999999996
11
158.6760819999999796
21
-100.3949289999999905
0
LINE
8
BLACK
6
CONTINUOUS
10
158.6760819999999796
20
-100.3949289999999905
11
158.5722879999999861
21
-100.1912229999999937
0
LINE
8
BLACK
6
CONTINUOUS
10
158.5722879999999861
20
-100.1912229999999937
11
158.4379019999999798
21
-100.0062569999999909
0
LINE
8
BLACK
6
CONTINUOUS
10
158.4379019999999798
20
-100.0062569999999909
11
158.2762419999999963
21
-99.8445969999999932
0
LINE
8
BLACK
6
CONTINUOUS
10
158.2762419999999963
20
-99.8445969999999932
11
158.1686599999999885
21
-99.7664339999999896
0
LINE
8
BLACK
6
CONTINUOUS
10
158.1686599999999885
20
-99.7664339999999896
11
158.125994999999989
21
-99.7111039999999917
0
LINE
8
BLACK
6
CONTINUOUS
10
158.125994999999989
20
-99.7111039999999917
11
158.1200159999999926
21
-99.641491000000002
0
LINE
8
BLACK
6
CONTINUOUS
10
158.1200159999999926
20
-99.641491000000002
11
158.1526219999999796
21
-99.5796959999999984
0
LINE
8
BLACK
6
CONTINUOUS
10
158.1526219999999796
20
-99.5796959999999984
11
158.2032260000000008
21
-99.5481849999999895
0
LINE
8
BLACK
6
CONTINUOUS
10
158.2032260000000008
20
-99.5481849999999895
11
158.3098320000000001
21
-99.5135469999999884
0
LINE
8
BLACK
6
CONTINUOUS
10
158.3098320000000001
20
-99.5135469999999884
11
158.4781989999999894
21
-99.4277599999999921
0
LINE
8
BLACK
6
CONTINUOUS
10
158.4781989999999894
20
-99.4277599999999921
11
158.6310739999999839
21
-99.3166899999999941
0
LINE
8
BLACK
6
CONTINUOUS
10
158.6310739999999839
20
-99.3166899999999941
11
160.4156899999999837
21
-97.5320729999999969
0
LINE
8
BLACK
6
CONTINUOUS
10
160.4156899999999837
20
-97.5320729999999969
11
160.5267599999999959
21
-97.3791989999999998
0
LINE
8
BLACK
6
CONTINUOUS
10
160.5267599999999959
20
-97.3791989999999998
11
160.6125470000000064
21
-97.2108319999999964
0
LINE
8
BLACK
6
CONTINUOUS
10
160.6125470000000064
20
-97.2108319999999964
11
160.6709400000000016
21
-97.0311179999999922
0
LINE
8
BLACK
6
CONTINUOUS
10
160.6709400000000016
20
-97.0311179999999922
11
160.6828129999999817
21
-96.9561559999999929
0
LINE
8
BLACK
6
CONTINUOUS
10
160.6828129999999817
20
-96.9561559999999929
11
160.7005000000000052
21
-96.8444859999999892
0
LINE
8
BLACK
6
CONTINUOUS
10
160.7005000000000052
20
-96.8444859999999892
11
160.7005000000000052
21
-96.8200219999999945
0
LINE
8
BLACK
6
CONTINUOUS
10
160.7005000000000052
20
-96.8200219999999945
11
160.7072239999999965
21
-96.79712099999999
0
LINE
8
BLACK
6
CONTINUOUS
10
160.7072239999999965
20
-96.79712099999999
11
160.7096090000000004
21
-96.7733739999999898
0
LINE
8
BLACK
6
CONTINUOUS
10
160.7096090000000004
20
-96.7733739999999898
11
160.7178429999999878
21
-96.7609549999999956
0
LINE
8
BLACK
6
CONTINUOUS
10
160.7178429999999878
20
-96.7609549999999956
11
160.7201849999999865
21
-96.7529830000000004
0
LINE
8
BLACK
6
CONTINUOUS
10
160.7201849999999865
20
-96.7529830000000004
11
160.7274050000000045
21
-96.7428949999999901
0
LINE
8
BLACK
6
CONTINUOUS
10
160.7274050000000045
20
-96.7428949999999901
11
160.7318080000000009
21
-96.7373509999999897
0
LINE
8
BLACK
6
CONTINUOUS
10
160.7318080000000009
20
-96.7373509999999897
11
160.7589309999999898
21
-96.7102289999999982
0
LINE
8
BLACK
6
CONTINUOUS
10
160.7589309999999898
20
-96.7102289999999982
11
160.9116339999999923
21
-96.5000509999999991
0
LINE
8
BLACK
6
CONTINUOUS
10
160.9116339999999923
20
-96.5000509999999991
11
160.9964659999999981
21
-96.3335589999999939
0
LINE
8
BLACK
6
CONTINUOUS
10
160.9964659999999981
20
-96.3335589999999939
11
161.0192659999999876
21
-96.3021779999999978
0
LINE
8
BLACK
6
CONTINUOUS
10
161.0192659999999876
20
-96.3021779999999978
11
161.2890160000000037
21
-96.0324269999999984
0
LINE
8
BLACK
6
CONTINUOUS
10
161.2890160000000037
20
-96.0324269999999984
11
161.2266009999999881
21
-95.8817420000000027
0
LINE
8
BLACK
6
CONTINUOUS
10
161.2266009999999881
20
-95.8817420000000027
11
161.194092999999981
21
-95.7183149999999898
0
LINE
8
BLACK
6
CONTINUOUS
10
161.194092999999981
20
-95.7183149999999898
11
161.194092999999981
21
-95.551684999999992
0
LINE
8
BLACK
6
CONTINUOUS
10
161.194092999999981
20
-95.551684999999992
11
161.2266009999999881
21
-95.3882579999999933
0
LINE
8
BLACK
6
CONTINUOUS
10
161.2266009999999881
20
-95.3882579999999933
11
161.2890170000000012
21
-95.2375710000000026
0
LINE
8
BLACK
6
CONTINUOUS
10
161.2890170000000012
20
-95.2375710000000026
11
161.0192659999999876
21
-94.967819999999989
0
LINE
8
BLACK
6
CONTINUOUS
10
161.0192659999999876
20
-94.967819999999989
11
160.9964630000000056
21
-94.9364349999999888
0
LINE
8
BLACK
6
CONTINUOUS
10
160.9964630000000056
20
-94.9364349999999888
11
160.9116339999999923
21
-94.7699489999999969
0
LINE
8
BLACK
6
CONTINUOUS
10
160.9116339999999923
20
-94.7699489999999969
11
160.7589309999999898
21
-94.5597709999999978
0
LINE
8
BLACK
6
CONTINUOUS
10
160.7589309999999898
20
-94.5597709999999978
11
160.5752289999999789
21
-94.3760690000000011
0
LINE
8
BLACK
6
CONTINUOUS
10
160.5752289999999789
20
-94.3760690000000011
11
160.4467699999999866
21
-94.2827379999999948
0
LINE
8
BLACK
6
CONTINUOUS
10
160.4467699999999866
20
-94.2827379999999948
11
160.3650539999999864
21
-94.2233679999999936
0
LINE
8
BLACK
6
CONTINUOUS
10
160.3650539999999864
20
-94.2233679999999936
11
160.365052999999989
21
-94.2233669999999961
0
LINE
8
BLACK
6
CONTINUOUS
10
160.365052999999989
20
-94.2233669999999961
11
160.365050999999994
21
-94.2233659999999986
0
LINE
8
BLACK
6
CONTINUOUS
10
160.365050999999994
20
-94.2233659999999986
11
160.2927640000000054
21
-94.1865339999999946
0
LINE
8
BLACK
6
CONTINUOUS
10
160.2927640000000054
20
-94.1865339999999946
11
160.133576000000005
21
-94.1054219999999901
0
LINE
8
BLACK
6
CONTINUOUS
10
160.133576000000005
20
-94.1054219999999901
11
159.8864930000000015
21
-94.0251399999999933
0
LINE
8
BLACK
6
CONTINUOUS
10
159.8864930000000015
20
-94.0251399999999933
11
159.6299019999999871
21
-93.984499999999997
0
LINE
8
BLACK
6
CONTINUOUS
10
159.6299019999999871
20
-93.984499999999997
11
159.6298969999999997
21
-93.984499999999997
0
LINE
8
BLACK
6
CONTINUOUS
10
159.6298969999999997
20
-93.984499999999997
11
159.3701030000000003
21
-93.984499999999997
0
LINE
8
BLACK
6
CONTINUOUS
10
159.3701030000000003
20
-93.984499999999997
11
159.3700979999999845
21
-93.984499999999997
0
LINE
8
BLACK
6
CONTINUOUS
10
159.3700979999999845
20
-93.984499999999997
11
159.1135050000000035
21
-94.0251399999999933
0
LINE
8
BLACK
6
CONTINUOUS
10
159.1135050000000035
20
-94.0251399999999933
11
159.1135019999999827
21
-94.0251399999999933
0
LINE
8
BLACK
6
CONTINUOUS
10
159.1135019999999827
20
-94.0251399999999933
11
158.9516390000000001
21
-94.0777339999999924
0
LINE
8
BLACK
6
CONTINUOUS
10
158.9516390000000001
20
-94.0777339999999924
11
158.8817980000000034
21
-94.0797290000000004
0
LINE
8
BLACK
6
CONTINUOUS
10
158.8817980000000034
20
-94.0797290000000004
11
158.8219650000000058
21
-94.043649000000002
0
LINE
8
BLACK
6
CONTINUOUS
10
158.8219650000000058
20
-94.043649000000002
11
158.791136999999992
21
-93.9809479999999979
0
LINE
8
BLACK
6
CONTINUOUS
10
158.791136999999992
20
-93.9809479999999979
11
158.7991020000000049
21
-93.911533999999989
0
LINE
8
BLACK
6
CONTINUOUS
10
158.7991020000000049
20
-93.911533999999989
11
158.8256399999999928
21
-93.8721219999999903
0
LINE
8
BLACK
6
CONTINUOUS
10
158.8256399999999928
20
-93.8721219999999903
11
158.9388809999999808
21
-93.7588819999999998
0
LINE
8
BLACK
6
CONTINUOUS
10
158.9388809999999808
20
-93.7588819999999998
11
159.4609439999999836
21
-93.236818999999997
0
LINE
8
BLACK
6
CONTINUOUS
10
159.4609439999999836
20
-93.236818999999997
11
159.5222669999999994
21
-93.2033339999999981
0
LINE
8
BLACK
6
CONTINUOUS
10
159.5222669999999994
20
-93.2033339999999981
11
159.548624999999987
21
-93.200499999999991
0
LINE
8
BLACK
6
CONTINUOUS
10
159.548624999999987
20
-93.200499999999991
11
170.4513739999999871
21
-93.200499999999991
0
LINE
8
BLACK
6
CONTINUOUS
10
170.4513739999999871
20
-93.200499999999991
11
170.5184129999999811
21
-93.2201850000000007
0
LINE
8
BLACK
6
CONTINUOUS
10
170.5184129999999811
20
-93.2201850000000007
11
170.5390549999999905
21
-93.236818999999997
0
LINE
8
BLACK
6
CONTINUOUS
10
170.5390549999999905
20
-93.236818999999997
11
172.4051389999999913
21
-95.1029029999999977
0
LINE
8
BLACK
6
CONTINUOUS
10
172.4051389999999913
20
-95.1029029999999977
11
172.4386240000000043
21
-95.1642259999999993
0
LINE
8
BLACK
6
CONTINUOUS
10
172.4386240000000043
20
-95.1642259999999993
11
172.4336399999999969
21
-95.2339180000000027
0
LINE
8
BLACK
6
CONTINUOUS
10
172.4336399999999969
20
-95.2339180000000027
11
172.3917679999999848
21
-95.2898509999999987
0
LINE
8
BLACK
6
CONTINUOUS
10
172.3917679999999848
20
-95.2898509999999987
11
172.3263039999999933
21
-95.3142679999999984
0
LINE
8
BLACK
6
CONTINUOUS
10
172.3263039999999933
20
-95.3142679999999984
11
172.2580309999999884
21
-95.2994159999999937
0
LINE
8
BLACK
6
CONTINUOUS
10
172.2580309999999884
20
-95.2994159999999937
11
172.2419720000000041
21
-95.2889599999999888
0
LINE
8
BLACK
6
CONTINUOUS
10
172.2419720000000041
20
-95.2889599999999888
11
172.0981259999999793
21
-95.1785829999999891
0
LINE
8
BLACK
6
CONTINUOUS
10
172.0981259999999793
20
-95.1785829999999891
11
171.8823759999999936
21
-95.0540199999999942
0
LINE
8
BLACK
6
CONTINUOUS
10
171.8823759999999936
20
-95.0540199999999942
11
171.8823610000000031
21
-95.0540129999999976
0
LINE
8
BLACK
6
CONTINUOUS
10
171.8823610000000031
20
-95.0540129999999976
11
171.6522070000000042
21
-94.9586809999999986
0
LINE
8
BLACK
6
CONTINUOUS
10
171.6522070000000042
20
-94.9586809999999986
11
171.4115610000000061
21
-94.8941999999999979
0
LINE
8
BLACK
6
CONTINUOUS
10
171.4115610000000061
20
-94.8941999999999979
11
171.164574999999985
21
-94.8616839999999968
0
LINE
8
BLACK
6
CONTINUOUS
10
171.164574999999985
20
-94.8616839999999968
11
171.1645699999999977
21
-94.8616829999999993
0
LINE
8
BLACK
6
CONTINUOUS
10
171.1645699999999977
20
-94.8616829999999993
11
171.1645649999999819
21
-94.8616829999999993
0
LINE
8
BLACK
6
CONTINUOUS
10
171.1645649999999819
20
-94.8616829999999993
11
170.9154350000000022
21
-94.8616829999999993
0
LINE
8
BLACK
6
CONTINUOUS
10
170.9154350000000022
20
-94.8616829999999993
11
170.9123899999999878
21
-94.8620829999999984
0
LINE
8
BLACK
6
CONTINUOUS
10
170.9123899999999878
20
-94.8620829999999984
11
170.9069789999999784
21
-94.8627959999999888
0
LINE
8
BLACK
6
CONTINUOUS
10
170.9069789999999784
20
-94.8627959999999888
11
170.8379449999999906
21
-94.8520269999999925
0
LINE
8
BLACK
6
CONTINUOUS
10
170.8379449999999906
20
-94.8520269999999925
11
170.8031179999999836
21
-94.8275369999999924
0
LINE
8
BLACK
6
CONTINUOUS
10
170.8031179999999836
20
-94.8275369999999924
11
170.6948929999999791
21
-94.7193120000000022
0
LINE
8
BLACK
6
CONTINUOUS
10
170.6948929999999791
20
-94.7193120000000022
11
170.6948909999999842
21
-94.719309999999993
0
LINE
8
BLACK
6
CONTINUOUS
10
170.6948909999999842
20
-94.719309999999993
11
170.5420159999999896
21
-94.608239999999995
0
LINE
8
BLACK
6
CONTINUOUS
10
170.5420159999999896
20
-94.608239999999995
11
170.3736529999999902
21
-94.5224539999999962
0
LINE
8
BLACK
6
CONTINUOUS
10
170.3736529999999902
20
-94.5224539999999962
11
170.193934999999982
21
-94.4640589999999918
0
LINE
8
BLACK
6
CONTINUOUS
10
170.193934999999982
20
-94.4640589999999918
11
170.007302999999979
21
-94.4344999999999999
0
LINE
8
BLACK
6
CONTINUOUS
10
170.007302999999979
20
-94.4344999999999999
11
170.0072979999999916
21
-94.4344999999999999
0
LINE
8
BLACK
6
CONTINUOUS
10
170.0072979999999916
20
-94.4344999999999999
11
165.7650219999999877
21
-94.4344999999999999
0
LINE
8
BLACK
6
CONTINUOUS
10
165.7650219999999877
20
-94.4344999999999999
11
165.6979829999999936
21
-94.4148149999999902
0
LINE
8
BLACK
6
CONTINUOUS
10
165.6979829999999936
20
-94.4148149999999902
11
165.6773409999999842
21
-94.3981809999999939
0
LINE
8
BLACK
6
CONTINUOUS
10
165.6773409999999842
20
-94.3981809999999939
11
165.6552309999999864
21
-94.376070999999996
0
LINE
8
BLACK
6
CONTINUOUS
10
165.6552309999999864
20
-94.376070999999996
11
165.6552250000000015
21
-94.3760659999999945
0
LINE
8
BLACK
6
CONTINUOUS
10
165.6552250000000015
20
-94.3760659999999945
11
165.445053999999999
21
-94.2233679999999936
0
LINE
8
BLACK
6
CONTINUOUS
10
165.445053999999999
20
-94.2233679999999936
11
165.4450530000000015
21
-94.2233669999999961
0
LINE
8
BLACK
6
CONTINUOUS
10
165.4450530000000015
20
-94.2233669999999961
11
165.4450510000000065
21
-94.2233659999999986
0
LINE
8
BLACK
6
CONTINUOUS
10
165.4450510000000065
20
-94.2233659999999986
11
165.3727639999999894
21
-94.1865339999999946
0
LINE
8
BLACK
6
CONTINUOUS
10
165.3727639999999894
20
-94.1865339999999946
11
165.2135759999999891
21
-94.1054219999999901
0
LINE
8
BLACK
6
CONTINUOUS
10
165.2135759999999891
20
-94.1054219999999901
11
164.9664929999999856
21
-94.0251399999999933
0
LINE
8
BLACK
6
CONTINUOUS
10
164.9664929999999856
20
-94.0251399999999933
11
164.7099019999999996
21
-93.984499999999997
0
LINE
8
BLACK
6
CONTINUOUS
10
164.7099019999999996
20
-93.984499999999997
11
164.7098969999999838
21
-93.984499999999997
0
LINE
8
BLACK
6
CONTINUOUS
10
164.7098969999999838
20
-93.984499999999997
11
164.4501029999999844
21
-93.984499999999997
0
LINE
8
BLACK
6
CONTINUOUS
10
164.4501029999999844
20
-93.984499999999997
11
164.450097999999997
21
-93.984499999999997
0
LINE
8
BLACK
6
CONTINUOUS
10
164.450097999999997
20
-93.984499999999997
11
164.1935059999999851
21
-94.0251399999999933
0
LINE
8
BLACK
6
CONTINUOUS
10
164.1935059999999851
20
-94.0251399999999933
11
163.9464229999999816
21
-94.1054219999999901
0
LINE
8
BLACK
6
CONTINUOUS
10
163.9464229999999816
20
-94.1054219999999901
11
163.7149450000000002
21
-94.2233679999999936
0
LINE
8
BLACK
6
CONTINUOUS
10
163.7149450000000002
20
-94.2233679999999936
11
163.5047739999999976
21
-94.3760659999999945
0
LINE
8
BLACK
6
CONTINUOUS
10
163.5047739999999976
20
-94.3760659999999945
11
163.5047679999999843
21
-94.376070999999996
0
LINE
8
BLACK
6
CONTINUOUS
10
163.5047679999999843
20
-94.376070999999996
11
163.3210709999999892
21
-94.5597679999999912
0
LINE
8
BLACK
6
CONTINUOUS
10
163.3210709999999892
20
-94.5597679999999912
11
163.3210660000000018
21
-94.5597739999999902
0
LINE
8
BLACK
6
CONTINUOUS
10
163.3210660000000018
20
-94.5597739999999902
11
163.1683659999999918
21
-94.7699470000000019
0
LINE
8
BLACK
6
CONTINUOUS
10
163.1683659999999918
20
-94.7699470000000019
11
163.0835349999999835
21
-94.9364349999999888
0
LINE
8
BLACK
6
CONTINUOUS
10
163.0835349999999835
20
-94.9364349999999888
11
163.0607320000000016
21
-94.967819999999989
0
LINE
8
BLACK
6
CONTINUOUS
10
163.0607320000000016
20
-94.967819999999989
11
162.7909819999999854
21
-95.2375689999999935
0
LINE
8
BLACK
6
CONTINUOUS
10
162.7909819999999854
20
-95.2375689999999935
11
162.853398999999996
21
-95.3882579999999933
0
LINE
8
BLACK
6
CONTINUOUS
10
162.853398999999996
20
-95.3882579999999933
11
162.8859070000000031
21
-95.551684999999992
0
LINE
8
BLACK
6
CONTINUOUS
10
162.8859070000000031
20
-95.551684999999992
11
162.8859070000000031
21
-95.7183149999999898
0
LINE
8
BLACK
6
CONTINUOUS
10
162.8859070000000031
20
-95.7183149999999898
11
162.853398999999996
21
-95.8817420000000027
0
LINE
8
BLACK
6
CONTINUOUS
10
162.853398999999996
20
-95.8817420000000027
11
162.7909819999999854
21
-96.0324279999999959
0
LINE
8
BLACK
6
CONTINUOUS
10
162.7909819999999854
20
-96.0324279999999959
11
163.0607320000000016
21
-96.3021779999999978
0
LINE
8
BLACK
6
CONTINUOUS
10
163.0607320000000016
20
-96.3021779999999978
11
163.083535999999981
21
-96.3335639999999955
0
LINE
8
BLACK
6
CONTINUOUS
10
163.083535999999981
20
-96.3335639999999955
11
163.1683659999999918
21
-96.5000509999999991
0
LINE
8
BLACK
6
CONTINUOUS
10
163.1683659999999918
20
-96.5000509999999991
11
163.3210689999999943
21
-96.7102289999999982
0
LINE
8
BLACK
6
CONTINUOUS
10
163.3210689999999943
20
-96.7102289999999982
11
163.5047710000000052
21
-96.8939309999999949
0
LINE
8
BLACK
6
CONTINUOUS
10
163.5047710000000052
20
-96.8939309999999949
11
163.7149489999999901
21
-97.0466339999999974
0
LINE
8
BLACK
6
CONTINUOUS
10
163.7149489999999901
20
-97.0466339999999974
11
163.8487629999999911
21
-97.1148159999999905
0
LINE
8
BLACK
6
CONTINUOUS
10
163.8487629999999911
20
-97.1148159999999905
11
163.9464229999999816
21
-97.1645769999999942
0
LINE
8
BLACK
6
CONTINUOUS
10
163.9464229999999816
20
-97.1645769999999942
11
163.946425000000005
21
-97.1645769999999942
0
LINE
8
BLACK
6
CONTINUOUS
10
163.946425000000005
20
-97.1645769999999942
11
163.9464279999999974
21
-97.1645789999999892
0
LINE
8
BLACK
6
CONTINUOUS
10
163.9464279999999974
20
-97.1645789999999892
11
164.1935069999999826
21
-97.2448599999999885
0
LINE
8
BLACK
6
CONTINUOUS
10
164.1935069999999826
20
-97.2448599999999885
11
164.3257059999999967
21
-97.2657969999999921
0
LINE
8
BLACK
6
CONTINUOUS
10
164.3257059999999967
20
-97.2657969999999921
11
164.450097999999997
21
-97.285499999999999
0
LINE
8
BLACK
6
CONTINUOUS
10
164.450097999999997
20
-97.285499999999999
11
164.4501029999999844
21
-97.285499999999999
0
LINE
8
BLACK
6
CONTINUOUS
10
164.4501029999999844
20
-97.285499999999999
11
164.7099019999999996
21
-97.285499999999999
0
LINE
8
BLACK
6
CONTINUOUS
10
164.7099019999999996
20
-97.285499999999999
11
164.8232979999999941
21
-97.2675389999999993
0
LINE
8
BLACK
6
CONTINUOUS
10
164.8232979999999941
20
-97.2675389999999993
11
164.9664929999999856
21
-97.2448599999999885
0
LINE
8
BLACK
6
CONTINUOUS
10
164.9664929999999856
20
-97.2448599999999885
11
165.2135719999999992
21
-97.1645789999999892
0
LINE
8
BLACK
6
CONTINUOUS
10
165.2135719999999992
20
-97.1645789999999892
11
165.4450510000000065
21
-97.0466339999999974
0
LINE
8
BLACK
6
CONTINUOUS
10
165.4450510000000065
20
-97.0466339999999974
11
165.6552289999999914
21
-96.8939309999999949
0
LINE
8
BLACK
6
CONTINUOUS
10
165.6552289999999914
20
-96.8939309999999949
11
165.6773409999999842
21
-96.8718190000000021
0
LINE
8
BLACK
6
CONTINUOUS
10
165.6773409999999842
20
-96.8718190000000021
11
165.738664
21
-96.838333999999989
0
LINE
8
BLACK
6
CONTINUOUS
10
165.738664
20
-96.838333999999989
11
165.7650219999999877
21
-96.8354999999999961
0
LINE
8
BLACK
6
CONTINUOUS
10
165.7650219999999877
20
-96.8354999999999961
11
169.0240079999999807
21
-96.8354999999999961
0
LINE
8
BLACK
6
CONTINUOUS
10
169.0240079999999807
20
-96.8354999999999961
11
169.0910470000000032
21
-96.8551849999999916
0
LINE
8
BLACK
6
CONTINUOUS
10
169.0910470000000032
20
-96.8551849999999916
11
169.1368019999999888
21
-96.9079890000000006
0
LINE
8
BLACK
6
CONTINUOUS
10
169.1368019999999888
20
-96.9079890000000006
11
169.1469469999999831
21
-96.9433149999999983
0
LINE
8
BLACK
6
CONTINUOUS
10
169.1469469999999831
20
-96.9433149999999983
11
169.1720169999999825
21
-97.133743999999993
0
LINE
8
BLACK
6
CONTINUOUS
10
169.1720169999999825
20
-97.133743999999993
11
169.2364979999999832
21
-97.3743899999999911
0
LINE
8
BLACK
6
CONTINUOUS
10
169.2364979999999832
20
-97.3743899999999911
11
169.3318299999999965
21
-97.60454399999999
0
LINE
8
BLACK
6
CONTINUOUS
10
169.3318299999999965
20
-97.60454399999999
11
169.3318349999999839
21
-97.6045539999999932
0
LINE
8
BLACK
6
CONTINUOUS
10
169.3318349999999839
20
-97.6045539999999932
11
169.3693810000000042
21
-97.6695869999999928
0
LINE
8
BLACK
6
CONTINUOUS
10
169.3693810000000042
20
-97.6695869999999928
11
169.3858519999999999
21
-97.737487999999999
0
LINE
8
BLACK
6
CONTINUOUS
10
169.3858519999999999
20
-97.737487999999999
11
169.3629999999999995
21
-97.8035139999999927
0
LINE
8
BLACK
6
CONTINUOUS
10
169.3629999999999995
20
-97.8035139999999927
11
169.3578469999999925
21
-97.8102499999999964
0
LINE
8
BLACK
6
CONTINUOUS
10
169.3578469999999925
20
-97.8102499999999964
11
169.3123169999999789
21
-97.8657279999999901
0
LINE
8
BLACK
6
CONTINUOUS
10
169.3123169999999789
20
-97.8657279999999901
11
169.2147689999999898
21
-98.0482250000000022
0
LINE
8
BLACK
6
CONTINUOUS
10
169.2147689999999898
20
-98.0482250000000022
11
169.1546989999999937
21
-98.2462489999999917
0
LINE
8
BLACK
6
CONTINUOUS
10
169.1546989999999937
20
-98.2462489999999917
11
169.1394999999999982
21
-98.4005769999999984
0
LINE
8
BLACK
6
CONTINUOUS
10
169.1394999999999982
20
-98.4005769999999984
11
169.1394999999999982
21
-100.2037869999999913
0
LINE
8
BLACK
6
CONTINUOUS
10
169.1394999999999982
20
-100.2037869999999913
11
169.1546989999999937
21
-100.358114999999998
0
LINE
8
BLACK
6
CONTINUOUS
10
169.1546989999999937
20
-100.358114999999998
11
169.2147689999999898
21
-100.5561399999999992
0
LINE
8
BLACK
6
CONTINUOUS
10
169.2147689999999898
20
-100.5561399999999992
11
169.2292349999999885
21
-100.5832039999999949
0
LINE
8
BLACK
6
CONTINUOUS
10
169.2292349999999885
20
-100.5832039999999949
11
169.2448249999999916
21
-100.612370999999996
0
LINE
8
BLACK
6
CONTINUOUS
10
169.2448249999999916
20
-100.612370999999996
11
169.3123169999999789
21
-100.7386369999999971
0
LINE
8
BLACK
6
CONTINUOUS
10
169.3123169999999789
20
-100.7386369999999971
11
169.4435890000000029
21
-100.8985929999999911
0
LINE
8
BLACK
6
CONTINUOUS
10
169.4435890000000029
20
-100.8985929999999911
11
169.6035449999999969
21
-101.0298650000000009
0
LINE
8
BLACK
6
CONTINUOUS
10
169.6035449999999969
20
-101.0298650000000009
11
169.6035489999999868
21
-101.0298679999999933
0
LINE
8
BLACK
6
CONTINUOUS
10
169.6035489999999868
20
-101.0298679999999933
11
169.7643489999999815
21
-101.1158179999999902
0
LINE
8
BLACK
6
CONTINUOUS
10
169.7643489999999815
20
-101.1158179999999902
11
169.7739540000000034
21
-101.1209519999999884
0
LINE
8
BLACK
6
CONTINUOUS
10
169.7739540000000034
20
-101.1209519999999884
11
169.7839529999999968
21
-101.1307740000000024
0
LINE
8
BLACK
6
CONTINUOUS
10
169.7839529999999968
20
-101.1307740000000024
11
169.7967029999999795
21
-101.1365969999999948
0
LINE
8
BLACK
6
CONTINUOUS
10
169.7967029999999795
20
-101.1365969999999948
11
169.8083839999999896
21
-101.1547729999999916
0
LINE
8
BLACK
6
CONTINUOUS
10
169.8083839999999896
20
-101.1547729999999916
11
169.8237979999999823
21
-101.1699149999999889
0
LINE
8
BLACK
6
CONTINUOUS
10
169.8237979999999823
20
-101.1699149999999889
11
169.8276589999999828
21
-101.1847659999999962
0
LINE
8
BLACK
6
CONTINUOUS
10
169.8276589999999828
20
-101.1847659999999962
11
169.8344769999999926
21
-101.1953749999999985
0
LINE
8
BLACK
6
CONTINUOUS
10
169.8344769999999926
20
-101.1953749999999985
11
169.8394999999999868
21
-101.2303099999999887
0
LINE
8
BLACK
6
CONTINUOUS
10
169.8394999999999868
20
-101.2303099999999887
11
169.8394999999999868
21
-101.3992530000000016
0
LINE
8
BLACK
6
CONTINUOUS
10
169.8394999999999868
20
-101.3992530000000016
11
169.8198150000000055
21
-101.4662919999999957
0
LINE
8
BLACK
6
CONTINUOUS
10
169.8198150000000055
20
-101.4662919999999957
11
169.8158179999999788
21
-101.4721380000000011
0
LINE
8
BLACK
6
CONTINUOUS
10
169.8158179999999788
20
-101.4721380000000011
11
169.7566589999999849
21
-101.5535629999999969
0
LINE
8
BLACK
6
CONTINUOUS
10
169.7566589999999849
20
-101.5535629999999969
11
169.6494329999999877
21
-101.7640030000000024
0
LINE
8
BLACK
6
CONTINUOUS
10
169.6494329999999877
20
-101.7640030000000024
11
169.5764460000000042
21
-101.988630999999998
0
LINE
8
BLACK
6
CONTINUOUS
10
169.5764460000000042
20
-101.988630999999998
11
169.5395000000000039
21
-102.221902
0
LINE
8
BLACK
6
CONTINUOUS
10
169.5395000000000039
20
-102.221902
11
169.5395000000000039
21
-102.4580969999999951
0
LINE
8
BLACK
6
CONTINUOUS
10
169.5395000000000039
20
-102.4580969999999951
11
169.5764460000000042
21
-102.6913679999999971
0
LINE
8
BLACK
6
CONTINUOUS
10
169.5764460000000042
20
-102.6913679999999971
11
169.6494329999999877
21
-102.9159959999999927
0
LINE
8
BLACK
6
CONTINUOUS
10
169.6494329999999877
20
-102.9159959999999927
11
169.7566569999999899
21
-103.1264329999999916
0
LINE
8
BLACK
6
CONTINUOUS
10
169.7566569999999899
20
-103.1264329999999916
11
169.8954829999999845
21
-103.3175099999999986
0
LINE
8
BLACK
6
CONTINUOUS
10
169.8954829999999845
20
-103.3175099999999986
11
170.0624899999999968
21
-103.4845169999999968
0
LINE
8
BLACK
6
CONTINUOUS
10
170.0624899999999968
20
-103.4845169999999968
11
170.2535670000000039
21
-103.6233429999999913
0
LINE
8
BLACK
6
CONTINUOUS
10
170.2535670000000039
20
-103.6233429999999913
11
170.3467789999999979
21
-103.6708369999999917
0
LINE
8
BLACK
6
CONTINUOUS
10
170.3467789999999979
20
-103.6708369999999917
11
170.4640029999999911
21
-103.7305659999999961
0
LINE
8
BLACK
6
CONTINUOUS
10
170.4640029999999911
20
-103.7305659999999961
11
170.464004999999986
21
-103.7305659999999961
0
LINE
8
BLACK
6
CONTINUOUS
10
170.464004999999986
20
-103.7305659999999961
11
170.4640079999999784
21
-103.730567999999991
0
LINE
8
BLACK
6
CONTINUOUS
10
170.4640079999999784
20
-103.730567999999991
11
170.5844119999999862
21
-103.7696889999999996
0
LINE
8
BLACK
6
CONTINUOUS
10
170.5844119999999862
20
-103.7696889999999996
11
170.6886309999999867
21
-103.8035529999999937
0
LINE
8
BLACK
6
CONTINUOUS
10
170.6886309999999867
20
-103.8035529999999937
11
170.9219029999999862
21
-103.8404999999999916
0
LINE
8
BLACK
6
CONTINUOUS
10
170.9219029999999862
20
-103.8404999999999916
11
170.9219080000000019
21
-103.8404999999999916
0
LINE
8
BLACK
6
CONTINUOUS
10
170.9219080000000019
20
-103.8404999999999916
11
171.1580969999999979
21
-103.8404999999999916
0
LINE
8
BLACK
6
CONTINUOUS
10
171.1580969999999979
20
-103.8404999999999916
11
171.3913679999999999
21
-103.8035529999999937
0
LINE
8
BLACK
6
CONTINUOUS
10
171.3913679999999999
20
-103.8035529999999937
11
171.6159920000000056
21
-103.730567999999991
0
LINE
8
BLACK
6
CONTINUOUS
10
171.6159920000000056
20
-103.730567999999991
11
171.8264329999999802
21
-103.6233429999999913
0
LINE
8
BLACK
6
CONTINUOUS
10
171.8264329999999802
20
-103.6233429999999913
11
172.0175099999999873
21
-103.4845169999999968
0
LINE
8
BLACK
6
CONTINUOUS
10
172.0175099999999873
20
-103.4845169999999968
11
172.1845169999999996
21
-103.3175099999999986
0
LINE
8
BLACK
6
CONTINUOUS
10
172.1845169999999996
20
-103.3175099999999986
11
172.3233429999999942
21
-103.1264329999999916
0
LINE
8
BLACK
6
CONTINUOUS
10
172.3233429999999942
20
-103.1264329999999916
11
172.4305679999999938
21
-102.9159919999999886
0
LINE
8
BLACK
6
CONTINUOUS
10
172.4305679999999938
20
-102.9159919999999886
11
172.5035529999999824
21
-102.6913679999999971
0
LINE
8
BLACK
6
CONTINUOUS
10
172.5035529999999824
20
-102.6913679999999971
11
172.511351999999988
21
-102.6421270000000021
0
LINE
8
BLACK
6
CONTINUOUS
10
172.511351999999988
20
-102.6421270000000021
11
172.5404999999999802
21
-102.4580969999999951
0
LINE
8
BLACK
6
CONTINUOUS
10
172.5404999999999802
20
-102.4580969999999951
11
172.5404999999999802
21
-102.221902
0
LINE
8
BLACK
6
CONTINUOUS
10
172.5404999999999802
20
-102.221902
11
172.5035529999999824
21
-101.988630999999998
0
LINE
8
BLACK
6
CONTINUOUS
10
172.5035529999999824
20
-101.988630999999998
11
172.4305659999999989
21
-101.7640030000000024
0
LINE
8
BLACK
6
CONTINUOUS
10
172.4305659999999989
20
-101.7640030000000024
11
172.3916659999999865
21
-101.6876589999999965
0
LINE
8
BLACK
6
CONTINUOUS
10
172.3916659999999865
20
-101.6876589999999965
11
172.3233429999999942
21
-101.553567000000001
0
LINE
8
BLACK
6
CONTINUOUS
10
172.3233429999999942
20
-101.553567000000001
11
172.2641820000000052
21
-101.4721380000000011
0
LINE
8
BLACK
6
CONTINUOUS
10
172.2641820000000052
20
-101.4721380000000011
11
172.2570289999999886
21
-101.4520929999999908
0
LINE
8
BLACK
6
CONTINUOUS
10
172.2570289999999886
20
-101.4520929999999908
11
172.2455229999999915
21
-101.4341879999999918
0
LINE
8
BLACK
6
CONTINUOUS
10
172.2455229999999915
20
-101.4341879999999918
11
172.2420679999999891
21
-101.4101610000000022
0
LINE
8
BLACK
6
CONTINUOUS
10
172.2420679999999891
20
-101.4101610000000022
11
172.2407019999999989
21
-101.4063319999999919
0
LINE
8
BLACK
6
CONTINUOUS
10
172.2407019999999989
20
-101.4063319999999919
11
172.2404999999999973
21
-101.3992530000000016
0
LINE
8
BLACK
6
CONTINUOUS
10
172.2404999999999973
20
-101.3992530000000016
11
172.2404999999999973
21
-101.2303099999999887
0
LINE
8
BLACK
6
CONTINUOUS
10
172.2404999999999973
20
-101.2303099999999887
11
172.2601849999999786
21
-101.1632709999999946
0
LINE
8
BLACK
6
CONTINUOUS
10
172.2601849999999786
20
-101.1632709999999946
11
172.3060459999999807
21
-101.1209519999999884
0
LINE
8
BLACK
6
CONTINUOUS
10
172.3060459999999807
20
-101.1209519999999884
11
172.3156510000000026
21
-101.1158179999999902
0
LINE
8
BLACK
6
CONTINUOUS
10
172.3156510000000026
20
-101.1158179999999902
11
172.4764509999999973
21
-101.0298679999999933
0
LINE
8
BLACK
6
CONTINUOUS
10
172.4764509999999973
20
-101.0298679999999933
11
172.5968349999999987
21
-100.9310699999999912
0
LINE
8
BLACK
6
CONTINUOUS
10
172.5968349999999987
20
-100.9310699999999912
11
172.6611450000000048
21
-100.9037579999999963
0
LINE
8
BLACK
6
CONTINUOUS
10
172.6611450000000048
20
-100.9037579999999963
11
172.7300119999999879
21
-100.9155489999999986
0
LINE
8
BLACK
6
CONTINUOUS
10
172.7300119999999879
20
-100.9155489999999986
11
172.7815729999999803
21
-100.9627009999999956
0
LINE
8
BLACK
6
CONTINUOUS
10
172.7815729999999803
20
-100.9627009999999956
11
172.7994999999999948
21
-101.026923999999994
0
LINE
8
BLACK
6
CONTINUOUS
10
172.7994999999999948
20
-101.026923999999994
11
172.7994999999999948
21
-111.9513729999999896
0
LINE
8
BLACK
6
CONTINUOUS
10
172.7994999999999948
20
-111.9513729999999896
11
172.779814999999985
21
-112.0184119999999979
0
LINE
8
BLACK
6
CONTINUOUS
10
172.779814999999985
20
-112.0184119999999979
11
172.763181000000003
21
-112.039053999999993
0
LINE
8
BLACK
6
CONTINUOUS
10
172.763181000000003
20
-112.039053999999993
11
168.6326929999999891
21
-116.1695409999999953
0
LINE
8
BLACK
6
CONTINUOUS
10
168.6326929999999891
20
-116.1695409999999953
11
168.5713700000000017
21
-116.2030259999999942
0
LINE
8
BLACK
6
CONTINUOUS
10
168.5713700000000017
20
-116.2030259999999942
11
168.5016779999999983
21
-116.1980420000000009
0
LINE
8
BLACK
6
CONTINUOUS
10
168.5016779999999983
20
-116.1980420000000009
11
168.4887239999999906
21
-116.1923479999999955
0
LINE
8
BLACK
6
CONTINUOUS
10
168.4887239999999906
20
-116.1923479999999955
11
168.4353849999999966
21
-116.1651699999999892
0
LINE
8
BLACK
6
CONTINUOUS
10
168.4353849999999966
20
-116.1651699999999892
11
168.3259960000000035
21
-116.1094329999999957
0
LINE
8
BLACK
6
CONTINUOUS
10
168.3259960000000035
20
-116.1094329999999957
11
168.1013679999999795
21
-116.036445999999998
0
LINE
8
BLACK
6
CONTINUOUS
10
168.1013679999999795
20
-116.036445999999998
11
167.8680970000000059
21
-115.9994999999999976
0
LINE
8
BLACK
6
CONTINUOUS
10
167.8680970000000059
20
-115.9994999999999976
11
167.8680919999999901
21
-115.9994999999999976
0
LINE
8
BLACK
6
CONTINUOUS
10
167.8680919999999901
20
-115.9994999999999976
11
167.6319079999999815
21
-115.9994999999999976
0
LINE
8
BLACK
6
CONTINUOUS
10
167.6319079999999815
20
-115.9994999999999976
11
167.6319029999999941
21
-115.9994999999999976
0
LINE
8
BLACK
6
CONTINUOUS
10
167.6319029999999941
20
-115.9994999999999976
11
167.3986309999999946
21
-116.036445999999998
0
LINE
8
BLACK
6
CONTINUOUS
10
167.3986309999999946
20
-116.036445999999998
11
167.174002999999999
21
-116.1094329999999957
0
LINE
8
BLACK
6
CONTINUOUS
10
167.174002999999999
20
-116.1094329999999957
11
166.9635659999999859
21
-116.2166569999999979
0
LINE
8
BLACK
6
CONTINUOUS
10
166.9635659999999859
20
-116.2166569999999979
11
166.854549999999989
21
-116.2958619999999996
0
LINE
8
BLACK
6
CONTINUOUS
10
166.854549999999989
20
-116.2958619999999996
11
166.7724900000000048
21
-116.3554829999999924
0
LINE
8
BLACK
6
CONTINUOUS
10
166.7724900000000048
20
-116.3554829999999924
11
166.7724879999999814
21
-116.3554850000000016
0
LINE
8
BLACK
6
CONTINUOUS
10
166.7724879999999814
20
-116.3554850000000016
11
166.7724869999999839
21
-116.3554850000000016
0
LINE
8
BLACK
6
CONTINUOUS
10
166.7724869999999839
20
-116.3554850000000016
11
166.6054849999999874
21
-116.5224869999999981
0
LINE
8
BLACK
6
CONTINUOUS
10
166.6054849999999874
20
-116.5224869999999981
11
166.6054849999999874
21
-116.5224879999999956
0
LINE
8
BLACK
6
CONTINUOUS
10
166.6054849999999874
20
-116.5224879999999956
11
166.6054829999999924
21
-116.5224899999999906
0
LINE
8
BLACK
6
CONTINUOUS
10
166.6054829999999924
20
-116.5224899999999906
11
166.5458619999999996
21
-116.604549999999989
0
LINE
8
BLACK
6
CONTINUOUS
10
166.5458619999999996
20
-116.604549999999989
11
166.4666569999999979
21
-116.7135660000000001
0
LINE
8
BLACK
6
CONTINUOUS
10
166.4666569999999979
20
-116.7135660000000001
11
166.3594329999999957
21
-116.924002999999999
0
LINE
8
BLACK
6
CONTINUOUS
10
166.3594329999999957
20
-116.924002999999999
11
166.2864459999999838
21
-117.1486309999999946
0
LINE
8
BLACK
6
CONTINUOUS
10
166.2864459999999838
20
-117.1486309999999946
11
166.2494999999999834
21
-117.3819019999999966
0
LINE
8
BLACK
6
CONTINUOUS
10
166.2494999999999834
20
-117.3819019999999966
11
166.2494999999999834
21
-117.6180969999999917
0
LINE
8
BLACK
6
CONTINUOUS
10
166.2494999999999834
20
-117.6180969999999917
11
166.2864459999999838
21
-117.8513679999999937
0
LINE
8
BLACK
6
CONTINUOUS
10
166.2864459999999838
20
-117.8513679999999937
11
166.3594329999999957
21
-118.0759959999999893
0
LINE
8
BLACK
6
CONTINUOUS
10
166.3594329999999957
20
-118.0759959999999893
11
166.4666569999999979
21
-118.2864329999999882
0
LINE
8
BLACK
6
CONTINUOUS
10
166.4666569999999979
20
-118.2864329999999882
11
166.6054829999999924
21
-118.4775099999999952
0
LINE
8
BLACK
6
CONTINUOUS
10
166.6054829999999924
20
-118.4775099999999952
11
166.7724900000000048
21
-118.6445169999999933
0
LINE
8
BLACK
6
CONTINUOUS
10
166.7724900000000048
20
-118.6445169999999933
11
166.9635669999999834
21
-118.7833429999999879
0
LINE
8
BLACK
6
CONTINUOUS
10
166.9635669999999834
20
-118.7833429999999879
11
167.0629909999999825
21
-118.8340019999999981
0
LINE
8
BLACK
6
CONTINUOUS
10
167.0629909999999825
20
-118.8340019999999981
11
167.174002999999999
21
-118.8905659999999926
0
LINE
8
BLACK
6
CONTINUOUS
10
167.174002999999999
20
-118.8905659999999926
11
167.174004999999994
21
-118.8905659999999926
0
LINE
8
BLACK
6
CONTINUOUS
10
167.174004999999994
20
-118.8905659999999926
11
167.1740079999999864
21
-118.8905679999999876
0
LINE
8
BLACK
6
CONTINUOUS
10
167.1740079999999864
20
-118.8905679999999876
11
167.2944119999999941
21
-118.9296889999999962
0
LINE
8
BLACK
6
CONTINUOUS
10
167.2944119999999941
20
-118.9296889999999962
11
167.3986309999999946
21
-118.9635529999999903
0
LINE
8
BLACK
6
CONTINUOUS
10
167.3986309999999946
20
-118.9635529999999903
11
167.6319029999999941
21
-119.0004999999999882
0
LINE
8
BLACK
6
CONTINUOUS
10
167.6319029999999941
20
-119.0004999999999882
11
167.6319079999999815
21
-119.0004999999999882
0
LINE
8
BLACK
6
CONTINUOUS
10
167.6319079999999815
20
-119.0004999999999882
11
167.8680970000000059
21
-119.0004999999999882
0
LINE
8
BLACK
6
CONTINUOUS
10
167.8680970000000059
20
-119.0004999999999882
11
168.1013679999999795
21
-118.9635529999999903
0
LINE
8
BLACK
6
CONTINUOUS
10
168.1013679999999795
20
-118.9635529999999903
11
168.3259919999999852
21
-118.8905679999999876
0
LINE
8
BLACK
6
CONTINUOUS
10
168.3259919999999852
20
-118.8905679999999876
11
168.5364329999999882
21
-118.7833429999999879
0
LINE
8
BLACK
6
CONTINUOUS
10
168.5364329999999882
20
-118.7833429999999879
11
168.5997150000000033
21
-118.7373649999999969
0
LINE
8
BLACK
6
CONTINUOUS
10
168.5997150000000033
20
-118.7373649999999969
11
168.672916999999984
21
-118.6841819999999927
0
LINE
8
BLACK
6
CONTINUOUS
10
168.672916999999984
20
-118.6841819999999927
11
168.7387229999999931
21
-118.6607020000000006
0
LINE
8
BLACK
6
CONTINUOUS
10
168.7387229999999931
20
-118.6607020000000006
11
168.7458019999999976
21
-118.660499999999999
0
LINE
8
BLACK
6
CONTINUOUS
10
168.7458019999999976
20
-118.660499999999999
11
169.1344859999999812
21
-118.660499999999999
0
LINE
8
BLACK
6
CONTINUOUS
10
169.1344859999999812
20
-118.660499999999999
11
169.3211179999999842
21
-118.6309399999999954
0
LINE
8
BLACK
6
CONTINUOUS
10
169.3211179999999842
20
-118.6309399999999954
11
169.5008320000000026
21
-118.5725470000000001
0
LINE
8
BLACK
6
CONTINUOUS
10
169.5008320000000026
20
-118.5725470000000001
11
169.6691989999999919
21
-118.4867599999999896
0
LINE
8
BLACK
6
CONTINUOUS
10
169.6691989999999919
20
-118.4867599999999896
11
169.8220739999999864
21
-118.3756899999999916
0
LINE
8
BLACK
6
CONTINUOUS
10
169.8220739999999864
20
-118.3756899999999916
11
174.9156899999999837
21
-113.2820739999999944
0
LINE
8
BLACK
6
CONTINUOUS
10
174.9156899999999837
20
-113.2820739999999944
11
175.0267599999999959
21
-113.1291989999999998
0
LINE
8
BLACK
6
CONTINUOUS
10
175.0267599999999959
20
-113.1291989999999998
11
175.112546999999978
21
-112.9608319999999964
0
LINE
8
BLACK
6
CONTINUOUS
10
175.112546999999978
20
-112.9608319999999964
11
175.1709400000000016
21
-112.7811179999999922
0
LINE
8
BLACK
6
CONTINUOUS
10
175.1709400000000016
20
-112.7811179999999922
11
175.1957339999999874
21
-112.624574999999993
0
LINE
8
BLACK
6
CONTINUOUS
10
175.1957339999999874
20
-112.624574999999993
11
175.2005000000000052
21
-112.5944870000000009
0
LINE
8
BLACK
6
CONTINUOUS
10
175.2005000000000052
20
-112.5944870000000009
11
175.2005000000000052
21
-94.9055129999999991
0
LINE
8
BLACK
6
CONTINUOUS
10
175.2005000000000052
20
-94.9055129999999991
11
175.1709400000000016
21
-94.7188809999999961
0
LINE
8
BLACK
6
CONTINUOUS
10
175.1709400000000016
20
-94.7188809999999961
11
175.1349899999999877
21
-94.608239999999995
0
LINE
8
BLACK
6
CONTINUOUS
10
175.1349899999999877
20
-94.608239999999995
11
175.112546999999978
21
-94.5391679999999894
0
LINE
8
BLACK
6
CONTINUOUS
10
175.112546999999978
20
-94.5391679999999894
11
175.112544999999983
21
-94.539164999999997
0
LINE
8
BLACK
6
CONTINUOUS
10
175.112544999999983
20
-94.539164999999997
11
175.112544999999983
21
-94.5391630000000021
0
LINE
8
BLACK
6
CONTINUOUS
10
175.112544999999983
20
-94.5391630000000021
11
175.0491859999999917
21
-94.4148149999999902
0
LINE
8
BLACK
6
CONTINUOUS
10
175.0491859999999917
20
-94.4148149999999902
11
175.0267599999999959
21
-94.3708010000000002
0
LINE
8
BLACK
6
CONTINUOUS
10
175.0267599999999959
20
-94.3708010000000002
11
174.9156899999999837
21
-94.2179269999999889
0
LINE
8
BLACK
6
CONTINUOUS
10
174.9156899999999837
20
-94.2179269999999889
11
174.7820729999999969
21
-94.0843100000000021
0
LINE
8
BLACK
6
CONTINUOUS
10
174.7820729999999969
20
-94.0843100000000021
11
171.7820739999999944
21
-91.0843100000000021
0
LINE
8
BLACK
6
CONTINUOUS
10
171.7820739999999944
20
-91.0843100000000021
11
171.6291989999999998
21
-90.9732399999999899
0
LINE
8
BLACK
6
CONTINUOUS
10
171.6291989999999998
20
-90.9732399999999899
11
171.4608360000000005
21
-90.8874539999999911
0
LINE
8
BLACK
6
CONTINUOUS
10
171.4608360000000005
20
-90.8874539999999911
11
171.2811179999999922
21
-90.8290590000000009
0
LINE
8
BLACK
6
CONTINUOUS
10
171.2811179999999922
20
-90.8290590000000009
11
171.0944859999999892
21
-90.7994999999999948
0
LINE
8
BLACK
6
CONTINUOUS
10
171.0944859999999892
20
-90.7994999999999948
11
171.0944810000000018
21
-90.7994999999999948
0
LINE
8
BLACK
6
CONTINUOUS
10
171.0944810000000018
20
-90.7994999999999948
11
159.0944819999999993
21
-90.7994999999999948
0
LINE
8
BLACK
6
CONTINUOUS
10
159.0944819999999993
20
-90.7994999999999948
11
158.9055189999999982
21
-90.7994999999999948
0
LINE
8
BLACK
6
CONTINUOUS
10
158.9055189999999982
20
-90.7994999999999948
11
158.9055139999999824
21
-90.7994999999999948
0
LINE
8
BLACK
6
CONTINUOUS
10
158.9055139999999824
20
-90.7994999999999948
11
158.7188809999999819
21
-90.8290590000000009
0
LINE
8
BLACK
6
CONTINUOUS
10
158.7188809999999819
20
-90.8290590000000009
11
158.5391630000000021
21
-90.8874539999999911
0
LINE
8
BLACK
6
CONTINUOUS
10
158.5391630000000021
20
-90.8874539999999911
11
158.3708000000000027
21
-90.9732399999999899
0
LINE
8
BLACK
6
CONTINUOUS
10
158.3708000000000027
20
-90.9732399999999899
11
158.2835790000000031
21
-91.036609999999996
0
LINE
8
BLACK
6
CONTINUOUS
10
158.2835790000000031
20
-91.036609999999996
11
158.2179270000000031
21
-91.0843100000000021
0
LINE
8
BLACK
6
CONTINUOUS
10
158.2179270000000031
20
-91.0843100000000021
11
158.2179249999999797
21
-91.0843119999999971
0
LINE
8
BLACK
6
CONTINUOUS
10
158.2179249999999797
20
-91.0843119999999971
11
158.2179239999999822
21
-91.0843119999999971
0
LINE
8
BLACK
6
CONTINUOUS
10
158.2179239999999822
20
-91.0843119999999971
11
156.0443119999999908
21
-93.257922999999991
0
LINE
8
BLACK
6
CONTINUOUS
10
156.0443119999999908
20
-93.257922999999991
11
155.9332399999999836
21
-93.4107999999999947
0
LINE
8
BLACK
6
CONTINUOUS
10
155.9332399999999836
20
-93.4107999999999947
11
155.847453999999999
21
-93.5791629999999941
0
LINE
8
BLACK
6
CONTINUOUS
10
155.847453999999999
20
-93.5791629999999941
11
155.7890589999999804
21
-93.7588810000000024
0
LINE
8
BLACK
6
CONTINUOUS
10
155.7890589999999804
20
-93.7588810000000024
11
155.7587369999999964
21
-93.9503309999999914
0
LINE
8
BLACK
6
CONTINUOUS
10
155.7587369999999964
20
-93.9503309999999914
11
155.7571109999999805
21
-93.9500729999999891
0
LINE
8
BLACK
6
CONTINUOUS
10
155.7571109999999805
20
-93.9500729999999891
11
155.7347759999999823
21
-94.0086529999999954
0
LINE
8
BLACK
6
CONTINUOUS
10
155.7347759999999823
20
-94.0086529999999954
11
155.6785390000000007
21
-94.0501160000000027
0
LINE
8
BLACK
6
CONTINUOUS
10
155.6785390000000007
20
-94.0501160000000027
11
155.6088129999999978
21
-94.054592999999997
0
LINE
8
BLACK
6
CONTINUOUS
10
155.6088129999999978
20
-94.054592999999997
11
155.5950979999999788
21
-94.0506639999999976
0
LINE
8
BLACK
6
CONTINUOUS
10
155.5950979999999788
20
-94.0506639999999976
11
155.4492569999999887
21
-93.9996319999999912
0
LINE
8
BLACK
6
CONTINUOUS
10
155.4492569999999887
20
-93.9996319999999912
11
155.4492489999999805
21
-93.9996299999999962
0
LINE
8
BLACK
6
CONTINUOUS
10
155.4492489999999805
20
-93.9996299999999962
11
155.314959999999985
21
-93.984499999999997
0
LINE
8
BLACK
6
CONTINUOUS
10
155.314959999999985
20
-93.984499999999997
11
155.3149540000000002
21
-93.984499999999997
0
LINE
8
BLACK
6
CONTINUOUS
10
155.3149540000000002
20
-93.984499999999997
11
153.5250460000000032
21
-93.984499999999997
0
LINE
8
BLACK
6
CONTINUOUS
10
153.5250460000000032
20
-93.984499999999997
11
153.5250389999999925
21
-93.984499999999997
0
LINE
8
BLACK
6
CONTINUOUS
10
153.5250389999999925
20
-93.984499999999997
11
153.390749999999997
21
-93.9996299999999962
0
LINE
8
BLACK
6
CONTINUOUS
10
153.390749999999997
20
-93.9996299999999962
11
153.3907449999999812
21
-93.9996309999999937
0
LINE
8
BLACK
6
CONTINUOUS
10
153.3907449999999812
20
-93.9996309999999937
11
153.2204759999999908
21
-94.0592109999999906
0
LINE
8
BLACK
6
CONTINUOUS
10
153.2204759999999908
20
-94.0592109999999906
11
153.0677369999999939
21
-94.1551839999999913
0
LINE
8
BLACK
6
CONTINUOUS
10
153.0677369999999939
20
-94.1551839999999913
11
152.9401839999999879
21
-94.2827369999999974
0
LINE
8
BLACK
6
CONTINUOUS
10
152.9401839999999879
20
-94.2827369999999974
11
152.8812869999999862
21
-94.3764719999999926
0
LINE
8
BLACK
6
CONTINUOUS
10
152.8812869999999862
20
-94.3764719999999926
11
152.8289519999999868
21
-94.4227629999999891
0
LINE
8
BLACK
6
CONTINUOUS
10
152.8289519999999868
20
-94.4227629999999891
11
152.7762929999999812
21
-94.4344999999999999
0
LINE
8
BLACK
6
CONTINUOUS
10
152.7762929999999812
20
-94.4344999999999999
11
152.2705139999999915
21
-94.4344999999999999
0
LINE
8
BLACK
6
CONTINUOUS
10
152.2705139999999915
20
-94.4344999999999999
11
152.083880999999991
21
-94.4640589999999918
0
LINE
8
BLACK
6
CONTINUOUS
10
152.083880999999991
20
-94.4640589999999918
11
151.9041629999999827
21
-94.5224539999999962
0
LINE
8
BLACK
6
CONTINUOUS
10
151.9041629999999827
20
-94.5224539999999962
11
151.7357999999999834
21
-94.608239999999995
0
LINE
8
BLACK
6
CONTINUOUS
10
151.7357999999999834
20
-94.608239999999995
11
151.6922619999999995
21
-94.6398729999999944
0
LINE
8
BLACK
6
CONTINUOUS
10
151.6922619999999995
20
-94.6398729999999944
11
151.5829269999999838
21
-94.719309999999993
0
LINE
8
BLACK
6
CONTINUOUS
10
151.5829269999999838
20
-94.719309999999993
11
151.5829249999999888
21
-94.7193120000000022
0
LINE
8
BLACK
6
CONTINUOUS
10
151.5829249999999888
20
-94.7193120000000022
11
151.5829239999999913
21
-94.7193120000000022
0
LINE
8
BLACK
6
CONTINUOUS
10
151.5829239999999913
20
-94.7193120000000022
11
148.0843099999999879
21
-98.2179249999999939
0
LINE
8
BLACK
6
CONTINUOUS
10
148.0843099999999879
20
-98.2179249999999939
11
148.019945000000007
21
-98.306517999999997
0
LINE
8
BLACK
6
CONTINUOUS
10
148.019945000000007
20
-98.306517999999997
11
148.0199439999999811
21
-98.3065189999999944
0
LINE
8
BLACK
6
CONTINUOUS
10
148.0199439999999811
20
-98.3065189999999944
11
147.9732400000000041
21
-98.3707999999999885
0
LINE
8
BLACK
6
CONTINUOUS
10
147.9732400000000041
20
-98.3707999999999885
11
147.8874539999999911
21
-98.5391630000000021
0
LINE
8
BLACK
6
CONTINUOUS
10
147.8874539999999911
20
-98.5391630000000021
11
147.8290590000000009
21
-98.7188809999999961
0
LINE
8
BLACK
6
CONTINUOUS
10
147.8290590000000009
20
-98.7188809999999961
11
147.7994999999999948
21
-98.9055129999999991
0
LINE
8
BLACK
6
CONTINUOUS
10
147.7994999999999948
20
-98.9055129999999991
11
147.7994999999999948
21
-102.8444859999999892
0
LINE
8
BLACK
6
CONTINUOUS
10
147.7994999999999948
20
-102.8444859999999892
11
147.8290590000000009
21
-103.0311179999999922
0
LINE
8
BLACK
6
CONTINUOUS
10
147.8290590000000009
20
-103.0311179999999922
11
147.8874539999999911
21
-103.2108360000000005
0
LINE
8
BLACK
6
CONTINUOUS
10
147.8874539999999911
20
-103.2108360000000005
11
147.9418079999999804
21
-103.3175099999999986
0
LINE
8
BLACK
6
CONTINUOUS
10
147.9418079999999804
20
-103.3175099999999986
11
147.9732400000000041
21
-103.3791989999999998
0
LINE
8
BLACK
6
CONTINUOUS
10
147.9732400000000041
20
-103.3791989999999998
11
148.0843099999999879
21
-103.5320739999999944
0
LINE
8
BLACK
6
CONTINUOUS
10
148.0843099999999879
20
-103.5320739999999944
11
149.7179260000000056
21
-105.1656899999999979
0
LINE
8
BLACK
6
CONTINUOUS
10
149.7179260000000056
20
-105.1656899999999979
11
149.8708010000000002
21
-105.2767599999999959
0
LINE
8
BLACK
6
CONTINUOUS
10
149.8708010000000002
20
-105.2767599999999959
11
149.9317580000000021
21
-105.307818999999995
0
LINE
8
BLACK
6
CONTINUOUS
10
149.9317580000000021
20
-105.307818999999995
11
150.0391630000000021
21
-105.3625449999999972
0
LINE
8
BLACK
6
CONTINUOUS
10
150.0391630000000021
20
-105.3625449999999972
11
150.039164999999997
21
-105.3625449999999972
0
LINE
8
BLACK
6
CONTINUOUS
10
150.039164999999997
20
-105.3625449999999972
11
150.0391679999999894
21
-105.3625469999999922
0
LINE
8
BLACK
6
CONTINUOUS
10
150.0391679999999894
20
-105.3625469999999922
11
150.1354969999999867
21
-105.3938459999999964
0
LINE
8
BLACK
6
CONTINUOUS
10
150.1354969999999867
20
-105.3938459999999964
11
150.2188809999999819
21
-105.4209400000000016
0
LINE
8
BLACK
6
CONTINUOUS
10
150.2188809999999819
20
-105.4209400000000016
11
150.4055139999999824
21
-105.450499999999991
0
LINE
8
BLACK
6
CONTINUOUS
10
150.4055139999999824
20
-105.450499999999991
11
150.4055189999999982
21
-105.450499999999991
0
LINE
8
BLACK
6
CONTINUOUS
10
150.4055189999999982
20
-105.450499999999991
11
153.2013739999999871
21
-105.450499999999991
0
LINE
8
BLACK
6
CONTINUOUS
10
153.2013739999999871
20
-105.450499999999991
11
153.2684129999999811
21
-105.4701850000000007
0
LINE
8
BLACK
6
CONTINUOUS
10
153.2684129999999811
20
-105.4701850000000007
11
153.2890549999999905
21
-105.486818999999997
0
LINE
8
BLACK
6
CONTINUOUS
10
153.2890549999999905
20
-105.486818999999997
11
153.6442659999999876
21
-105.8420299999999941
0
LINE
8
BLACK
6
CONTINUOUS
10
153.6442659999999876
20
-105.8420299999999941
11
153.6777510000000007
21
-105.9033529999999956
0
LINE
8
BLACK
6
CONTINUOUS
10
153.6777510000000007
20
-105.9033529999999956
11
153.6727669999999932
21
-105.973044999999999
0
LINE
8
BLACK
6
CONTINUOUS
10
153.6727669999999932
20
-105.973044999999999
11
153.6308949999999811
21
-106.0289779999999951
0
LINE
8
BLACK
6
CONTINUOUS
10
153.6308949999999811
20
-106.0289779999999951
11
153.6128799999999899
21
-106.0401949999999971
0
LINE
8
BLACK
6
CONTINUOUS
10
153.6128799999999899
20
-106.0401949999999971
11
153.4235679999999888
21
-106.1366549999999904
0
LINE
8
BLACK
6
CONTINUOUS
10
153.4235679999999888
20
-106.1366549999999904
11
153.4235669999999914
21
-106.1366560000000021
0
LINE
8
BLACK
6
CONTINUOUS
10
153.4235669999999914
20
-106.1366560000000021
11
153.3421380000000056
21
-106.1958179999999885
0
LINE
8
BLACK
6
CONTINUOUS
10
153.3421380000000056
20
-106.1958179999999885
11
153.2763319999999965
21
-106.2192979999999949
0
LINE
8
BLACK
6
CONTINUOUS
10
153.2763319999999965
20
-106.2192979999999949
11
153.269252999999992
21
-106.2194999999999965
0
LINE
8
BLACK
6
CONTINUOUS
10
153.269252999999992
20
-106.2194999999999965
11
150.6492959999999925
21
-106.2194999999999965
0
LINE
8
BLACK
6
CONTINUOUS
10
150.6492959999999925
20
-106.2194999999999965
11
150.5822569999999985
21
-106.199815000000001
0
LINE
8
BLACK
6
CONTINUOUS
10
150.5822569999999985
20
-106.199815000000001
11
150.5365019999999845
21
-106.147010999999992
0
LINE
8
BLACK
6
CONTINUOUS
10
150.5365019999999845
20
-106.147010999999992
11
150.5322539999999947
21
-106.136454999999998
0
LINE
8
BLACK
6
CONTINUOUS
10
150.5322539999999947
20
-106.136454999999998
11
150.5257890000000032
21
-106.1179779999999937
0
LINE
8
BLACK
6
CONTINUOUS
10
150.5257890000000032
20
-106.1179779999999937
11
150.4298159999999882
21
-105.9652379999999994
0
LINE
8
BLACK
6
CONTINUOUS
10
150.4298159999999882
20
-105.9652379999999994
11
150.3022619999999847
21
-105.8376839999999959
0
LINE
8
BLACK
6
CONTINUOUS
10
150.3022619999999847
20
-105.8376839999999959
11
150.279830000000004
21
-105.8235889999999984
0
LINE
8
BLACK
6
CONTINUOUS
10
150.279830000000004
20
-105.8235889999999984
11
150.1495229999999879
21
-105.7417109999999951
0
LINE
8
BLACK
6
CONTINUOUS
10
150.1495229999999879
20
-105.7417109999999951
11
149.9792539999999974
21
-105.6821309999999983
0
LINE
8
BLACK
6
CONTINUOUS
10
149.9792539999999974
20
-105.6821309999999983
11
149.9792489999999816
21
-105.6821300000000008
0
LINE
8
BLACK
6
CONTINUOUS
10
149.9792489999999816
20
-105.6821300000000008
11
149.8449599999999862
21
-105.6670000000000016
0
LINE
8
BLACK
6
CONTINUOUS
10
149.8449599999999862
20
-105.6670000000000016
11
149.8449540000000013
21
-105.6670000000000016
0
LINE
8
BLACK
6
CONTINUOUS
10
149.8449540000000013
20
-105.6670000000000016
11
147.755045999999993
21
-105.6670000000000016
0
LINE
8
BLACK
6
CONTINUOUS
10
147.755045999999993
20
-105.6670000000000016
11
147.7550389999999823
21
-105.6670000000000016
0
LINE
8
BLACK
6
CONTINUOUS
10
147.7550389999999823
20
-105.6670000000000016
11
147.6207499999999868
21
-105.6821300000000008
0
LINE
8
BLACK
6
CONTINUOUS
10
147.6207499999999868
20
-105.6821300000000008
11
147.6207449999999994
21
-105.6821309999999983
0
LINE
8
BLACK
6
CONTINUOUS
10
147.6207449999999994
20
-105.6821309999999983
11
147.4504759999999806
21
-105.7417109999999951
0
LINE
8
BLACK
6
CONTINUOUS
10
147.4504759999999806
20
-105.7417109999999951
11
147.2977369999999837
21
-105.8376839999999959
0
LINE
8
BLACK
6
CONTINUOUS
10
147.2977369999999837
20
-105.8376839999999959
11
147.1701840000000061
21
-105.9652370000000019
0
LINE
8
BLACK
6
CONTINUOUS
10
147.1701840000000061
20
-105.9652370000000019
11
147.0742119999999886
21
-106.1179750000000013
0
LINE
8
BLACK
6
CONTINUOUS
10
147.0742119999999886
20
-106.1179750000000013
11
147.0677459999999996
21
-106.136454999999998
0
LINE
8
BLACK
6
CONTINUOUS
10
147.0677459999999996
20
-106.136454999999998
11
147.0270239999999831
21
-106.1932309999999973
0
LINE
8
BLACK
6
CONTINUOUS
10
147.0270239999999831
20
-106.1932309999999973
11
146.9620709999999804
21
-106.2189779999999928
0
LINE
8
BLACK
6
CONTINUOUS
10
146.9620709999999804
20
-106.2189779999999928
11
146.9507040000000018
21
-106.2194999999999965
0
LINE
8
BLACK
6
CONTINUOUS
10
146.9507040000000018
20
-106.2194999999999965
11
144.4855139999999949
21
-106.2194999999999965
0
LINE
8
BLACK
6
CONTINUOUS
10
144.4855139999999949
20
-106.2194999999999965
11
144.2988809999999944
21
-106.2490589999999884
0
LINE
8
BLACK
6
CONTINUOUS
10
144.2988809999999944
20
-106.2490589999999884
11
144.1191629999999861
21
-106.3074539999999928
0
LINE
8
BLACK
6
CONTINUOUS
10
144.1191629999999861
20
-106.3074539999999928
11
143.9507999999999868
21
-106.3932399999999916
0
LINE
8
BLACK
6
CONTINUOUS
10
143.9507999999999868
20
-106.3932399999999916
11
143.7979229999999973
21
-106.5043119999999988
0
LINE
8
BLACK
6
CONTINUOUS
10
143.7979229999999973
20
-106.5043119999999988
11
136.3343099999999879
21
-113.9679249999999939
0
LINE
8
BLACK
6
CONTINUOUS
10
136.3343099999999879
20
-113.9679249999999939
11
136.3013929999999903
21
-114.0132309999999904
0
LINE
8
BLACK
6
CONTINUOUS
10
136.3013929999999903
20
-114.0132309999999904
11
136.2560870000000079
21
-114.0755909999999886
0
LINE
8
BLACK
6
CONTINUOUS
10
136.2560870000000079
20
-114.0755909999999886
11
136.2560859999999821
21
-114.0755909999999886
0
LINE
8
BLACK
6
CONTINUOUS
10
136.2560859999999821
20
-114.0755909999999886
11
136.2560859999999821
21
-114.0755920000000003
0
LINE
8
BLACK
6
CONTINUOUS
10
136.2560859999999821
20
-114.0755920000000003
11
136.2232419999999991
21
-114.1207959999999986
0
LINE
8
BLACK
6
CONTINUOUS
10
136.2232419999999991
20
-114.1207959999999986
11
136.1374539999999911
21
-114.2891629999999878
0
LINE
8
BLACK
6
CONTINUOUS
10
136.1374539999999911
20
-114.2891629999999878
11
136.0790590000000009
21
-114.4688809999999961
0
LINE
8
BLACK
6
CONTINUOUS
10
136.0790590000000009
20
-114.4688809999999961
11
136.0494999999999948
21
-114.6555129999999991
0
LINE
8
BLACK
6
CONTINUOUS
10
136.0494999999999948
20
-114.6555129999999991
11
136.0494999999999948
21
-127.0944859999999892
0
LINE
8
BLACK
6
CONTINUOUS
10
173.2702869999999962
20
-137.4623949999999866
11
173.2702869999999962
21
-130.2513950000000023
0
LINE
8
BLACK
6
CONTINUOUS
10
173.2702869999999962
20
-130.2513950000000023
11
168.2021440000000041
21
-130.2513950000000023
0
LINE
8
BLACK
6
CONTINUOUS
10
168.2021440000000041
20
-130.2513950000000023
11
168.2021440000000041
21
-137.4623949999999866
0
LINE
8
BLACK
6
CONTINUOUS
10
168.2021440000000041
20
-137.4623949999999866
11
173.2702869999999962
21
-137.4623949999999866
0
LINE
8
BLACK
6
CONTINUOUS
10
152.2514859999999999
20
-126.7739959999999968
11
152.1800299999999879
21
-126.9465049999999877
0
LINE
8
BLACK
6
CONTINUOUS
10
152.1800299999999879
20
-126.9465049999999877
11
152.0762919999999951
21
-127.1017599999999987
0
LINE
8
BLACK
6
CONTINUOUS
10
152.0762919999999951
20
-127.1017599999999987
11
151.9442599999999857
21
-127.233791999999994
0
LINE
8
BLACK
6
CONTINUOUS
10
151.9442599999999857
20
-127.233791999999994
11
151.7890050000000031
21
-127.337530000000001
0
LINE
8
BLACK
6
CONTINUOUS
10
151.7890050000000031
20
-127.337530000000001
11
151.6164959999999837
21
-127.4089859999999987
0
LINE
8
BLACK
6
CONTINUOUS
10
151.6164959999999837
20
-127.4089859999999987
11
151.5900000000000034
21
-127.4142559999999946
0
LINE
8
BLACK
6
CONTINUOUS
10
151.5900000000000034
20
-127.4142559999999946
11
151.5900000000000034
21
-127.9285079999999937
0
LINE
8
BLACK
6
CONTINUOUS
10
151.5900000000000034
20
-127.9285079999999937
11
151.6801279999999963
21
-127.9142339999999933
0
LINE
8
BLACK
6
CONTINUOUS
10
151.6801279999999963
20
-127.9142339999999933
11
151.8975700000000018
21
-127.8435819999999978
0
LINE
8
BLACK
6
CONTINUOUS
10
151.8975700000000018
20
-127.8435819999999978
11
152.1012759999999844
21
-127.7397879999999901
0
LINE
8
BLACK
6
CONTINUOUS
10
152.1012759999999844
20
-127.7397879999999901
11
152.2862419999999872
21
-127.605401999999998
0
LINE
8
BLACK
6
CONTINUOUS
10
152.2862419999999872
20
-127.605401999999998
11
152.4479019999999991
21
-127.4437420000000003
0
LINE
8
BLACK
6
CONTINUOUS
10
152.4479019999999991
20
-127.4437420000000003
11
152.5822880000000055
21
-127.2587759999999975
0
LINE
8
BLACK
6
CONTINUOUS
10
152.5822880000000055
20
-127.2587759999999975
11
152.686081999999999
21
-127.0550700000000006
0
LINE
8
BLACK
6
CONTINUOUS
10
152.686081999999999
20
-127.0550700000000006
11
152.7567339999999945
21
-126.8376279999999952
0
LINE
8
BLACK
6
CONTINUOUS
10
152.7567339999999945
20
-126.8376279999999952
11
152.7785319999999842
21
-126.6999999999999886
0
LINE
8
BLACK
6
CONTINUOUS
10
152.7785319999999842
20
-126.6999999999999886
11
152.2662039999999877
21
-126.6999999999999886
0
LINE
8
BLACK
6
CONTINUOUS
10
152.2662039999999877
20
-126.6999999999999886
11
152.2514859999999999
21
-126.7739959999999968
0
LINE
8
BLACK
6
CONTINUOUS
10
151.5900000000000034
20
-125.4857429999999994
11
151.6164959999999837
21
-125.4910139999999927
0
LINE
8
BLACK
6
CONTINUOUS
10
151.6164959999999837
20
-125.4910139999999927
11
151.7890050000000031
21
-125.5624699999999905
0
LINE
8
BLACK
6
CONTINUOUS
10
151.7890050000000031
20
-125.5624699999999905
11
151.9442599999999857
21
-125.6662079999999975
0
LINE
8
BLACK
6
CONTINUOUS
10
151.9442599999999857
20
-125.6662079999999975
11
152.0762919999999951
21
-125.7982399999999927
0
LINE
8
BLACK
6
CONTINUOUS
10
152.0762919999999951
20
-125.7982399999999927
11
152.1800299999999879
21
-125.9534949999999895
0
LINE
8
BLACK
6
CONTINUOUS
10
152.1800299999999879
20
-125.9534949999999895
11
152.2514859999999999
21
-126.1260039999999947
0
LINE
8
BLACK
6
CONTINUOUS
10
152.2514859999999999
20
-126.1260039999999947
11
152.2662039999999877
21
-126.1999999999999886
0
LINE
8
BLACK
6
CONTINUOUS
10
152.2662039999999877
20
-126.1999999999999886
11
152.7785319999999842
21
-126.1999999999999886
0
LINE
8
BLACK
6
CONTINUOUS
10
152.7785319999999842
20
-126.1999999999999886
11
152.7567339999999945
21
-126.0623709999999988
0
LINE
8
BLACK
6
CONTINUOUS
10
152.7567339999999945
20
-126.0623709999999988
11
152.686081999999999
21
-125.8449289999999934
0
LINE
8
BLACK
6
CONTINUOUS
10
152.686081999999999
20
-125.8449289999999934
11
152.5822880000000055
21
-125.6412229999999965
0
LINE
8
BLACK
6
CONTINUOUS
10
152.5822880000000055
20
-125.6412229999999965
11
152.4479019999999991
21
-125.4562569999999937
0
LINE
8
BLACK
6
CONTINUOUS
10
152.4479019999999991
20
-125.4562569999999937
11
152.2862419999999872
21
-125.294596999999996
0
LINE
8
BLACK
6
CONTINUOUS
10
152.2862419999999872
20
-125.294596999999996
11
152.1012759999999844
21
-125.1602109999999897
0
LINE
8
BLACK
6
CONTINUOUS
10
152.1012759999999844
20
-125.1602109999999897
11
151.8975680000000068
21
-125.0564169999999962
0
LINE
8
BLACK
6
CONTINUOUS
10
151.8975680000000068
20
-125.0564169999999962
11
151.6801240000000064
21
-124.9857650000000007
0
LINE
8
BLACK
6
CONTINUOUS
10
151.6801240000000064
20
-124.9857650000000007
11
151.5900000000000034
21
-124.9714899999999886
0
LINE
8
BLACK
6
CONTINUOUS
10
151.5900000000000034
20
-124.9714899999999886
11
151.5900000000000034
21
-125.4857429999999994
0
LINE
8
BLACK
6
CONTINUOUS
10
158.2414859999999805
20
-101.323995999999994
11
158.170029999999997
21
-101.4965049999999991
0
LINE
8
BLACK
6
CONTINUOUS
10
158.170029999999997
20
-101.4965049999999991
11
158.0662920000000042
21
-101.6517599999999959
0
LINE
8
BLACK
6
CONTINUOUS
10
158.0662920000000042
20
-101.6517599999999959
11
157.9342599999999948
21
-101.7837919999999912
0
LINE
8
BLACK
6
CONTINUOUS
10
157.9342599999999948
20
-101.7837919999999912
11
157.7790049999999837
21
-101.8875299999999982
0
LINE
8
BLACK
6
CONTINUOUS
10
157.7790049999999837
20
-101.8875299999999982
11
157.6064959999999928
21
-101.9589859999999959
0
LINE
8
BLACK
6
CONTINUOUS
10
157.6064959999999928
20
-101.9589859999999959
11
157.5799999999999841
21
-101.9642559999999918
0
LINE
8
BLACK
6
CONTINUOUS
10
157.5799999999999841
20
-101.9642559999999918
11
157.5799999999999841
21
-102.4785079999999908
0
LINE
8
BLACK
6
CONTINUOUS
10
157.5799999999999841
20
-102.4785079999999908
11
157.6701280000000054
21
-102.4642339999999905
0
LINE
8
BLACK
6
CONTINUOUS
10
157.6701280000000054
20
-102.4642339999999905
11
157.8875699999999824
21
-102.393581999999995
0
LINE
8
BLACK
6
CONTINUOUS
10
157.8875699999999824
20
-102.393581999999995
11
158.0912759999999935
21
-102.2897880000000015
0
LINE
8
BLACK
6
CONTINUOUS
10
158.0912759999999935
20
-102.2897880000000015
11
158.2762419999999963
21
-102.1554019999999952
0
LINE
8
BLACK
6
CONTINUOUS
10
158.2762419999999963
20
-102.1554019999999952
11
158.4379019999999798
21
-101.9937419999999975
0
LINE
8
BLACK
6
CONTINUOUS
10
158.4379019999999798
20
-101.9937419999999975
11
158.5722879999999861
21
-101.8087759999999946
0
LINE
8
BLACK
6
CONTINUOUS
10
158.5722879999999861
20
-101.8087759999999946
11
158.6760819999999796
21
-101.6050699999999978
0
LINE
8
BLACK
6
CONTINUOUS
10
158.6760819999999796
20
-101.6050699999999978
11
158.7467340000000036
21
-101.3876279999999923
0
LINE
8
BLACK
6
CONTINUOUS
10
158.7467340000000036
20
-101.3876279999999923
11
158.7685319999999933
21
-101.25
0
LINE
8
BLACK
6
CONTINUOUS
10
158.7685319999999933
20
-101.25
11
158.2562039999999968
21
-101.25
0
LINE
8
BLACK
6
CONTINUOUS
10
158.2562039999999968
20
-101.25
11
158.2414859999999805
21
-101.323995999999994
0
LINE
8
BLACK
6
CONTINUOUS
10
161.2782819999999901
20
-96.7502689999999888
11
161.2782819999999901
21
-96.7502700000000004
0
LINE
8
BLACK
6
CONTINUOUS
10
161.2782819999999901
20
-96.7502700000000004
11
161.3324489999999969
21
-96.7896239999999892
0
LINE
8
BLACK
6
CONTINUOUS
10
161.3324489999999969
20
-96.7896239999999892
11
161.5217820000000017
21
-96.8860949999999974
0
LINE
8
BLACK
6
CONTINUOUS
10
161.5217820000000017
20
-96.8860949999999974
11
161.7238700000000051
21
-96.9517570000000006
0
LINE
8
BLACK
6
CONTINUOUS
10
161.7238700000000051
20
-96.9517570000000006
11
161.9337539999999933
21
-96.9849999999999994
0
LINE
8
BLACK
6
CONTINUOUS
10
161.9337539999999933
20
-96.9849999999999994
11
162.1462459999999908
21
-96.9849999999999994
0
LINE
8
BLACK
6
CONTINUOUS
10
162.1462459999999908
20
-96.9849999999999994
11
162.3561269999999865
21
-96.9517570000000006
0
LINE
8
BLACK
6
CONTINUOUS
10
162.3561269999999865
20
-96.9517570000000006
11
162.356129999999979
21
-96.9517570000000006
0
LINE
8
BLACK
6
CONTINUOUS
10
162.356129999999979
20
-96.9517570000000006
11
162.5582169999999849
21
-96.8860949999999974
0
LINE
8
BLACK
6
CONTINUOUS
10
162.5582169999999849
20
-96.8860949999999974
11
162.7475539999999796
21
-96.7896219999999943
0
LINE
8
BLACK
6
CONTINUOUS
10
162.7475539999999796
20
-96.7896219999999943
11
162.801715999999999
21
-96.7502700000000004
0
LINE
8
BLACK
6
CONTINUOUS
10
162.801715999999999
20
-96.7502700000000004
11
162.8017169999999965
21
-96.7502700000000004
0
LINE
8
BLACK
6
CONTINUOUS
10
162.8017169999999965
20
-96.7502700000000004
11
162.4374279999999828
21
-96.3859819999999985
0
LINE
8
BLACK
6
CONTINUOUS
10
162.4374279999999828
20
-96.3859819999999985
11
162.2867420000000038
21
-96.4483989999999949
0
LINE
8
BLACK
6
CONTINUOUS
10
162.2867420000000038
20
-96.4483989999999949
11
162.123314999999991
21
-96.480907000000002
0
LINE
8
BLACK
6
CONTINUOUS
10
162.123314999999991
20
-96.480907000000002
11
161.9566849999999931
21
-96.480907000000002
0
LINE
8
BLACK
6
CONTINUOUS
10
161.9566849999999931
20
-96.480907000000002
11
161.7932579999999803
21
-96.4483989999999949
0
LINE
8
BLACK
6
CONTINUOUS
10
161.7932579999999803
20
-96.4483989999999949
11
161.6425689999999804
21
-96.385981000000001
0
LINE
8
BLACK
6
CONTINUOUS
10
161.6425689999999804
20
-96.385981000000001
11
161.2782819999999901
21
-96.7502689999999888
0
LINE
8
BLACK
6
CONTINUOUS
10
161.7238720000000001
20
-94.3182419999999979
11
161.7238689999999792
21
-94.3182419999999979
0
LINE
8
BLACK
6
CONTINUOUS
10
161.7238689999999792
20
-94.3182419999999979
11
161.5217820000000017
21
-94.3839040000000011
0
LINE
8
BLACK
6
CONTINUOUS
10
161.5217820000000017
20
-94.3839040000000011
11
161.3324389999999937
21
-94.4803799999999967
0
LINE
8
BLACK
6
CONTINUOUS
10
161.3324389999999937
20
-94.4803799999999967
11
161.2782819999999901
21
-94.5197269999999889
0
LINE
8
BLACK
6
CONTINUOUS
10
161.2782819999999901
20
-94.5197269999999889
11
161.2782819999999901
21
-94.5197280000000006
0
LINE
8
BLACK
6
CONTINUOUS
10
161.2782819999999901
20
-94.5197280000000006
11
161.6425710000000038
21
-94.8840170000000001
0
LINE
8
BLACK
6
CONTINUOUS
10
161.6425710000000038
20
-94.8840170000000001
11
161.7932579999999803
21
-94.8216010000000011
0
LINE
8
BLACK
6
CONTINUOUS
10
161.7932579999999803
20
-94.8216010000000011
11
161.9566849999999931
21
-94.789092999999994
0
LINE
8
BLACK
6
CONTINUOUS
10
161.9566849999999931
20
-94.789092999999994
11
162.123314999999991
21
-94.789092999999994
0
LINE
8
BLACK
6
CONTINUOUS
10
162.123314999999991
20
-94.789092999999994
11
162.2867420000000038
21
-94.8216010000000011
0
LINE
8
BLACK
6
CONTINUOUS
10
162.2867420000000038
20
-94.8216010000000011
11
162.4374279999999828
21
-94.8840170000000001
0
LINE
8
BLACK
6
CONTINUOUS
10
162.4374279999999828
20
-94.8840170000000001
11
162.801715999999999
21
-94.5197280000000006
0
LINE
8
BLACK
6
CONTINUOUS
10
162.801715999999999
20
-94.5197280000000006
11
162.7475499999999897
21
-94.4803749999999951
0
LINE
8
BLACK
6
CONTINUOUS
10
162.7475499999999897
20
-94.4803749999999951
11
162.5582169999999849
21
-94.3839040000000011
0
LINE
8
BLACK
6
CONTINUOUS
10
162.5582169999999849
20
-94.3839040000000011
11
162.3561289999999815
21
-94.3182419999999979
0
LINE
8
BLACK
6
CONTINUOUS
10
162.3561289999999815
20
-94.3182419999999979
11
162.1462459999999908
21
-94.2849999999999966
0
LINE
8
BLACK
6
CONTINUOUS
10
162.1462459999999908
20
-94.2849999999999966
11
161.9337539999999933
21
-94.2849999999999966
0
LINE
8
BLACK
6
CONTINUOUS
10
161.9337539999999933
20
-94.2849999999999966
11
161.7238720000000001
21
-94.3182419999999979
0
CIRCLE
8
BLACK
10
152.25
20
-101.
40
0.175
0
CIRCLE
8
BLACK
10
154.789999999999992
20
-101.
40
0.175
0
CIRCLE
8
BLACK
10
157.3299999999999841
20
-101.
40
0.175
0
CIRCLE
8
BLACK
10
148.7999999999999829
20
-118.75
40
0.175
0
CIRCLE
8
BLACK
10
146.2599999999999909
20
-118.75
40
0.175
0
CIRCLE
8
BLACK
10
167.75
20
-117.5
40
0.175
0
CIRCLE
8
BLACK
10
167.75
20
-122.5799999999999983
40
0.175
0
CIRCLE
8
BLACK
10
153.4199999999999875
20
-134.25
40
0.175
0
CIRCLE
8
BLACK
10
155.9599999999999795
20
-134.25
40
0.175
0
CIRCLE
8
BLACK
10
158.5
20
-134.25
40
0.175
0
CIRCLE
8
BLACK
10
165.9599999999999795
20
-107.4200000000000017
40
0.175
0
CIRCLE
8
BLACK
10
165.9599999999999795
20
-109.9599999999999937
40
0.175
0
CIRCLE
8
BLACK
10
159.5
20
-112.5
40
0.175
0
CIRCLE
8
BLACK
10
159.5
20
-127.5
40
0.175
0
CIRCLE
8
BLACK
10
146.2599999999999909
20
-126.4499999999999886
40
0.175
0
CIRCLE
8
BLACK
10
148.7999999999999829
20
-126.4499999999999886
40
0.175
0
CIRCLE
8
BLACK
10
151.3400000000000034
20
-126.4499999999999886
40
0.175
0
CIRCLE
8
BLACK
10
171.039999999999992
20
-99.3021829999999994
40
0.175
0
CIRCLE
8
BLACK
10
171.039999999999992
20
-96.7621829999999932
40
0.175
0
CIRCLE
8
BLACK
10
141.5
20
-118.75
40
0.175
0
CIRCLE
8
BLACK
10
159.289999999999992
20
-107.4200000000000017
40
0.175
0
CIRCLE
8
BLACK
10
154.2099999999999795
20
-107.4200000000000017
40
0.175
0
CIRCLE
8
BLACK
10
154.4199999999999875
20
-95.6349999999999909
40
0.175
0
CIRCLE
8
BLACK
10
156.9599999999999795
20
-95.6349999999999909
40
0.175
0
CIRCLE
8
BLACK
10
159.5
20
-95.6349999999999909
40
0.175
0
CIRCLE
8
BLACK
10
162.039999999999992
20
-95.6349999999999909
40
0.175
0
CIRCLE
8
BLACK
10
164.5799999999999841
20
-95.6349999999999909
40
0.175
0
CIRCLE
8
BLACK
10
148.7999999999999829
20
-107.4200000000000017
40
0.175
0
CIRCLE
8
BLACK
10
148.7999999999999829
20
-109.9599999999999937
40
0.175
0
CIRCLE
8
BLACK
10
148.7999999999999829
20
-112.5
40
0.175
0
CIRCLE
8
BLACK
10
171.039999999999992
20
-102.3399999999999892
40
0.175
0
CIRCLE
8
BLACK
10
165.9599999999999795
20
-102.3399999999999892
40
0.175
0
CIRCLE
8
BLACK
10
161.75
20
-102.3399999999999892
40
0.175
0
CIRCLE
8
BLACK
10
161.75
20
-107.4200000000000017
40
0.175
0
LINE
8
BLACK
6
CONTINUOUS
10
126.5
20
-86.
11
192.5
21
-86.
0
LINE
8
BLACK
6
CONTINUOUS
10
192.5
20
-86.
11
192.5
21
-143.
0
LINE
8
BLACK
6
CONTINUOUS
10
192.5
20
-143.
11
126.5
21
-143.
0
LINE
8
BLACK
6
CONTINUOUS
10
126.5
20
-143.
11
126.5
21
-86.
0
CIRCLE
8
WHITE
10
152.25
20
-101.
40
0.175
0
CIRCLE
8
WHITE
10
154.789999999999992
20
-101.
40
0.175
0
CIRCLE
8
WHITE
10
157.3299999999999841
20
-101.
40
0.175
0
CIRCLE
8
WHITE
10
148.7999999999999829
20
-118.75
40
0.175
0
CIRCLE
8
WHITE
10
146.2599999999999909
20
-118.75
40
0.175
0
CIRCLE
8
WHITE
10
167.75
20
-117.5
40
0.175
0
CIRCLE
8
WHITE
10
167.75
20
-122.5799999999999983
40
0.175
0
CIRCLE
8
WHITE
10
153.4199999999999875
20
-134.25
40
0.175
0
CIRCLE
8
WHITE
10
155.9599999999999795
20
-134.25
40
0.175
0
CIRCLE
8
WHITE
10
158.5
20
-134.25
40
0.175
0
CIRCLE
8
WHITE
10
165.9599999999999795
20
-107.4200000000000017
40
0.175
0
CIRCLE
8
WHITE
10
165.9599999999999795
20
-109.9599999999999937
40
0.175
0
CIRCLE
8
WHITE
10
159.5
20
-112.5
40
0.175
0
CIRCLE
8
WHITE
10
159.5
20
-127.5
40
0.175
0
CIRCLE
8
WHITE
10
146.2599999999999909
20
-126.4499999999999886
40
0.175
0
CIRCLE
8
WHITE
10
148.7999999999999829
20
-126.4499999999999886
40
0.175
0
CIRCLE
8
WHITE
10
151.3400000000000034
20
-126.4499999999999886
40
0.175
0
CIRCLE
8
WHITE
10
171.039999999999992
20
-99.3021829999999994
40
0.175
0
CIRCLE
8
WHITE
10
171.039999999999992
20
-96.7621829999999932
40
0.175
0
CIRCLE
8
WHITE
10
141.5
20
-118.75
40
0.175
0
CIRCLE
8
WHITE
10
159.289999999999992
20
-107.4200000000000017
40
0.175
0
CIRCLE
8
WHITE
10
154.2099999999999795
20
-107.4200000000000017
40
0.175
0
CIRCLE
8
WHITE
10
154.4199999999999875
20
-95.6349999999999909
40
0.175
0
CIRCLE
8
WHITE
10
156.9599999999999795
20
-95.6349999999999909
40
0.175
0
CIRCLE
8
WHITE
10
159.5
20
-95.6349999999999909
40
0.175
0
CIRCLE
8
WHITE
10
162.039999999999992
20
-95.6349999999999909
40
0.175
0
CIRCLE
8
WHITE
10
164.5799999999999841
20
-95.6349999999999909
40
0.175
0
CIRCLE
8
WHITE
10
148.7999999999999829
20
-107.4200000000000017
40
0.175
0
CIRCLE
8
WHITE
10
148.7999999999999829
20
-109.9599999999999937
40
0.175
0
CIRCLE
8
WHITE
10
148.7999999999999829
20
-112.5
40
0.175
0
CIRCLE
8
WHITE
10
171.039999999999992
20
-102.3399999999999892
40
0.175
0
CIRCLE
8
WHITE
10
165.9599999999999795
20
-102.3399999999999892
40
0.175
0
CIRCLE
8
WHITE
10
161.75
20
-102.3399999999999892
40
0.175
0
CIRCLE
8
WHITE
10
161.75
20
-107.4200000000000017
40
0.175
  0
ENDSEC
  0
EOF
