  0
SECTION
  2
HEADER
  9
$ANGBASE
  50
0.0
  9
$ANGDIR
  70
1
  9
$MEASUREMENT
  70
1
  0
ENDSEC
  0
SECTION
  2
TABLES
  0
TABLE
  2
LTYPE
  70
4
  0
LTYPE
  5
40F
  2
CONTINUOUS
  70
0
  3
Solid line
  72
65
  73
0
  40
0.0
  0
LTYPE
  5
410
  2
DASHDOT
 70
0
  3
Dash Dot ____ _ ____ _
 72
65
 73
4
 40
2.0
 49
1.25
 49
-0.25
 49
0.25
 49
-0.25
  0
LTYPE
  5
411
  2
DASHED
 70
0
  3
Dashed __ __ __ __ __
 72
65
 73
2
 40
0.75
 49
0.5
 49
-0.25
  0
LTYPE
  5
43B
  2
DOTTED
 70
0
  3
Dotted .  .  .  .
 72
65
 73
2
 40
0.2
 49
0.0
 49
-0.2
  0
ENDTAB
  0
TABLE
  2
STYLE
  70
4
  0
STYLE
  2
KICAD
  70
0
  40
0
  41
1
  42
1
  50
0
  71
0
  3
isocp.shx
  0
STYLE
  2
KICADB
  70
0
  40
0
  41
1
  42
1
  50
0
  71
0
  3
isocp.shx
  0
STYLE
  2
KICADI
  70
0
  40
0
  41
1
  42
1
  50
15
  71
0
  3
isocp.shx
  0
STYLE
  2
KICADBI
  70
0
  40
0
  41
1
  42
1
  50
15
  71
0
  3
isocp.shx
  0
ENDTAB
  0
TABLE
  2
LAYER
  70
1
  0
LAYER
  2
BLACK
  70
0
  62
7
  6
CONTINUOUS
  0
ENDTAB
  0
ENDSEC
  0
SECTION
  2
ENTITIES
0
LINE
8
BLACK
6
CONTINUOUS
10
149.789999999999992
20
-87.9299999999999926
11
162.3299999999999841
21
-87.9299999999999926
0
LINE
8
BLACK
6
CONTINUOUS
10
162.3299999999999841
20
-87.9299999999999926
11
162.3822099999999864
21
-87.9334219999999931
0
LINE
8
BLACK
6
CONTINUOUS
10
162.3822099999999864
20
-87.9334219999999931
11
162.4830739999999878
21
-87.9604479999999995
0
LINE
8
BLACK
6
CONTINUOUS
10
162.4830739999999878
20
-87.9604479999999995
11
162.5735049999999831
21
-88.0126589999999993
0
LINE
8
BLACK
6
CONTINUOUS
10
162.5735049999999831
20
-88.0126589999999993
11
162.612842999999998
21
-88.0471569999999986
0
LINE
8
BLACK
6
CONTINUOUS
10
162.612842999999998
20
-88.0471569999999986
11
167.7828429999999855
21
-93.2171570000000003
0
LINE
8
BLACK
6
CONTINUOUS
10
167.7828429999999855
20
-93.2171570000000003
11
167.817340999999999
21
-93.256495000000001
0
LINE
8
BLACK
6
CONTINUOUS
10
167.817340999999999
20
-93.256495000000001
11
167.8695519999999988
21
-93.3469259999999963
0
LINE
8
BLACK
6
CONTINUOUS
10
167.8695519999999988
20
-93.3469259999999963
11
167.8695519999999988
21
-93.3469269999999938
0
LINE
8
BLACK
6
CONTINUOUS
10
167.8695519999999988
20
-93.3469269999999938
11
167.8965780000000052
21
-93.4477899999999977
0
LINE
8
BLACK
6
CONTINUOUS
10
167.8965780000000052
20
-93.4477899999999977
11
167.9000000000000057
21
-93.5
0
LINE
8
BLACK
6
CONTINUOUS
10
167.9000000000000057
20
-93.5
11
167.9000000000000057
21
-104.4499999999999886
0
LINE
8
BLACK
6
CONTINUOUS
10
167.9000000000000057
20
-104.4499999999999886
11
167.8965780000000052
21
-104.5022099999999909
0
LINE
8
BLACK
6
CONTINUOUS
10
167.8965780000000052
20
-104.5022099999999909
11
167.8695519999999988
21
-104.6030729999999949
0
LINE
8
BLACK
6
CONTINUOUS
10
167.8695519999999988
20
-104.6030729999999949
11
167.8546509999999898
21
-104.6288819999999902
0
LINE
8
BLACK
6
CONTINUOUS
10
167.8546509999999898
20
-104.6288819999999902
11
167.817340999999999
21
-104.6935050000000018
0
LINE
8
BLACK
6
CONTINUOUS
10
167.817340999999999
20
-104.6935050000000018
11
167.782841999999988
21
-104.7328429999999884
0
LINE
8
BLACK
6
CONTINUOUS
10
167.782841999999988
20
-104.7328429999999884
11
154.4828430000000026
21
-118.0328429999999997
0
LINE
8
BLACK
6
CONTINUOUS
10
154.4828430000000026
20
-118.0328429999999997
11
154.4435049999999876
21
-118.067340999999999
0
LINE
8
BLACK
6
CONTINUOUS
10
154.4435049999999876
20
-118.067340999999999
11
154.3530739999999923
21
-118.1195519999999988
0
LINE
8
BLACK
6
CONTINUOUS
10
154.3530739999999923
20
-118.1195519999999988
11
154.2522099999999909
21
-118.146577999999991
0
LINE
8
BLACK
6
CONTINUOUS
10
154.2522099999999909
20
-118.146577999999991
11
154.1999999999999886
21
-118.1499999999999915
0
LINE
8
BLACK
6
CONTINUOUS
10
154.1999999999999886
20
-118.1499999999999915
11
140.3799999999999955
21
-118.1499999999999915
0
LINE
8
BLACK
6
CONTINUOUS
10
140.3799999999999955
20
-118.1499999999999915
11
140.3277899999999931
21
-118.146577999999991
0
LINE
8
BLACK
6
CONTINUOUS
10
140.3277899999999931
20
-118.146577999999991
11
140.2269259999999917
21
-118.1195519999999988
0
LINE
8
BLACK
6
CONTINUOUS
10
140.2269259999999917
20
-118.1195519999999988
11
140.1364949999999965
21
-118.067340999999999
0
LINE
8
BLACK
6
CONTINUOUS
10
140.1364949999999965
20
-118.067340999999999
11
140.0971569999999815
21
-118.0328429999999997
0
LINE
8
BLACK
6
CONTINUOUS
10
140.0971569999999815
20
-118.0328429999999997
11
138.927156999999994
21
-116.862842999999998
0
LINE
8
BLACK
6
CONTINUOUS
10
138.927156999999994
20
-116.862842999999998
11
138.8926589999999806
21
-116.8235049999999973
0
LINE
8
BLACK
6
CONTINUOUS
10
138.8926589999999806
20
-116.8235049999999973
11
138.8404479999999808
21
-116.7330739999999878
0
LINE
8
BLACK
6
CONTINUOUS
10
138.8404479999999808
20
-116.7330739999999878
11
138.8134220000000028
21
-116.6322100000000006
0
LINE
8
BLACK
6
CONTINUOUS
10
138.8134220000000028
20
-116.6322100000000006
11
138.8100000000000023
21
-116.5799999999999983
0
LINE
8
BLACK
6
CONTINUOUS
10
138.8100000000000023
20
-116.5799999999999983
11
138.8100000000000023
21
-115.659916999999993
0
LINE
8
BLACK
6
CONTINUOUS
10
138.8100000000000023
20
-115.659916999999993
11
138.8093130000000031
21
-115.6596329999999995
0
LINE
8
BLACK
6
CONTINUOUS
10
138.8093130000000031
20
-115.6596329999999995
11
138.6707659999999862
21
-115.5670590000000004
0
LINE
8
BLACK
6
CONTINUOUS
10
138.6707659999999862
20
-115.5670590000000004
11
138.5529410000000041
21
-115.4492339999999899
0
LINE
8
BLACK
6
CONTINUOUS
10
138.5529410000000041
20
-115.4492339999999899
11
138.4603669999999909
21
-115.3106870000000015
0
LINE
8
BLACK
6
CONTINUOUS
10
138.4603669999999909
20
-115.3106870000000015
11
138.396601000000004
21
-115.1567419999999942
0
LINE
8
BLACK
6
CONTINUOUS
10
138.396601000000004
20
-115.1567419999999942
11
138.3640929999999969
21
-114.9933149999999955
0
LINE
8
BLACK
6
CONTINUOUS
10
138.3640929999999969
20
-114.9933149999999955
11
138.3640929999999969
21
-114.8266849999999977
0
LINE
8
BLACK
6
CONTINUOUS
10
138.3640929999999969
20
-114.8266849999999977
11
138.396601000000004
21
-114.663257999999999
0
LINE
8
BLACK
6
CONTINUOUS
10
138.396601000000004
20
-114.663257999999999
11
138.4603669999999909
21
-114.5093129999999917
0
LINE
8
BLACK
6
CONTINUOUS
10
138.4603669999999909
20
-114.5093129999999917
11
138.5529410000000041
21
-114.370765999999989
0
LINE
8
BLACK
6
CONTINUOUS
10
138.5529410000000041
20
-114.370765999999989
11
138.6707659999999862
21
-114.2529409999999928
0
LINE
8
BLACK
6
CONTINUOUS
10
138.6707659999999862
20
-114.2529409999999928
11
138.8093130000000031
21
-114.1603669999999937
0
LINE
8
BLACK
6
CONTINUOUS
10
138.8093130000000031
20
-114.1603669999999937
11
138.9632579999999962
21
-114.0966009999999926
0
LINE
8
BLACK
6
CONTINUOUS
10
138.9632579999999962
20
-114.0966009999999926
11
139.1266849999999806
21
-114.0640929999999997
0
LINE
8
BLACK
6
CONTINUOUS
10
139.1266849999999806
20
-114.0640929999999997
11
139.2933150000000069
21
-114.0640929999999997
0
LINE
8
BLACK
6
CONTINUOUS
10
139.2933150000000069
20
-114.0640929999999997
11
139.4567419999999913
21
-114.0966009999999926
0
LINE
8
BLACK
6
CONTINUOUS
10
139.4567419999999913
20
-114.0966009999999926
11
139.6106869999999844
21
-114.1603669999999937
0
LINE
8
BLACK
6
CONTINUOUS
10
139.6106869999999844
20
-114.1603669999999937
11
139.7492340000000013
21
-114.2529409999999928
0
LINE
8
BLACK
6
CONTINUOUS
10
139.7492340000000013
20
-114.2529409999999928
11
139.8670589999999834
21
-114.370765999999989
0
LINE
8
BLACK
6
CONTINUOUS
10
139.8670589999999834
20
-114.370765999999989
11
139.9596329999999966
21
-114.5093129999999917
0
LINE
8
BLACK
6
CONTINUOUS
10
139.9596329999999966
20
-114.5093129999999917
11
140.0233989999999835
21
-114.663257999999999
0
LINE
8
BLACK
6
CONTINUOUS
10
140.0233989999999835
20
-114.663257999999999
11
140.0559069999999906
21
-114.8266849999999977
0
LINE
8
BLACK
6
CONTINUOUS
10
140.0559069999999906
20
-114.8266849999999977
11
140.0559069999999906
21
-114.9933149999999955
0
LINE
8
BLACK
6
CONTINUOUS
10
140.0559069999999906
20
-114.9933149999999955
11
140.0233989999999835
21
-115.1567419999999942
0
LINE
8
BLACK
6
CONTINUOUS
10
140.0233989999999835
20
-115.1567419999999942
11
139.9596329999999966
21
-115.3106870000000015
0
LINE
8
BLACK
6
CONTINUOUS
10
139.9596329999999966
20
-115.3106870000000015
11
139.8670589999999834
21
-115.4492339999999899
0
LINE
8
BLACK
6
CONTINUOUS
10
139.8670589999999834
20
-115.4492339999999899
11
139.7492340000000013
21
-115.5670590000000004
0
LINE
8
BLACK
6
CONTINUOUS
10
139.7492340000000013
20
-115.5670590000000004
11
139.6106869999999844
21
-115.6596329999999995
0
LINE
8
BLACK
6
CONTINUOUS
10
139.6106869999999844
20
-115.6596329999999995
11
139.6099999999999852
21
-115.659916999999993
0
LINE
8
BLACK
6
CONTINUOUS
10
139.6099999999999852
20
-115.659916999999993
11
139.6099999999999852
21
-116.4143139999999903
0
LINE
8
BLACK
6
CONTINUOUS
10
139.6099999999999852
20
-116.4143139999999903
11
140.5456859999999892
21
-117.3499999999999943
0
LINE
8
BLACK
6
CONTINUOUS
10
140.5456859999999892
20
-117.3499999999999943
11
154.0343139999999948
21
-117.3499999999999943
0
LINE
8
BLACK
6
CONTINUOUS
10
154.0343139999999948
20
-117.3499999999999943
11
167.0999999999999943
21
-104.2843139999999948
0
LINE
8
BLACK
6
CONTINUOUS
10
167.0999999999999943
20
-104.2843139999999948
11
167.0999999999999943
21
-93.6656859999999938
0
LINE
8
BLACK
6
CONTINUOUS
10
167.0999999999999943
20
-93.6656859999999938
11
162.1643139999999903
21
-88.7299999999999898
0
LINE
8
BLACK
6
CONTINUOUS
10
162.1643139999999903
20
-88.7299999999999898
11
149.789999999999992
21
-88.7299999999999898
0
LINE
8
BLACK
6
CONTINUOUS
10
149.789999999999992
20
-88.7299999999999898
11
149.789999999999992
21
-89.2824999999999989
0
LINE
8
BLACK
6
CONTINUOUS
10
149.789999999999992
20
-89.2824999999999989
11
147.789999999999992
21
-89.2824999999999989
0
LINE
8
BLACK
6
CONTINUOUS
10
147.789999999999992
20
-89.2824999999999989
11
147.789999999999992
21
-88.7299999999999898
0
LINE
8
BLACK
6
CONTINUOUS
10
147.789999999999992
20
-88.7299999999999898
11
144.4005569999999921
21
-88.7299999999999898
0
LINE
8
BLACK
6
CONTINUOUS
10
144.4005569999999921
20
-88.7299999999999898
11
144.371106999999995
21
-88.7740749999999963
0
LINE
8
BLACK
6
CONTINUOUS
10
144.371106999999995
20
-88.7740749999999963
11
144.2740749999999821
21
-88.871106999999995
0
LINE
8
BLACK
6
CONTINUOUS
10
144.2740749999999821
20
-88.871106999999995
11
144.1599779999999953
21
-88.9473449999999985
0
LINE
8
BLACK
6
CONTINUOUS
10
144.1599779999999953
20
-88.9473449999999985
11
144.0331989999999962
21
-88.999857999999989
0
LINE
8
BLACK
6
CONTINUOUS
10
144.0331989999999962
20
-88.999857999999989
11
143.8986119999999858
21
-89.0266289999999998
0
LINE
8
BLACK
6
CONTINUOUS
10
143.8986119999999858
20
-89.0266289999999998
11
143.7613879999999824
21
-89.0266289999999998
0
LINE
8
BLACK
6
CONTINUOUS
10
143.7613879999999824
20
-89.0266289999999998
11
143.6268010000000004
21
-88.999857999999989
0
LINE
8
BLACK
6
CONTINUOUS
10
143.6268010000000004
20
-88.999857999999989
11
143.5000220000000013
21
-88.9473449999999985
0
LINE
8
BLACK
6
CONTINUOUS
10
143.5000220000000013
20
-88.9473449999999985
11
143.3859249999999861
21
-88.871106999999995
0
LINE
8
BLACK
6
CONTINUOUS
10
143.3859249999999861
20
-88.871106999999995
11
143.2888930000000016
21
-88.7740749999999963
0
LINE
8
BLACK
6
CONTINUOUS
10
143.2888930000000016
20
-88.7740749999999963
11
143.2126549999999838
21
-88.6599779999999953
0
LINE
8
BLACK
6
CONTINUOUS
10
143.2126549999999838
20
-88.6599779999999953
11
143.1601420000000076
21
-88.5331989999999962
0
LINE
8
BLACK
6
CONTINUOUS
10
143.1601420000000076
20
-88.5331989999999962
11
143.1333709999999826
21
-88.398612
0
LINE
8
BLACK
6
CONTINUOUS
10
143.1333709999999826
20
-88.398612
11
143.1333709999999826
21
-88.2613879999999966
0
LINE
8
BLACK
6
CONTINUOUS
10
143.1333709999999826
20
-88.2613879999999966
11
143.1601420000000076
21
-88.1268010000000004
0
LINE
8
BLACK
6
CONTINUOUS
10
143.1601420000000076
20
-88.1268010000000004
11
143.2126549999999838
21
-88.0000220000000013
0
LINE
8
BLACK
6
CONTINUOUS
10
143.2126549999999838
20
-88.0000220000000013
11
143.2888930000000016
21
-87.8859250000000003
0
LINE
8
BLACK
6
CONTINUOUS
10
143.2888930000000016
20
-87.8859250000000003
11
143.3859249999999861
21
-87.7888930000000016
0
LINE
8
BLACK
6
CONTINUOUS
10
143.3859249999999861
20
-87.7888930000000016
11
143.5000220000000013
21
-87.712654999999998
0
LINE
8
BLACK
6
CONTINUOUS
10
143.5000220000000013
20
-87.712654999999998
11
143.6268010000000004
21
-87.6601419999999933
0
LINE
8
BLACK
6
CONTINUOUS
10
143.6268010000000004
20
-87.6601419999999933
11
143.7613879999999824
21
-87.6333709999999968
0
LINE
8
BLACK
6
CONTINUOUS
10
143.7613879999999824
20
-87.6333709999999968
11
143.8986119999999858
21
-87.6333709999999968
0
LINE
8
BLACK
6
CONTINUOUS
10
143.8986119999999858
20
-87.6333709999999968
11
144.0331989999999962
21
-87.6601419999999933
0
LINE
8
BLACK
6
CONTINUOUS
10
144.0331989999999962
20
-87.6601419999999933
11
144.1599779999999953
21
-87.712654999999998
0
LINE
8
BLACK
6
CONTINUOUS
10
144.1599779999999953
20
-87.712654999999998
11
144.2740749999999821
21
-87.7888930000000016
0
LINE
8
BLACK
6
CONTINUOUS
10
144.2740749999999821
20
-87.7888930000000016
11
144.371106999999995
21
-87.8859250000000003
0
LINE
8
BLACK
6
CONTINUOUS
10
144.371106999999995
20
-87.8859250000000003
11
144.4005569999999921
21
-87.9299999999999926
0
LINE
8
BLACK
6
CONTINUOUS
10
144.4005569999999921
20
-87.9299999999999926
11
147.789999999999992
21
-87.9299999999999926
0
LINE
8
BLACK
6
CONTINUOUS
10
147.789999999999992
20
-87.9299999999999926
11
147.789999999999992
21
-87.3774999999999977
0
LINE
8
BLACK
6
CONTINUOUS
10
147.789999999999992
20
-87.3774999999999977
11
149.789999999999992
21
-87.3774999999999977
0
LINE
8
BLACK
6
CONTINUOUS
10
149.789999999999992
20
-87.3774999999999977
11
149.789999999999992
21
-87.9299999999999926
0
LINE
8
BLACK
6
CONTINUOUS
10
161.8484129999999936
20
-89.550184999999999
11
161.869055000000003
21
-89.5668189999999953
0
LINE
8
BLACK
6
CONTINUOUS
10
161.869055000000003
20
-89.5668189999999953
11
166.263181000000003
21
-93.9609449999999953
0
LINE
8
BLACK
6
CONTINUOUS
10
166.263181000000003
20
-93.9609449999999953
11
166.2966659999999877
21
-94.0222679999999968
0
LINE
8
BLACK
6
CONTINUOUS
10
166.2966659999999877
20
-94.0222679999999968
11
166.2994999999999948
21
-94.0486259999999987
0
LINE
8
BLACK
6
CONTINUOUS
10
166.2994999999999948
20
-94.0486259999999987
11
166.2994999999999948
21
-103.9013739999999899
0
LINE
8
BLACK
6
CONTINUOUS
10
166.2994999999999948
20
-103.9013739999999899
11
166.279814999999985
21
-103.9684129999999982
0
LINE
8
BLACK
6
CONTINUOUS
10
166.279814999999985
20
-103.9684129999999982
11
166.263181000000003
21
-103.9890549999999934
0
LINE
8
BLACK
6
CONTINUOUS
10
166.263181000000003
20
-103.9890549999999934
11
153.7390549999999791
21
-116.5131809999999888
0
LINE
8
BLACK
6
CONTINUOUS
10
153.7390549999999791
20
-116.5131809999999888
11
153.6777319999999918
21
-116.5466659999999877
0
LINE
8
BLACK
6
CONTINUOUS
10
153.6777319999999918
20
-116.5466659999999877
11
153.6513740000000041
21
-116.5494999999999948
0
LINE
8
BLACK
6
CONTINUOUS
10
153.6513740000000041
20
-116.5494999999999948
11
145.7819399999999916
21
-116.5494999999999948
0
LINE
8
BLACK
6
CONTINUOUS
10
145.7819399999999916
20
-116.5494999999999948
11
145.7673220000000072
21
-116.5452069999999907
0
LINE
8
BLACK
6
CONTINUOUS
10
145.7673220000000072
20
-116.5452069999999907
11
145.752098999999987
21
-116.5458560000000006
0
LINE
8
BLACK
6
CONTINUOUS
10
145.752098999999987
20
-116.5458560000000006
11
145.7344760000000008
21
-116.5355629999999962
0
LINE
8
BLACK
6
CONTINUOUS
10
145.7344760000000008
20
-116.5355629999999962
11
145.7149009999999976
21
-116.5298149999999993
0
LINE
8
BLACK
6
CONTINUOUS
10
145.7149009999999976
20
-116.5298149999999993
11
145.7049250000000029
21
-116.5183019999999914
0
LINE
8
BLACK
6
CONTINUOUS
10
145.7049250000000029
20
-116.5183019999999914
11
145.6917669999999987
21
-116.5106169999999963
0
LINE
8
BLACK
6
CONTINUOUS
10
145.6917669999999987
20
-116.5106169999999963
11
145.6825059999999894
21
-116.4924290000000013
0
LINE
8
BLACK
6
CONTINUOUS
10
145.6825059999999894
20
-116.4924290000000013
11
145.6691459999999836
21
-116.4770109999999903
0
LINE
8
BLACK
6
CONTINUOUS
10
145.6691459999999836
20
-116.4770109999999903
11
145.6669770000000028
21
-116.4619319999999902
0
LINE
8
BLACK
6
CONTINUOUS
10
145.6669770000000028
20
-116.4619319999999902
11
145.6600640000000055
21
-116.4483539999999948
0
LINE
8
BLACK
6
CONTINUOUS
10
145.6600640000000055
20
-116.4483539999999948
11
145.6621059999999943
21
-116.4280499999999989
0
LINE
8
BLACK
6
CONTINUOUS
10
145.6621059999999943
20
-116.4280499999999989
11
145.6592019999999934
21
-116.4078529999999887
0
LINE
8
BLACK
6
CONTINUOUS
10
145.6592019999999934
20
-116.4078529999999887
11
145.6656380000000013
21
-116.3929249999999911
0
LINE
8
BLACK
6
CONTINUOUS
10
145.6656380000000013
20
-116.3929249999999911
11
145.6670560000000023
21
-116.3788349999999951
0
LINE
8
BLACK
6
CONTINUOUS
10
145.6670560000000023
20
-116.3788349999999951
11
145.680373000000003
21
-116.3587539999999905
0
LINE
8
BLACK
6
CONTINUOUS
10
145.680373000000003
20
-116.3587539999999905
11
145.6848569999999938
21
-116.3483579999999904
0
LINE
8
BLACK
6
CONTINUOUS
10
145.6848569999999938
20
-116.3483579999999904
11
145.6892550000000028
21
-116.3428219999999982
0
LINE
8
BLACK
6
CONTINUOUS
10
145.6892550000000028
20
-116.3428219999999982
11
145.7698159999999916
21
-116.2622619999999927
0
LINE
8
BLACK
6
CONTINUOUS
10
145.7698159999999916
20
-116.2622619999999927
11
145.8323570000000018
21
-116.1627269999999896
0
LINE
8
BLACK
6
CONTINUOUS
10
145.8323570000000018
20
-116.1627269999999896
11
145.8366240000000005
21
-116.1573579999999879
0
LINE
8
BLACK
6
CONTINUOUS
10
145.8366240000000005
20
-116.1573579999999879
11
145.8598079999999868
21
-116.1410229999999899
0
LINE
8
BLACK
6
CONTINUOUS
10
145.8598079999999868
20
-116.1410229999999899
11
145.8810479999999927
21
-116.1222369999999984
0
LINE
8
BLACK
6
CONTINUOUS
10
145.8810479999999927
20
-116.1222369999999984
11
145.8889839999999936
21
-116.1204679999999883
0
LINE
8
BLACK
6
CONTINUOUS
10
145.8889839999999936
20
-116.1204679999999883
11
145.8937410000000057
21
-116.1171169999999933
0
LINE
8
BLACK
6
CONTINUOUS
10
145.8937410000000057
20
-116.1171169999999933
11
145.9064469999999858
21
-116.1165749999999974
0
LINE
8
BLACK
6
CONTINUOUS
10
145.9064469999999858
20
-116.1165749999999974
11
145.9337069999999983
21
-116.1105000000000018
0
LINE
8
BLACK
6
CONTINUOUS
10
145.9337069999999983
20
-116.1105000000000018
11
151.1344859999999812
21
-116.1105000000000018
0
LINE
8
BLACK
6
CONTINUOUS
10
151.1344859999999812
20
-116.1105000000000018
11
151.3211179999999842
21
-116.0809399999999982
0
LINE
8
BLACK
6
CONTINUOUS
10
151.3211179999999842
20
-116.0809399999999982
11
151.3588989999999797
21
-116.0686639999999983
0
LINE
8
BLACK
6
CONTINUOUS
10
151.3588989999999797
20
-116.0686639999999983
11
151.5008320000000026
21
-116.0225469999999888
0
LINE
8
BLACK
6
CONTINUOUS
10
151.5008320000000026
20
-116.0225469999999888
11
151.6691989999999919
21
-115.9367599999999925
0
LINE
8
BLACK
6
CONTINUOUS
10
151.6691989999999919
20
-115.9367599999999925
11
151.8220739999999864
21
-115.8256899999999945
0
LINE
8
BLACK
6
CONTINUOUS
10
151.8220739999999864
20
-115.8256899999999945
11
155.8031179999999836
21
-111.8446429999999907
0
LINE
8
BLACK
6
CONTINUOUS
10
155.8031179999999836
20
-111.8446429999999907
11
155.8644390000000044
21
-111.811160000000001
0
LINE
8
BLACK
6
CONTINUOUS
10
155.8644390000000044
20
-111.811160000000001
11
155.9069819999999993
21
-111.809387000000001
0
LINE
8
BLACK
6
CONTINUOUS
10
155.9069819999999993
20
-111.809387000000001
11
155.9154350000000022
21
-111.8104999999999905
0
LINE
8
BLACK
6
CONTINUOUS
10
155.9154350000000022
20
-111.8104999999999905
11
155.9154409999999871
21
-111.8104999999999905
0
LINE
8
BLACK
6
CONTINUOUS
10
155.9154409999999871
20
-111.8104999999999905
11
156.1645579999999995
21
-111.8104999999999905
0
LINE
8
BLACK
6
CONTINUOUS
10
156.1645579999999995
20
-111.8104999999999905
11
156.1645649999999819
21
-111.8104999999999905
0
LINE
8
BLACK
6
CONTINUOUS
10
156.1645649999999819
20
-111.8104999999999905
11
156.411564999999996
21
-111.7779819999999944
0
LINE
8
BLACK
6
CONTINUOUS
10
156.411564999999996
20
-111.7779819999999944
11
156.6522070000000042
21
-111.7135019999999912
0
LINE
8
BLACK
6
CONTINUOUS
10
156.6522070000000042
20
-111.7135019999999912
11
156.8823730000000012
21
-111.6181639999999931
0
LINE
8
BLACK
6
CONTINUOUS
10
156.8823730000000012
20
-111.6181639999999931
11
157.0981270000000052
21
-111.493598999999989
0
LINE
8
BLACK
6
CONTINUOUS
10
157.0981270000000052
20
-111.493598999999989
11
157.2957759999999894
21
-111.341937999999999
0
LINE
8
BLACK
6
CONTINUOUS
10
157.2957759999999894
20
-111.341937999999999
11
157.4719379999999944
21
-111.1657759999999939
0
LINE
8
BLACK
6
CONTINUOUS
10
157.4719379999999944
20
-111.1657759999999939
11
157.6235989999999845
21
-110.9681269999999955
0
LINE
8
BLACK
6
CONTINUOUS
10
157.6235989999999845
20
-110.9681269999999955
11
157.7481640000000027
21
-110.7523729999999915
0
LINE
8
BLACK
6
CONTINUOUS
10
157.7481640000000027
20
-110.7523729999999915
11
157.8435020000000009
21
-110.5222069999999945
0
LINE
8
BLACK
6
CONTINUOUS
10
157.8435020000000009
20
-110.5222069999999945
11
157.9079820000000041
21
-110.2815650000000005
0
LINE
8
BLACK
6
CONTINUOUS
10
157.9079820000000041
20
-110.2815650000000005
11
157.9404999999999859
21
-110.0345650000000006
0
LINE
8
BLACK
6
CONTINUOUS
10
157.9404999999999859
20
-110.0345650000000006
11
157.9404999999999859
21
-109.7854349999999926
0
LINE
8
BLACK
6
CONTINUOUS
10
157.9404999999999859
20
-109.7854349999999926
11
157.9079820000000041
21
-109.5384349999999927
0
LINE
8
BLACK
6
CONTINUOUS
10
157.9079820000000041
20
-109.5384349999999927
11
157.8435020000000009
21
-109.2977929999999986
0
LINE
8
BLACK
6
CONTINUOUS
10
157.8435020000000009
20
-109.2977929999999986
11
157.7892530000000022
21
-109.1668249999999887
0
LINE
8
BLACK
6
CONTINUOUS
10
157.7892530000000022
20
-109.1668249999999887
11
157.7481689999999901
21
-109.0676379999999881
0
LINE
8
BLACK
6
CONTINUOUS
10
157.7481689999999901
20
-109.0676379999999881
11
157.7481619999999793
21
-109.0676229999999975
0
LINE
8
BLACK
6
CONTINUOUS
10
157.7481619999999793
20
-109.0676229999999975
11
157.6235989999999845
21
-108.8518729999999977
0
LINE
8
BLACK
6
CONTINUOUS
10
157.6235989999999845
20
-108.8518729999999977
11
157.4719389999999919
21
-108.6542249999999967
0
LINE
8
BLACK
6
CONTINUOUS
10
157.4719389999999919
20
-108.6542249999999967
11
157.471933000000007
21
-108.6542180000000002
0
LINE
8
BLACK
6
CONTINUOUS
10
157.471933000000007
20
-108.6542180000000002
11
157.2957849999999951
21
-108.4780699999999882
0
LINE
8
BLACK
6
CONTINUOUS
10
157.2957849999999951
20
-108.4780699999999882
11
157.2957749999999919
21
-108.4780609999999967
0
LINE
8
BLACK
6
CONTINUOUS
10
157.2957749999999919
20
-108.4780609999999967
11
157.289008999999993
21
-108.4728689999999887
0
LINE
8
BLACK
6
CONTINUOUS
10
157.289008999999993
20
-108.4728689999999887
11
157.2478089999999895
21
-108.4164389999999969
0
LINE
8
BLACK
6
CONTINUOUS
10
157.2478089999999895
20
-108.4164389999999969
11
157.2404999999999973
21
-108.374496999999991
0
LINE
8
BLACK
6
CONTINUOUS
10
157.2404999999999973
20
-108.374496999999991
11
157.2404999999999973
21
-105.5655129999999957
0
LINE
8
BLACK
6
CONTINUOUS
10
157.2404999999999973
20
-105.5655129999999957
11
157.2109399999999937
21
-105.3788809999999927
0
LINE
8
BLACK
6
CONTINUOUS
10
157.2109399999999937
20
-105.3788809999999927
11
157.1809309999999869
21
-105.2865229999999883
0
LINE
8
BLACK
6
CONTINUOUS
10
157.1809309999999869
20
-105.2865229999999883
11
157.1525469999999984
21
-105.1991680000000002
0
LINE
8
BLACK
6
CONTINUOUS
10
157.1525469999999984
20
-105.1991680000000002
11
157.1525450000000035
21
-105.1991649999999936
0
LINE
8
BLACK
6
CONTINUOUS
10
157.1525450000000035
20
-105.1991649999999936
11
157.1525450000000035
21
-105.1991629999999986
0
LINE
8
BLACK
6
CONTINUOUS
10
157.1525450000000035
20
-105.1991629999999986
11
157.0667589999999905
21
-105.0307999999999993
0
LINE
8
BLACK
6
CONTINUOUS
10
157.0667589999999905
20
-105.0307999999999993
11
156.9556900000000041
21
-104.8779269999999997
0
LINE
8
BLACK
6
CONTINUOUS
10
156.9556900000000041
20
-104.8779269999999997
11
156.822072999999989
21
-104.7443099999999987
0
LINE
8
BLACK
6
CONTINUOUS
10
156.822072999999989
20
-104.7443099999999987
11
155.879131000000001
21
-103.8013679999999965
0
LINE
8
BLACK
6
CONTINUOUS
10
155.879131000000001
20
-103.8013679999999965
11
152.9439779999999871
21
-100.8662130000000019
0
LINE
8
BLACK
6
CONTINUOUS
10
152.9439779999999871
20
-100.8662130000000019
11
152.9439469999999801
21
-100.8661839999999899
0
LINE
8
BLACK
6
CONTINUOUS
10
152.9439469999999801
20
-100.8661839999999899
11
152.526818999999989
21
-100.4490550000000013
0
LINE
8
BLACK
6
CONTINUOUS
10
152.526818999999989
20
-100.4490550000000013
11
152.4933340000000044
21
-100.3877319999999997
0
LINE
8
BLACK
6
CONTINUOUS
10
152.4933340000000044
20
-100.3877319999999997
11
152.4904999999999973
21
-100.3613739999999979
0
LINE
8
BLACK
6
CONTINUOUS
10
152.4904999999999973
20
-100.3613739999999979
11
152.4904999999999973
21
-98.7086259999999953
0
LINE
8
BLACK
6
CONTINUOUS
10
152.4904999999999973
20
-98.7086259999999953
11
152.510185000000007
21
-98.6415870000000012
0
LINE
8
BLACK
6
CONTINUOUS
10
152.510185000000007
20
-98.6415870000000012
11
152.526818999999989
21
-98.6209449999999919
0
LINE
8
BLACK
6
CONTINUOUS
10
152.526818999999989
20
-98.6209449999999919
11
155.0009450000000015
21
-96.1468189999999936
0
LINE
8
BLACK
6
CONTINUOUS
10
155.0009450000000015
20
-96.1468189999999936
11
155.0622679999999889
21
-96.1133339999999947
0
LINE
8
BLACK
6
CONTINUOUS
10
155.0622679999999889
20
-96.1133339999999947
11
155.088626000000005
21
-96.1105000000000018
0
LINE
8
BLACK
6
CONTINUOUS
10
155.088626000000005
20
-96.1105000000000018
11
162.1890709999999842
21
-96.1105000000000018
0
LINE
8
BLACK
6
CONTINUOUS
10
162.1890709999999842
20
-96.1105000000000018
11
162.2561100000000067
21
-96.1301849999999973
0
LINE
8
BLACK
6
CONTINUOUS
10
162.2561100000000067
20
-96.1301849999999973
11
162.2893899999999974
21
-96.1616159999999951
0
LINE
8
BLACK
6
CONTINUOUS
10
162.2893899999999974
20
-96.1616159999999951
11
162.3192029999999875
21
-96.2026520000000005
0
LINE
8
BLACK
6
CONTINUOUS
10
162.3192029999999875
20
-96.2026520000000005
11
162.4973449999999957
21
-96.3807939999999945
0
LINE
8
BLACK
6
CONTINUOUS
10
162.4973449999999957
20
-96.3807939999999945
11
162.4973499999999831
21
-96.3807979999999986
0
LINE
8
BLACK
6
CONTINUOUS
10
162.4973499999999831
20
-96.3807979999999986
11
162.5914469999999881
21
-96.4491629999999986
0
LINE
8
BLACK
6
CONTINUOUS
10
162.5914469999999881
20
-96.4491629999999986
11
162.701155
21
-96.5288699999999977
0
LINE
8
BLACK
6
CONTINUOUS
10
162.701155
20
-96.5288699999999977
11
162.7930389999999932
21
-96.5756870000000021
0
LINE
8
BLACK
6
CONTINUOUS
10
162.7930389999999932
20
-96.5756870000000021
11
162.9256159999999909
21
-96.6432389999999941
0
LINE
8
BLACK
6
CONTINUOUS
10
162.9256159999999909
20
-96.6432389999999941
11
162.9256179999999858
21
-96.6432389999999941
0
LINE
8
BLACK
6
CONTINUOUS
10
162.9256179999999858
20
-96.6432389999999941
11
162.9256210000000067
21
-96.6432409999999891
0
LINE
8
BLACK
6
CONTINUOUS
10
162.9256210000000067
20
-96.6432409999999891
11
163.1652149999999892
21
-96.7210899999999896
0
LINE
8
BLACK
6
CONTINUOUS
10
163.1652149999999892
20
-96.7210899999999896
11
163.414038000000005
21
-96.7604999999999933
0
LINE
8
BLACK
6
CONTINUOUS
10
163.414038000000005
20
-96.7604999999999933
11
163.4140390000000025
21
-96.7604999999999933
0
LINE
8
BLACK
6
CONTINUOUS
10
163.4140390000000025
20
-96.7604999999999933
11
163.6659609999999816
21
-96.7604999999999933
0
LINE
8
BLACK
6
CONTINUOUS
10
163.6659609999999816
20
-96.7604999999999933
11
163.6659619999999791
21
-96.7604999999999933
0
LINE
8
BLACK
6
CONTINUOUS
10
163.6659619999999791
20
-96.7604999999999933
11
163.9147849999999949
21
-96.7210899999999896
0
LINE
8
BLACK
6
CONTINUOUS
10
163.9147849999999949
20
-96.7210899999999896
11
164.1543790000000058
21
-96.6432409999999891
0
LINE
8
BLACK
6
CONTINUOUS
10
164.1543790000000058
20
-96.6432409999999891
11
164.3788449999999841
21
-96.5288699999999977
0
LINE
8
BLACK
6
CONTINUOUS
10
164.3788449999999841
20
-96.5288699999999977
11
164.5826559999999859
21
-96.3807929999999971
0
LINE
8
BLACK
6
CONTINUOUS
10
164.5826559999999859
20
-96.3807929999999971
11
164.7607930000000067
21
-96.2026559999999904
0
LINE
8
BLACK
6
CONTINUOUS
10
164.7607930000000067
20
-96.2026559999999904
11
164.908869999999979
21
-95.9988449999999887
0
LINE
8
BLACK
6
CONTINUOUS
10
164.908869999999979
20
-95.9988449999999887
11
165.0232409999999845
21
-95.7743789999999962
0
LINE
8
BLACK
6
CONTINUOUS
10
165.0232409999999845
20
-95.7743789999999962
11
165.1010899999999992
21
-95.5347849999999994
0
LINE
8
BLACK
6
CONTINUOUS
10
165.1010899999999992
20
-95.5347849999999994
11
165.140500000000003
21
-95.2859619999999978
0
LINE
8
BLACK
6
CONTINUOUS
10
165.140500000000003
20
-95.2859619999999978
11
165.140500000000003
21
-95.0340379999999953
0
LINE
8
BLACK
6
CONTINUOUS
10
165.140500000000003
20
-95.0340379999999953
11
165.1010899999999992
21
-94.7852149999999938
0
LINE
8
BLACK
6
CONTINUOUS
10
165.1010899999999992
20
-94.7852149999999938
11
165.0232409999999845
21
-94.545620999999997
0
LINE
8
BLACK
6
CONTINUOUS
10
165.0232409999999845
20
-94.545620999999997
11
165.0232389999999896
21
-94.5456179999999904
0
LINE
8
BLACK
6
CONTINUOUS
10
165.0232389999999896
20
-94.5456179999999904
11
165.0232389999999896
21
-94.5456159999999954
0
LINE
8
BLACK
6
CONTINUOUS
10
165.0232389999999896
20
-94.5456159999999954
11
164.9693299999999851
21
-94.4398149999999958
0
LINE
8
BLACK
6
CONTINUOUS
10
164.9693299999999851
20
-94.4398149999999958
11
164.908869999999979
21
-94.3211549999999903
0
LINE
8
BLACK
6
CONTINUOUS
10
164.908869999999979
20
-94.3211549999999903
11
164.8588969999999847
21
-94.2523729999999915
0
LINE
8
BLACK
6
CONTINUOUS
10
164.8588969999999847
20
-94.2523729999999915
11
164.7607979999999941
21
-94.1173500000000018
0
LINE
8
BLACK
6
CONTINUOUS
10
164.7607979999999941
20
-94.1173500000000018
11
164.7607940000000042
21
-94.1173450000000003
0
LINE
8
BLACK
6
CONTINUOUS
10
164.7607940000000042
20
-94.1173450000000003
11
164.5826539999999909
21
-93.9392050000000012
0
LINE
8
BLACK
6
CONTINUOUS
10
164.5826539999999909
20
-93.9392050000000012
11
164.5826490000000035
21
-93.9392009999999971
0
LINE
8
BLACK
6
CONTINUOUS
10
164.5826490000000035
20
-93.9392009999999971
11
164.378848000000005
21
-93.7911319999999904
0
LINE
8
BLACK
6
CONTINUOUS
10
164.378848000000005
20
-93.7911319999999904
11
164.3788469999999791
21
-93.7911309999999929
0
LINE
8
BLACK
6
CONTINUOUS
10
164.3788469999999791
20
-93.7911309999999929
11
164.3788449999999841
21
-93.7911299999999954
0
LINE
8
BLACK
6
CONTINUOUS
10
164.3788449999999841
20
-93.7911299999999954
11
164.2766499999999894
21
-93.7390589999999975
0
LINE
8
BLACK
6
CONTINUOUS
10
164.2766499999999894
20
-93.7390589999999975
11
164.1543829999999957
21
-93.6767600000000016
0
LINE
8
BLACK
6
CONTINUOUS
10
164.1543829999999957
20
-93.6767600000000016
11
163.9147849999999949
21
-93.5989099999999894
0
LINE
8
BLACK
6
CONTINUOUS
10
163.9147849999999949
20
-93.5989099999999894
11
163.6659619999999791
21
-93.5594999999999999
0
LINE
8
BLACK
6
CONTINUOUS
10
163.6659619999999791
20
-93.5594999999999999
11
163.414038000000005
21
-93.5594999999999999
0
LINE
8
BLACK
6
CONTINUOUS
10
163.414038000000005
20
-93.5594999999999999
11
163.2896259999999984
21
-93.5792050000000017
0
LINE
8
BLACK
6
CONTINUOUS
10
163.2896259999999984
20
-93.5792050000000017
11
163.1652139999999918
21
-93.5989099999999894
0
LINE
8
BLACK
6
CONTINUOUS
10
163.1652139999999918
20
-93.5989099999999894
11
162.9256159999999909
21
-93.6767600000000016
0
LINE
8
BLACK
6
CONTINUOUS
10
162.9256159999999909
20
-93.6767600000000016
11
162.8878880000000038
21
-93.6959849999999932
0
LINE
8
BLACK
6
CONTINUOUS
10
162.8878880000000038
20
-93.6959849999999932
11
162.831592999999998
21
-93.7094999999999914
0
LINE
8
BLACK
6
CONTINUOUS
10
162.831592999999998
20
-93.7094999999999914
11
154.4455130000000054
21
-93.7094999999999914
0
LINE
8
BLACK
6
CONTINUOUS
10
154.4455130000000054
20
-93.7094999999999914
11
154.2588849999999923
21
-93.7390589999999975
0
LINE
8
BLACK
6
CONTINUOUS
10
154.2588849999999923
20
-93.7390589999999975
11
154.079164999999989
21
-93.7974540000000019
0
LINE
8
BLACK
6
CONTINUOUS
10
154.079164999999989
20
-93.7974540000000019
11
153.9107999999999947
21
-93.8832400000000007
0
LINE
8
BLACK
6
CONTINUOUS
10
153.9107999999999947
20
-93.8832400000000007
11
153.7579230000000052
21
-93.9943119999999936
0
LINE
8
BLACK
6
CONTINUOUS
10
153.7579230000000052
20
-93.9943119999999936
11
151.377679999999998
21
-96.3745539999999892
0
LINE
8
BLACK
6
CONTINUOUS
10
151.377679999999998
20
-96.3745539999999892
11
151.3163569999999822
21
-96.4080390000000023
0
LINE
8
BLACK
6
CONTINUOUS
10
151.3163569999999822
20
-96.4080390000000023
11
151.2466650000000072
21
-96.4030549999999948
0
LINE
8
BLACK
6
CONTINUOUS
10
151.2466650000000072
20
-96.4030549999999948
11
151.2023179999999911
21
-96.3745539999999892
0
LINE
8
BLACK
6
CONTINUOUS
10
151.2023179999999911
20
-96.3745539999999892
11
150.026818999999989
21
-95.1990550000000013
0
LINE
8
BLACK
6
CONTINUOUS
10
150.026818999999989
20
-95.1990550000000013
11
149.9933340000000044
21
-95.1377319999999997
0
LINE
8
BLACK
6
CONTINUOUS
10
149.9933340000000044
20
-95.1377319999999997
11
149.9904999999999973
21
-95.1113739999999979
0
LINE
8
BLACK
6
CONTINUOUS
10
149.9904999999999973
20
-95.1113739999999979
11
149.9904999999999973
21
-94.7874789999999905
0
LINE
8
BLACK
6
CONTINUOUS
10
149.9904999999999973
20
-94.7874789999999905
11
150.010185000000007
21
-94.7204399999999964
0
LINE
8
BLACK
6
CONTINUOUS
10
150.010185000000007
20
-94.7204399999999964
11
150.026818999999989
21
-94.6997980000000013
0
LINE
8
BLACK
6
CONTINUOUS
10
150.026818999999989
20
-94.6997980000000013
11
150.158298000000002
21
-94.5683179999999908
0
LINE
8
BLACK
6
CONTINUOUS
10
150.158298000000002
20
-94.5683179999999908
11
150.1583029999999894
21
-94.5683129999999892
0
LINE
8
BLACK
6
CONTINUOUS
10
150.1583029999999894
20
-94.5683129999999892
11
150.2981929999999977
21
-94.3860039999999998
0
LINE
8
BLACK
6
CONTINUOUS
10
150.2981929999999977
20
-94.3860039999999998
11
150.4130909999999801
21
-94.1869959999999935
0
LINE
8
BLACK
6
CONTINUOUS
10
150.4130909999999801
20
-94.1869959999999935
11
150.5010299999999859
21
-93.9746919999999903
0
LINE
8
BLACK
6
CONTINUOUS
10
150.5010299999999859
20
-93.9746919999999903
11
150.5605050000000062
21
-93.752726999999993
0
LINE
8
BLACK
6
CONTINUOUS
10
150.5605050000000062
20
-93.752726999999993
11
150.5904999999999916
21
-93.5248979999999932
0
LINE
8
BLACK
6
CONTINUOUS
10
150.5904999999999916
20
-93.5248979999999932
11
150.5904999999999916
21
-93.295102
0
LINE
8
BLACK
6
CONTINUOUS
10
150.5904999999999916
20
-93.295102
11
150.5605050000000062
21
-93.0672730000000001
0
LINE
8
BLACK
6
CONTINUOUS
10
150.5605050000000062
20
-93.0672730000000001
11
150.5010299999999859
21
-92.8453080000000028
0
LINE
8
BLACK
6
CONTINUOUS
10
150.5010299999999859
20
-92.8453080000000028
11
150.4130909999999801
21
-92.6330039999999997
0
LINE
8
BLACK
6
CONTINUOUS
10
150.4130909999999801
20
-92.6330039999999997
11
150.2981929999999977
21
-92.4339959999999934
0
LINE
8
BLACK
6
CONTINUOUS
10
150.2981929999999977
20
-92.4339959999999934
11
150.2320009999999968
21
-92.3477319999999935
0
LINE
8
BLACK
6
CONTINUOUS
10
150.2320009999999968
20
-92.3477319999999935
11
150.1583049999999844
21
-92.2516889999999989
0
LINE
8
BLACK
6
CONTINUOUS
10
150.1583049999999844
20
-92.2516889999999989
11
150.1583029999999894
21
-92.2516869999999898
0
LINE
8
BLACK
6
CONTINUOUS
10
150.1583029999999894
20
-92.2516869999999898
11
150.1342960000000062
21
-92.2276799999999923
0
LINE
8
BLACK
6
CONTINUOUS
10
150.1342960000000062
20
-92.2276799999999923
11
150.1008119999999906
21
-92.1663599999999974
0
LINE
8
BLACK
6
CONTINUOUS
10
150.1008119999999906
20
-92.1663599999999974
11
150.1057950000000005
21
-92.0966689999999915
0
LINE
8
BLACK
6
CONTINUOUS
10
150.1057950000000005
20
-92.0966689999999915
11
150.1342960000000062
21
-92.0523189999999971
0
LINE
8
BLACK
6
CONTINUOUS
10
150.1342960000000062
20
-92.0523189999999971
11
150.1583029999999894
21
-92.0283129999999971
0
LINE
8
BLACK
6
CONTINUOUS
10
150.1583029999999894
20
-92.0283129999999971
11
150.2981929999999977
21
-91.8460039999999935
0
LINE
8
BLACK
6
CONTINUOUS
10
150.2981929999999977
20
-91.8460039999999935
11
150.4130909999999801
21
-91.6469960000000015
0
LINE
8
BLACK
6
CONTINUOUS
10
150.4130909999999801
20
-91.6469960000000015
11
150.5010299999999859
21
-91.4346919999999983
0
LINE
8
BLACK
6
CONTINUOUS
10
150.5010299999999859
20
-91.4346919999999983
11
150.5605050000000062
21
-91.212727000000001
0
LINE
8
BLACK
6
CONTINUOUS
10
150.5605050000000062
20
-91.212727000000001
11
150.5904999999999916
21
-90.9848980000000012
0
LINE
8
BLACK
6
CONTINUOUS
10
150.5904999999999916
20
-90.9848980000000012
11
150.5904999999999916
21
-90.7551019999999937
0
LINE
8
BLACK
6
CONTINUOUS
10
150.5904999999999916
20
-90.7551019999999937
11
150.5605050000000062
21
-90.5272729999999939
0
LINE
8
BLACK
6
CONTINUOUS
10
150.5605050000000062
20
-90.5272729999999939
11
150.5010299999999859
21
-90.3053079999999966
0
LINE
8
BLACK
6
CONTINUOUS
10
150.5010299999999859
20
-90.3053079999999966
11
150.4130909999999801
21
-90.0930039999999934
0
LINE
8
BLACK
6
CONTINUOUS
10
150.4130909999999801
20
-90.0930039999999934
11
150.4130889999999852
21
-90.093001000000001
0
LINE
8
BLACK
6
CONTINUOUS
10
150.4130889999999852
20
-90.093001000000001
11
150.4130869999999902
21
-90.0929959999999994
0
LINE
8
BLACK
6
CONTINUOUS
10
150.4130869999999902
20
-90.0929959999999994
11
150.3503019999999992
21
-89.984250000000003
0
LINE
8
BLACK
6
CONTINUOUS
10
150.3503019999999992
20
-89.984250000000003
11
150.3338289999999802
21
-89.9163499999999942
0
LINE
8
BLACK
6
CONTINUOUS
10
150.3338289999999802
20
-89.9163499999999942
11
150.3566809999999805
21
-89.8503229999999888
0
LINE
8
BLACK
6
CONTINUOUS
10
150.3566809999999805
20
-89.8503229999999888
11
150.3700049999999919
21
-89.8345709999999968
0
LINE
8
BLACK
6
CONTINUOUS
10
150.3700049999999919
20
-89.8345709999999968
11
150.4198159999999973
21
-89.7847620000000006
0
LINE
8
BLACK
6
CONTINUOUS
10
150.4198159999999973
20
-89.7847620000000006
11
150.5157889999999838
21
-89.6320219999999921
0
LINE
8
BLACK
6
CONTINUOUS
10
150.5157889999999838
20
-89.6320219999999921
11
150.5222540000000038
21
-89.6135439999999903
0
LINE
8
BLACK
6
CONTINUOUS
10
150.5222540000000038
20
-89.6135439999999903
11
150.5629759999999919
21
-89.5567690000000027
0
LINE
8
BLACK
6
CONTINUOUS
10
150.5629759999999919
20
-89.5567690000000027
11
150.6279289999999946
21
-89.531021999999993
0
LINE
8
BLACK
6
CONTINUOUS
10
150.6279289999999946
20
-89.531021999999993
11
150.6392960000000016
21
-89.5304999999999893
0
LINE
8
BLACK
6
CONTINUOUS
10
150.6392960000000016
20
-89.5304999999999893
11
161.7813739999999996
21
-89.5304999999999893
0
LINE
8
BLACK
6
CONTINUOUS
10
161.7813739999999996
20
-89.5304999999999893
11
161.8484129999999936
21
-89.550184999999999
0
LINE
8
BLACK
6
CONTINUOUS
10
132.0467899999999872
20
-89.8003929999999997
11
132.2109519999999918
21
-89.8537329999999912
0
LINE
8
BLACK
6
CONTINUOUS
10
132.2109519999999918
20
-89.8537329999999912
11
132.3647479999999916
21
-89.9320960000000014
0
LINE
8
BLACK
6
CONTINUOUS
10
132.3647479999999916
20
-89.9320960000000014
11
132.5043929999999932
21
-90.0335529999999977
0
LINE
8
BLACK
6
CONTINUOUS
10
132.5043929999999932
20
-90.0335529999999977
11
132.6264469999999847
21
-90.1556069999999892
0
LINE
8
BLACK
6
CONTINUOUS
10
132.6264469999999847
20
-90.1556069999999892
11
132.7279039999999952
21
-90.2952519999999907
0
LINE
8
BLACK
6
CONTINUOUS
10
132.7279039999999952
20
-90.2952519999999907
11
132.8062669999999912
21
-90.4490479999999906
0
LINE
8
BLACK
6
CONTINUOUS
10
132.8062669999999912
20
-90.4490479999999906
11
132.8130749999999978
21
-90.4699999999999989
0
LINE
8
BLACK
6
CONTINUOUS
10
132.8130749999999978
20
-90.4699999999999989
11
139.7475000000000023
21
-90.4699999999999989
0
LINE
8
BLACK
6
CONTINUOUS
10
139.7475000000000023
20
-90.4699999999999989
11
139.7997100000000046
21
-90.4734219999999993
0
LINE
8
BLACK
6
CONTINUOUS
10
139.7997100000000046
20
-90.4734219999999993
11
139.900574000000006
21
-90.5004479999999916
0
LINE
8
BLACK
6
CONTINUOUS
10
139.900574000000006
20
-90.5004479999999916
11
139.9910050000000012
21
-90.5526589999999914
0
LINE
8
BLACK
6
CONTINUOUS
10
139.9910050000000012
20
-90.5526589999999914
11
140.0303429999999878
21
-90.5871569999999906
0
LINE
8
BLACK
6
CONTINUOUS
10
140.0303429999999878
20
-90.5871569999999906
11
144.7031859999999881
21
-95.2599999999999909
0
LINE
8
BLACK
6
CONTINUOUS
10
144.7031859999999881
20
-95.2599999999999909
11
148.3899999999999864
21
-95.2599999999999909
0
LINE
8
BLACK
6
CONTINUOUS
10
148.3899999999999864
20
-95.2599999999999909
11
148.3899999999999864
21
-94.2900029999999987
0
LINE
8
BLACK
6
CONTINUOUS
10
148.3899999999999864
20
-94.2900029999999987
11
148.2934950000000072
21
-94.2500299999999953
0
LINE
8
BLACK
6
CONTINUOUS
10
148.2934950000000072
20
-94.2500299999999953
11
148.1382399999999961
21
-94.1462920000000025
0
LINE
8
BLACK
6
CONTINUOUS
10
148.1382399999999961
20
-94.1462920000000025
11
148.0062079999999867
21
-94.0142599999999931
0
LINE
8
BLACK
6
CONTINUOUS
10
148.0062079999999867
20
-94.0142599999999931
11
147.9024699999999939
21
-93.8590049999999962
0
LINE
8
BLACK
6
CONTINUOUS
10
147.9024699999999939
20
-93.8590049999999962
11
147.8310139999999819
21
-93.6864959999999911
0
LINE
8
BLACK
6
CONTINUOUS
10
147.8310139999999819
20
-93.6864959999999911
11
147.794587000000007
21
-93.5033609999999982
0
LINE
8
BLACK
6
CONTINUOUS
10
147.794587000000007
20
-93.5033609999999982
11
147.794587000000007
21
-93.316638999999995
0
LINE
8
BLACK
6
CONTINUOUS
10
147.794587000000007
20
-93.316638999999995
11
147.8310139999999819
21
-93.1335040000000021
0
LINE
8
BLACK
6
CONTINUOUS
10
147.8310139999999819
20
-93.1335040000000021
11
147.9024699999999939
21
-92.9609949999999969
0
LINE
8
BLACK
6
CONTINUOUS
10
147.9024699999999939
20
-92.9609949999999969
11
148.0062079999999867
21
-92.8057400000000001
0
LINE
8
BLACK
6
CONTINUOUS
10
148.0062079999999867
20
-92.8057400000000001
11
148.1382399999999961
21
-92.6737079999999906
0
LINE
8
BLACK
6
CONTINUOUS
10
148.1382399999999961
20
-92.6737079999999906
11
148.2934950000000072
21
-92.5699699999999979
0
LINE
8
BLACK
6
CONTINUOUS
10
148.2934950000000072
20
-92.5699699999999979
11
148.4660039999999981
21
-92.4985140000000001
0
LINE
8
BLACK
6
CONTINUOUS
10
148.4660039999999981
20
-92.4985140000000001
11
148.649138999999991
21
-92.4620869999999968
0
LINE
8
BLACK
6
CONTINUOUS
10
148.649138999999991
20
-92.4620869999999968
11
148.7425000000000068
21
-92.457499999999996
0
LINE
8
BLACK
6
CONTINUOUS
10
148.7425000000000068
20
-92.457499999999996
11
148.8375000000000057
21
-92.457499999999996
0
LINE
8
BLACK
6
CONTINUOUS
10
148.8375000000000057
20
-92.457499999999996
11
148.9308609999999931
21
-92.4620869999999968
0
LINE
8
BLACK
6
CONTINUOUS
10
148.9308609999999931
20
-92.4620869999999968
11
149.113995999999986
21
-92.4985140000000001
0
LINE
8
BLACK
6
CONTINUOUS
10
149.113995999999986
20
-92.4985140000000001
11
149.2865050000000053
21
-92.5699699999999979
0
LINE
8
BLACK
6
CONTINUOUS
10
149.2865050000000053
20
-92.5699699999999979
11
149.4417599999999879
21
-92.6737079999999906
0
LINE
8
BLACK
6
CONTINUOUS
10
149.4417599999999879
20
-92.6737079999999906
11
149.5737919999999974
21
-92.8057400000000001
0
LINE
8
BLACK
6
CONTINUOUS
10
149.5737919999999974
20
-92.8057400000000001
11
149.6775299999999902
21
-92.9609949999999969
0
LINE
8
BLACK
6
CONTINUOUS
10
149.6775299999999902
20
-92.9609949999999969
11
149.7489860000000022
21
-93.1335040000000021
0
LINE
8
BLACK
6
CONTINUOUS
10
149.7489860000000022
20
-93.1335040000000021
11
149.7854130000000055
21
-93.316638999999995
0
LINE
8
BLACK
6
CONTINUOUS
10
149.7854130000000055
20
-93.316638999999995
11
149.7854130000000055
21
-93.5033609999999982
0
LINE
8
BLACK
6
CONTINUOUS
10
149.7854130000000055
20
-93.5033609999999982
11
149.7489860000000022
21
-93.6864959999999911
0
LINE
8
BLACK
6
CONTINUOUS
10
149.7489860000000022
20
-93.6864959999999911
11
149.6775299999999902
21
-93.8590049999999962
0
LINE
8
BLACK
6
CONTINUOUS
10
149.6775299999999902
20
-93.8590049999999962
11
149.5737919999999974
21
-94.0142599999999931
0
LINE
8
BLACK
6
CONTINUOUS
10
149.5737919999999974
20
-94.0142599999999931
11
149.4417599999999879
21
-94.1462920000000025
0
LINE
8
BLACK
6
CONTINUOUS
10
149.4417599999999879
20
-94.1462920000000025
11
149.2865050000000053
21
-94.2500299999999953
0
LINE
8
BLACK
6
CONTINUOUS
10
149.2865050000000053
20
-94.2500299999999953
11
149.1899999999999977
21
-94.2900029999999987
0
LINE
8
BLACK
6
CONTINUOUS
10
149.1899999999999977
20
-94.2900029999999987
11
149.1899999999999977
21
-95.4943139999999886
0
LINE
8
BLACK
6
CONTINUOUS
10
149.1899999999999977
20
-95.4943139999999886
11
151.289999999999992
21
-97.5943139999999971
0
LINE
8
BLACK
6
CONTINUOUS
10
151.289999999999992
20
-97.5943139999999971
11
154.2571570000000065
21
-94.6271569999999969
0
LINE
8
BLACK
6
CONTINUOUS
10
154.2571570000000065
20
-94.6271569999999969
11
154.2964949999999931
21
-94.5926589999999976
0
LINE
8
BLACK
6
CONTINUOUS
10
154.2964949999999931
20
-94.5926589999999976
11
154.3869259999999883
21
-94.5404479999999978
0
LINE
8
BLACK
6
CONTINUOUS
10
154.3869259999999883
20
-94.5404479999999978
11
154.4877899999999897
21
-94.5134219999999914
0
LINE
8
BLACK
6
CONTINUOUS
10
154.4877899999999897
20
-94.5134219999999914
11
154.539999999999992
21
-94.5099999999999909
0
LINE
8
BLACK
6
CONTINUOUS
10
154.539999999999992
20
-94.5099999999999909
11
163.0797660000000064
21
-94.5099999999999909
0
LINE
8
BLACK
6
CONTINUOUS
10
163.0797660000000064
20
-94.5099999999999909
11
163.1628829999999937
21
-94.4544629999999898
0
LINE
8
BLACK
6
CONTINUOUS
10
163.1628829999999937
20
-94.4544629999999898
11
163.3077719999999999
21
-94.394447999999997
0
LINE
8
BLACK
6
CONTINUOUS
10
163.3077719999999999
20
-94.394447999999997
11
163.4615859999999827
21
-94.3638519999999943
0
LINE
8
BLACK
6
CONTINUOUS
10
163.4615859999999827
20
-94.3638519999999943
11
163.6184140000000014
21
-94.3638519999999943
0
LINE
8
BLACK
6
CONTINUOUS
10
163.6184140000000014
20
-94.3638519999999943
11
163.7722279999999841
21
-94.394447999999997
0
LINE
8
BLACK
6
CONTINUOUS
10
163.7722279999999841
20
-94.394447999999997
11
163.9171169999999904
21
-94.4544629999999898
0
LINE
8
BLACK
6
CONTINUOUS
10
163.9171169999999904
20
-94.4544629999999898
11
164.0475150000000042
21
-94.5415919999999943
0
LINE
8
BLACK
6
CONTINUOUS
10
164.0475150000000042
20
-94.5415919999999943
11
164.1584079999999801
21
-94.6524849999999986
0
LINE
8
BLACK
6
CONTINUOUS
10
164.1584079999999801
20
-94.6524849999999986
11
164.2455369999999846
21
-94.7828829999999982
0
LINE
8
BLACK
6
CONTINUOUS
10
164.2455369999999846
20
-94.7828829999999982
11
164.3055520000000058
21
-94.9277719999999903
0
LINE
8
BLACK
6
CONTINUOUS
10
164.3055520000000058
20
-94.9277719999999903
11
164.3361479999999801
21
-95.0815860000000015
0
LINE
8
BLACK
6
CONTINUOUS
10
164.3361479999999801
20
-95.0815860000000015
11
164.3361479999999801
21
-95.2384139999999917
0
LINE
8
BLACK
6
CONTINUOUS
10
164.3361479999999801
20
-95.2384139999999917
11
164.3055520000000058
21
-95.3922279999999887
0
LINE
8
BLACK
6
CONTINUOUS
10
164.3055520000000058
20
-95.3922279999999887
11
164.2455369999999846
21
-95.537116999999995
0
LINE
8
BLACK
6
CONTINUOUS
10
164.2455369999999846
20
-95.537116999999995
11
164.1584079999999801
21
-95.6675149999999945
0
LINE
8
BLACK
6
CONTINUOUS
10
164.1584079999999801
20
-95.6675149999999945
11
164.0475150000000042
21
-95.7784079999999989
0
LINE
8
BLACK
6
CONTINUOUS
10
164.0475150000000042
20
-95.7784079999999989
11
163.9171169999999904
21
-95.8655369999999891
0
LINE
8
BLACK
6
CONTINUOUS
10
163.9171169999999904
20
-95.8655369999999891
11
163.7722279999999841
21
-95.9255519999999962
0
LINE
8
BLACK
6
CONTINUOUS
10
163.7722279999999841
20
-95.9255519999999962
11
163.6184140000000014
21
-95.9561479999999989
0
LINE
8
BLACK
6
CONTINUOUS
10
163.6184140000000014
20
-95.9561479999999989
11
163.4615859999999827
21
-95.9561479999999989
0
LINE
8
BLACK
6
CONTINUOUS
10
163.4615859999999827
20
-95.9561479999999989
11
163.3077719999999999
21
-95.9255519999999962
0
LINE
8
BLACK
6
CONTINUOUS
10
163.3077719999999999
20
-95.9255519999999962
11
163.1628829999999937
21
-95.8655369999999891
0
LINE
8
BLACK
6
CONTINUOUS
10
163.1628829999999937
20
-95.8655369999999891
11
163.0324849999999799
21
-95.7784079999999989
0
LINE
8
BLACK
6
CONTINUOUS
10
163.0324849999999799
20
-95.7784079999999989
11
162.921592000000004
21
-95.6675149999999945
0
LINE
8
BLACK
6
CONTINUOUS
10
162.921592000000004
20
-95.6675149999999945
11
162.8344629999999995
21
-95.537116999999995
0
LINE
8
BLACK
6
CONTINUOUS
10
162.8344629999999995
20
-95.537116999999995
11
162.7744480000000067
21
-95.3922279999999887
0
LINE
8
BLACK
6
CONTINUOUS
10
162.7744480000000067
20
-95.3922279999999887
11
162.7580920000000049
21
-95.3100000000000023
0
LINE
8
BLACK
6
CONTINUOUS
10
162.7580920000000049
20
-95.3100000000000023
11
154.7056859999999858
21
-95.3100000000000023
0
LINE
8
BLACK
6
CONTINUOUS
10
154.7056859999999858
20
-95.3100000000000023
11
151.6899999999999977
21
-98.3256859999999904
0
LINE
8
BLACK
6
CONTINUOUS
10
151.6899999999999977
20
-98.3256859999999904
11
151.6899999999999977
21
-100.7443139999999886
0
LINE
8
BLACK
6
CONTINUOUS
10
151.6899999999999977
20
-100.7443139999999886
11
152.447843000000006
21
-101.5021569999999969
0
LINE
8
BLACK
6
CONTINUOUS
10
152.447843000000006
20
-101.5021569999999969
11
156.322843000000006
21
-105.3771579999999943
0
LINE
8
BLACK
6
CONTINUOUS
10
156.322843000000006
20
-105.3771579999999943
11
156.357340999999991
21
-105.4164949999999976
0
LINE
8
BLACK
6
CONTINUOUS
10
156.357340999999991
20
-105.4164949999999976
11
156.4095519999999908
21
-105.5069269999999904
0
LINE
8
BLACK
6
CONTINUOUS
10
156.4095519999999908
20
-105.5069269999999904
11
156.4365779999999972
21
-105.6077899999999943
0
LINE
8
BLACK
6
CONTINUOUS
10
156.4365779999999972
20
-105.6077899999999943
11
156.4399999999999977
21
-105.6599999999999966
0
LINE
8
BLACK
6
CONTINUOUS
10
156.4399999999999977
20
-105.6599999999999966
11
156.4399999999999977
21
-108.8869249999999909
0
LINE
8
BLACK
6
CONTINUOUS
10
156.4399999999999977
20
-108.8869249999999909
11
156.4609519999999918
21
-108.8937329999999974
0
LINE
8
BLACK
6
CONTINUOUS
10
156.4609519999999918
20
-108.8937329999999974
11
156.6147479999999916
21
-108.9720959999999934
0
LINE
8
BLACK
6
CONTINUOUS
10
156.6147479999999916
20
-108.9720959999999934
11
156.7543929999999932
21
-109.0735529999999898
0
LINE
8
BLACK
6
CONTINUOUS
10
156.7543929999999932
20
-109.0735529999999898
11
156.8764469999999847
21
-109.1956069999999954
0
LINE
8
BLACK
6
CONTINUOUS
10
156.8764469999999847
20
-109.1956069999999954
11
156.9779039999999952
21
-109.335251999999997
0
LINE
8
BLACK
6
CONTINUOUS
10
156.9779039999999952
20
-109.335251999999997
11
157.0562669999999912
21
-109.4890479999999968
0
LINE
8
BLACK
6
CONTINUOUS
10
157.0562669999999912
20
-109.4890479999999968
11
157.1096069999999827
21
-109.6532100000000014
0
LINE
8
BLACK
6
CONTINUOUS
10
157.1096069999999827
20
-109.6532100000000014
11
157.1366089999999929
21
-109.8236950000000007
0
LINE
8
BLACK
6
CONTINUOUS
10
157.1366089999999929
20
-109.8236950000000007
11
157.1366089999999929
21
-109.9963049999999924
0
LINE
8
BLACK
6
CONTINUOUS
10
157.1366089999999929
20
-109.9963049999999924
11
157.1096069999999827
21
-110.1667899999999918
0
LINE
8
BLACK
6
CONTINUOUS
10
157.1096069999999827
20
-110.1667899999999918
11
157.0562669999999912
21
-110.3309519999999964
0
LINE
8
BLACK
6
CONTINUOUS
10
157.0562669999999912
20
-110.3309519999999964
11
156.9779039999999952
21
-110.4847479999999962
0
LINE
8
BLACK
6
CONTINUOUS
10
156.9779039999999952
20
-110.4847479999999962
11
156.8764469999999847
21
-110.6243929999999978
0
LINE
8
BLACK
6
CONTINUOUS
10
156.8764469999999847
20
-110.6243929999999978
11
156.7543929999999932
21
-110.7464469999999892
0
LINE
8
BLACK
6
CONTINUOUS
10
156.7543929999999932
20
-110.7464469999999892
11
156.6147479999999916
21
-110.8479039999999998
0
LINE
8
BLACK
6
CONTINUOUS
10
156.6147479999999916
20
-110.8479039999999998
11
156.4609519999999918
21
-110.9262669999999957
0
LINE
8
BLACK
6
CONTINUOUS
10
156.4609519999999918
20
-110.9262669999999957
11
156.2967899999999872
21
-110.9796070000000014
0
LINE
8
BLACK
6
CONTINUOUS
10
156.2967899999999872
20
-110.9796070000000014
11
156.1263050000000021
21
-111.0066089999999974
0
LINE
8
BLACK
6
CONTINUOUS
10
156.1263050000000021
20
-111.0066089999999974
11
155.953694999999982
21
-111.0066089999999974
0
LINE
8
BLACK
6
CONTINUOUS
10
155.953694999999982
20
-111.0066089999999974
11
155.7832099999999969
21
-110.9796070000000014
0
LINE
8
BLACK
6
CONTINUOUS
10
155.7832099999999969
20
-110.9796070000000014
11
155.6190479999999923
21
-110.9262669999999957
0
LINE
8
BLACK
6
CONTINUOUS
10
155.6190479999999923
20
-110.9262669999999957
11
155.5994189999999833
21
-110.9162659999999931
0
LINE
8
BLACK
6
CONTINUOUS
10
155.5994189999999833
20
-110.9162659999999931
11
151.322843000000006
21
-115.1928429999999963
0
LINE
8
BLACK
6
CONTINUOUS
10
151.322843000000006
20
-115.1928429999999963
11
151.283504999999991
21
-115.2273409999999956
0
LINE
8
BLACK
6
CONTINUOUS
10
151.283504999999991
20
-115.2273409999999956
11
151.1930739999999957
21
-115.2795519999999954
0
LINE
8
BLACK
6
CONTINUOUS
10
151.1930739999999957
20
-115.2795519999999954
11
151.0922099999999944
21
-115.3065780000000018
0
LINE
8
BLACK
6
CONTINUOUS
10
151.0922099999999944
20
-115.3065780000000018
11
151.039999999999992
21
-115.3099999999999881
0
LINE
8
BLACK
6
CONTINUOUS
10
151.039999999999992
20
-115.3099999999999881
11
145.1399999999999864
21
-115.3099999999999881
0
LINE
8
BLACK
6
CONTINUOUS
10
145.1399999999999864
20
-115.3099999999999881
11
145.1399999999999864
21
-115.7599999999999909
0
LINE
8
BLACK
6
CONTINUOUS
10
145.1399999999999864
20
-115.7599999999999909
11
143.4399999999999977
21
-115.7599999999999909
0
LINE
8
BLACK
6
CONTINUOUS
10
143.4399999999999977
20
-115.7599999999999909
11
143.4399999999999977
21
-114.0599999999999881
0
LINE
8
BLACK
6
CONTINUOUS
10
143.4399999999999977
20
-114.0599999999999881
11
145.1399999999999864
21
-114.0599999999999881
0
LINE
8
BLACK
6
CONTINUOUS
10
145.1399999999999864
20
-114.0599999999999881
11
145.1399999999999864
21
-114.5099999999999909
0
LINE
8
BLACK
6
CONTINUOUS
10
145.1399999999999864
20
-114.5099999999999909
11
150.8743139999999983
21
-114.5099999999999909
0
LINE
8
BLACK
6
CONTINUOUS
10
150.8743139999999983
20
-114.5099999999999909
11
155.0337329999999838
21
-110.3505799999999937
0
LINE
8
BLACK
6
CONTINUOUS
10
155.0337329999999838
20
-110.3505799999999937
11
155.0237329999999929
21
-110.3309519999999964
0
LINE
8
BLACK
6
CONTINUOUS
10
155.0237329999999929
20
-110.3309519999999964
11
154.9703930000000014
21
-110.1667899999999918
0
LINE
8
BLACK
6
CONTINUOUS
10
154.9703930000000014
20
-110.1667899999999918
11
154.9433909999999912
21
-109.9963049999999924
0
LINE
8
BLACK
6
CONTINUOUS
10
154.9433909999999912
20
-109.9963049999999924
11
154.9433909999999912
21
-109.8236950000000007
0
LINE
8
BLACK
6
CONTINUOUS
10
154.9433909999999912
20
-109.8236950000000007
11
154.9703930000000014
21
-109.6532100000000014
0
LINE
8
BLACK
6
CONTINUOUS
10
154.9703930000000014
20
-109.6532100000000014
11
155.0237329999999929
21
-109.4890479999999968
0
LINE
8
BLACK
6
CONTINUOUS
10
155.0237329999999929
20
-109.4890479999999968
11
155.1020959999999889
21
-109.335251999999997
0
LINE
8
BLACK
6
CONTINUOUS
10
155.1020959999999889
20
-109.335251999999997
11
155.2035529999999994
21
-109.1956069999999954
0
LINE
8
BLACK
6
CONTINUOUS
10
155.2035529999999994
20
-109.1956069999999954
11
155.3256069999999909
21
-109.0735529999999898
0
LINE
8
BLACK
6
CONTINUOUS
10
155.3256069999999909
20
-109.0735529999999898
11
155.4652519999999924
21
-108.9720959999999934
0
LINE
8
BLACK
6
CONTINUOUS
10
155.4652519999999924
20
-108.9720959999999934
11
155.6190479999999923
21
-108.8937329999999974
0
LINE
8
BLACK
6
CONTINUOUS
10
155.6190479999999923
20
-108.8937329999999974
11
155.6399999999999864
21
-108.8869249999999909
0
LINE
8
BLACK
6
CONTINUOUS
10
155.6399999999999864
20
-108.8869249999999909
11
155.6399999999999864
21
-105.8256849999999929
0
LINE
8
BLACK
6
CONTINUOUS
10
155.6399999999999864
20
-105.8256849999999929
11
152.1649989999999946
21
-102.3506849999999986
0
LINE
8
BLACK
6
CONTINUOUS
10
152.1649989999999946
20
-102.3506849999999986
11
149.4399999999999977
21
-105.0756849999999929
0
LINE
8
BLACK
6
CONTINUOUS
10
149.4399999999999977
20
-105.0756849999999929
11
149.4399999999999977
21
-106.3021710000000013
0
LINE
8
BLACK
6
CONTINUOUS
10
149.4399999999999977
20
-106.3021710000000013
11
149.4890049999999917
21
-106.3224699999999956
0
LINE
8
BLACK
6
CONTINUOUS
10
149.4890049999999917
20
-106.3224699999999956
11
149.6442600000000027
21
-106.4262079999999884
0
LINE
8
BLACK
6
CONTINUOUS
10
149.6442600000000027
20
-106.4262079999999884
11
149.7762919999999838
21
-106.5582399999999978
0
LINE
8
BLACK
6
CONTINUOUS
10
149.7762919999999838
20
-106.5582399999999978
11
149.880030000000005
21
-106.7134949999999947
0
LINE
8
BLACK
6
CONTINUOUS
10
149.880030000000005
20
-106.7134949999999947
11
149.9514859999999885
21
-106.8860039999999998
0
LINE
8
BLACK
6
CONTINUOUS
10
149.9514859999999885
20
-106.8860039999999998
11
149.9879129999999918
21
-107.0691389999999927
0
LINE
8
BLACK
6
CONTINUOUS
10
149.9879129999999918
20
-107.0691389999999927
11
149.9925000000000068
21
-107.1624999999999943
0
LINE
8
BLACK
6
CONTINUOUS
10
149.9925000000000068
20
-107.1624999999999943
11
149.9925000000000068
21
-107.2574999999999932
0
LINE
8
BLACK
6
CONTINUOUS
10
149.9925000000000068
20
-107.2574999999999932
11
149.9879129999999918
21
-107.3508609999999948
0
LINE
8
BLACK
6
CONTINUOUS
10
149.9879129999999918
20
-107.3508609999999948
11
149.9514859999999885
21
-107.5339960000000019
0
LINE
8
BLACK
6
CONTINUOUS
10
149.9514859999999885
20
-107.5339960000000019
11
149.880030000000005
21
-107.7065049999999928
0
LINE
8
BLACK
6
CONTINUOUS
10
149.880030000000005
20
-107.7065049999999928
11
149.7762919999999838
21
-107.8617599999999896
0
LINE
8
BLACK
6
CONTINUOUS
10
149.7762919999999838
20
-107.8617599999999896
11
149.6442600000000027
21
-107.9937919999999991
0
LINE
8
BLACK
6
CONTINUOUS
10
149.6442600000000027
20
-107.9937919999999991
11
149.4890049999999917
21
-108.0975299999999919
0
LINE
8
BLACK
6
CONTINUOUS
10
149.4890049999999917
20
-108.0975299999999919
11
149.3164960000000008
21
-108.1689859999999896
0
LINE
8
BLACK
6
CONTINUOUS
10
149.3164960000000008
20
-108.1689859999999896
11
149.1333609999999794
21
-108.205412999999993
0
LINE
8
BLACK
6
CONTINUOUS
10
149.1333609999999794
20
-108.205412999999993
11
148.9466390000000047
21
-108.205412999999993
0
LINE
8
BLACK
6
CONTINUOUS
10
148.9466390000000047
20
-108.205412999999993
11
148.7635039999999833
21
-108.1689859999999896
0
LINE
8
BLACK
6
CONTINUOUS
10
148.7635039999999833
20
-108.1689859999999896
11
148.5909949999999924
21
-108.0975299999999919
0
LINE
8
BLACK
6
CONTINUOUS
10
148.5909949999999924
20
-108.0975299999999919
11
148.4357399999999814
21
-107.9937919999999991
0
LINE
8
BLACK
6
CONTINUOUS
10
148.4357399999999814
20
-107.9937919999999991
11
148.3037080000000003
21
-107.8617599999999896
0
LINE
8
BLACK
6
CONTINUOUS
10
148.3037080000000003
20
-107.8617599999999896
11
148.1999699999999791
21
-107.7065049999999928
0
LINE
8
BLACK
6
CONTINUOUS
10
148.1999699999999791
20
-107.7065049999999928
11
148.1285139999999956
21
-107.5339960000000019
0
LINE
8
BLACK
6
CONTINUOUS
10
148.1285139999999956
20
-107.5339960000000019
11
148.0920869999999923
21
-107.3508609999999948
0
LINE
8
BLACK
6
CONTINUOUS
10
148.0920869999999923
20
-107.3508609999999948
11
148.0875000000000057
21
-107.2574999999999932
0
LINE
8
BLACK
6
CONTINUOUS
10
148.0875000000000057
20
-107.2574999999999932
11
148.0875000000000057
21
-107.1624999999999943
0
LINE
8
BLACK
6
CONTINUOUS
10
148.0875000000000057
20
-107.1624999999999943
11
148.0920869999999923
21
-107.0691389999999927
0
LINE
8
BLACK
6
CONTINUOUS
10
148.0920869999999923
20
-107.0691389999999927
11
148.1285139999999956
21
-106.8860039999999998
0
LINE
8
BLACK
6
CONTINUOUS
10
148.1285139999999956
20
-106.8860039999999998
11
148.1999699999999791
21
-106.7134949999999947
0
LINE
8
BLACK
6
CONTINUOUS
10
148.1999699999999791
20
-106.7134949999999947
11
148.3037080000000003
21
-106.5582399999999978
0
LINE
8
BLACK
6
CONTINUOUS
10
148.3037080000000003
20
-106.5582399999999978
11
148.4357399999999814
21
-106.4262079999999884
0
LINE
8
BLACK
6
CONTINUOUS
10
148.4357399999999814
20
-106.4262079999999884
11
148.5909949999999924
21
-106.3224699999999956
0
LINE
8
BLACK
6
CONTINUOUS
10
148.5909949999999924
20
-106.3224699999999956
11
148.6399999999999864
21
-106.3021710000000013
0
LINE
8
BLACK
6
CONTINUOUS
10
148.6399999999999864
20
-106.3021710000000013
11
148.6399999999999864
21
-104.9099999999999966
0
LINE
8
BLACK
6
CONTINUOUS
10
148.6399999999999864
20
-104.9099999999999966
11
148.6434219999999868
21
-104.8577899999999943
0
LINE
8
BLACK
6
CONTINUOUS
10
148.6434219999999868
20
-104.8577899999999943
11
148.654750000000007
21
-104.8155129999999957
0
LINE
8
BLACK
6
CONTINUOUS
10
148.654750000000007
20
-104.8155129999999957
11
148.6704479999999933
21
-104.7569259999999929
0
LINE
8
BLACK
6
CONTINUOUS
10
148.6704479999999933
20
-104.7569259999999929
11
148.7226589999999931
21
-104.6664949999999976
0
LINE
8
BLACK
6
CONTINUOUS
10
148.7226589999999931
20
-104.6664949999999976
11
148.7571570000000065
21
-104.6271569999999969
0
LINE
8
BLACK
6
CONTINUOUS
10
148.7571570000000065
20
-104.6271569999999969
11
151.5993139999999926
21
-101.7849999999999966
0
LINE
8
BLACK
6
CONTINUOUS
10
151.5993139999999926
20
-101.7849999999999966
11
151.1243139999999983
21
-101.3100000000000023
0
LINE
8
BLACK
6
CONTINUOUS
10
151.1243139999999983
20
-101.3100000000000023
11
149.9178969999999822
21
-101.3100000000000023
0
LINE
8
BLACK
6
CONTINUOUS
10
149.9178969999999822
20
-101.3100000000000023
11
149.8986549999999909
21
-101.3692199999999985
0
LINE
8
BLACK
6
CONTINUOUS
10
149.8986549999999909
20
-101.3692199999999985
11
149.8131679999999903
21
-101.536997999999997
0
LINE
8
BLACK
6
CONTINUOUS
10
149.8131679999999903
20
-101.536997999999997
11
149.7024869999999908
21
-101.6893379999999922
0
LINE
8
BLACK
6
CONTINUOUS
10
149.7024869999999908
20
-101.6893379999999922
11
149.5693379999999877
21
-101.8224869999999953
0
LINE
8
BLACK
6
CONTINUOUS
10
149.5693379999999877
20
-101.8224869999999953
11
149.4169980000000066
21
-101.9331679999999949
0
LINE
8
BLACK
6
CONTINUOUS
10
149.4169980000000066
20
-101.9331679999999949
11
149.2492199999999798
21
-102.0186549999999954
0
LINE
8
BLACK
6
CONTINUOUS
10
149.2492199999999798
20
-102.0186549999999954
11
149.0701339999999959
21
-102.0768439999999941
0
LINE
8
BLACK
6
CONTINUOUS
10
149.0701339999999959
20
-102.0768439999999941
11
148.8841510000000028
21
-102.106301000000002
0
LINE
8
BLACK
6
CONTINUOUS
10
148.8841510000000028
20
-102.106301000000002
11
148.6958489999999813
21
-102.106301000000002
0
LINE
8
BLACK
6
CONTINUOUS
10
148.6958489999999813
20
-102.106301000000002
11
148.5098659999999882
21
-102.0768439999999941
0
LINE
8
BLACK
6
CONTINUOUS
10
148.5098659999999882
20
-102.0768439999999941
11
148.3307800000000043
21
-102.0186549999999954
0
LINE
8
BLACK
6
CONTINUOUS
10
148.3307800000000043
20
-102.0186549999999954
11
148.1630020000000059
21
-101.9331679999999949
0
LINE
8
BLACK
6
CONTINUOUS
10
148.1630020000000059
20
-101.9331679999999949
11
148.0106619999999964
21
-101.8224869999999953
0
LINE
8
BLACK
6
CONTINUOUS
10
148.0106619999999964
20
-101.8224869999999953
11
147.8775129999999933
21
-101.6893379999999922
0
LINE
8
BLACK
6
CONTINUOUS
10
147.8775129999999933
20
-101.6893379999999922
11
147.7668319999999937
21
-101.536997999999997
0
LINE
8
BLACK
6
CONTINUOUS
10
147.7668319999999937
20
-101.536997999999997
11
147.6813449999999932
21
-101.3692199999999985
0
LINE
8
BLACK
6
CONTINUOUS
10
147.6813449999999932
20
-101.3692199999999985
11
147.6621030000000019
21
-101.3100000000000023
0
LINE
8
BLACK
6
CONTINUOUS
10
147.6621030000000019
20
-101.3100000000000023
11
142.4556859999999858
21
-101.3100000000000023
0
LINE
8
BLACK
6
CONTINUOUS
10
142.4556859999999858
20
-101.3100000000000023
11
138.6899999999999977
21
-105.0756859999999904
0
LINE
8
BLACK
6
CONTINUOUS
10
138.6899999999999977
20
-105.0756859999999904
11
138.6899999999999977
21
-107.3869249999999909
0
LINE
8
BLACK
6
CONTINUOUS
10
138.6899999999999977
20
-107.3869249999999909
11
138.7109519999999918
21
-107.3937329999999974
0
LINE
8
BLACK
6
CONTINUOUS
10
138.7109519999999918
20
-107.3937329999999974
11
138.8647479999999916
21
-107.4720959999999934
0
LINE
8
BLACK
6
CONTINUOUS
10
138.8647479999999916
20
-107.4720959999999934
11
139.0043929999999932
21
-107.5735529999999898
0
LINE
8
BLACK
6
CONTINUOUS
10
139.0043929999999932
20
-107.5735529999999898
11
139.1264469999999847
21
-107.6956069999999954
0
LINE
8
BLACK
6
CONTINUOUS
10
139.1264469999999847
20
-107.6956069999999954
11
139.2279039999999952
21
-107.835251999999997
0
LINE
8
BLACK
6
CONTINUOUS
10
139.2279039999999952
20
-107.835251999999997
11
139.3062669999999912
21
-107.9890479999999968
0
LINE
8
BLACK
6
CONTINUOUS
10
139.3062669999999912
20
-107.9890479999999968
11
139.3596069999999827
21
-108.1532100000000014
0
LINE
8
BLACK
6
CONTINUOUS
10
139.3596069999999827
20
-108.1532100000000014
11
139.3866089999999929
21
-108.3236950000000007
0
LINE
8
BLACK
6
CONTINUOUS
10
139.3866089999999929
20
-108.3236950000000007
11
139.3866089999999929
21
-108.4963049999999924
0
LINE
8
BLACK
6
CONTINUOUS
10
139.3866089999999929
20
-108.4963049999999924
11
139.3596069999999827
21
-108.6667899999999918
0
LINE
8
BLACK
6
CONTINUOUS
10
139.3596069999999827
20
-108.6667899999999918
11
139.3062669999999912
21
-108.8309519999999964
0
LINE
8
BLACK
6
CONTINUOUS
10
139.3062669999999912
20
-108.8309519999999964
11
139.2279039999999952
21
-108.9847479999999962
0
LINE
8
BLACK
6
CONTINUOUS
10
139.2279039999999952
20
-108.9847479999999962
11
139.1264469999999847
21
-109.1243929999999978
0
LINE
8
BLACK
6
CONTINUOUS
10
139.1264469999999847
20
-109.1243929999999978
11
139.0043929999999932
21
-109.2464469999999892
0
LINE
8
BLACK
6
CONTINUOUS
10
139.0043929999999932
20
-109.2464469999999892
11
138.8647479999999916
21
-109.3479039999999998
0
LINE
8
BLACK
6
CONTINUOUS
10
138.8647479999999916
20
-109.3479039999999998
11
138.7109519999999918
21
-109.4262669999999957
0
LINE
8
BLACK
6
CONTINUOUS
10
138.7109519999999918
20
-109.4262669999999957
11
138.5467899999999872
21
-109.4796070000000014
0
LINE
8
BLACK
6
CONTINUOUS
10
138.5467899999999872
20
-109.4796070000000014
11
138.3763050000000021
21
-109.5066089999999974
0
LINE
8
BLACK
6
CONTINUOUS
10
138.3763050000000021
20
-109.5066089999999974
11
138.203694999999982
21
-109.5066089999999974
0
LINE
8
BLACK
6
CONTINUOUS
10
138.203694999999982
20
-109.5066089999999974
11
138.0332099999999969
21
-109.4796070000000014
0
LINE
8
BLACK
6
CONTINUOUS
10
138.0332099999999969
20
-109.4796070000000014
11
137.8690479999999923
21
-109.4262669999999957
0
LINE
8
BLACK
6
CONTINUOUS
10
137.8690479999999923
20
-109.4262669999999957
11
137.7152519999999924
21
-109.3479039999999998
0
LINE
8
BLACK
6
CONTINUOUS
10
137.7152519999999924
20
-109.3479039999999998
11
137.5756069999999909
21
-109.2464469999999892
0
LINE
8
BLACK
6
CONTINUOUS
10
137.5756069999999909
20
-109.2464469999999892
11
137.4535529999999994
21
-109.1243929999999978
0
LINE
8
BLACK
6
CONTINUOUS
10
137.4535529999999994
20
-109.1243929999999978
11
137.3520959999999889
21
-108.9847479999999962
0
LINE
8
BLACK
6
CONTINUOUS
10
137.3520959999999889
20
-108.9847479999999962
11
137.2737329999999929
21
-108.8309519999999964
0
LINE
8
BLACK
6
CONTINUOUS
10
137.2737329999999929
20
-108.8309519999999964
11
137.2203930000000014
21
-108.6667899999999918
0
LINE
8
BLACK
6
CONTINUOUS
10
137.2203930000000014
20
-108.6667899999999918
11
137.1933909999999912
21
-108.4963049999999924
0
LINE
8
BLACK
6
CONTINUOUS
10
137.1933909999999912
20
-108.4963049999999924
11
137.1933909999999912
21
-108.3236950000000007
0
LINE
8
BLACK
6
CONTINUOUS
10
137.1933909999999912
20
-108.3236950000000007
11
137.2203930000000014
21
-108.1532100000000014
0
LINE
8
BLACK
6
CONTINUOUS
10
137.2203930000000014
20
-108.1532100000000014
11
137.2737329999999929
21
-107.9890479999999968
0
LINE
8
BLACK
6
CONTINUOUS
10
137.2737329999999929
20
-107.9890479999999968
11
137.3520959999999889
21
-107.835251999999997
0
LINE
8
BLACK
6
CONTINUOUS
10
137.3520959999999889
20
-107.835251999999997
11
137.4535529999999994
21
-107.6956069999999954
0
LINE
8
BLACK
6
CONTINUOUS
10
137.4535529999999994
20
-107.6956069999999954
11
137.5756069999999909
21
-107.5735529999999898
0
LINE
8
BLACK
6
CONTINUOUS
10
137.5756069999999909
20
-107.5735529999999898
11
137.7152519999999924
21
-107.4720959999999934
0
LINE
8
BLACK
6
CONTINUOUS
10
137.7152519999999924
20
-107.4720959999999934
11
137.8690479999999923
21
-107.3937329999999974
0
LINE
8
BLACK
6
CONTINUOUS
10
137.8690479999999923
20
-107.3937329999999974
11
137.8899999999999864
21
-107.3869249999999909
0
LINE
8
BLACK
6
CONTINUOUS
10
137.8899999999999864
20
-107.3869249999999909
11
137.8899999999999864
21
-104.9099999999999966
0
LINE
8
BLACK
6
CONTINUOUS
10
137.8899999999999864
20
-104.9099999999999966
11
137.8934219999999868
21
-104.8577899999999943
0
LINE
8
BLACK
6
CONTINUOUS
10
137.8934219999999868
20
-104.8577899999999943
11
137.904750000000007
21
-104.8155129999999957
0
LINE
8
BLACK
6
CONTINUOUS
10
137.904750000000007
20
-104.8155129999999957
11
137.9204479999999933
21
-104.7569259999999929
0
LINE
8
BLACK
6
CONTINUOUS
10
137.9204479999999933
20
-104.7569259999999929
11
137.9726589999999931
21
-104.6664949999999976
0
LINE
8
BLACK
6
CONTINUOUS
10
137.9726589999999931
20
-104.6664949999999976
11
138.0071570000000065
21
-104.6271569999999969
0
LINE
8
BLACK
6
CONTINUOUS
10
138.0071570000000065
20
-104.6271569999999969
11
142.0071570000000065
21
-100.6271569999999969
0
LINE
8
BLACK
6
CONTINUOUS
10
142.0071570000000065
20
-100.6271569999999969
11
142.0464949999999931
21
-100.5926589999999976
0
LINE
8
BLACK
6
CONTINUOUS
10
142.0464949999999931
20
-100.5926589999999976
11
142.1369259999999883
21
-100.5404479999999978
0
LINE
8
BLACK
6
CONTINUOUS
10
142.1369259999999883
20
-100.5404479999999978
11
142.2377899999999897
21
-100.5134219999999914
0
LINE
8
BLACK
6
CONTINUOUS
10
142.2377899999999897
20
-100.5134219999999914
11
142.289999999999992
21
-100.5099999999999909
0
LINE
8
BLACK
6
CONTINUOUS
10
142.289999999999992
20
-100.5099999999999909
11
147.6621030000000019
21
-100.5099999999999909
0
LINE
8
BLACK
6
CONTINUOUS
10
147.6621030000000019
20
-100.5099999999999909
11
147.6813449999999932
21
-100.4507799999999946
0
LINE
8
BLACK
6
CONTINUOUS
10
147.6813449999999932
20
-100.4507799999999946
11
147.7668319999999937
21
-100.2830019999999962
0
LINE
8
BLACK
6
CONTINUOUS
10
147.7668319999999937
20
-100.2830019999999962
11
147.8775129999999933
21
-100.1306620000000009
0
LINE
8
BLACK
6
CONTINUOUS
10
147.8775129999999933
20
-100.1306620000000009
11
148.0106619999999964
21
-99.9975129999999979
0
LINE
8
BLACK
6
CONTINUOUS
10
148.0106619999999964
20
-99.9975129999999979
11
148.1630020000000059
21
-99.8868319999999983
0
LINE
8
BLACK
6
CONTINUOUS
10
148.1630020000000059
20
-99.8868319999999983
11
148.3307800000000043
21
-99.8013449999999978
0
LINE
8
BLACK
6
CONTINUOUS
10
148.3307800000000043
20
-99.8013449999999978
11
148.5098659999999882
21
-99.743155999999999
0
LINE
8
BLACK
6
CONTINUOUS
10
148.5098659999999882
20
-99.743155999999999
11
148.6958489999999813
21
-99.7136989999999912
0
LINE
8
BLACK
6
CONTINUOUS
10
148.6958489999999813
20
-99.7136989999999912
11
148.8841510000000028
21
-99.7136989999999912
0
LINE
8
BLACK
6
CONTINUOUS
10
148.8841510000000028
20
-99.7136989999999912
11
149.0701339999999959
21
-99.743155999999999
0
LINE
8
BLACK
6
CONTINUOUS
10
149.0701339999999959
20
-99.743155999999999
11
149.2492199999999798
21
-99.8013449999999978
0
LINE
8
BLACK
6
CONTINUOUS
10
149.2492199999999798
20
-99.8013449999999978
11
149.4169980000000066
21
-99.8868319999999983
0
LINE
8
BLACK
6
CONTINUOUS
10
149.4169980000000066
20
-99.8868319999999983
11
149.5693379999999877
21
-99.9975129999999979
0
LINE
8
BLACK
6
CONTINUOUS
10
149.5693379999999877
20
-99.9975129999999979
11
149.7024869999999908
21
-100.1306620000000009
0
LINE
8
BLACK
6
CONTINUOUS
10
149.7024869999999908
20
-100.1306620000000009
11
149.8131679999999903
21
-100.2830019999999962
0
LINE
8
BLACK
6
CONTINUOUS
10
149.8131679999999903
20
-100.2830019999999962
11
149.8986549999999909
21
-100.4507799999999946
0
LINE
8
BLACK
6
CONTINUOUS
10
149.8986549999999909
20
-100.4507799999999946
11
149.9178969999999822
21
-100.5099999999999909
0
LINE
8
BLACK
6
CONTINUOUS
10
149.9178969999999822
20
-100.5099999999999909
11
150.8899999999999864
21
-100.5099999999999909
0
LINE
8
BLACK
6
CONTINUOUS
10
150.8899999999999864
20
-100.5099999999999909
11
150.8899999999999864
21
-98.3256859999999904
0
LINE
8
BLACK
6
CONTINUOUS
10
150.8899999999999864
20
-98.3256859999999904
11
148.6243139999999983
21
-96.0600000000000023
0
LINE
8
BLACK
6
CONTINUOUS
10
148.6243139999999983
20
-96.0600000000000023
11
144.5374999999999943
21
-96.0600000000000023
0
LINE
8
BLACK
6
CONTINUOUS
10
144.5374999999999943
20
-96.0600000000000023
11
144.485289999999992
21
-96.0565780000000018
0
LINE
8
BLACK
6
CONTINUOUS
10
144.485289999999992
20
-96.0565780000000018
11
144.3844259999999906
21
-96.0295519999999954
0
LINE
8
BLACK
6
CONTINUOUS
10
144.3844259999999906
20
-96.0295519999999954
11
144.2939949999999953
21
-95.9773409999999956
0
LINE
8
BLACK
6
CONTINUOUS
10
144.2939949999999953
20
-95.9773409999999956
11
144.2546569999999804
21
-95.9428429999999963
0
LINE
8
BLACK
6
CONTINUOUS
10
144.2546569999999804
20
-95.9428429999999963
11
139.5818139999999801
21
-91.269999999999996
0
LINE
8
BLACK
6
CONTINUOUS
10
139.5818139999999801
20
-91.269999999999996
11
132.8130749999999978
21
-91.269999999999996
0
LINE
8
BLACK
6
CONTINUOUS
10
132.8130749999999978
20
-91.269999999999996
11
132.8062669999999912
21
-91.2909519999999901
0
LINE
8
BLACK
6
CONTINUOUS
10
132.8062669999999912
20
-91.2909519999999901
11
132.7279039999999952
21
-91.4447479999999899
0
LINE
8
BLACK
6
CONTINUOUS
10
132.7279039999999952
20
-91.4447479999999899
11
132.6264469999999847
21
-91.5843929999999915
0
LINE
8
BLACK
6
CONTINUOUS
10
132.6264469999999847
20
-91.5843929999999915
11
132.5043929999999932
21
-91.7064469999999972
0
LINE
8
BLACK
6
CONTINUOUS
10
132.5043929999999932
20
-91.7064469999999972
11
132.3647479999999916
21
-91.8079039999999935
0
LINE
8
BLACK
6
CONTINUOUS
10
132.3647479999999916
20
-91.8079039999999935
11
132.2109519999999918
21
-91.8862669999999895
0
LINE
8
BLACK
6
CONTINUOUS
10
132.2109519999999918
20
-91.8862669999999895
11
132.0467899999999872
21
-91.9396069999999952
0
LINE
8
BLACK
6
CONTINUOUS
10
132.0467899999999872
20
-91.9396069999999952
11
131.8763050000000021
21
-91.9666089999999912
0
LINE
8
BLACK
6
CONTINUOUS
10
131.8763050000000021
20
-91.9666089999999912
11
131.703694999999982
21
-91.9666089999999912
0
LINE
8
BLACK
6
CONTINUOUS
10
131.703694999999982
20
-91.9666089999999912
11
131.5332099999999969
21
-91.9396069999999952
0
LINE
8
BLACK
6
CONTINUOUS
10
131.5332099999999969
20
-91.9396069999999952
11
131.3690479999999923
21
-91.8862669999999895
0
LINE
8
BLACK
6
CONTINUOUS
10
131.3690479999999923
20
-91.8862669999999895
11
131.2152519999999924
21
-91.8079039999999935
0
LINE
8
BLACK
6
CONTINUOUS
10
131.2152519999999924
20
-91.8079039999999935
11
131.0756069999999909
21
-91.7064469999999972
0
LINE
8
BLACK
6
CONTINUOUS
10
131.0756069999999909
20
-91.7064469999999972
11
130.9535529999999994
21
-91.5843929999999915
0
LINE
8
BLACK
6
CONTINUOUS
10
130.9535529999999994
20
-91.5843929999999915
11
130.8520959999999889
21
-91.4447479999999899
0
LINE
8
BLACK
6
CONTINUOUS
10
130.8520959999999889
20
-91.4447479999999899
11
130.7737329999999929
21
-91.2909519999999901
0
LINE
8
BLACK
6
CONTINUOUS
10
130.7737329999999929
20
-91.2909519999999901
11
130.7203930000000014
21
-91.1267899999999997
0
LINE
8
BLACK
6
CONTINUOUS
10
130.7203930000000014
20
-91.1267899999999997
11
130.6933909999999912
21
-90.9563050000000004
0
LINE
8
BLACK
6
CONTINUOUS
10
130.6933909999999912
20
-90.9563050000000004
11
130.6933909999999912
21
-90.7836949999999945
0
LINE
8
BLACK
6
CONTINUOUS
10
130.6933909999999912
20
-90.7836949999999945
11
130.7203930000000014
21
-90.6132099999999951
0
LINE
8
BLACK
6
CONTINUOUS
10
130.7203930000000014
20
-90.6132099999999951
11
130.7737329999999929
21
-90.4490479999999906
0
LINE
8
BLACK
6
CONTINUOUS
10
130.7737329999999929
20
-90.4490479999999906
11
130.8520959999999889
21
-90.2952519999999907
0
LINE
8
BLACK
6
CONTINUOUS
10
130.8520959999999889
20
-90.2952519999999907
11
130.9535529999999994
21
-90.1556069999999892
0
LINE
8
BLACK
6
CONTINUOUS
10
130.9535529999999994
20
-90.1556069999999892
11
131.0756069999999909
21
-90.0335529999999977
0
LINE
8
BLACK
6
CONTINUOUS
10
131.0756069999999909
20
-90.0335529999999977
11
131.2152519999999924
21
-89.9320960000000014
0
LINE
8
BLACK
6
CONTINUOUS
10
131.2152519999999924
20
-89.9320960000000014
11
131.3690479999999923
21
-89.8537329999999912
0
LINE
8
BLACK
6
CONTINUOUS
10
131.3690479999999923
20
-89.8537329999999912
11
131.5332099999999969
21
-89.8003929999999997
0
LINE
8
BLACK
6
CONTINUOUS
10
131.5332099999999969
20
-89.8003929999999997
11
131.703694999999982
21
-89.7733909999999895
0
LINE
8
BLACK
6
CONTINUOUS
10
131.703694999999982
20
-89.7733909999999895
11
131.8763050000000021
21
-89.7733909999999895
0
LINE
8
BLACK
6
CONTINUOUS
10
131.8763050000000021
20
-89.7733909999999895
11
132.0467899999999872
21
-89.8003929999999997
0
LINE
8
BLACK
6
CONTINUOUS
10
130.2431990000000042
20
-102.7801419999999979
11
130.3699780000000032
21
-102.8326549999999884
0
LINE
8
BLACK
6
CONTINUOUS
10
130.3699780000000032
20
-102.8326549999999884
11
130.48407499999999
21
-102.908892999999992
0
LINE
8
BLACK
6
CONTINUOUS
10
130.48407499999999
20
-102.908892999999992
11
130.5811070000000029
21
-103.0059249999999906
0
LINE
8
BLACK
6
CONTINUOUS
10
130.5811070000000029
20
-103.0059249999999906
11
130.6573449999999923
21
-103.1200219999999916
0
LINE
8
BLACK
6
CONTINUOUS
10
130.6573449999999923
20
-103.1200219999999916
11
130.709857999999997
21
-103.2468009999999907
0
LINE
8
BLACK
6
CONTINUOUS
10
130.709857999999997
20
-103.2468009999999907
11
130.7366289999999935
21
-103.3813880000000012
0
LINE
8
BLACK
6
CONTINUOUS
10
130.7366289999999935
20
-103.3813880000000012
11
130.7366289999999935
21
-103.5186119999999903
0
LINE
8
BLACK
6
CONTINUOUS
10
130.7366289999999935
20
-103.5186119999999903
11
130.709857999999997
21
-103.6531990000000008
0
LINE
8
BLACK
6
CONTINUOUS
10
130.709857999999997
20
-103.6531990000000008
11
130.6573449999999923
21
-103.7799779999999998
0
LINE
8
BLACK
6
CONTINUOUS
10
130.6573449999999923
20
-103.7799779999999998
11
130.5811070000000029
21
-103.8940750000000008
0
LINE
8
BLACK
6
CONTINUOUS
10
130.5811070000000029
20
-103.8940750000000008
11
130.48407499999999
21
-103.9911069999999995
0
LINE
8
BLACK
6
CONTINUOUS
10
130.48407499999999
20
-103.9911069999999995
11
130.4399999999999977
21
-104.0205569999999966
0
LINE
8
BLACK
6
CONTINUOUS
10
130.4399999999999977
20
-104.0205569999999966
11
130.4399999999999977
21
-108.2443139999999886
0
LINE
8
BLACK
6
CONTINUOUS
10
130.4399999999999977
20
-108.2443139999999886
11
134.5456859999999892
21
-112.3499999999999943
0
LINE
8
BLACK
6
CONTINUOUS
10
134.5456859999999892
20
-112.3499999999999943
11
141.3799999999999955
21
-112.3499999999999943
0
LINE
8
BLACK
6
CONTINUOUS
10
141.3799999999999955
20
-112.3499999999999943
11
141.4322099999999978
21
-112.3534219999999948
0
LINE
8
BLACK
6
CONTINUOUS
10
141.4322099999999978
20
-112.3534219999999948
11
141.5330739999999992
21
-112.3804480000000012
0
LINE
8
BLACK
6
CONTINUOUS
10
141.5330739999999992
20
-112.3804480000000012
11
141.6235049999999944
21
-112.432659000000001
0
LINE
8
BLACK
6
CONTINUOUS
10
141.6235049999999944
20
-112.432659000000001
11
141.662842999999981
21
-112.4671570000000003
0
LINE
8
BLACK
6
CONTINUOUS
10
141.662842999999981
20
-112.4671570000000003
11
141.789999999999992
21
-112.5943139999999971
0
LINE
8
BLACK
6
CONTINUOUS
10
141.789999999999992
20
-112.5943139999999971
11
141.9171580000000006
21
-112.4671570000000003
0
LINE
8
BLACK
6
CONTINUOUS
10
141.9171580000000006
20
-112.4671570000000003
11
141.9564949999999897
21
-112.432659000000001
0
LINE
8
BLACK
6
CONTINUOUS
10
141.9564949999999897
20
-112.432659000000001
11
142.0469269999999824
21
-112.3804480000000012
0
LINE
8
BLACK
6
CONTINUOUS
10
142.0469269999999824
20
-112.3804480000000012
11
142.1477899999999863
21
-112.3534219999999948
0
LINE
8
BLACK
6
CONTINUOUS
10
142.1477899999999863
20
-112.3534219999999948
11
142.1999999999999886
21
-112.3499999999999943
0
LINE
8
BLACK
6
CONTINUOUS
10
142.1999999999999886
20
-112.3499999999999943
11
148.0843140000000062
21
-112.3499999999999943
0
LINE
8
BLACK
6
CONTINUOUS
10
148.0843140000000062
20
-112.3499999999999943
11
151.1800000000000068
21
-109.2543139999999937
0
LINE
8
BLACK
6
CONTINUOUS
10
151.1800000000000068
20
-109.2543139999999937
11
151.1800000000000068
21
-108.2099999999999937
0
LINE
8
BLACK
6
CONTINUOUS
10
151.1800000000000068
20
-108.2099999999999937
11
150.6274999999999977
21
-108.2099999999999937
0
LINE
8
BLACK
6
CONTINUOUS
10
150.6274999999999977
20
-108.2099999999999937
11
150.6274999999999977
21
-106.2099999999999937
0
LINE
8
BLACK
6
CONTINUOUS
10
150.6274999999999977
20
-106.2099999999999937
11
152.5324999999999989
21
-106.2099999999999937
0
LINE
8
BLACK
6
CONTINUOUS
10
152.5324999999999989
20
-106.2099999999999937
11
152.5324999999999989
21
-108.2099999999999937
0
LINE
8
BLACK
6
CONTINUOUS
10
152.5324999999999989
20
-108.2099999999999937
11
151.9799999999999898
21
-108.2099999999999937
0
LINE
8
BLACK
6
CONTINUOUS
10
151.9799999999999898
20
-108.2099999999999937
11
151.9799999999999898
21
-109.4200000000000017
0
LINE
8
BLACK
6
CONTINUOUS
10
151.9799999999999898
20
-109.4200000000000017
11
151.9765779999999893
21
-109.4722099999999898
0
LINE
8
BLACK
6
CONTINUOUS
10
151.9765779999999893
20
-109.4722099999999898
11
151.9495519999999829
21
-109.5730739999999912
0
LINE
8
BLACK
6
CONTINUOUS
10
151.9495519999999829
20
-109.5730739999999912
11
151.8973409999999831
21
-109.6635050000000007
0
LINE
8
BLACK
6
CONTINUOUS
10
151.8973409999999831
20
-109.6635050000000007
11
151.862842999999998
21
-109.7028430000000014
0
LINE
8
BLACK
6
CONTINUOUS
10
151.862842999999998
20
-109.7028430000000014
11
148.5328429999999855
21
-113.0328429999999997
0
LINE
8
BLACK
6
CONTINUOUS
10
148.5328429999999855
20
-113.0328429999999997
11
148.493504999999999
21
-113.067340999999999
0
LINE
8
BLACK
6
CONTINUOUS
10
148.493504999999999
20
-113.067340999999999
11
148.4030740000000037
21
-113.1195519999999988
0
LINE
8
BLACK
6
CONTINUOUS
10
148.4030740000000037
20
-113.1195519999999988
11
148.3022100000000023
21
-113.146577999999991
0
LINE
8
BLACK
6
CONTINUOUS
10
148.3022100000000023
20
-113.146577999999991
11
148.25
21
-113.1499999999999915
0
LINE
8
BLACK
6
CONTINUOUS
10
148.25
20
-113.1499999999999915
11
142.3656849999999849
21
-113.1499999999999915
0
LINE
8
BLACK
6
CONTINUOUS
10
142.3656849999999849
20
-113.1499999999999915
11
142.1899999999999977
21
-113.3256849999999929
0
LINE
8
BLACK
6
CONTINUOUS
10
142.1899999999999977
20
-113.3256849999999929
11
142.1899999999999977
21
-114.1866349999999954
0
LINE
8
BLACK
6
CONTINUOUS
10
142.1899999999999977
20
-114.1866349999999954
11
142.2892339999999933
21
-114.2529409999999928
0
LINE
8
BLACK
6
CONTINUOUS
10
142.2892339999999933
20
-114.2529409999999928
11
142.4070590000000038
21
-114.370765999999989
0
LINE
8
BLACK
6
CONTINUOUS
10
142.4070590000000038
20
-114.370765999999989
11
142.4996329999999887
21
-114.5093129999999917
0
LINE
8
BLACK
6
CONTINUOUS
10
142.4996329999999887
20
-114.5093129999999917
11
142.563399000000004
21
-114.663257999999999
0
LINE
8
BLACK
6
CONTINUOUS
10
142.563399000000004
20
-114.663257999999999
11
142.5959069999999826
21
-114.8266849999999977
0
LINE
8
BLACK
6
CONTINUOUS
10
142.5959069999999826
20
-114.8266849999999977
11
142.5959069999999826
21
-114.9933149999999955
0
LINE
8
BLACK
6
CONTINUOUS
10
142.5959069999999826
20
-114.9933149999999955
11
142.563399000000004
21
-115.1567419999999942
0
LINE
8
BLACK
6
CONTINUOUS
10
142.563399000000004
20
-115.1567419999999942
11
142.4996329999999887
21
-115.3106870000000015
0
LINE
8
BLACK
6
CONTINUOUS
10
142.4996329999999887
20
-115.3106870000000015
11
142.4070590000000038
21
-115.4492339999999899
0
LINE
8
BLACK
6
CONTINUOUS
10
142.4070590000000038
20
-115.4492339999999899
11
142.2892339999999933
21
-115.5670590000000004
0
LINE
8
BLACK
6
CONTINUOUS
10
142.2892339999999933
20
-115.5670590000000004
11
142.1506870000000049
21
-115.6596329999999995
0
LINE
8
BLACK
6
CONTINUOUS
10
142.1506870000000049
20
-115.6596329999999995
11
141.9967419999999834
21
-115.7233990000000006
0
LINE
8
BLACK
6
CONTINUOUS
10
141.9967419999999834
20
-115.7233990000000006
11
141.8333149999999989
21
-115.7559069999999934
0
LINE
8
BLACK
6
CONTINUOUS
10
141.8333149999999989
20
-115.7559069999999934
11
141.6666850000000011
21
-115.7559069999999934
0
LINE
8
BLACK
6
CONTINUOUS
10
141.6666850000000011
20
-115.7559069999999934
11
141.5032579999999882
21
-115.7233990000000006
0
LINE
8
BLACK
6
CONTINUOUS
10
141.5032579999999882
20
-115.7233990000000006
11
141.3493129999999951
21
-115.6596329999999995
0
LINE
8
BLACK
6
CONTINUOUS
10
141.3493129999999951
20
-115.6596329999999995
11
141.2107660000000067
21
-115.5670590000000004
0
LINE
8
BLACK
6
CONTINUOUS
10
141.2107660000000067
20
-115.5670590000000004
11
141.0929409999999962
21
-115.4492339999999899
0
LINE
8
BLACK
6
CONTINUOUS
10
141.0929409999999962
20
-115.4492339999999899
11
141.0003669999999829
21
-115.3106870000000015
0
LINE
8
BLACK
6
CONTINUOUS
10
141.0003669999999829
20
-115.3106870000000015
11
140.936600999999996
21
-115.1567419999999942
0
LINE
8
BLACK
6
CONTINUOUS
10
140.936600999999996
20
-115.1567419999999942
11
140.9040929999999889
21
-114.9933149999999955
0
LINE
8
BLACK
6
CONTINUOUS
10
140.9040929999999889
20
-114.9933149999999955
11
140.9040929999999889
21
-114.8266849999999977
0
LINE
8
BLACK
6
CONTINUOUS
10
140.9040929999999889
20
-114.8266849999999977
11
140.936600999999996
21
-114.663257999999999
0
LINE
8
BLACK
6
CONTINUOUS
10
140.936600999999996
20
-114.663257999999999
11
141.0003669999999829
21
-114.5093129999999917
0
LINE
8
BLACK
6
CONTINUOUS
10
141.0003669999999829
20
-114.5093129999999917
11
141.0929409999999962
21
-114.370765999999989
0
LINE
8
BLACK
6
CONTINUOUS
10
141.0929409999999962
20
-114.370765999999989
11
141.2107660000000067
21
-114.2529409999999928
0
LINE
8
BLACK
6
CONTINUOUS
10
141.2107660000000067
20
-114.2529409999999928
11
141.3493129999999951
21
-114.1603669999999937
0
LINE
8
BLACK
6
CONTINUOUS
10
141.3493129999999951
20
-114.1603669999999937
11
141.3899999999999864
21
-114.1435129999999987
0
LINE
8
BLACK
6
CONTINUOUS
10
141.3899999999999864
20
-114.1435129999999987
11
141.3899999999999864
21
-113.3256849999999929
0
LINE
8
BLACK
6
CONTINUOUS
10
141.3899999999999864
20
-113.3256849999999929
11
141.2143140000000017
21
-113.1499999999999915
0
LINE
8
BLACK
6
CONTINUOUS
10
141.2143140000000017
20
-113.1499999999999915
11
134.3799999999999955
21
-113.1499999999999915
0
LINE
8
BLACK
6
CONTINUOUS
10
134.3799999999999955
20
-113.1499999999999915
11
134.3277899999999931
21
-113.146577999999991
0
LINE
8
BLACK
6
CONTINUOUS
10
134.3277899999999931
20
-113.146577999999991
11
134.2269259999999917
21
-113.1195519999999988
0
LINE
8
BLACK
6
CONTINUOUS
10
134.2269259999999917
20
-113.1195519999999988
11
134.1364949999999965
21
-113.067340999999999
0
LINE
8
BLACK
6
CONTINUOUS
10
134.1364949999999965
20
-113.067340999999999
11
134.0971569999999815
21
-113.0328429999999997
0
LINE
8
BLACK
6
CONTINUOUS
10
134.0971569999999815
20
-113.0328429999999997
11
129.7571570000000065
21
-108.6928429999999963
0
LINE
8
BLACK
6
CONTINUOUS
10
129.7571570000000065
20
-108.6928429999999963
11
129.7226589999999931
21
-108.6535049999999956
0
LINE
8
BLACK
6
CONTINUOUS
10
129.7226589999999931
20
-108.6535049999999956
11
129.6704479999999933
21
-108.5630740000000003
0
LINE
8
BLACK
6
CONTINUOUS
10
129.6704479999999933
20
-108.5630740000000003
11
129.6434219999999868
21
-108.4622099999999989
0
LINE
8
BLACK
6
CONTINUOUS
10
129.6434219999999868
20
-108.4622099999999989
11
129.6399999999999864
21
-108.4099999999999966
0
LINE
8
BLACK
6
CONTINUOUS
10
129.6399999999999864
20
-108.4099999999999966
11
129.6399999999999864
21
-104.0205569999999966
0
LINE
8
BLACK
6
CONTINUOUS
10
129.6399999999999864
20
-104.0205569999999966
11
129.595924999999994
21
-103.9911069999999995
0
LINE
8
BLACK
6
CONTINUOUS
10
129.595924999999994
20
-103.9911069999999995
11
129.4988929999999812
21
-103.8940750000000008
0
LINE
8
BLACK
6
CONTINUOUS
10
129.4988929999999812
20
-103.8940750000000008
11
129.4226549999999918
21
-103.7799779999999998
0
LINE
8
BLACK
6
CONTINUOUS
10
129.4226549999999918
20
-103.7799779999999998
11
129.3701419999999871
21
-103.6531990000000008
0
LINE
8
BLACK
6
CONTINUOUS
10
129.3701419999999871
20
-103.6531990000000008
11
129.3433709999999905
21
-103.5186119999999903
0
LINE
8
BLACK
6
CONTINUOUS
10
129.3433709999999905
20
-103.5186119999999903
11
129.3433709999999905
21
-103.3813880000000012
0
LINE
8
BLACK
6
CONTINUOUS
10
129.3433709999999905
20
-103.3813880000000012
11
129.3701419999999871
21
-103.2468009999999907
0
LINE
8
BLACK
6
CONTINUOUS
10
129.3701419999999871
20
-103.2468009999999907
11
129.4226549999999918
21
-103.1200219999999916
0
LINE
8
BLACK
6
CONTINUOUS
10
129.4226549999999918
20
-103.1200219999999916
11
129.4988929999999812
21
-103.0059249999999906
0
LINE
8
BLACK
6
CONTINUOUS
10
129.4988929999999812
20
-103.0059249999999906
11
129.595924999999994
21
-102.908892999999992
0
LINE
8
BLACK
6
CONTINUOUS
10
129.595924999999994
20
-102.908892999999992
11
129.7100219999999808
21
-102.8326549999999884
0
LINE
8
BLACK
6
CONTINUOUS
10
129.7100219999999808
20
-102.8326549999999884
11
129.8368009999999799
21
-102.7801419999999979
0
LINE
8
BLACK
6
CONTINUOUS
10
129.8368009999999799
20
-102.7801419999999979
11
129.9713879999999904
21
-102.7533710000000013
0
LINE
8
BLACK
6
CONTINUOUS
10
129.9713879999999904
20
-102.7533710000000013
11
130.1086119999999937
21
-102.7533710000000013
0
LINE
8
BLACK
6
CONTINUOUS
10
130.1086119999999937
20
-102.7533710000000013
11
130.2431990000000042
21
-102.7801419999999979
0
LINE
8
BLACK
6
CONTINUOUS
10
152.2083339999999794
20
-103.5419429999999892
11
152.2526809999999955
21
-103.5704439999999948
0
LINE
8
BLACK
6
CONTINUOUS
10
152.2526809999999955
20
-103.5704439999999948
11
154.803180999999995
21
-106.1209439999999944
0
LINE
8
BLACK
6
CONTINUOUS
10
154.803180999999995
20
-106.1209439999999944
11
154.8366659999999797
21
-106.182266999999996
0
LINE
8
BLACK
6
CONTINUOUS
10
154.8366659999999797
20
-106.182266999999996
11
154.8394999999999868
21
-106.2086249999999978
0
LINE
8
BLACK
6
CONTINUOUS
10
154.8394999999999868
20
-106.2086249999999978
11
154.8394999999999868
21
-108.374496999999991
0
LINE
8
BLACK
6
CONTINUOUS
10
154.8394999999999868
20
-108.374496999999991
11
154.8198150000000055
21
-108.4415359999999993
0
LINE
8
BLACK
6
CONTINUOUS
10
154.8198150000000055
20
-108.4415359999999993
11
154.7909909999999911
21
-108.4728689999999887
0
LINE
8
BLACK
6
CONTINUOUS
10
154.7909909999999911
20
-108.4728689999999887
11
154.7842239999999947
21
-108.4780609999999967
0
LINE
8
BLACK
6
CONTINUOUS
10
154.7842239999999947
20
-108.4780609999999967
11
154.784214999999989
21
-108.4780699999999882
0
LINE
8
BLACK
6
CONTINUOUS
10
154.784214999999989
20
-108.4780699999999882
11
154.6080659999999796
21
-108.6542180000000002
0
LINE
8
BLACK
6
CONTINUOUS
10
154.6080659999999796
20
-108.6542180000000002
11
154.6080599999999947
21
-108.6542249999999967
0
LINE
8
BLACK
6
CONTINUOUS
10
154.6080599999999947
20
-108.6542249999999967
11
154.4564000000000021
21
-108.8518729999999977
0
LINE
8
BLACK
6
CONTINUOUS
10
154.4564000000000021
20
-108.8518729999999977
11
154.3318369999999788
21
-109.0676229999999975
0
LINE
8
BLACK
6
CONTINUOUS
10
154.3318369999999788
20
-109.0676229999999975
11
154.3318299999999965
21
-109.0676379999999881
0
LINE
8
BLACK
6
CONTINUOUS
10
154.3318299999999965
20
-109.0676379999999881
11
154.2364979999999832
21
-109.2977920000000012
0
LINE
8
BLACK
6
CONTINUOUS
10
154.2364979999999832
20
-109.2977920000000012
11
154.1720169999999825
21
-109.5384379999999993
0
LINE
8
BLACK
6
CONTINUOUS
10
154.1720169999999825
20
-109.5384379999999993
11
154.1506009999999947
21
-109.7011139999999898
0
LINE
8
BLACK
6
CONTINUOUS
10
154.1506009999999947
20
-109.7011139999999898
11
154.1394999999999982
21
-109.7854349999999926
0
LINE
8
BLACK
6
CONTINUOUS
10
154.1394999999999982
20
-109.7854349999999926
11
154.1394999999999982
21
-110.0345650000000006
0
LINE
8
BLACK
6
CONTINUOUS
10
154.1394999999999982
20
-110.0345650000000006
11
154.1406130000000019
21
-110.0430179999999893
0
LINE
8
BLACK
6
CONTINUOUS
10
154.1406130000000019
20
-110.0430179999999893
11
154.1298449999999889
21
-110.1120529999999889
0
LINE
8
BLACK
6
CONTINUOUS
10
154.1298449999999889
20
-110.1120529999999889
11
154.1053540000000055
21
-110.1468809999999934
0
LINE
8
BLACK
6
CONTINUOUS
10
154.1053540000000055
20
-110.1468809999999934
11
150.5790549999999826
21
-113.6731809999999996
0
LINE
8
BLACK
6
CONTINUOUS
10
150.5790549999999826
20
-113.6731809999999996
11
150.5177319999999952
21
-113.7066659999999985
0
LINE
8
BLACK
6
CONTINUOUS
10
150.5177319999999952
20
-113.7066659999999985
11
150.4913739999999791
21
-113.7094999999999914
0
LINE
8
BLACK
6
CONTINUOUS
10
150.4913739999999791
20
-113.7094999999999914
11
149.2876259999999888
21
-113.7094999999999914
0
LINE
8
BLACK
6
CONTINUOUS
10
149.2876259999999888
20
-113.7094999999999914
11
149.2205869999999948
21
-113.6898149999999958
0
LINE
8
BLACK
6
CONTINUOUS
10
149.2205869999999948
20
-113.6898149999999958
11
149.1748319999999808
21
-113.6370110000000011
0
LINE
8
BLACK
6
CONTINUOUS
10
149.1748319999999808
20
-113.6370110000000011
11
149.1648879999999906
21
-113.5678529999999995
0
LINE
8
BLACK
6
CONTINUOUS
10
149.1648879999999906
20
-113.5678529999999995
11
149.1939129999999807
21
-113.504296999999994
0
LINE
8
BLACK
6
CONTINUOUS
10
149.1939129999999807
20
-113.504296999999994
11
149.1999449999999854
21
-113.4978189999999927
0
LINE
8
BLACK
6
CONTINUOUS
10
149.1999449999999854
20
-113.4978189999999927
11
152.4956899999999962
21
-110.2020739999999961
0
LINE
8
BLACK
6
CONTINUOUS
10
152.4956899999999962
20
-110.2020739999999961
11
152.60675999999998
21
-110.0491990000000015
0
LINE
8
BLACK
6
CONTINUOUS
10
152.60675999999998
20
-110.0491990000000015
11
152.6925469999999905
21
-109.8808319999999981
0
LINE
8
BLACK
6
CONTINUOUS
10
152.6925469999999905
20
-109.8808319999999981
11
152.7509399999999857
21
-109.7011179999999939
0
LINE
8
BLACK
6
CONTINUOUS
10
152.7509399999999857
20
-109.7011179999999939
11
152.7767059999999901
21
-109.5384379999999993
0
LINE
8
BLACK
6
CONTINUOUS
10
152.7767059999999901
20
-109.5384379999999993
11
152.7804999999999893
21
-109.5144869999999884
0
LINE
8
BLACK
6
CONTINUOUS
10
152.7804999999999893
20
-109.5144869999999884
11
152.7804999999999893
21
-109.0592959999999891
0
LINE
8
BLACK
6
CONTINUOUS
10
152.7804999999999893
20
-109.0592959999999891
11
152.800184999999999
21
-108.9922569999999951
0
LINE
8
BLACK
6
CONTINUOUS
10
152.800184999999999
20
-108.9922569999999951
11
152.8529889999999796
21
-108.9465019999999953
0
LINE
8
BLACK
6
CONTINUOUS
10
152.8529889999999796
20
-108.9465019999999953
11
152.8635380000000055
21
-108.9422560000000004
0
LINE
8
BLACK
6
CONTINUOUS
10
152.8635380000000055
20
-108.9422560000000004
11
152.8820220000000063
21
-108.9357889999999998
0
LINE
8
BLACK
6
CONTINUOUS
10
152.8820220000000063
20
-108.9357889999999998
11
153.0347620000000006
21
-108.839815999999999
0
LINE
8
BLACK
6
CONTINUOUS
10
153.0347620000000006
20
-108.839815999999999
11
153.1623160000000041
21
-108.7122619999999955
0
LINE
8
BLACK
6
CONTINUOUS
10
153.1623160000000041
20
-108.7122619999999955
11
153.2582889999999907
21
-108.5595220000000012
0
LINE
8
BLACK
6
CONTINUOUS
10
153.2582889999999907
20
-108.5595220000000012
11
153.3178680000000043
21
-108.3892549999999915
0
LINE
8
BLACK
6
CONTINUOUS
10
153.3178680000000043
20
-108.3892549999999915
11
153.3329999999999984
21
-108.2549539999999979
0
LINE
8
BLACK
6
CONTINUOUS
10
153.3329999999999984
20
-108.2549539999999979
11
153.3329999999999984
21
-106.1650459999999896
0
LINE
8
BLACK
6
CONTINUOUS
10
153.3329999999999984
20
-106.1650459999999896
11
153.3259740000000022
21
-106.1026880000000006
0
LINE
8
BLACK
6
CONTINUOUS
10
153.3259740000000022
20
-106.1026880000000006
11
153.3178690000000017
21
-106.0307499999999976
0
LINE
8
BLACK
6
CONTINUOUS
10
153.3178690000000017
20
-106.0307499999999976
11
153.3178680000000043
21
-106.030744999999996
0
LINE
8
BLACK
6
CONTINUOUS
10
153.3178680000000043
20
-106.030744999999996
11
153.271963999999997
21
-105.8995599999999939
0
LINE
8
BLACK
6
CONTINUOUS
10
153.271963999999997
20
-105.8995599999999939
11
153.2582889999999907
21
-105.8604780000000005
0
LINE
8
BLACK
6
CONTINUOUS
10
153.2582889999999907
20
-105.8604780000000005
11
153.2407220000000052
21
-105.8325209999999998
0
LINE
8
BLACK
6
CONTINUOUS
10
153.2407220000000052
20
-105.8325209999999998
11
153.1623150000000066
21
-105.7077369999999945
0
LINE
8
BLACK
6
CONTINUOUS
10
153.1623150000000066
20
-105.7077369999999945
11
153.0347620000000006
21
-105.5801839999999885
0
LINE
8
BLACK
6
CONTINUOUS
10
153.0347620000000006
20
-105.5801839999999885
11
152.8820230000000038
21
-105.4842110000000019
0
LINE
8
BLACK
6
CONTINUOUS
10
152.8820230000000038
20
-105.4842110000000019
11
152.7117539999999849
21
-105.4246309999999909
0
LINE
8
BLACK
6
CONTINUOUS
10
152.7117539999999849
20
-105.4246309999999909
11
152.7117489999999975
21
-105.4246299999999934
0
LINE
8
BLACK
6
CONTINUOUS
10
152.7117489999999975
20
-105.4246299999999934
11
152.5774600000000021
21
-105.4094999999999942
0
LINE
8
BLACK
6
CONTINUOUS
10
152.5774600000000021
20
-105.4094999999999942
11
152.5774539999999888
21
-105.4094999999999942
0
LINE
8
BLACK
6
CONTINUOUS
10
152.5774539999999888
20
-105.4094999999999942
11
150.5825459999999794
21
-105.4094999999999942
0
LINE
8
BLACK
6
CONTINUOUS
10
150.5825459999999794
20
-105.4094999999999942
11
150.5601289999999892
21
-105.4120249999999999
0
LINE
8
BLACK
6
CONTINUOUS
10
150.5601289999999892
20
-105.4120249999999999
11
150.546687999999989
21
-105.4135399999999976
0
LINE
8
BLACK
6
CONTINUOUS
10
150.546687999999989
20
-105.4135399999999976
11
150.4778660000000059
21
-105.4014839999999964
0
LINE
8
BLACK
6
CONTINUOUS
10
150.4778660000000059
20
-105.4014839999999964
11
150.4264869999999803
21
-105.3541340000000019
0
LINE
8
BLACK
6
CONTINUOUS
10
150.4264869999999803
20
-105.3541340000000019
11
150.4088639999999941
21
-105.2865229999999883
0
LINE
8
BLACK
6
CONTINUOUS
10
150.4088639999999941
20
-105.2865229999999883
11
150.4305919999999901
21
-105.2201179999999994
0
LINE
8
BLACK
6
CONTINUOUS
10
150.4305919999999901
20
-105.2201179999999994
11
150.4451200000000028
21
-105.2026429999999948
0
LINE
8
BLACK
6
CONTINUOUS
10
150.4451200000000028
20
-105.2026429999999948
11
152.0773189999999886
21
-103.5704429999999974
0
LINE
8
BLACK
6
CONTINUOUS
10
152.0773189999999886
20
-103.5704429999999974
11
152.1386420000000044
21
-103.536958999999996
0
LINE
8
BLACK
6
CONTINUOUS
10
152.1386420000000044
20
-103.536958999999996
11
152.2083339999999794
21
-103.5419429999999892
0
LINE
8
BLACK
6
CONTINUOUS
10
136.1322099999999864
20
-72.5134219999999914
11
136.2330739999999878
21
-72.5404479999999978
0
LINE
8
BLACK
6
CONTINUOUS
10
136.2330739999999878
20
-72.5404479999999978
11
136.3235049999999831
21
-72.5926589999999976
0
LINE
8
BLACK
6
CONTINUOUS
10
136.3235049999999831
20
-72.5926589999999976
11
136.362842999999998
21
-72.6271569999999969
0
LINE
8
BLACK
6
CONTINUOUS
10
136.362842999999998
20
-72.6271569999999969
11
140.582570000000004
21
-76.8468850000000003
0
LINE
8
BLACK
6
CONTINUOUS
10
140.582570000000004
20
-76.8468850000000003
11
140.5832580000000007
21
-76.8466009999999926
0
LINE
8
BLACK
6
CONTINUOUS
10
140.5832580000000007
20
-76.8466009999999926
11
140.7466849999999852
21
-76.8140929999999997
0
LINE
8
BLACK
6
CONTINUOUS
10
140.7466849999999852
20
-76.8140929999999997
11
140.913314999999983
21
-76.8140929999999997
0
LINE
8
BLACK
6
CONTINUOUS
10
140.913314999999983
20
-76.8140929999999997
11
141.0767419999999959
21
-76.8466009999999926
0
LINE
8
BLACK
6
CONTINUOUS
10
141.0767419999999959
20
-76.8466009999999926
11
141.230686999999989
21
-76.9103669999999937
0
LINE
8
BLACK
6
CONTINUOUS
10
141.230686999999989
20
-76.9103669999999937
11
141.3692340000000058
21
-77.0029409999999928
0
LINE
8
BLACK
6
CONTINUOUS
10
141.3692340000000058
20
-77.0029409999999928
11
141.4870589999999879
21
-77.1207660000000033
0
LINE
8
BLACK
6
CONTINUOUS
10
141.4870589999999879
20
-77.1207660000000033
11
141.5796330000000012
21
-77.2593129999999917
0
LINE
8
BLACK
6
CONTINUOUS
10
141.5796330000000012
20
-77.2593129999999917
11
141.6433989999999881
21
-77.413257999999999
0
LINE
8
BLACK
6
CONTINUOUS
10
141.6433989999999881
20
-77.413257999999999
11
141.6759069999999952
21
-77.5766849999999977
0
LINE
8
BLACK
6
CONTINUOUS
10
141.6759069999999952
20
-77.5766849999999977
11
141.6759069999999952
21
-77.7433149999999955
0
LINE
8
BLACK
6
CONTINUOUS
10
141.6759069999999952
20
-77.7433149999999955
11
141.6433989999999881
21
-77.9067419999999942
0
LINE
8
BLACK
6
CONTINUOUS
10
141.6433989999999881
20
-77.9067419999999942
11
141.5796330000000012
21
-78.0606870000000015
0
LINE
8
BLACK
6
CONTINUOUS
10
141.5796330000000012
20
-78.0606870000000015
11
141.4870589999999879
21
-78.1992339999999899
0
LINE
8
BLACK
6
CONTINUOUS
10
141.4870589999999879
20
-78.1992339999999899
11
141.3692340000000058
21
-78.3170590000000004
0
LINE
8
BLACK
6
CONTINUOUS
10
141.3692340000000058
20
-78.3170590000000004
11
141.230686999999989
21
-78.4096329999999995
0
LINE
8
BLACK
6
CONTINUOUS
10
141.230686999999989
20
-78.4096329999999995
11
141.0767419999999959
21
-78.4733990000000006
0
LINE
8
BLACK
6
CONTINUOUS
10
141.0767419999999959
20
-78.4733990000000006
11
140.913314999999983
21
-78.5059069999999934
0
LINE
8
BLACK
6
CONTINUOUS
10
140.913314999999983
20
-78.5059069999999934
11
140.7466849999999852
21
-78.5059069999999934
0
LINE
8
BLACK
6
CONTINUOUS
10
140.7466849999999852
20
-78.5059069999999934
11
140.5832580000000007
21
-78.4733990000000006
0
LINE
8
BLACK
6
CONTINUOUS
10
140.5832580000000007
20
-78.4733990000000006
11
140.4293130000000076
21
-78.4096329999999995
0
LINE
8
BLACK
6
CONTINUOUS
10
140.4293130000000076
20
-78.4096329999999995
11
140.2907659999999908
21
-78.3170590000000004
0
LINE
8
BLACK
6
CONTINUOUS
10
140.2907659999999908
20
-78.3170590000000004
11
140.1729409999999802
21
-78.1992339999999899
0
LINE
8
BLACK
6
CONTINUOUS
10
140.1729409999999802
20
-78.1992339999999899
11
140.0803669999999954
21
-78.0606870000000015
0
LINE
8
BLACK
6
CONTINUOUS
10
140.0803669999999954
20
-78.0606870000000015
11
140.0166009999999801
21
-77.9067419999999942
0
LINE
8
BLACK
6
CONTINUOUS
10
140.0166009999999801
20
-77.9067419999999942
11
139.9840930000000014
21
-77.7433149999999955
0
LINE
8
BLACK
6
CONTINUOUS
10
139.9840930000000014
20
-77.7433149999999955
11
139.9840930000000014
21
-77.5766849999999977
0
LINE
8
BLACK
6
CONTINUOUS
10
139.9840930000000014
20
-77.5766849999999977
11
140.0166009999999801
21
-77.413257999999999
0
LINE
8
BLACK
6
CONTINUOUS
10
140.0166009999999801
20
-77.413257999999999
11
140.016885000000002
21
-77.4125700000000023
0
LINE
8
BLACK
6
CONTINUOUS
10
140.016885000000002
20
-77.4125700000000023
11
135.9143139999999903
21
-73.3100000000000023
0
LINE
8
BLACK
6
CONTINUOUS
10
135.9143139999999903
20
-73.3100000000000023
11
126.5056859999999972
21
-73.3100000000000023
0
LINE
8
BLACK
6
CONTINUOUS
10
126.5056859999999972
20
-73.3100000000000023
11
123.6499999999999915
21
-76.1656859999999938
0
LINE
8
BLACK
6
CONTINUOUS
10
123.6499999999999915
20
-76.1656859999999938
11
123.6499999999999915
21
-92.7043139999999966
0
LINE
8
BLACK
6
CONTINUOUS
10
123.6499999999999915
20
-92.7043139999999966
11
128.9156849999999963
21
-97.9699999999999989
0
LINE
8
BLACK
6
CONTINUOUS
10
128.9156849999999963
20
-97.9699999999999989
11
129.4694429999999841
21
-97.9699999999999989
0
LINE
8
BLACK
6
CONTINUOUS
10
129.4694429999999841
20
-97.9699999999999989
11
129.4988929999999812
21
-97.9259249999999923
0
LINE
8
BLACK
6
CONTINUOUS
10
129.4988929999999812
20
-97.9259249999999923
11
129.595924999999994
21
-97.8288929999999937
0
LINE
8
BLACK
6
CONTINUOUS
10
129.595924999999994
20
-97.8288929999999937
11
129.7100219999999808
21
-97.7526549999999901
0
LINE
8
BLACK
6
CONTINUOUS
10
129.7100219999999808
20
-97.7526549999999901
11
129.8368009999999799
21
-97.7001419999999996
0
LINE
8
BLACK
6
CONTINUOUS
10
129.8368009999999799
20
-97.7001419999999996
11
129.9713879999999904
21
-97.6733709999999888
0
LINE
8
BLACK
6
CONTINUOUS
10
129.9713879999999904
20
-97.6733709999999888
11
130.1086119999999937
21
-97.6733709999999888
0
LINE
8
BLACK
6
CONTINUOUS
10
130.1086119999999937
20
-97.6733709999999888
11
130.2431990000000042
21
-97.7001419999999996
0
LINE
8
BLACK
6
CONTINUOUS
10
130.2431990000000042
20
-97.7001419999999996
11
130.3699780000000032
21
-97.7526549999999901
0
LINE
8
BLACK
6
CONTINUOUS
10
130.3699780000000032
20
-97.7526549999999901
11
130.48407499999999
21
-97.8288929999999937
0
LINE
8
BLACK
6
CONTINUOUS
10
130.48407499999999
20
-97.8288929999999937
11
130.5811070000000029
21
-97.9259249999999923
0
LINE
8
BLACK
6
CONTINUOUS
10
130.5811070000000029
20
-97.9259249999999923
11
130.6573449999999923
21
-98.0400219999999933
0
LINE
8
BLACK
6
CONTINUOUS
10
130.6573449999999923
20
-98.0400219999999933
11
130.709857999999997
21
-98.1668009999999924
0
LINE
8
BLACK
6
CONTINUOUS
10
130.709857999999997
20
-98.1668009999999924
11
130.7366289999999935
21
-98.3013879999999887
0
LINE
8
BLACK
6
CONTINUOUS
10
130.7366289999999935
20
-98.3013879999999887
11
130.7366289999999935
21
-98.438611999999992
0
LINE
8
BLACK
6
CONTINUOUS
10
130.7366289999999935
20
-98.438611999999992
11
130.709857999999997
21
-98.5731990000000025
0
LINE
8
BLACK
6
CONTINUOUS
10
130.709857999999997
20
-98.5731990000000025
11
130.6573449999999923
21
-98.6999780000000015
0
LINE
8
BLACK
6
CONTINUOUS
10
130.6573449999999923
20
-98.6999780000000015
11
130.5811070000000029
21
-98.8140750000000025
0
LINE
8
BLACK
6
CONTINUOUS
10
130.5811070000000029
20
-98.8140750000000025
11
130.48407499999999
21
-98.9111070000000012
0
LINE
8
BLACK
6
CONTINUOUS
10
130.48407499999999
20
-98.9111070000000012
11
130.3699780000000032
21
-98.9873449999999906
0
LINE
8
BLACK
6
CONTINUOUS
10
130.3699780000000032
20
-98.9873449999999906
11
130.2431990000000042
21
-99.0398579999999953
0
LINE
8
BLACK
6
CONTINUOUS
10
130.2431990000000042
20
-99.0398579999999953
11
130.1086119999999937
21
-99.0666289999999918
0
LINE
8
BLACK
6
CONTINUOUS
10
130.1086119999999937
20
-99.0666289999999918
11
129.9713879999999904
21
-99.0666289999999918
0
LINE
8
BLACK
6
CONTINUOUS
10
129.9713879999999904
20
-99.0666289999999918
11
129.8368009999999799
21
-99.0398579999999953
0
LINE
8
BLACK
6
CONTINUOUS
10
129.8368009999999799
20
-99.0398579999999953
11
129.7100219999999808
21
-98.9873449999999906
0
LINE
8
BLACK
6
CONTINUOUS
10
129.7100219999999808
20
-98.9873449999999906
11
129.595924999999994
21
-98.9111070000000012
0
LINE
8
BLACK
6
CONTINUOUS
10
129.595924999999994
20
-98.9111070000000012
11
129.4988929999999812
21
-98.8140750000000025
0
LINE
8
BLACK
6
CONTINUOUS
10
129.4988929999999812
20
-98.8140750000000025
11
129.4694429999999841
21
-98.769999999999996
0
LINE
8
BLACK
6
CONTINUOUS
10
129.4694429999999841
20
-98.769999999999996
11
128.75
21
-98.769999999999996
0
LINE
8
BLACK
6
CONTINUOUS
10
128.75
20
-98.769999999999996
11
128.6977899999999977
21
-98.7665779999999955
0
LINE
8
BLACK
6
CONTINUOUS
10
128.6977899999999977
20
-98.7665779999999955
11
128.5969269999999938
21
-98.7395519999999891
0
LINE
8
BLACK
6
CONTINUOUS
10
128.5969269999999938
20
-98.7395519999999891
11
128.506495000000001
21
-98.6873409999999893
0
LINE
8
BLACK
6
CONTINUOUS
10
128.506495000000001
20
-98.6873409999999893
11
128.4671579999999835
21
-98.6528429999999901
0
LINE
8
BLACK
6
CONTINUOUS
10
128.4671579999999835
20
-98.6528429999999901
11
122.9671570000000003
21
-93.1528429999999901
0
LINE
8
BLACK
6
CONTINUOUS
10
122.9671570000000003
20
-93.1528429999999901
11
122.932659000000001
21
-93.1135049999999893
0
LINE
8
BLACK
6
CONTINUOUS
10
122.932659000000001
20
-93.1135049999999893
11
122.8804480000000012
21
-93.023073999999994
0
LINE
8
BLACK
6
CONTINUOUS
10
122.8804480000000012
20
-93.023073999999994
11
122.8534219999999948
21
-92.9222099999999926
0
LINE
8
BLACK
6
CONTINUOUS
10
122.8534219999999948
20
-92.9222099999999926
11
122.8499999999999943
21
-92.8699999999999903
0
LINE
8
BLACK
6
CONTINUOUS
10
122.8499999999999943
20
-92.8699999999999903
11
122.8499999999999943
21
-76.
0
LINE
8
BLACK
6
CONTINUOUS
10
122.8499999999999943
20
-76.
11
122.8534219999999948
21
-75.9477899999999977
0
LINE
8
BLACK
6
CONTINUOUS
10
122.8534219999999948
20
-75.9477899999999977
11
122.8804480000000012
21
-75.8469269999999938
0
LINE
8
BLACK
6
CONTINUOUS
10
122.8804480000000012
20
-75.8469269999999938
11
122.8804480000000012
21
-75.8469259999999963
0
LINE
8
BLACK
6
CONTINUOUS
10
122.8804480000000012
20
-75.8469259999999963
11
122.932659000000001
21
-75.756495000000001
0
LINE
8
BLACK
6
CONTINUOUS
10
122.932659000000001
20
-75.756495000000001
11
122.9671570000000003
21
-75.7171570000000003
0
LINE
8
BLACK
6
CONTINUOUS
10
122.9671570000000003
20
-75.7171570000000003
11
126.0571569999999895
21
-72.6271569999999969
0
LINE
8
BLACK
6
CONTINUOUS
10
126.0571569999999895
20
-72.6271569999999969
11
126.0964949999999902
21
-72.5926589999999976
0
LINE
8
BLACK
6
CONTINUOUS
10
126.0964949999999902
20
-72.5926589999999976
11
126.1869259999999997
21
-72.5404479999999978
0
LINE
8
BLACK
6
CONTINUOUS
10
126.1869259999999997
20
-72.5404479999999978
11
126.2877900000000011
21
-72.5134219999999914
0
LINE
8
BLACK
6
CONTINUOUS
10
126.2877900000000011
20
-72.5134219999999914
11
126.3399999999999892
21
-72.5099999999999909
0
LINE
8
BLACK
6
CONTINUOUS
10
126.3399999999999892
20
-72.5099999999999909
11
136.0799999999999841
21
-72.5099999999999909
0
LINE
8
BLACK
6
CONTINUOUS
10
136.0799999999999841
20
-72.5099999999999909
11
136.1322099999999864
21
-72.5134219999999914
0
LINE
8
BLACK
6
CONTINUOUS
10
132.0331989999999962
20
-82.5801419999999951
11
132.1599779999999953
21
-82.6326549999999997
0
LINE
8
BLACK
6
CONTINUOUS
10
132.1599779999999953
20
-82.6326549999999997
11
132.2740749999999821
21
-82.7088930000000033
0
LINE
8
BLACK
6
CONTINUOUS
10
132.2740749999999821
20
-82.7088930000000033
11
132.371106999999995
21
-82.805925000000002
0
LINE
8
BLACK
6
CONTINUOUS
10
132.371106999999995
20
-82.805925000000002
11
132.4005569999999921
21
-82.8499999999999943
0
LINE
8
BLACK
6
CONTINUOUS
10
132.4005569999999921
20
-82.8499999999999943
11
135.679442999999992
21
-82.8499999999999943
0
LINE
8
BLACK
6
CONTINUOUS
10
135.679442999999992
20
-82.8499999999999943
11
135.7088929999999891
21
-82.805925000000002
0
LINE
8
BLACK
6
CONTINUOUS
10
135.7088929999999891
20
-82.805925000000002
11
135.805925000000002
21
-82.7088930000000033
0
LINE
8
BLACK
6
CONTINUOUS
10
135.805925000000002
20
-82.7088930000000033
11
135.9200219999999888
21
-82.6326549999999997
0
LINE
8
BLACK
6
CONTINUOUS
10
135.9200219999999888
20
-82.6326549999999997
11
136.0468009999999879
21
-82.5801419999999951
0
LINE
8
BLACK
6
CONTINUOUS
10
136.0468009999999879
20
-82.5801419999999951
11
136.1813879999999983
21
-82.5533709999999985
0
LINE
8
BLACK
6
CONTINUOUS
10
136.1813879999999983
20
-82.5533709999999985
11
136.3186120000000017
21
-82.5533709999999985
0
LINE
8
BLACK
6
CONTINUOUS
10
136.3186120000000017
20
-82.5533709999999985
11
136.4531989999999837
21
-82.5801419999999951
0
LINE
8
BLACK
6
CONTINUOUS
10
136.4531989999999837
20
-82.5801419999999951
11
136.5799779999999828
21
-82.6326549999999997
0
LINE
8
BLACK
6
CONTINUOUS
10
136.5799779999999828
20
-82.6326549999999997
11
136.694074999999998
21
-82.7088930000000033
0
LINE
8
BLACK
6
CONTINUOUS
10
136.694074999999998
20
-82.7088930000000033
11
136.7911069999999825
21
-82.805925000000002
0
LINE
8
BLACK
6
CONTINUOUS
10
136.7911069999999825
20
-82.805925000000002
11
136.8673450000000003
21
-82.920022000000003
0
LINE
8
BLACK
6
CONTINUOUS
10
136.8673450000000003
20
-82.920022000000003
11
136.9198580000000049
21
-83.0468010000000021
0
LINE
8
BLACK
6
CONTINUOUS
10
136.9198580000000049
20
-83.0468010000000021
11
136.9466290000000015
21
-83.1813879999999983
0
LINE
8
BLACK
6
CONTINUOUS
10
136.9466290000000015
20
-83.1813879999999983
11
136.9466290000000015
21
-83.3186120000000017
0
LINE
8
BLACK
6
CONTINUOUS
10
136.9466290000000015
20
-83.3186120000000017
11
136.9198580000000049
21
-83.4531989999999979
0
LINE
8
BLACK
6
CONTINUOUS
10
136.9198580000000049
20
-83.4531989999999979
11
136.8673450000000003
21
-83.579977999999997
0
LINE
8
BLACK
6
CONTINUOUS
10
136.8673450000000003
20
-83.579977999999997
11
136.7911069999999825
21
-83.694074999999998
0
LINE
8
BLACK
6
CONTINUOUS
10
136.7911069999999825
20
-83.694074999999998
11
136.694074999999998
21
-83.7911069999999967
0
LINE
8
BLACK
6
CONTINUOUS
10
136.694074999999998
20
-83.7911069999999967
11
136.5799779999999828
21
-83.8673450000000003
0
LINE
8
BLACK
6
CONTINUOUS
10
136.5799779999999828
20
-83.8673450000000003
11
136.4531989999999837
21
-83.9198579999999907
0
LINE
8
BLACK
6
CONTINUOUS
10
136.4531989999999837
20
-83.9198579999999907
11
136.3186120000000017
21
-83.9466290000000015
0
LINE
8
BLACK
6
CONTINUOUS
10
136.3186120000000017
20
-83.9466290000000015
11
136.1813879999999983
21
-83.9466290000000015
0
LINE
8
BLACK
6
CONTINUOUS
10
136.1813879999999983
20
-83.9466290000000015
11
136.0468009999999879
21
-83.9198579999999907
0
LINE
8
BLACK
6
CONTINUOUS
10
136.0468009999999879
20
-83.9198579999999907
11
135.9200219999999888
21
-83.8673450000000003
0
LINE
8
BLACK
6
CONTINUOUS
10
135.9200219999999888
20
-83.8673450000000003
11
135.805925000000002
21
-83.7911069999999967
0
LINE
8
BLACK
6
CONTINUOUS
10
135.805925000000002
20
-83.7911069999999967
11
135.7088929999999891
21
-83.694074999999998
0
LINE
8
BLACK
6
CONTINUOUS
10
135.7088929999999891
20
-83.694074999999998
11
135.679442999999992
21
-83.6499999999999915
0
LINE
8
BLACK
6
CONTINUOUS
10
135.679442999999992
20
-83.6499999999999915
11
132.4005569999999921
21
-83.6499999999999915
0
LINE
8
BLACK
6
CONTINUOUS
10
132.4005569999999921
20
-83.6499999999999915
11
132.371106999999995
21
-83.694074999999998
0
LINE
8
BLACK
6
CONTINUOUS
10
132.371106999999995
20
-83.694074999999998
11
132.2740749999999821
21
-83.7911069999999967
0
LINE
8
BLACK
6
CONTINUOUS
10
132.2740749999999821
20
-83.7911069999999967
11
132.2299999999999898
21
-83.8205569999999938
0
LINE
8
BLACK
6
CONTINUOUS
10
132.2299999999999898
20
-83.8205569999999938
11
132.2299999999999898
21
-85.0967339999999979
0
LINE
8
BLACK
6
CONTINUOUS
10
132.2299999999999898
20
-85.0967339999999979
11
132.2265779999999893
21
-85.1489440000000002
0
LINE
8
BLACK
6
CONTINUOUS
10
132.2265779999999893
20
-85.1489440000000002
11
132.1995519999999829
21
-85.2498080000000016
0
LINE
8
BLACK
6
CONTINUOUS
10
132.1995519999999829
20
-85.2498080000000016
11
132.1473409999999831
21
-85.3402389999999968
0
LINE
8
BLACK
6
CONTINUOUS
10
132.1473409999999831
20
-85.3402389999999968
11
132.112842999999998
21
-85.3795760000000001
0
LINE
8
BLACK
6
CONTINUOUS
10
132.112842999999998
20
-85.3795760000000001
11
130.1899999999999977
21
-87.3024190000000004
0
LINE
8
BLACK
6
CONTINUOUS
10
130.1899999999999977
20
-87.3024190000000004
11
130.1899999999999977
21
-91.4943140000000028
0
LINE
8
BLACK
6
CONTINUOUS
10
130.1899999999999977
20
-91.4943140000000028
11
131.7056859999999858
21
-93.0099999999999909
0
LINE
8
BLACK
6
CONTINUOUS
10
131.7056859999999858
20
-93.0099999999999909
11
137.2669249999999863
21
-93.0099999999999909
0
LINE
8
BLACK
6
CONTINUOUS
10
137.2669249999999863
20
-93.0099999999999909
11
137.2737329999999929
21
-92.9890479999999968
0
LINE
8
BLACK
6
CONTINUOUS
10
137.2737329999999929
20
-92.9890479999999968
11
137.3520959999999889
21
-92.835251999999997
0
LINE
8
BLACK
6
CONTINUOUS
10
137.3520959999999889
20
-92.835251999999997
11
137.4535529999999994
21
-92.6956069999999954
0
LINE
8
BLACK
6
CONTINUOUS
10
137.4535529999999994
20
-92.6956069999999954
11
137.5756069999999909
21
-92.5735529999999898
0
LINE
8
BLACK
6
CONTINUOUS
10
137.5756069999999909
20
-92.5735529999999898
11
137.7152519999999924
21
-92.4720959999999934
0
LINE
8
BLACK
6
CONTINUOUS
10
137.7152519999999924
20
-92.4720959999999934
11
137.8690479999999923
21
-92.3937329999999974
0
LINE
8
BLACK
6
CONTINUOUS
10
137.8690479999999923
20
-92.3937329999999974
11
138.0332099999999969
21
-92.3403929999999917
0
LINE
8
BLACK
6
CONTINUOUS
10
138.0332099999999969
20
-92.3403929999999917
11
138.203694999999982
21
-92.3133909999999958
0
LINE
8
BLACK
6
CONTINUOUS
10
138.203694999999982
20
-92.3133909999999958
11
138.3763050000000021
21
-92.3133909999999958
0
LINE
8
BLACK
6
CONTINUOUS
10
138.3763050000000021
20
-92.3133909999999958
11
138.5467899999999872
21
-92.3403929999999917
0
LINE
8
BLACK
6
CONTINUOUS
10
138.5467899999999872
20
-92.3403929999999917
11
138.7109519999999918
21
-92.3937329999999974
0
LINE
8
BLACK
6
CONTINUOUS
10
138.7109519999999918
20
-92.3937329999999974
11
138.8647479999999916
21
-92.4720959999999934
0
LINE
8
BLACK
6
CONTINUOUS
10
138.8647479999999916
20
-92.4720959999999934
11
139.0043929999999932
21
-92.5735529999999898
0
LINE
8
BLACK
6
CONTINUOUS
10
139.0043929999999932
20
-92.5735529999999898
11
139.1264469999999847
21
-92.6956069999999954
0
LINE
8
BLACK
6
CONTINUOUS
10
139.1264469999999847
20
-92.6956069999999954
11
139.2279039999999952
21
-92.835251999999997
0
LINE
8
BLACK
6
CONTINUOUS
10
139.2279039999999952
20
-92.835251999999997
11
139.3062669999999912
21
-92.9890479999999968
0
LINE
8
BLACK
6
CONTINUOUS
10
139.3062669999999912
20
-92.9890479999999968
11
139.3596069999999827
21
-93.1532100000000014
0
LINE
8
BLACK
6
CONTINUOUS
10
139.3596069999999827
20
-93.1532100000000014
11
139.3866089999999929
21
-93.3236950000000007
0
LINE
8
BLACK
6
CONTINUOUS
10
139.3866089999999929
20
-93.3236950000000007
11
139.3866089999999929
21
-93.4963049999999924
0
LINE
8
BLACK
6
CONTINUOUS
10
139.3866089999999929
20
-93.4963049999999924
11
139.3596069999999827
21
-93.6667899999999918
0
LINE
8
BLACK
6
CONTINUOUS
10
139.3596069999999827
20
-93.6667899999999918
11
139.3062669999999912
21
-93.8309519999999964
0
LINE
8
BLACK
6
CONTINUOUS
10
139.3062669999999912
20
-93.8309519999999964
11
139.2279039999999952
21
-93.9847479999999962
0
LINE
8
BLACK
6
CONTINUOUS
10
139.2279039999999952
20
-93.9847479999999962
11
139.1264469999999847
21
-94.1243929999999978
0
LINE
8
BLACK
6
CONTINUOUS
10
139.1264469999999847
20
-94.1243929999999978
11
139.0043929999999932
21
-94.2464469999999892
0
LINE
8
BLACK
6
CONTINUOUS
10
139.0043929999999932
20
-94.2464469999999892
11
138.8647479999999916
21
-94.3479039999999998
0
LINE
8
BLACK
6
CONTINUOUS
10
138.8647479999999916
20
-94.3479039999999998
11
138.7109519999999918
21
-94.4262669999999957
0
LINE
8
BLACK
6
CONTINUOUS
10
138.7109519999999918
20
-94.4262669999999957
11
138.5467899999999872
21
-94.4796070000000014
0
LINE
8
BLACK
6
CONTINUOUS
10
138.5467899999999872
20
-94.4796070000000014
11
138.3763050000000021
21
-94.5066089999999974
0
LINE
8
BLACK
6
CONTINUOUS
10
138.3763050000000021
20
-94.5066089999999974
11
138.203694999999982
21
-94.5066089999999974
0
LINE
8
BLACK
6
CONTINUOUS
10
138.203694999999982
20
-94.5066089999999974
11
138.0332099999999969
21
-94.4796070000000014
0
LINE
8
BLACK
6
CONTINUOUS
10
138.0332099999999969
20
-94.4796070000000014
11
137.8690479999999923
21
-94.4262669999999957
0
LINE
8
BLACK
6
CONTINUOUS
10
137.8690479999999923
20
-94.4262669999999957
11
137.7152519999999924
21
-94.3479039999999998
0
LINE
8
BLACK
6
CONTINUOUS
10
137.7152519999999924
20
-94.3479039999999998
11
137.5756069999999909
21
-94.2464469999999892
0
LINE
8
BLACK
6
CONTINUOUS
10
137.5756069999999909
20
-94.2464469999999892
11
137.4535529999999994
21
-94.1243929999999978
0
LINE
8
BLACK
6
CONTINUOUS
10
137.4535529999999994
20
-94.1243929999999978
11
137.3520959999999889
21
-93.9847479999999962
0
LINE
8
BLACK
6
CONTINUOUS
10
137.3520959999999889
20
-93.9847479999999962
11
137.2737329999999929
21
-93.8309519999999964
0
LINE
8
BLACK
6
CONTINUOUS
10
137.2737329999999929
20
-93.8309519999999964
11
137.2669249999999863
21
-93.8100000000000023
0
LINE
8
BLACK
6
CONTINUOUS
10
137.2669249999999863
20
-93.8100000000000023
11
131.539999999999992
21
-93.8100000000000023
0
LINE
8
BLACK
6
CONTINUOUS
10
131.539999999999992
20
-93.8100000000000023
11
131.4877899999999897
21
-93.8065780000000018
0
LINE
8
BLACK
6
CONTINUOUS
10
131.4877899999999897
20
-93.8065780000000018
11
131.3869259999999883
21
-93.7795519999999954
0
LINE
8
BLACK
6
CONTINUOUS
10
131.3869259999999883
20
-93.7795519999999954
11
131.2964949999999931
21
-93.7273409999999956
0
LINE
8
BLACK
6
CONTINUOUS
10
131.2964949999999931
20
-93.7273409999999956
11
131.2571570000000065
21
-93.6928429999999963
0
LINE
8
BLACK
6
CONTINUOUS
10
131.2571570000000065
20
-93.6928429999999963
11
129.5071570000000065
21
-91.9428429999999963
0
LINE
8
BLACK
6
CONTINUOUS
10
129.5071570000000065
20
-91.9428429999999963
11
129.4726589999999931
21
-91.9035049999999956
0
LINE
8
BLACK
6
CONTINUOUS
10
129.4726589999999931
20
-91.9035049999999956
11
129.4204479999999933
21
-91.8130740000000003
0
LINE
8
BLACK
6
CONTINUOUS
10
129.4204479999999933
20
-91.8130740000000003
11
129.3934219999999868
21
-91.7122099999999989
0
LINE
8
BLACK
6
CONTINUOUS
10
129.3934219999999868
20
-91.7122099999999989
11
129.3899999999999864
21
-91.6599999999999966
0
LINE
8
BLACK
6
CONTINUOUS
10
129.3899999999999864
20
-91.6599999999999966
11
129.3899999999999864
21
-87.1367339999999899
0
LINE
8
BLACK
6
CONTINUOUS
10
129.3899999999999864
20
-87.1367339999999899
11
129.3934219999999868
21
-87.0845240000000018
0
LINE
8
BLACK
6
CONTINUOUS
10
129.3934219999999868
20
-87.0845240000000018
11
129.4007939999999905
21
-87.0570110000000028
0
LINE
8
BLACK
6
CONTINUOUS
10
129.4007939999999905
20
-87.0570110000000028
11
129.4204479999999933
21
-86.9836600000000004
0
LINE
8
BLACK
6
CONTINUOUS
10
129.4204479999999933
20
-86.9836600000000004
11
129.4726589999999931
21
-86.8932289999999909
0
LINE
8
BLACK
6
CONTINUOUS
10
129.4726589999999931
20
-86.8932289999999909
11
129.5071570000000065
21
-86.8538909999999902
0
LINE
8
BLACK
6
CONTINUOUS
10
129.5071570000000065
20
-86.8538909999999902
11
131.4300000000000068
21
-84.9310479999999899
0
LINE
8
BLACK
6
CONTINUOUS
10
131.4300000000000068
20
-84.9310479999999899
11
131.4300000000000068
21
-83.8205569999999938
0
LINE
8
BLACK
6
CONTINUOUS
10
131.4300000000000068
20
-83.8205569999999938
11
131.3859249999999861
21
-83.7911069999999967
0
LINE
8
BLACK
6
CONTINUOUS
10
131.3859249999999861
20
-83.7911069999999967
11
131.2888930000000016
21
-83.694074999999998
0
LINE
8
BLACK
6
CONTINUOUS
10
131.2888930000000016
20
-83.694074999999998
11
131.2126549999999838
21
-83.579977999999997
0
LINE
8
BLACK
6
CONTINUOUS
10
131.2126549999999838
20
-83.579977999999997
11
131.1601420000000076
21
-83.4531989999999979
0
LINE
8
BLACK
6
CONTINUOUS
10
131.1601420000000076
20
-83.4531989999999979
11
131.1333709999999826
21
-83.3186120000000017
0
LINE
8
BLACK
6
CONTINUOUS
10
131.1333709999999826
20
-83.3186120000000017
11
131.1333709999999826
21
-83.1813879999999983
0
LINE
8
BLACK
6
CONTINUOUS
10
131.1333709999999826
20
-83.1813879999999983
11
131.1601420000000076
21
-83.0468010000000021
0
LINE
8
BLACK
6
CONTINUOUS
10
131.1601420000000076
20
-83.0468010000000021
11
131.2126549999999838
21
-82.920022000000003
0
LINE
8
BLACK
6
CONTINUOUS
10
131.2126549999999838
20
-82.920022000000003
11
131.2888930000000016
21
-82.805925000000002
0
LINE
8
BLACK
6
CONTINUOUS
10
131.2888930000000016
20
-82.805925000000002
11
131.3859249999999861
21
-82.7088930000000033
0
LINE
8
BLACK
6
CONTINUOUS
10
131.3859249999999861
20
-82.7088930000000033
11
131.5000220000000013
21
-82.6326549999999997
0
LINE
8
BLACK
6
CONTINUOUS
10
131.5000220000000013
20
-82.6326549999999997
11
131.6268010000000004
21
-82.5801419999999951
0
LINE
8
BLACK
6
CONTINUOUS
10
131.6268010000000004
20
-82.5801419999999951
11
131.7613879999999824
21
-82.5533709999999985
0
LINE
8
BLACK
6
CONTINUOUS
10
131.7613879999999824
20
-82.5533709999999985
11
131.8986119999999858
21
-82.5533709999999985
0
LINE
8
BLACK
6
CONTINUOUS
10
131.8986119999999858
20
-82.5533709999999985
11
132.0331989999999962
21
-82.5801419999999951
0
LINE
8
BLACK
6
CONTINUOUS
10
140.2890979999999956
20
-88.926487999999992
11
140.3325499999999977
21
-88.9812029999999936
0
LINE
8
BLACK
6
CONTINUOUS
10
140.3325499999999977
20
-88.9812029999999936
11
140.3401259999999979
21
-89.0084389999999956
0
LINE
8
BLACK
6
CONTINUOUS
10
140.3401259999999979
20
-89.0084389999999956
11
140.3690589999999929
21
-89.191118000000003
0
LINE
8
BLACK
6
CONTINUOUS
10
140.3690589999999929
20
-89.191118000000003
11
140.4274539999999831
21
-89.3708359999999971
0
LINE
8
BLACK
6
CONTINUOUS
10
140.4274539999999831
20
-89.3708359999999971
11
140.4802829999999858
21
-89.4745169999999916
0
LINE
8
BLACK
6
CONTINUOUS
10
140.4802829999999858
20
-89.4745169999999916
11
140.5132399999999961
21
-89.5391989999999964
0
LINE
8
BLACK
6
CONTINUOUS
10
140.5132399999999961
20
-89.5391989999999964
11
140.6243099999999799
21
-89.692073999999991
0
LINE
8
BLACK
6
CONTINUOUS
10
140.6243099999999799
20
-89.692073999999991
11
142.7179270000000031
21
-91.7856900000000024
0
LINE
8
BLACK
6
CONTINUOUS
10
142.7179270000000031
20
-91.7856900000000024
11
142.8708010000000002
21
-91.8967600000000004
0
LINE
8
BLACK
6
CONTINUOUS
10
142.8708010000000002
20
-91.8967600000000004
11
142.9503469999999936
21
-91.9372899999999902
0
LINE
8
BLACK
6
CONTINUOUS
10
142.9503469999999936
20
-91.9372899999999902
11
143.0391630000000021
21
-91.9825450000000018
0
LINE
8
BLACK
6
CONTINUOUS
10
143.0391630000000021
20
-91.9825450000000018
11
143.039164999999997
21
-91.9825450000000018
0
LINE
8
BLACK
6
CONTINUOUS
10
143.039164999999997
20
-91.9825450000000018
11
143.0391679999999894
21
-91.9825469999999967
0
LINE
8
BLACK
6
CONTINUOUS
10
143.0391679999999894
20
-91.9825469999999967
11
143.1354969999999867
21
-92.0138460000000009
0
LINE
8
BLACK
6
CONTINUOUS
10
143.1354969999999867
20
-92.0138460000000009
11
143.2188809999999819
21
-92.040939999999992
0
LINE
8
BLACK
6
CONTINUOUS
10
143.2188809999999819
20
-92.040939999999992
11
143.4055139999999824
21
-92.0704999999999956
0
LINE
8
BLACK
6
CONTINUOUS
10
143.4055139999999824
20
-92.0704999999999956
11
143.4055189999999982
21
-92.0704999999999956
0
LINE
8
BLACK
6
CONTINUOUS
10
143.4055189999999982
20
-92.0704999999999956
11
143.5944819999999993
21
-92.0704999999999956
0
LINE
8
BLACK
6
CONTINUOUS
10
143.5944819999999993
20
-92.0704999999999956
11
147.3092790000000036
21
-92.0704999999999956
0
LINE
8
BLACK
6
CONTINUOUS
10
147.3092790000000036
20
-92.0704999999999956
11
147.3763179999999977
21
-92.0901849999999911
0
LINE
8
BLACK
6
CONTINUOUS
10
147.3763179999999977
20
-92.0901849999999911
11
147.4220729999999833
21
-92.142989
0
LINE
8
BLACK
6
CONTINUOUS
10
147.4220729999999833
20
-92.142989
11
147.4320170000000019
21
-92.2121470000000016
0
LINE
8
BLACK
6
CONTINUOUS
10
147.4320170000000019
20
-92.2121470000000016
11
147.4076550000000054
21
-92.2699859999999887
0
LINE
8
BLACK
6
CONTINUOUS
10
147.4076550000000054
20
-92.2699859999999887
11
147.2818129999999996
21
-92.4339870000000019
0
LINE
8
BLACK
6
CONTINUOUS
10
147.2818129999999996
20
-92.4339870000000019
11
147.2818069999999864
21
-92.4339959999999934
0
LINE
8
BLACK
6
CONTINUOUS
10
147.2818069999999864
20
-92.4339959999999934
11
147.166909000000004
21
-92.6330030000000022
0
LINE
8
BLACK
6
CONTINUOUS
10
147.166909000000004
20
-92.6330030000000022
11
147.1669069999999806
21
-92.6330069999999921
0
LINE
8
BLACK
6
CONTINUOUS
10
147.1669069999999806
20
-92.6330069999999921
11
147.0789729999999906
21
-92.8452979999999997
0
LINE
8
BLACK
6
CONTINUOUS
10
147.0789729999999906
20
-92.8452979999999997
11
147.0789699999999982
21
-92.8453080000000028
0
LINE
8
BLACK
6
CONTINUOUS
10
147.0789699999999982
20
-92.8453080000000028
11
147.0721399999999903
21
-92.8708000000000027
0
LINE
8
BLACK
6
CONTINUOUS
10
147.0721399999999903
20
-92.8708000000000027
11
147.0194950000000063
21
-93.0672739999999976
0
LINE
8
BLACK
6
CONTINUOUS
10
147.0194950000000063
20
-93.0672739999999976
11
146.9894999999999925
21
-93.2950939999999918
0
LINE
8
BLACK
6
CONTINUOUS
10
146.9894999999999925
20
-93.2950939999999918
11
146.9894999999999925
21
-93.5249049999999897
0
LINE
8
BLACK
6
CONTINUOUS
10
146.9894999999999925
20
-93.5249049999999897
11
147.0120249999999942
21
-93.6959849999999932
0
LINE
8
BLACK
6
CONTINUOUS
10
147.0120249999999942
20
-93.6959849999999932
11
147.0194950000000063
21
-93.752726999999993
0
LINE
8
BLACK
6
CONTINUOUS
10
147.0194950000000063
20
-93.752726999999993
11
147.075287000000003
21
-93.9609449999999953
0
LINE
8
BLACK
6
CONTINUOUS
10
147.075287000000003
20
-93.9609449999999953
11
147.0789699999999982
21
-93.9746909999999929
0
LINE
8
BLACK
6
CONTINUOUS
10
147.0789699999999982
20
-93.9746909999999929
11
147.0789729999999906
21
-93.974700999999996
0
LINE
8
BLACK
6
CONTINUOUS
10
147.0789729999999906
20
-93.974700999999996
11
147.1669069999999806
21
-94.1869919999999894
0
LINE
8
BLACK
6
CONTINUOUS
10
147.1669069999999806
20
-94.1869919999999894
11
147.1669119999999964
21
-94.18700299999999
0
LINE
8
BLACK
6
CONTINUOUS
10
147.1669119999999964
20
-94.18700299999999
11
147.2168519999999887
21
-94.2734999999999985
0
LINE
8
BLACK
6
CONTINUOUS
10
147.2168519999999887
20
-94.2734999999999985
11
147.2333249999999794
21
-94.341399999999993
0
LINE
8
BLACK
6
CONTINUOUS
10
147.2333249999999794
20
-94.341399999999993
11
147.2104730000000075
21
-94.4074269999999984
0
LINE
8
BLACK
6
CONTINUOUS
10
147.2104730000000075
20
-94.4074269999999984
11
147.1555520000000001
21
-94.4506169999999941
0
LINE
8
BLACK
6
CONTINUOUS
10
147.1555520000000001
20
-94.4506169999999941
11
147.1094650000000001
21
-94.4594999999999914
0
LINE
8
BLACK
6
CONTINUOUS
10
147.1094650000000001
20
-94.4594999999999914
11
145.0861260000000073
21
-94.4594999999999914
0
LINE
8
BLACK
6
CONTINUOUS
10
145.0861260000000073
20
-94.4594999999999914
11
145.0190869999999848
21
-94.4398149999999958
0
LINE
8
BLACK
6
CONTINUOUS
10
145.0190869999999848
20
-94.4398149999999958
11
144.9984450000000038
21
-94.4231809999999996
0
LINE
8
BLACK
6
CONTINUOUS
10
144.9984450000000038
20
-94.4231809999999996
11
140.5295759999999916
21
-89.9543120000000016
0
LINE
8
BLACK
6
CONTINUOUS
10
140.5295759999999916
20
-89.9543120000000016
11
140.5295739999999967
21
-89.9543099999999924
0
LINE
8
BLACK
6
CONTINUOUS
10
140.5295739999999967
20
-89.9543099999999924
11
140.3766990000000021
21
-89.8432399999999944
0
LINE
8
BLACK
6
CONTINUOUS
10
140.3766990000000021
20
-89.8432399999999944
11
140.3596789999999999
21
-89.8345679999999902
0
LINE
8
BLACK
6
CONTINUOUS
10
140.3596789999999999
20
-89.8345679999999902
11
140.2083360000000027
21
-89.7574539999999956
0
LINE
8
BLACK
6
CONTINUOUS
10
140.2083360000000027
20
-89.7574539999999956
11
140.0286179999999945
21
-89.6990589999999912
0
LINE
8
BLACK
6
CONTINUOUS
10
140.0286179999999945
20
-89.6990589999999912
11
139.8419859999999915
21
-89.6694999999999993
0
LINE
8
BLACK
6
CONTINUOUS
10
139.8419859999999915
20
-89.6694999999999993
11
139.8419810000000041
21
-89.6694999999999993
0
LINE
8
BLACK
6
CONTINUOUS
10
139.8419810000000041
20
-89.6694999999999993
11
139.8318889999999897
21
-89.6694999999999993
0
LINE
8
BLACK
6
CONTINUOUS
10
139.8318889999999897
20
-89.6694999999999993
11
139.7648499999999956
21
-89.6498149999999896
0
LINE
8
BLACK
6
CONTINUOUS
10
139.7648499999999956
20
-89.6498149999999896
11
139.7190949999999816
21
-89.5970109999999949
0
LINE
8
BLACK
6
CONTINUOUS
10
139.7190949999999816
20
-89.5970109999999949
11
139.7091509999999914
21
-89.5278529999999932
0
LINE
8
BLACK
6
CONTINUOUS
10
139.7091509999999914
20
-89.5278529999999932
11
139.7381759999999815
21
-89.464297000000002
0
LINE
8
BLACK
6
CONTINUOUS
10
139.7381759999999815
20
-89.464297000000002
11
139.7442079999999862
21
-89.4578190000000006
0
LINE
8
BLACK
6
CONTINUOUS
10
139.7442079999999862
20
-89.4578190000000006
11
139.8945170000000076
21
-89.3075099999999935
0
LINE
8
BLACK
6
CONTINUOUS
10
139.8945170000000076
20
-89.3075099999999935
11
140.0333430000000021
21
-89.1164330000000007
0
LINE
8
BLACK
6
CONTINUOUS
10
140.0333430000000021
20
-89.1164330000000007
11
140.107168999999999
21
-88.9715399999999903
0
LINE
8
BLACK
6
CONTINUOUS
10
140.107168999999999
20
-88.9715399999999903
11
140.1551419999999837
21
-88.9207459999999941
0
LINE
8
BLACK
6
CONTINUOUS
10
140.1551419999999837
20
-88.9207459999999941
11
140.2229629999999929
21
-88.9039509999999922
0
LINE
8
BLACK
6
CONTINUOUS
10
140.2229629999999929
20
-88.9039509999999922
11
140.2890979999999956
21
-88.926487999999992
0
LINE
8
BLACK
6
CONTINUOUS
10
144.2199999999999989
20
-77.2599999999999909
11
146.539999999999992
21
-77.2599999999999909
0
LINE
8
BLACK
6
CONTINUOUS
10
146.539999999999992
20
-77.2599999999999909
11
146.5922099999999944
21
-77.2634219999999914
0
LINE
8
BLACK
6
CONTINUOUS
10
146.5922099999999944
20
-77.2634219999999914
11
146.6930739999999957
21
-77.2904479999999978
0
LINE
8
BLACK
6
CONTINUOUS
10
146.6930739999999957
20
-77.2904479999999978
11
146.783504999999991
21
-77.3426589999999976
0
LINE
8
BLACK
6
CONTINUOUS
10
146.783504999999991
20
-77.3426589999999976
11
146.822843000000006
21
-77.3771569999999969
0
LINE
8
BLACK
6
CONTINUOUS
10
146.822843000000006
20
-77.3771569999999969
11
149.072843000000006
21
-79.6271579999999943
0
LINE
8
BLACK
6
CONTINUOUS
10
149.072843000000006
20
-79.6271579999999943
11
149.107340999999991
21
-79.6664949999999976
0
LINE
8
BLACK
6
CONTINUOUS
10
149.107340999999991
20
-79.6664949999999976
11
149.1595519999999908
21
-79.7569269999999904
0
LINE
8
BLACK
6
CONTINUOUS
10
149.1595519999999908
20
-79.7569269999999904
11
149.1865779999999972
21
-79.8577899999999943
0
LINE
8
BLACK
6
CONTINUOUS
10
149.1865779999999972
20
-79.8577899999999943
11
149.1899999999999977
21
-79.9099999999999966
0
LINE
8
BLACK
6
CONTINUOUS
10
149.1899999999999977
20
-79.9099999999999966
11
149.1899999999999977
21
-83.6599999999999966
0
LINE
8
BLACK
6
CONTINUOUS
10
149.1899999999999977
20
-83.6599999999999966
11
149.1865779999999972
21
-83.7122099999999989
0
LINE
8
BLACK
6
CONTINUOUS
10
149.1865779999999972
20
-83.7122099999999989
11
149.1595519999999908
21
-83.8130730000000028
0
LINE
8
BLACK
6
CONTINUOUS
10
149.1595519999999908
20
-83.8130730000000028
11
149.1595509999999933
21
-83.8130740000000003
0
LINE
8
BLACK
6
CONTINUOUS
10
149.1595509999999933
20
-83.8130740000000003
11
149.107340999999991
21
-83.9035049999999956
0
LINE
8
BLACK
6
CONTINUOUS
10
149.107340999999991
20
-83.9035049999999956
11
149.0728419999999801
21
-83.9428429999999963
0
LINE
8
BLACK
6
CONTINUOUS
10
149.0728419999999801
20
-83.9428429999999963
11
147.572843000000006
21
-85.4428429999999963
0
LINE
8
BLACK
6
CONTINUOUS
10
147.572843000000006
20
-85.4428429999999963
11
147.533504999999991
21
-85.4773409999999956
0
LINE
8
BLACK
6
CONTINUOUS
10
147.533504999999991
20
-85.4773409999999956
11
147.4430739999999957
21
-85.5295519999999954
0
LINE
8
BLACK
6
CONTINUOUS
10
147.4430739999999957
20
-85.5295519999999954
11
147.3422099999999944
21
-85.5565780000000018
0
LINE
8
BLACK
6
CONTINUOUS
10
147.3422099999999944
20
-85.5565780000000018
11
147.289999999999992
21
-85.5600000000000023
0
LINE
8
BLACK
6
CONTINUOUS
10
147.289999999999992
20
-85.5600000000000023
11
143.7556859999999972
21
-85.5600000000000023
0
LINE
8
BLACK
6
CONTINUOUS
10
143.7556859999999972
20
-85.5600000000000023
11
141.9399999999999977
21
-87.3756860000000017
0
LINE
8
BLACK
6
CONTINUOUS
10
141.9399999999999977
20
-87.3756860000000017
11
141.9399999999999977
21
-88.7443140000000028
0
LINE
8
BLACK
6
CONTINUOUS
10
141.9399999999999977
20
-88.7443140000000028
11
143.6656849999999963
21
-90.4699999999999989
0
LINE
8
BLACK
6
CONTINUOUS
10
143.6656849999999963
20
-90.4699999999999989
11
147.8821709999999996
21
-90.4699999999999989
0
LINE
8
BLACK
6
CONTINUOUS
10
147.8821709999999996
20
-90.4699999999999989
11
147.9024699999999939
21
-90.4209949999999907
0
LINE
8
BLACK
6
CONTINUOUS
10
147.9024699999999939
20
-90.4209949999999907
11
148.0062079999999867
21
-90.2657399999999939
0
LINE
8
BLACK
6
CONTINUOUS
10
148.0062079999999867
20
-90.2657399999999939
11
148.1382399999999961
21
-90.1337079999999986
0
LINE
8
BLACK
6
CONTINUOUS
10
148.1382399999999961
20
-90.1337079999999986
11
148.2934950000000072
21
-90.0299699999999916
0
LINE
8
BLACK
6
CONTINUOUS
10
148.2934950000000072
20
-90.0299699999999916
11
148.4660039999999981
21
-89.9585139999999939
0
LINE
8
BLACK
6
CONTINUOUS
10
148.4660039999999981
20
-89.9585139999999939
11
148.649138999999991
21
-89.9220869999999906
0
LINE
8
BLACK
6
CONTINUOUS
10
148.649138999999991
20
-89.9220869999999906
11
148.7425000000000068
21
-89.9174999999999898
0
LINE
8
BLACK
6
CONTINUOUS
10
148.7425000000000068
20
-89.9174999999999898
11
148.8375000000000057
21
-89.9174999999999898
0
LINE
8
BLACK
6
CONTINUOUS
10
148.8375000000000057
20
-89.9174999999999898
11
148.9308609999999931
21
-89.9220869999999906
0
LINE
8
BLACK
6
CONTINUOUS
10
148.9308609999999931
20
-89.9220869999999906
11
149.113995999999986
21
-89.9585139999999939
0
LINE
8
BLACK
6
CONTINUOUS
10
149.113995999999986
20
-89.9585139999999939
11
149.2865050000000053
21
-90.0299699999999916
0
LINE
8
BLACK
6
CONTINUOUS
10
149.2865050000000053
20
-90.0299699999999916
11
149.4417599999999879
21
-90.1337079999999986
0
LINE
8
BLACK
6
CONTINUOUS
10
149.4417599999999879
20
-90.1337079999999986
11
149.5737919999999974
21
-90.2657399999999939
0
LINE
8
BLACK
6
CONTINUOUS
10
149.5737919999999974
20
-90.2657399999999939
11
149.6775299999999902
21
-90.4209949999999907
0
LINE
8
BLACK
6
CONTINUOUS
10
149.6775299999999902
20
-90.4209949999999907
11
149.7489860000000022
21
-90.5935039999999958
0
LINE
8
BLACK
6
CONTINUOUS
10
149.7489860000000022
20
-90.5935039999999958
11
149.7854130000000055
21
-90.776639000000003
0
LINE
8
BLACK
6
CONTINUOUS
10
149.7854130000000055
20
-90.776639000000003
11
149.7854130000000055
21
-90.9633609999999919
0
LINE
8
BLACK
6
CONTINUOUS
10
149.7854130000000055
20
-90.9633609999999919
11
149.7489860000000022
21
-91.1464959999999991
0
LINE
8
BLACK
6
CONTINUOUS
10
149.7489860000000022
20
-91.1464959999999991
11
149.6775299999999902
21
-91.31900499999999
0
LINE
8
BLACK
6
CONTINUOUS
10
149.6775299999999902
20
-91.31900499999999
11
149.5737919999999974
21
-91.474260000000001
0
LINE
8
BLACK
6
CONTINUOUS
10
149.5737919999999974
20
-91.474260000000001
11
149.4417599999999879
21
-91.6062919999999963
0
LINE
8
BLACK
6
CONTINUOUS
10
149.4417599999999879
20
-91.6062919999999963
11
149.2865050000000053
21
-91.7100299999999891
0
LINE
8
BLACK
6
CONTINUOUS
10
149.2865050000000053
20
-91.7100299999999891
11
149.113995999999986
21
-91.781486000000001
0
LINE
8
BLACK
6
CONTINUOUS
10
149.113995999999986
20
-91.781486000000001
11
148.9308609999999931
21
-91.8179129999999901
0
LINE
8
BLACK
6
CONTINUOUS
10
148.9308609999999931
20
-91.8179129999999901
11
148.8375000000000057
21
-91.8224999999999909
0
LINE
8
BLACK
6
CONTINUOUS
10
148.8375000000000057
20
-91.8224999999999909
11
148.7425000000000068
21
-91.8224999999999909
0
LINE
8
BLACK
6
CONTINUOUS
10
148.7425000000000068
20
-91.8224999999999909
11
148.649138999999991
21
-91.8179129999999901
0
LINE
8
BLACK
6
CONTINUOUS
10
148.649138999999991
20
-91.8179129999999901
11
148.4660039999999981
21
-91.781486000000001
0
LINE
8
BLACK
6
CONTINUOUS
10
148.4660039999999981
20
-91.781486000000001
11
148.2934950000000072
21
-91.7100299999999891
0
LINE
8
BLACK
6
CONTINUOUS
10
148.2934950000000072
20
-91.7100299999999891
11
148.1382399999999961
21
-91.6062919999999963
0
LINE
8
BLACK
6
CONTINUOUS
10
148.1382399999999961
20
-91.6062919999999963
11
148.0062079999999867
21
-91.474260000000001
0
LINE
8
BLACK
6
CONTINUOUS
10
148.0062079999999867
20
-91.474260000000001
11
147.9024699999999939
21
-91.31900499999999
0
LINE
8
BLACK
6
CONTINUOUS
10
147.9024699999999939
20
-91.31900499999999
11
147.8821709999999996
21
-91.269999999999996
0
LINE
8
BLACK
6
CONTINUOUS
10
147.8821709999999996
20
-91.269999999999996
11
143.5
21
-91.269999999999996
0
LINE
8
BLACK
6
CONTINUOUS
10
143.5
20
-91.269999999999996
11
143.4477899999999977
21
-91.2665779999999955
0
LINE
8
BLACK
6
CONTINUOUS
10
143.4477899999999977
20
-91.2665779999999955
11
143.3469269999999938
21
-91.2395519999999891
0
LINE
8
BLACK
6
CONTINUOUS
10
143.3469269999999938
20
-91.2395519999999891
11
143.256495000000001
21
-91.1873409999999893
0
LINE
8
BLACK
6
CONTINUOUS
10
143.256495000000001
20
-91.1873409999999893
11
143.2171579999999835
21
-91.1528429999999901
0
LINE
8
BLACK
6
CONTINUOUS
10
143.2171579999999835
20
-91.1528429999999901
11
141.2571570000000065
21
-89.1928429999999963
0
LINE
8
BLACK
6
CONTINUOUS
10
141.2571570000000065
20
-89.1928429999999963
11
141.2226589999999931
21
-89.1535049999999956
0
LINE
8
BLACK
6
CONTINUOUS
10
141.2226589999999931
20
-89.1535049999999956
11
141.1704479999999933
21
-89.0630740000000003
0
LINE
8
BLACK
6
CONTINUOUS
10
141.1704479999999933
20
-89.0630740000000003
11
141.1434219999999868
21
-88.9622099999999989
0
LINE
8
BLACK
6
CONTINUOUS
10
141.1434219999999868
20
-88.9622099999999989
11
141.1399999999999864
21
-88.9099999999999966
0
LINE
8
BLACK
6
CONTINUOUS
10
141.1399999999999864
20
-88.9099999999999966
11
141.1399999999999864
21
-87.2099999999999937
0
LINE
8
BLACK
6
CONTINUOUS
10
141.1399999999999864
20
-87.2099999999999937
11
141.1434219999999868
21
-87.1577899999999914
0
LINE
8
BLACK
6
CONTINUOUS
10
141.1434219999999868
20
-87.1577899999999914
11
141.1580409999999972
21
-87.1032309999999939
0
LINE
8
BLACK
6
CONTINUOUS
10
141.1580409999999972
20
-87.1032309999999939
11
141.1704479999999933
21
-87.05692599999999
0
LINE
8
BLACK
6
CONTINUOUS
10
141.1704479999999933
20
-87.05692599999999
11
141.2226589999999931
21
-86.9664949999999948
0
LINE
8
BLACK
6
CONTINUOUS
10
141.2226589999999931
20
-86.9664949999999948
11
141.2571570000000065
21
-86.927156999999994
0
LINE
8
BLACK
6
CONTINUOUS
10
141.2571570000000065
20
-86.927156999999994
11
143.3071569999999895
21
-84.8771569999999969
0
LINE
8
BLACK
6
CONTINUOUS
10
143.3071569999999895
20
-84.8771569999999969
11
143.3464950000000044
21
-84.8426589999999976
0
LINE
8
BLACK
6
CONTINUOUS
10
143.3464950000000044
20
-84.8426589999999976
11
143.4369259999999997
21
-84.7904479999999978
0
LINE
8
BLACK
6
CONTINUOUS
10
143.4369259999999997
20
-84.7904479999999978
11
143.5377900000000011
21
-84.7634219999999914
0
LINE
8
BLACK
6
CONTINUOUS
10
143.5377900000000011
20
-84.7634219999999914
11
143.5900000000000034
21
-84.7599999999999909
0
LINE
8
BLACK
6
CONTINUOUS
10
143.5900000000000034
20
-84.7599999999999909
11
147.1243139999999983
21
-84.7599999999999909
0
LINE
8
BLACK
6
CONTINUOUS
10
147.1243139999999983
20
-84.7599999999999909
11
148.3899999999999864
21
-83.4943140000000028
0
LINE
8
BLACK
6
CONTINUOUS
10
148.3899999999999864
20
-83.4943140000000028
11
148.3899999999999864
21
-80.0756849999999929
0
LINE
8
BLACK
6
CONTINUOUS
10
148.3899999999999864
20
-80.0756849999999929
11
146.3743139999999983
21
-78.0600000000000023
0
LINE
8
BLACK
6
CONTINUOUS
10
146.3743139999999983
20
-78.0600000000000023
11
144.2199999999999989
21
-78.0600000000000023
0
LINE
8
BLACK
6
CONTINUOUS
10
144.2199999999999989
20
-78.0600000000000023
11
144.2199999999999989
21
-78.5099999999999909
0
LINE
8
BLACK
6
CONTINUOUS
10
144.2199999999999989
20
-78.5099999999999909
11
142.5199999999999818
21
-78.5099999999999909
0
LINE
8
BLACK
6
CONTINUOUS
10
142.5199999999999818
20
-78.5099999999999909
11
142.5199999999999818
21
-76.8100000000000023
0
LINE
8
BLACK
6
CONTINUOUS
10
142.5199999999999818
20
-76.8100000000000023
11
144.2199999999999989
21
-76.8100000000000023
0
LINE
8
BLACK
6
CONTINUOUS
10
144.2199999999999989
20
-76.8100000000000023
11
144.2199999999999989
21
-77.2599999999999909
0
LINE
8
BLACK
6
CONTINUOUS
10
143.3164960000000008
20
-81.0010139999999978
11
143.4890049999999917
21
-81.0724699999999956
0
LINE
8
BLACK
6
CONTINUOUS
10
143.4890049999999917
20
-81.0724699999999956
11
143.6442600000000027
21
-81.1762080000000026
0
LINE
8
BLACK
6
CONTINUOUS
10
143.6442600000000027
20
-81.1762080000000026
11
143.7762919999999838
21
-81.3082399999999978
0
LINE
8
BLACK
6
CONTINUOUS
10
143.7762919999999838
20
-81.3082399999999978
11
143.880030000000005
21
-81.4634949999999947
0
LINE
8
BLACK
6
CONTINUOUS
10
143.880030000000005
20
-81.4634949999999947
11
143.9514859999999885
21
-81.6360039999999998
0
LINE
8
BLACK
6
CONTINUOUS
10
143.9514859999999885
20
-81.6360039999999998
11
143.9879129999999918
21
-81.8191389999999927
0
LINE
8
BLACK
6
CONTINUOUS
10
143.9879129999999918
20
-81.8191389999999927
11
143.9925000000000068
21
-81.9124999999999943
0
LINE
8
BLACK
6
CONTINUOUS
10
143.9925000000000068
20
-81.9124999999999943
11
143.9925000000000068
21
-82.0074999999999932
0
LINE
8
BLACK
6
CONTINUOUS
10
143.9925000000000068
20
-82.0074999999999932
11
143.9879129999999918
21
-82.1008609999999948
0
LINE
8
BLACK
6
CONTINUOUS
10
143.9879129999999918
20
-82.1008609999999948
11
143.9514859999999885
21
-82.2839960000000019
0
LINE
8
BLACK
6
CONTINUOUS
10
143.9514859999999885
20
-82.2839960000000019
11
143.880030000000005
21
-82.4565049999999928
0
LINE
8
BLACK
6
CONTINUOUS
10
143.880030000000005
20
-82.4565049999999928
11
143.7762919999999838
21
-82.6117599999999896
0
LINE
8
BLACK
6
CONTINUOUS
10
143.7762919999999838
20
-82.6117599999999896
11
143.6442600000000027
21
-82.7437919999999991
0
LINE
8
BLACK
6
CONTINUOUS
10
143.6442600000000027
20
-82.7437919999999991
11
143.4890049999999917
21
-82.8475299999999919
0
LINE
8
BLACK
6
CONTINUOUS
10
143.4890049999999917
20
-82.8475299999999919
11
143.4399999999999977
21
-82.8678280000000029
0
LINE
8
BLACK
6
CONTINUOUS
10
143.4399999999999977
20
-82.8678280000000029
11
143.4399999999999977
21
-83.2099999999999937
0
LINE
8
BLACK
6
CONTINUOUS
10
143.4399999999999977
20
-83.2099999999999937
11
143.4365779999999972
21
-83.2622099999999961
0
LINE
8
BLACK
6
CONTINUOUS
10
143.4365779999999972
20
-83.2622099999999961
11
143.4095519999999908
21
-83.3630739999999975
0
LINE
8
BLACK
6
CONTINUOUS
10
143.4095519999999908
20
-83.3630739999999975
11
143.357340999999991
21
-83.4535049999999927
0
LINE
8
BLACK
6
CONTINUOUS
10
143.357340999999991
20
-83.4535049999999927
11
143.322843000000006
21
-83.4928429999999935
0
LINE
8
BLACK
6
CONTINUOUS
10
143.322843000000006
20
-83.4928429999999935
11
139.1500000000000057
21
-87.6656859999999938
0
LINE
8
BLACK
6
CONTINUOUS
10
139.1500000000000057
20
-87.6656859999999938
11
139.1500000000000057
21
-87.7594419999999928
0
LINE
8
BLACK
6
CONTINUOUS
10
139.1500000000000057
20
-87.7594419999999928
11
139.194074999999998
21
-87.7888930000000016
0
LINE
8
BLACK
6
CONTINUOUS
10
139.194074999999998
20
-87.7888930000000016
11
139.2911069999999825
21
-87.8859250000000003
0
LINE
8
BLACK
6
CONTINUOUS
10
139.2911069999999825
20
-87.8859250000000003
11
139.3673450000000003
21
-88.0000220000000013
0
LINE
8
BLACK
6
CONTINUOUS
10
139.3673450000000003
20
-88.0000220000000013
11
139.4198580000000049
21
-88.1268010000000004
0
LINE
8
BLACK
6
CONTINUOUS
10
139.4198580000000049
20
-88.1268010000000004
11
139.4466290000000015
21
-88.2613879999999966
0
LINE
8
BLACK
6
CONTINUOUS
10
139.4466290000000015
20
-88.2613879999999966
11
139.4466290000000015
21
-88.398612
0
LINE
8
BLACK
6
CONTINUOUS
10
139.4466290000000015
20
-88.398612
11
139.4198580000000049
21
-88.5331989999999962
0
LINE
8
BLACK
6
CONTINUOUS
10
139.4198580000000049
20
-88.5331989999999962
11
139.3673450000000003
21
-88.6599779999999953
0
LINE
8
BLACK
6
CONTINUOUS
10
139.3673450000000003
20
-88.6599779999999953
11
139.2911069999999825
21
-88.7740749999999963
0
LINE
8
BLACK
6
CONTINUOUS
10
139.2911069999999825
20
-88.7740749999999963
11
139.194074999999998
21
-88.871106999999995
0
LINE
8
BLACK
6
CONTINUOUS
10
139.194074999999998
20
-88.871106999999995
11
139.0799779999999828
21
-88.9473449999999985
0
LINE
8
BLACK
6
CONTINUOUS
10
139.0799779999999828
20
-88.9473449999999985
11
138.9531989999999837
21
-88.999857999999989
0
LINE
8
BLACK
6
CONTINUOUS
10
138.9531989999999837
20
-88.999857999999989
11
138.8186120000000017
21
-89.0266289999999998
0
LINE
8
BLACK
6
CONTINUOUS
10
138.8186120000000017
20
-89.0266289999999998
11
138.6813879999999983
21
-89.0266289999999998
0
LINE
8
BLACK
6
CONTINUOUS
10
138.6813879999999983
20
-89.0266289999999998
11
138.5468009999999879
21
-88.999857999999989
0
LINE
8
BLACK
6
CONTINUOUS
10
138.5468009999999879
20
-88.999857999999989
11
138.4200219999999888
21
-88.9473449999999985
0
LINE
8
BLACK
6
CONTINUOUS
10
138.4200219999999888
20
-88.9473449999999985
11
138.305925000000002
21
-88.871106999999995
0
LINE
8
BLACK
6
CONTINUOUS
10
138.305925000000002
20
-88.871106999999995
11
138.2088929999999891
21
-88.7740749999999963
0
LINE
8
BLACK
6
CONTINUOUS
10
138.2088929999999891
20
-88.7740749999999963
11
138.179442999999992
21
-88.7299999999999898
0
LINE
8
BLACK
6
CONTINUOUS
10
138.179442999999992
20
-88.7299999999999898
11
136.820557000000008
21
-88.7299999999999898
0
LINE
8
BLACK
6
CONTINUOUS
10
136.820557000000008
20
-88.7299999999999898
11
136.7911069999999825
21
-88.7740749999999963
0
LINE
8
BLACK
6
CONTINUOUS
10
136.7911069999999825
20
-88.7740749999999963
11
136.694074999999998
21
-88.871106999999995
0
LINE
8
BLACK
6
CONTINUOUS
10
136.694074999999998
20
-88.871106999999995
11
136.5799779999999828
21
-88.9473449999999985
0
LINE
8
BLACK
6
CONTINUOUS
10
136.5799779999999828
20
-88.9473449999999985
11
136.4531989999999837
21
-88.999857999999989
0
LINE
8
BLACK
6
CONTINUOUS
10
136.4531989999999837
20
-88.999857999999989
11
136.3186120000000017
21
-89.0266289999999998
0
LINE
8
BLACK
6
CONTINUOUS
10
136.3186120000000017
20
-89.0266289999999998
11
136.1813879999999983
21
-89.0266289999999998
0
LINE
8
BLACK
6
CONTINUOUS
10
136.1813879999999983
20
-89.0266289999999998
11
136.0468009999999879
21
-88.999857999999989
0
LINE
8
BLACK
6
CONTINUOUS
10
136.0468009999999879
20
-88.999857999999989
11
135.9200219999999888
21
-88.9473449999999985
0
LINE
8
BLACK
6
CONTINUOUS
10
135.9200219999999888
20
-88.9473449999999985
11
135.805925000000002
21
-88.871106999999995
0
LINE
8
BLACK
6
CONTINUOUS
10
135.805925000000002
20
-88.871106999999995
11
135.7088929999999891
21
-88.7740749999999963
0
LINE
8
BLACK
6
CONTINUOUS
10
135.7088929999999891
20
-88.7740749999999963
11
135.679442999999992
21
-88.7299999999999898
0
LINE
8
BLACK
6
CONTINUOUS
10
135.679442999999992
20
-88.7299999999999898
11
132.8899999999999864
21
-88.7299999999999898
0
LINE
8
BLACK
6
CONTINUOUS
10
132.8899999999999864
20
-88.7299999999999898
11
132.8899999999999864
21
-89.1800009999999901
0
LINE
8
BLACK
6
CONTINUOUS
10
132.8899999999999864
20
-89.1800009999999901
11
132.8709699999999998
21
-89.2756710000000027
0
LINE
8
BLACK
6
CONTINUOUS
10
132.8709699999999998
20
-89.2756710000000027
11
132.8167770000000019
21
-89.3567769999999939
0
LINE
8
BLACK
6
CONTINUOUS
10
132.8167770000000019
20
-89.3567769999999939
11
132.7356709999999964
21
-89.4109699999999918
0
LINE
8
BLACK
6
CONTINUOUS
10
132.7356709999999964
20
-89.4109699999999918
11
132.6399999999999864
21
-89.4299989999999951
0
LINE
8
BLACK
6
CONTINUOUS
10
132.6399999999999864
20
-89.4299989999999951
11
130.9399990000000003
21
-89.4299999999999926
0
LINE
8
BLACK
6
CONTINUOUS
10
130.9399990000000003
20
-89.4299999999999926
11
130.8443289999999877
21
-89.4109699999999918
0
LINE
8
BLACK
6
CONTINUOUS
10
130.8443289999999877
20
-89.4109699999999918
11
130.7632229999999822
21
-89.3567769999999939
0
LINE
8
BLACK
6
CONTINUOUS
10
130.7632229999999822
20
-89.3567769999999939
11
130.7090299999999843
21
-89.2756710000000027
0
LINE
8
BLACK
6
CONTINUOUS
10
130.7090299999999843
20
-89.2756710000000027
11
130.6900009999999952
21
-89.1799999999999926
0
LINE
8
BLACK
6
CONTINUOUS
10
130.6900009999999952
20
-89.1799999999999926
11
130.6899999999999977
21
-87.4799989999999923
0
LINE
8
BLACK
6
CONTINUOUS
10
130.6899999999999977
20
-87.4799989999999923
11
130.7090299999999843
21
-87.3843289999999939
0
LINE
8
BLACK
6
CONTINUOUS
10
130.7090299999999843
20
-87.3843289999999939
11
130.7632229999999822
21
-87.3032230000000027
0
LINE
8
BLACK
6
CONTINUOUS
10
130.7632229999999822
20
-87.3032230000000027
11
130.8443289999999877
21
-87.2490299999999905
0
LINE
8
BLACK
6
CONTINUOUS
10
130.8443289999999877
20
-87.2490299999999905
11
130.9399999999999977
21
-87.2300010000000015
0
LINE
8
BLACK
6
CONTINUOUS
10
130.9399999999999977
20
-87.2300010000000015
11
132.6400009999999838
21
-87.2299999999999898
0
LINE
8
BLACK
6
CONTINUOUS
10
132.6400009999999838
20
-87.2299999999999898
11
132.7356709999999964
21
-87.2490299999999905
0
LINE
8
BLACK
6
CONTINUOUS
10
132.7356709999999964
20
-87.2490299999999905
11
132.8167770000000019
21
-87.3032230000000027
0
LINE
8
BLACK
6
CONTINUOUS
10
132.8167770000000019
20
-87.3032230000000027
11
132.8709699999999998
21
-87.3843289999999939
0
LINE
8
BLACK
6
CONTINUOUS
10
132.8709699999999998
20
-87.3843289999999939
11
132.8899989999999889
21
-87.4799999999999898
0
LINE
8
BLACK
6
CONTINUOUS
10
132.8899989999999889
20
-87.4799999999999898
11
132.8899989999999889
21
-87.9299999999999926
0
LINE
8
BLACK
6
CONTINUOUS
10
132.8899989999999889
20
-87.9299999999999926
11
135.679442999999992
21
-87.9299999999999926
0
LINE
8
BLACK
6
CONTINUOUS
10
135.679442999999992
20
-87.9299999999999926
11
135.7088929999999891
21
-87.8859250000000003
0
LINE
8
BLACK
6
CONTINUOUS
10
135.7088929999999891
20
-87.8859250000000003
11
135.805925000000002
21
-87.7888930000000016
0
LINE
8
BLACK
6
CONTINUOUS
10
135.805925000000002
20
-87.7888930000000016
11
135.9200219999999888
21
-87.712654999999998
0
LINE
8
BLACK
6
CONTINUOUS
10
135.9200219999999888
20
-87.712654999999998
11
136.0468009999999879
21
-87.6601419999999933
0
LINE
8
BLACK
6
CONTINUOUS
10
136.0468009999999879
20
-87.6601419999999933
11
136.1813879999999983
21
-87.6333709999999968
0
LINE
8
BLACK
6
CONTINUOUS
10
136.1813879999999983
20
-87.6333709999999968
11
136.3186120000000017
21
-87.6333709999999968
0
LINE
8
BLACK
6
CONTINUOUS
10
136.3186120000000017
20
-87.6333709999999968
11
136.4531989999999837
21
-87.6601419999999933
0
LINE
8
BLACK
6
CONTINUOUS
10
136.4531989999999837
20
-87.6601419999999933
11
136.5799779999999828
21
-87.712654999999998
0
LINE
8
BLACK
6
CONTINUOUS
10
136.5799779999999828
20
-87.712654999999998
11
136.694074999999998
21
-87.7888930000000016
0
LINE
8
BLACK
6
CONTINUOUS
10
136.694074999999998
20
-87.7888930000000016
11
136.7911069999999825
21
-87.8859250000000003
0
LINE
8
BLACK
6
CONTINUOUS
10
136.7911069999999825
20
-87.8859250000000003
11
136.820557000000008
21
-87.9299999999999926
0
LINE
8
BLACK
6
CONTINUOUS
10
136.820557000000008
20
-87.9299999999999926
11
138.179442999999992
21
-87.9299999999999926
0
LINE
8
BLACK
6
CONTINUOUS
10
138.179442999999992
20
-87.9299999999999926
11
138.2088929999999891
21
-87.8859250000000003
0
LINE
8
BLACK
6
CONTINUOUS
10
138.2088929999999891
20
-87.8859250000000003
11
138.305925000000002
21
-87.7888930000000016
0
LINE
8
BLACK
6
CONTINUOUS
10
138.305925000000002
20
-87.7888930000000016
11
138.3499999999999943
21
-87.7594419999999928
0
LINE
8
BLACK
6
CONTINUOUS
10
138.3499999999999943
20
-87.7594419999999928
11
138.3499999999999943
21
-87.5
0
LINE
8
BLACK
6
CONTINUOUS
10
138.3499999999999943
20
-87.5
11
138.3534219999999948
21
-87.4477899999999977
0
LINE
8
BLACK
6
CONTINUOUS
10
138.3534219999999948
20
-87.4477899999999977
11
138.3804480000000012
21
-87.3469269999999938
0
LINE
8
BLACK
6
CONTINUOUS
10
138.3804480000000012
20
-87.3469269999999938
11
138.3804480000000012
21
-87.3469259999999963
0
LINE
8
BLACK
6
CONTINUOUS
10
138.3804480000000012
20
-87.3469259999999963
11
138.432659000000001
21
-87.256495000000001
0
LINE
8
BLACK
6
CONTINUOUS
10
138.432659000000001
20
-87.256495000000001
11
138.4671569999999861
21
-87.2171570000000003
0
LINE
8
BLACK
6
CONTINUOUS
10
138.4671569999999861
20
-87.2171570000000003
11
142.6399999999999864
21
-83.044314
0
LINE
8
BLACK
6
CONTINUOUS
10
142.6399999999999864
20
-83.044314
11
142.6399999999999864
21
-82.8678280000000029
0
LINE
8
BLACK
6
CONTINUOUS
10
142.6399999999999864
20
-82.8678280000000029
11
142.5909949999999924
21
-82.8475299999999919
0
LINE
8
BLACK
6
CONTINUOUS
10
142.5909949999999924
20
-82.8475299999999919
11
142.4357399999999814
21
-82.7437919999999991
0
LINE
8
BLACK
6
CONTINUOUS
10
142.4357399999999814
20
-82.7437919999999991
11
142.3037080000000003
21
-82.6117599999999896
0
LINE
8
BLACK
6
CONTINUOUS
10
142.3037080000000003
20
-82.6117599999999896
11
142.1999700000000075
21
-82.4565049999999928
0
LINE
8
BLACK
6
CONTINUOUS
10
142.1999700000000075
20
-82.4565049999999928
11
142.1285139999999956
21
-82.2839960000000019
0
LINE
8
BLACK
6
CONTINUOUS
10
142.1285139999999956
20
-82.2839960000000019
11
142.0920869999999923
21
-82.1008609999999948
0
LINE
8
BLACK
6
CONTINUOUS
10
142.0920869999999923
20
-82.1008609999999948
11
142.0875000000000057
21
-82.0074999999999932
0
LINE
8
BLACK
6
CONTINUOUS
10
142.0875000000000057
20
-82.0074999999999932
11
142.0875000000000057
21
-81.9124999999999943
0
LINE
8
BLACK
6
CONTINUOUS
10
142.0875000000000057
20
-81.9124999999999943
11
142.0920869999999923
21
-81.8191389999999927
0
LINE
8
BLACK
6
CONTINUOUS
10
142.0920869999999923
20
-81.8191389999999927
11
142.1285139999999956
21
-81.6360039999999998
0
LINE
8
BLACK
6
CONTINUOUS
10
142.1285139999999956
20
-81.6360039999999998
11
142.1999700000000075
21
-81.4634949999999947
0
LINE
8
BLACK
6
CONTINUOUS
10
142.1999700000000075
20
-81.4634949999999947
11
142.3037080000000003
21
-81.3082399999999978
0
LINE
8
BLACK
6
CONTINUOUS
10
142.3037080000000003
20
-81.3082399999999978
11
142.4357399999999814
21
-81.1762080000000026
0
LINE
8
BLACK
6
CONTINUOUS
10
142.4357399999999814
20
-81.1762080000000026
11
142.5909949999999924
21
-81.0724699999999956
0
LINE
8
BLACK
6
CONTINUOUS
10
142.5909949999999924
20
-81.0724699999999956
11
142.7635039999999833
21
-81.0010139999999978
0
LINE
8
BLACK
6
CONTINUOUS
10
142.7635039999999833
20
-81.0010139999999978
11
142.9466390000000047
21
-80.9645869999999945
0
LINE
8
BLACK
6
CONTINUOUS
10
142.9466390000000047
20
-80.9645869999999945
11
143.1333609999999794
21
-80.9645869999999945
0
LINE
8
BLACK
6
CONTINUOUS
10
143.1333609999999794
20
-80.9645869999999945
11
143.3164960000000008
21
-81.0010139999999978
0
LINE
8
BLACK
6
CONTINUOUS
10
146.0584130000000016
20
-78.8801849999999973
11
146.0790549999999826
21
-78.8968189999999936
0
LINE
8
BLACK
6
CONTINUOUS
10
146.0790549999999826
20
-78.8968189999999936
11
147.553180999999995
21
-80.3709439999999944
0
LINE
8
BLACK
6
CONTINUOUS
10
147.553180999999995
20
-80.3709439999999944
11
147.5866659999999797
21
-80.432266999999996
0
LINE
8
BLACK
6
CONTINUOUS
10
147.5866659999999797
20
-80.432266999999996
11
147.5894999999999868
21
-80.4586249999999978
0
LINE
8
BLACK
6
CONTINUOUS
10
147.5894999999999868
20
-80.4586249999999978
11
147.5894999999999868
21
-83.1113739999999979
0
LINE
8
BLACK
6
CONTINUOUS
10
147.5894999999999868
20
-83.1113739999999979
11
147.5698150000000055
21
-83.1784129999999919
0
LINE
8
BLACK
6
CONTINUOUS
10
147.5698150000000055
20
-83.1784129999999919
11
147.5531790000000001
21
-83.1990569999999963
0
LINE
8
BLACK
6
CONTINUOUS
10
147.5531790000000001
20
-83.1990569999999963
11
147.5309709999999939
21
-83.2212639999999908
0
LINE
8
BLACK
6
CONTINUOUS
10
147.5309709999999939
20
-83.2212639999999908
11
147.4696469999999806
21
-83.2547479999999922
0
LINE
8
BLACK
6
CONTINUOUS
10
147.4696469999999806
20
-83.2547479999999922
11
147.3999560000000031
21
-83.2497619999999898
0
LINE
8
BLACK
6
CONTINUOUS
10
147.3999560000000031
20
-83.2497619999999898
11
147.3440229999999929
21
-83.2078889999999944
0
LINE
8
BLACK
6
CONTINUOUS
10
147.3440229999999929
20
-83.2078889999999944
11
147.3196079999999881
21
-83.1424239999999912
0
LINE
8
BLACK
6
CONTINUOUS
10
147.3196079999999881
20
-83.1424239999999912
11
147.3200719999999819
21
-83.1196970000000022
0
LINE
8
BLACK
6
CONTINUOUS
10
147.3200719999999819
20
-83.1196970000000022
11
147.3251510000000053
21
-83.0746129999999994
0
LINE
8
BLACK
6
CONTINUOUS
10
147.3251510000000053
20
-83.0746129999999994
11
147.3329999999999984
21
-83.0049539999999979
0
LINE
8
BLACK
6
CONTINUOUS
10
147.3329999999999984
20
-83.0049539999999979
11
147.3329999999999984
21
-80.9150459999999896
0
LINE
8
BLACK
6
CONTINUOUS
10
147.3329999999999984
20
-80.9150459999999896
11
147.3178680000000043
21
-80.780744999999996
0
LINE
8
BLACK
6
CONTINUOUS
10
147.3178680000000043
20
-80.780744999999996
11
147.2582889999999907
21
-80.6104780000000005
0
LINE
8
BLACK
6
CONTINUOUS
10
147.2582889999999907
20
-80.6104780000000005
11
147.1623160000000041
21
-80.457737999999992
0
LINE
8
BLACK
6
CONTINUOUS
10
147.1623160000000041
20
-80.457737999999992
11
147.0347620000000006
21
-80.3301840000000027
0
LINE
8
BLACK
6
CONTINUOUS
10
147.0347620000000006
20
-80.3301840000000027
11
146.8820230000000038
21
-80.2342110000000019
0
LINE
8
BLACK
6
CONTINUOUS
10
146.8820230000000038
20
-80.2342110000000019
11
146.7117539999999849
21
-80.1746309999999909
0
LINE
8
BLACK
6
CONTINUOUS
10
146.7117539999999849
20
-80.1746309999999909
11
146.711749999999995
21
-80.1746299999999934
0
LINE
8
BLACK
6
CONTINUOUS
10
146.711749999999995
20
-80.1746299999999934
11
146.6309990000000028
21
-80.1655319999999989
0
LINE
8
BLACK
6
CONTINUOUS
10
146.6309990000000028
20
-80.1655319999999989
11
146.5665850000000034
21
-80.1384649999999965
0
LINE
8
BLACK
6
CONTINUOUS
10
146.5665850000000034
20
-80.1384649999999965
11
146.5445670000000007
21
-80.1152000000000015
0
LINE
8
BLACK
6
CONTINUOUS
10
146.5445670000000007
20
-80.1152000000000015
11
146.4956899999999962
21
-80.0479270000000014
0
LINE
8
BLACK
6
CONTINUOUS
10
146.4956899999999962
20
-80.0479270000000014
11
146.362072999999981
21
-79.9143100000000004
0
LINE
8
BLACK
6
CONTINUOUS
10
146.362072999999981
20
-79.9143100000000004
11
146.0198369999999954
21
-79.5720740000000006
0
LINE
8
BLACK
6
CONTINUOUS
10
146.0198369999999954
20
-79.5720740000000006
11
145.519945000000007
21
-79.0721810000000005
0
LINE
8
BLACK
6
CONTINUOUS
10
145.519945000000007
20
-79.0721810000000005
11
145.4864599999999939
21
-79.0108579999999989
0
LINE
8
BLACK
6
CONTINUOUS
10
145.4864599999999939
20
-79.0108579999999989
11
145.4914440000000013
21
-78.9411659999999955
0
LINE
8
BLACK
6
CONTINUOUS
10
145.4914440000000013
20
-78.9411659999999955
11
145.533315999999985
21
-78.8852329999999995
0
LINE
8
BLACK
6
CONTINUOUS
10
145.533315999999985
20
-78.8852329999999995
11
145.598780000000005
21
-78.8608159999999998
0
LINE
8
BLACK
6
CONTINUOUS
10
145.598780000000005
20
-78.8608159999999998
11
145.607625999999982
21
-78.8605000000000018
0
LINE
8
BLACK
6
CONTINUOUS
10
145.607625999999982
20
-78.8605000000000018
11
145.9913740000000075
21
-78.8605000000000018
0
LINE
8
BLACK
6
CONTINUOUS
10
145.9913740000000075
20
-78.8605000000000018
11
146.0584130000000016
21
-78.8801849999999973
0
LINE
8
BLACK
6
CONTINUOUS
10
138.5367420000000038
20
-76.8466009999999926
11
138.6906869999999969
21
-76.9103669999999937
0
LINE
8
BLACK
6
CONTINUOUS
10
138.6906869999999969
20
-76.9103669999999937
11
138.8292339999999854
21
-77.0029409999999928
0
LINE
8
BLACK
6
CONTINUOUS
10
138.8292339999999854
20
-77.0029409999999928
11
138.9470589999999959
21
-77.1207660000000033
0
LINE
8
BLACK
6
CONTINUOUS
10
138.9470589999999959
20
-77.1207660000000033
11
139.0396329999999807
21
-77.2593129999999917
0
LINE
8
BLACK
6
CONTINUOUS
10
139.0396329999999807
20
-77.2593129999999917
11
139.103398999999996
21
-77.413257999999999
0
LINE
8
BLACK
6
CONTINUOUS
10
139.103398999999996
20
-77.413257999999999
11
139.1359070000000031
21
-77.5766849999999977
0
LINE
8
BLACK
6
CONTINUOUS
10
139.1359070000000031
20
-77.5766849999999977
11
139.1359070000000031
21
-77.7433149999999955
0
LINE
8
BLACK
6
CONTINUOUS
10
139.1359070000000031
20
-77.7433149999999955
11
139.103398999999996
21
-77.9067419999999942
0
LINE
8
BLACK
6
CONTINUOUS
10
139.103398999999996
20
-77.9067419999999942
11
139.0396329999999807
21
-78.0606870000000015
0
LINE
8
BLACK
6
CONTINUOUS
10
139.0396329999999807
20
-78.0606870000000015
11
138.9470589999999959
21
-78.1992339999999899
0
LINE
8
BLACK
6
CONTINUOUS
10
138.9470589999999959
20
-78.1992339999999899
11
138.8292339999999854
21
-78.3170590000000004
0
LINE
8
BLACK
6
CONTINUOUS
10
138.8292339999999854
20
-78.3170590000000004
11
138.6906869999999969
21
-78.4096329999999995
0
LINE
8
BLACK
6
CONTINUOUS
10
138.6906869999999969
20
-78.4096329999999995
11
138.6899999999999977
21
-78.409916999999993
0
LINE
8
BLACK
6
CONTINUOUS
10
138.6899999999999977
20
-78.409916999999993
11
138.6899999999999977
21
-78.6243139999999983
0
LINE
8
BLACK
6
CONTINUOUS
10
138.6899999999999977
20
-78.6243139999999983
11
139.4156859999999938
21
-79.3499999999999943
0
LINE
8
BLACK
6
CONTINUOUS
10
139.4156859999999938
20
-79.3499999999999943
11
144.5
21
-79.3499999999999943
0
LINE
8
BLACK
6
CONTINUOUS
10
144.5
20
-79.3499999999999943
11
144.5522100000000023
21
-79.3534219999999948
0
LINE
8
BLACK
6
CONTINUOUS
10
144.5522100000000023
20
-79.3534219999999948
11
144.6530740000000037
21
-79.3804480000000012
0
LINE
8
BLACK
6
CONTINUOUS
10
144.6530740000000037
20
-79.3804480000000012
11
144.743504999999999
21
-79.432659000000001
0
LINE
8
BLACK
6
CONTINUOUS
10
144.743504999999999
20
-79.432659000000001
11
144.7828429999999855
21
-79.4671570000000003
0
LINE
8
BLACK
6
CONTINUOUS
10
144.7828429999999855
20
-79.4671570000000003
11
145.862842999999998
21
-80.547157999999996
0
LINE
8
BLACK
6
CONTINUOUS
10
145.862842999999998
20
-80.547157999999996
11
145.8973409999999831
21
-80.5864949999999993
0
LINE
8
BLACK
6
CONTINUOUS
10
145.8973409999999831
20
-80.5864949999999993
11
145.9495519999999829
21
-80.6769259999999946
0
LINE
8
BLACK
6
CONTINUOUS
10
145.9495519999999829
20
-80.6769259999999946
11
145.9495519999999829
21
-80.6769269999999921
0
LINE
8
BLACK
6
CONTINUOUS
10
145.9495519999999829
20
-80.6769269999999921
11
145.9765779999999893
21
-80.777789999999996
0
LINE
8
BLACK
6
CONTINUOUS
10
145.9765779999999893
20
-80.777789999999996
11
145.9799999999999898
21
-80.8299999999999983
0
LINE
8
BLACK
6
CONTINUOUS
10
145.9799999999999898
20
-80.8299999999999983
11
145.9799999999999898
21
-80.9599999999999937
0
LINE
8
BLACK
6
CONTINUOUS
10
145.9799999999999898
20
-80.9599999999999937
11
146.5324999999999989
21
-80.9599999999999937
0
LINE
8
BLACK
6
CONTINUOUS
10
146.5324999999999989
20
-80.9599999999999937
11
146.5324999999999989
21
-82.9599999999999937
0
LINE
8
BLACK
6
CONTINUOUS
10
146.5324999999999989
20
-82.9599999999999937
11
144.6274999999999977
21
-82.9599999999999937
0
LINE
8
BLACK
6
CONTINUOUS
10
144.6274999999999977
20
-82.9599999999999937
11
144.6274999999999977
21
-80.9599999999999937
0
LINE
8
BLACK
6
CONTINUOUS
10
144.6274999999999977
20
-80.9599999999999937
11
145.144315000000006
21
-80.9599999999999937
0
LINE
8
BLACK
6
CONTINUOUS
10
145.144315000000006
20
-80.9599999999999937
11
144.3343140000000062
21
-80.1499999999999915
0
LINE
8
BLACK
6
CONTINUOUS
10
144.3343140000000062
20
-80.1499999999999915
11
139.25
21
-80.1499999999999915
0
LINE
8
BLACK
6
CONTINUOUS
10
139.25
20
-80.1499999999999915
11
139.1977899999999977
21
-80.146577999999991
0
LINE
8
BLACK
6
CONTINUOUS
10
139.1977899999999977
20
-80.146577999999991
11
139.0969259999999963
21
-80.1195519999999988
0
LINE
8
BLACK
6
CONTINUOUS
10
139.0969259999999963
20
-80.1195519999999988
11
139.006495000000001
21
-80.067340999999999
0
LINE
8
BLACK
6
CONTINUOUS
10
139.006495000000001
20
-80.067340999999999
11
138.9671569999999861
21
-80.0328429999999997
0
LINE
8
BLACK
6
CONTINUOUS
10
138.9671569999999861
20
-80.0328429999999997
11
138.0071570000000065
21
-79.0728429999999918
0
LINE
8
BLACK
6
CONTINUOUS
10
138.0071570000000065
20
-79.0728429999999918
11
137.9726589999999931
21
-79.033504999999991
0
LINE
8
BLACK
6
CONTINUOUS
10
137.9726589999999931
20
-79.033504999999991
11
137.9204479999999933
21
-78.9430739999999957
0
LINE
8
BLACK
6
CONTINUOUS
10
137.9204479999999933
20
-78.9430739999999957
11
137.8934219999999868
21
-78.8422099999999944
0
LINE
8
BLACK
6
CONTINUOUS
10
137.8934219999999868
20
-78.8422099999999944
11
137.8899999999999864
21
-78.789999999999992
0
LINE
8
BLACK
6
CONTINUOUS
10
137.8899999999999864
20
-78.789999999999992
11
137.8899999999999864
21
-78.409916999999993
0
LINE
8
BLACK
6
CONTINUOUS
10
137.8899999999999864
20
-78.409916999999993
11
137.8893129999999871
21
-78.4096329999999995
0
LINE
8
BLACK
6
CONTINUOUS
10
137.8893129999999871
20
-78.4096329999999995
11
137.7507659999999987
21
-78.3170590000000004
0
LINE
8
BLACK
6
CONTINUOUS
10
137.7507659999999987
20
-78.3170590000000004
11
137.6329409999999882
21
-78.1992339999999899
0
LINE
8
BLACK
6
CONTINUOUS
10
137.6329409999999882
20
-78.1992339999999899
11
137.5403670000000034
21
-78.0606870000000015
0
LINE
8
BLACK
6
CONTINUOUS
10
137.5403670000000034
20
-78.0606870000000015
11
137.4766009999999881
21
-77.9067419999999942
0
LINE
8
BLACK
6
CONTINUOUS
10
137.4766009999999881
20
-77.9067419999999942
11
137.444092999999981
21
-77.7433149999999955
0
LINE
8
BLACK
6
CONTINUOUS
10
137.444092999999981
20
-77.7433149999999955
11
137.444092999999981
21
-77.5766849999999977
0
LINE
8
BLACK
6
CONTINUOUS
10
137.444092999999981
20
-77.5766849999999977
11
137.4766009999999881
21
-77.413257999999999
0
LINE
8
BLACK
6
CONTINUOUS
10
137.4766009999999881
20
-77.413257999999999
11
137.5403670000000034
21
-77.2593129999999917
0
LINE
8
BLACK
6
CONTINUOUS
10
137.5403670000000034
20
-77.2593129999999917
11
137.6329409999999882
21
-77.1207660000000033
0
LINE
8
BLACK
6
CONTINUOUS
10
137.6329409999999882
20
-77.1207660000000033
11
137.7507659999999987
21
-77.0029409999999928
0
LINE
8
BLACK
6
CONTINUOUS
10
137.7507659999999987
20
-77.0029409999999928
11
137.8893129999999871
21
-76.9103669999999937
0
LINE
8
BLACK
6
CONTINUOUS
10
137.8893129999999871
20
-76.9103669999999937
11
138.0432579999999803
21
-76.8466009999999926
0
LINE
8
BLACK
6
CONTINUOUS
10
138.0432579999999803
20
-76.8466009999999926
11
138.2066849999999931
21
-76.8140929999999997
0
LINE
8
BLACK
6
CONTINUOUS
10
138.2066849999999931
20
-76.8140929999999997
11
138.373314999999991
21
-76.8140929999999997
0
LINE
8
BLACK
6
CONTINUOUS
10
138.373314999999991
20
-76.8140929999999997
11
138.5367420000000038
21
-76.8466009999999926
0
LINE
8
BLACK
6
CONTINUOUS
10
171.2722279999999841
20
-94.394447999999997
11
171.4171169999999904
21
-94.4544629999999898
0
LINE
8
BLACK
6
CONTINUOUS
10
171.4171169999999904
20
-94.4544629999999898
11
171.5475150000000042
21
-94.5415919999999943
0
LINE
8
BLACK
6
CONTINUOUS
10
171.5475150000000042
20
-94.5415919999999943
11
171.6584079999999801
21
-94.6524849999999986
0
LINE
8
BLACK
6
CONTINUOUS
10
171.6584079999999801
20
-94.6524849999999986
11
171.7302469999999914
21
-94.7599999999999909
0
LINE
8
BLACK
6
CONTINUOUS
10
171.7302469999999914
20
-94.7599999999999909
11
173.039999999999992
21
-94.7599999999999909
0
LINE
8
BLACK
6
CONTINUOUS
10
173.039999999999992
20
-94.7599999999999909
11
173.0922099999999944
21
-94.7634219999999914
0
LINE
8
BLACK
6
CONTINUOUS
10
173.0922099999999944
20
-94.7634219999999914
11
173.1930739999999957
21
-94.7904479999999978
0
LINE
8
BLACK
6
CONTINUOUS
10
173.1930739999999957
20
-94.7904479999999978
11
173.283504999999991
21
-94.8426589999999976
0
LINE
8
BLACK
6
CONTINUOUS
10
173.283504999999991
20
-94.8426589999999976
11
173.322843000000006
21
-94.8771569999999969
0
LINE
8
BLACK
6
CONTINUOUS
10
173.322843000000006
20
-94.8771569999999969
11
175.072843000000006
21
-96.6271569999999969
0
LINE
8
BLACK
6
CONTINUOUS
10
175.072843000000006
20
-96.6271569999999969
11
175.107340999999991
21
-96.6664949999999976
0
LINE
8
BLACK
6
CONTINUOUS
10
175.107340999999991
20
-96.6664949999999976
11
175.1595519999999908
21
-96.7569259999999929
0
LINE
8
BLACK
6
CONTINUOUS
10
175.1595519999999908
20
-96.7569259999999929
11
175.1721239999999966
21
-96.803845999999993
0
LINE
8
BLACK
6
CONTINUOUS
10
175.1721239999999966
20
-96.803845999999993
11
175.1865779999999972
21
-96.8577899999999943
0
LINE
8
BLACK
6
CONTINUOUS
10
175.1865779999999972
20
-96.8577899999999943
11
175.1899999999999977
21
-96.9099999999999966
0
LINE
8
BLACK
6
CONTINUOUS
10
175.1899999999999977
20
-96.9099999999999966
11
175.1899999999999977
21
-100.0600000000000023
0
LINE
8
BLACK
6
CONTINUOUS
10
175.1899999999999977
20
-100.0600000000000023
11
175.6399999999999864
21
-100.0600000000000023
0
LINE
8
BLACK
6
CONTINUOUS
10
175.6399999999999864
20
-100.0600000000000023
11
175.6399999999999864
21
-101.7599999999999909
0
LINE
8
BLACK
6
CONTINUOUS
10
175.6399999999999864
20
-101.7599999999999909
11
175.1899999999999977
21
-101.7599999999999909
0
LINE
8
BLACK
6
CONTINUOUS
10
175.1899999999999977
20
-101.7599999999999909
11
175.1899999999999977
21
-107.1599999999999966
0
LINE
8
BLACK
6
CONTINUOUS
10
175.1899999999999977
20
-107.1599999999999966
11
175.1865779999999972
21
-107.2122099999999989
0
LINE
8
BLACK
6
CONTINUOUS
10
175.1865779999999972
20
-107.2122099999999989
11
175.1595519999999908
21
-107.3130729999999886
0
LINE
8
BLACK
6
CONTINUOUS
10
175.1595519999999908
20
-107.3130729999999886
11
175.1371479999999963
21
-107.3518770000000018
0
LINE
8
BLACK
6
CONTINUOUS
10
175.1371479999999963
20
-107.3518770000000018
11
175.107340999999991
21
-107.4035049999999956
0
LINE
8
BLACK
6
CONTINUOUS
10
175.107340999999991
20
-107.4035049999999956
11
175.072843000000006
21
-107.4428429999999963
0
LINE
8
BLACK
6
CONTINUOUS
10
175.072843000000006
20
-107.4428429999999963
11
172.322843000000006
21
-110.1928429999999963
0
LINE
8
BLACK
6
CONTINUOUS
10
172.322843000000006
20
-110.1928429999999963
11
172.283504999999991
21
-110.2273409999999956
0
LINE
8
BLACK
6
CONTINUOUS
10
172.283504999999991
20
-110.2273409999999956
11
172.1930739999999957
21
-110.2795519999999954
0
LINE
8
BLACK
6
CONTINUOUS
10
172.1930739999999957
20
-110.2795519999999954
11
172.0922099999999944
21
-110.3065780000000018
0
LINE
8
BLACK
6
CONTINUOUS
10
172.0922099999999944
20
-110.3065780000000018
11
172.0635759999999834
21
-110.3084539999999976
0
LINE
8
BLACK
6
CONTINUOUS
10
172.0635759999999834
20
-110.3084539999999976
11
172.0562669999999912
21
-110.3309519999999964
0
LINE
8
BLACK
6
CONTINUOUS
10
172.0562669999999912
20
-110.3309519999999964
11
171.9779039999999952
21
-110.4847479999999962
0
LINE
8
BLACK
6
CONTINUOUS
10
171.9779039999999952
20
-110.4847479999999962
11
171.8764469999999847
21
-110.6243929999999978
0
LINE
8
BLACK
6
CONTINUOUS
10
171.8764469999999847
20
-110.6243929999999978
11
171.7543929999999932
21
-110.7464469999999892
0
LINE
8
BLACK
6
CONTINUOUS
10
171.7543929999999932
20
-110.7464469999999892
11
171.6147479999999916
21
-110.8479039999999998
0
LINE
8
BLACK
6
CONTINUOUS
10
171.6147479999999916
20
-110.8479039999999998
11
171.4609519999999918
21
-110.9262669999999957
0
LINE
8
BLACK
6
CONTINUOUS
10
171.4609519999999918
20
-110.9262669999999957
11
171.2967899999999872
21
-110.9796070000000014
0
LINE
8
BLACK
6
CONTINUOUS
10
171.2967899999999872
20
-110.9796070000000014
11
171.1263050000000021
21
-111.0066089999999974
0
LINE
8
BLACK
6
CONTINUOUS
10
171.1263050000000021
20
-111.0066089999999974
11
170.953694999999982
21
-111.0066089999999974
0
LINE
8
BLACK
6
CONTINUOUS
10
170.953694999999982
20
-111.0066089999999974
11
170.7832099999999969
21
-110.9796070000000014
0
LINE
8
BLACK
6
CONTINUOUS
10
170.7832099999999969
20
-110.9796070000000014
11
170.6190479999999923
21
-110.9262669999999957
0
LINE
8
BLACK
6
CONTINUOUS
10
170.6190479999999923
20
-110.9262669999999957
11
170.4652519999999924
21
-110.8479039999999998
0
LINE
8
BLACK
6
CONTINUOUS
10
170.4652519999999924
20
-110.8479039999999998
11
170.3256069999999909
21
-110.7464469999999892
0
LINE
8
BLACK
6
CONTINUOUS
10
170.3256069999999909
20
-110.7464469999999892
11
170.2035529999999994
21
-110.6243929999999978
0
LINE
8
BLACK
6
CONTINUOUS
10
170.2035529999999994
20
-110.6243929999999978
11
170.1020959999999889
21
-110.4847479999999962
0
LINE
8
BLACK
6
CONTINUOUS
10
170.1020959999999889
20
-110.4847479999999962
11
170.0237329999999929
21
-110.3309519999999964
0
LINE
8
BLACK
6
CONTINUOUS
10
170.0237329999999929
20
-110.3309519999999964
11
169.9703930000000014
21
-110.1667899999999918
0
LINE
8
BLACK
6
CONTINUOUS
10
169.9703930000000014
20
-110.1667899999999918
11
169.9433909999999912
21
-109.9963049999999924
0
LINE
8
BLACK
6
CONTINUOUS
10
169.9433909999999912
20
-109.9963049999999924
11
169.9433909999999912
21
-109.8236950000000007
0
LINE
8
BLACK
6
CONTINUOUS
10
169.9433909999999912
20
-109.8236950000000007
11
169.9703930000000014
21
-109.6532100000000014
0
LINE
8
BLACK
6
CONTINUOUS
10
169.9703930000000014
20
-109.6532100000000014
11
170.0237329999999929
21
-109.4890479999999968
0
LINE
8
BLACK
6
CONTINUOUS
10
170.0237329999999929
20
-109.4890479999999968
11
170.1020959999999889
21
-109.335251999999997
0
LINE
8
BLACK
6
CONTINUOUS
10
170.1020959999999889
20
-109.335251999999997
11
170.2035529999999994
21
-109.1956069999999954
0
LINE
8
BLACK
6
CONTINUOUS
10
170.2035529999999994
20
-109.1956069999999954
11
170.3256069999999909
21
-109.0735529999999898
0
LINE
8
BLACK
6
CONTINUOUS
10
170.3256069999999909
20
-109.0735529999999898
11
170.4652519999999924
21
-108.9720959999999934
0
LINE
8
BLACK
6
CONTINUOUS
10
170.4652519999999924
20
-108.9720959999999934
11
170.6190479999999923
21
-108.8937329999999974
0
LINE
8
BLACK
6
CONTINUOUS
10
170.6190479999999923
20
-108.8937329999999974
11
170.7832099999999969
21
-108.8403929999999917
0
LINE
8
BLACK
6
CONTINUOUS
10
170.7832099999999969
20
-108.8403929999999917
11
170.953694999999982
21
-108.8133909999999958
0
LINE
8
BLACK
6
CONTINUOUS
10
170.953694999999982
20
-108.8133909999999958
11
171.1263050000000021
21
-108.8133909999999958
0
LINE
8
BLACK
6
CONTINUOUS
10
171.1263050000000021
20
-108.8133909999999958
11
171.2967899999999872
21
-108.8403929999999917
0
LINE
8
BLACK
6
CONTINUOUS
10
171.2967899999999872
20
-108.8403929999999917
11
171.4609519999999918
21
-108.8937329999999974
0
LINE
8
BLACK
6
CONTINUOUS
10
171.4609519999999918
20
-108.8937329999999974
11
171.6147479999999916
21
-108.9720959999999934
0
LINE
8
BLACK
6
CONTINUOUS
10
171.6147479999999916
20
-108.9720959999999934
11
171.7543929999999932
21
-109.0735529999999898
0
LINE
8
BLACK
6
CONTINUOUS
10
171.7543929999999932
20
-109.0735529999999898
11
171.8764469999999847
21
-109.1956069999999954
0
LINE
8
BLACK
6
CONTINUOUS
10
171.8764469999999847
20
-109.1956069999999954
11
171.9779039999999952
21
-109.335251999999997
0
LINE
8
BLACK
6
CONTINUOUS
10
171.9779039999999952
20
-109.335251999999997
11
172.0019219999999791
21
-109.3823909999999984
0
LINE
8
BLACK
6
CONTINUOUS
10
172.0019219999999791
20
-109.3823909999999984
11
174.3899999999999864
21
-106.9943139999999886
0
LINE
8
BLACK
6
CONTINUOUS
10
174.3899999999999864
20
-106.9943139999999886
11
174.3899999999999864
21
-101.7599999999999909
0
LINE
8
BLACK
6
CONTINUOUS
10
174.3899999999999864
20
-101.7599999999999909
11
173.9399999999999977
21
-101.7599999999999909
0
LINE
8
BLACK
6
CONTINUOUS
10
173.9399999999999977
20
-101.7599999999999909
11
173.9399999999999977
21
-101.3100000000000023
0
LINE
8
BLACK
6
CONTINUOUS
10
173.9399999999999977
20
-101.3100000000000023
11
172.4178969999999822
21
-101.3100000000000023
0
LINE
8
BLACK
6
CONTINUOUS
10
172.4178969999999822
20
-101.3100000000000023
11
172.3986549999999909
21
-101.3692199999999985
0
LINE
8
BLACK
6
CONTINUOUS
10
172.3986549999999909
20
-101.3692199999999985
11
172.3131679999999903
21
-101.536997999999997
0
LINE
8
BLACK
6
CONTINUOUS
10
172.3131679999999903
20
-101.536997999999997
11
172.2024869999999908
21
-101.6893379999999922
0
LINE
8
BLACK
6
CONTINUOUS
10
172.2024869999999908
20
-101.6893379999999922
11
172.0693379999999877
21
-101.8224869999999953
0
LINE
8
BLACK
6
CONTINUOUS
10
172.0693379999999877
20
-101.8224869999999953
11
171.9169979999999782
21
-101.9331679999999949
0
LINE
8
BLACK
6
CONTINUOUS
10
171.9169979999999782
20
-101.9331679999999949
11
171.7492199999999798
21
-102.0186549999999954
0
LINE
8
BLACK
6
CONTINUOUS
10
171.7492199999999798
20
-102.0186549999999954
11
171.5701339999999959
21
-102.0768439999999941
0
LINE
8
BLACK
6
CONTINUOUS
10
171.5701339999999959
20
-102.0768439999999941
11
171.3841510000000028
21
-102.106301000000002
0
LINE
8
BLACK
6
CONTINUOUS
10
171.3841510000000028
20
-102.106301000000002
11
171.1958489999999813
21
-102.106301000000002
0
LINE
8
BLACK
6
CONTINUOUS
10
171.1958489999999813
20
-102.106301000000002
11
171.0098659999999882
21
-102.0768439999999941
0
LINE
8
BLACK
6
CONTINUOUS
10
171.0098659999999882
20
-102.0768439999999941
11
170.8307800000000043
21
-102.0186549999999954
0
LINE
8
BLACK
6
CONTINUOUS
10
170.8307800000000043
20
-102.0186549999999954
11
170.6630020000000059
21
-101.9331679999999949
0
LINE
8
BLACK
6
CONTINUOUS
10
170.6630020000000059
20
-101.9331679999999949
11
170.5106619999999964
21
-101.8224869999999953
0
LINE
8
BLACK
6
CONTINUOUS
10
170.5106619999999964
20
-101.8224869999999953
11
170.3775129999999933
21
-101.6893379999999922
0
LINE
8
BLACK
6
CONTINUOUS
10
170.3775129999999933
20
-101.6893379999999922
11
170.2668319999999937
21
-101.536997999999997
0
LINE
8
BLACK
6
CONTINUOUS
10
170.2668319999999937
20
-101.536997999999997
11
170.1813449999999932
21
-101.3692199999999985
0
LINE
8
BLACK
6
CONTINUOUS
10
170.1813449999999932
20
-101.3692199999999985
11
170.1231559999999945
21
-101.1901340000000005
0
LINE
8
BLACK
6
CONTINUOUS
10
170.1231559999999945
20
-101.1901340000000005
11
170.0936989999999867
21
-101.0041509999999931
0
LINE
8
BLACK
6
CONTINUOUS
10
170.0936989999999867
20
-101.0041509999999931
11
170.0936989999999867
21
-100.815849
0
LINE
8
BLACK
6
CONTINUOUS
10
170.0936989999999867
20
-100.815849
11
170.1231559999999945
21
-100.6298659999999927
0
LINE
8
BLACK
6
CONTINUOUS
10
170.1231559999999945
20
-100.6298659999999927
11
170.1813449999999932
21
-100.4507799999999946
0
LINE
8
BLACK
6
CONTINUOUS
10
170.1813449999999932
20
-100.4507799999999946
11
170.2668319999999937
21
-100.2830019999999962
0
LINE
8
BLACK
6
CONTINUOUS
10
170.2668319999999937
20
-100.2830019999999962
11
170.3775129999999933
21
-100.1306620000000009
0
LINE
8
BLACK
6
CONTINUOUS
10
170.3775129999999933
20
-100.1306620000000009
11
170.5106619999999964
21
-99.9975129999999979
0
LINE
8
BLACK
6
CONTINUOUS
10
170.5106619999999964
20
-99.9975129999999979
11
170.6630020000000059
21
-99.8868319999999983
0
LINE
8
BLACK
6
CONTINUOUS
10
170.6630020000000059
20
-99.8868319999999983
11
170.8307800000000043
21
-99.8013449999999978
0
LINE
8
BLACK
6
CONTINUOUS
10
170.8307800000000043
20
-99.8013449999999978
11
171.0098659999999882
21
-99.743155999999999
0
LINE
8
BLACK
6
CONTINUOUS
10
171.0098659999999882
20
-99.743155999999999
11
171.1958489999999813
21
-99.7136989999999912
0
LINE
8
BLACK
6
CONTINUOUS
10
171.1958489999999813
20
-99.7136989999999912
11
171.3841510000000028
21
-99.7136989999999912
0
LINE
8
BLACK
6
CONTINUOUS
10
171.3841510000000028
20
-99.7136989999999912
11
171.5701339999999959
21
-99.743155999999999
0
LINE
8
BLACK
6
CONTINUOUS
10
171.5701339999999959
20
-99.743155999999999
11
171.7492199999999798
21
-99.8013449999999978
0
LINE
8
BLACK
6
CONTINUOUS
10
171.7492199999999798
20
-99.8013449999999978
11
171.9169979999999782
21
-99.8868319999999983
0
LINE
8
BLACK
6
CONTINUOUS
10
171.9169979999999782
20
-99.8868319999999983
11
172.0693379999999877
21
-99.9975129999999979
0
LINE
8
BLACK
6
CONTINUOUS
10
172.0693379999999877
20
-99.9975129999999979
11
172.2024869999999908
21
-100.1306620000000009
0
LINE
8
BLACK
6
CONTINUOUS
10
172.2024869999999908
20
-100.1306620000000009
11
172.3131679999999903
21
-100.2830019999999962
0
LINE
8
BLACK
6
CONTINUOUS
10
172.3131679999999903
20
-100.2830019999999962
11
172.3986549999999909
21
-100.4507799999999946
0
LINE
8
BLACK
6
CONTINUOUS
10
172.3986549999999909
20
-100.4507799999999946
11
172.4178969999999822
21
-100.5099999999999909
0
LINE
8
BLACK
6
CONTINUOUS
10
172.4178969999999822
20
-100.5099999999999909
11
173.9399999999999977
21
-100.5099999999999909
0
LINE
8
BLACK
6
CONTINUOUS
10
173.9399999999999977
20
-100.5099999999999909
11
173.9399999999999977
21
-100.0600000000000023
0
LINE
8
BLACK
6
CONTINUOUS
10
173.9399999999999977
20
-100.0600000000000023
11
174.3899999999999864
21
-100.0600000000000023
0
LINE
8
BLACK
6
CONTINUOUS
10
174.3899999999999864
20
-100.0600000000000023
11
174.3899999999999864
21
-97.0756859999999904
0
LINE
8
BLACK
6
CONTINUOUS
10
174.3899999999999864
20
-97.0756859999999904
11
172.8743139999999983
21
-95.5600000000000023
0
LINE
8
BLACK
6
CONTINUOUS
10
172.8743139999999983
20
-95.5600000000000023
11
171.7302469999999914
21
-95.5600000000000023
0
LINE
8
BLACK
6
CONTINUOUS
10
171.7302469999999914
20
-95.5600000000000023
11
171.6584079999999801
21
-95.6675149999999945
0
LINE
8
BLACK
6
CONTINUOUS
10
171.6584079999999801
20
-95.6675149999999945
11
171.5475150000000042
21
-95.7784079999999989
0
LINE
8
BLACK
6
CONTINUOUS
10
171.5475150000000042
20
-95.7784079999999989
11
171.4171169999999904
21
-95.8655369999999891
0
LINE
8
BLACK
6
CONTINUOUS
10
171.4171169999999904
20
-95.8655369999999891
11
171.2722279999999841
21
-95.9255519999999962
0
LINE
8
BLACK
6
CONTINUOUS
10
171.2722279999999841
20
-95.9255519999999962
11
171.1184140000000014
21
-95.9561479999999989
0
LINE
8
BLACK
6
CONTINUOUS
10
171.1184140000000014
20
-95.9561479999999989
11
170.9615859999999827
21
-95.9561479999999989
0
LINE
8
BLACK
6
CONTINUOUS
10
170.9615859999999827
20
-95.9561479999999989
11
170.8077719999999999
21
-95.9255519999999962
0
LINE
8
BLACK
6
CONTINUOUS
10
170.8077719999999999
20
-95.9255519999999962
11
170.6628829999999937
21
-95.8655369999999891
0
LINE
8
BLACK
6
CONTINUOUS
10
170.6628829999999937
20
-95.8655369999999891
11
170.5324849999999799
21
-95.7784079999999989
0
LINE
8
BLACK
6
CONTINUOUS
10
170.5324849999999799
20
-95.7784079999999989
11
170.421592000000004
21
-95.6675149999999945
0
LINE
8
BLACK
6
CONTINUOUS
10
170.421592000000004
20
-95.6675149999999945
11
170.3344629999999995
21
-95.537116999999995
0
LINE
8
BLACK
6
CONTINUOUS
10
170.3344629999999995
20
-95.537116999999995
11
170.2744479999999783
21
-95.3922279999999887
0
LINE
8
BLACK
6
CONTINUOUS
10
170.2744479999999783
20
-95.3922279999999887
11
170.243852000000004
21
-95.2384139999999917
0
LINE
8
BLACK
6
CONTINUOUS
10
170.243852000000004
20
-95.2384139999999917
11
170.243852000000004
21
-95.0815860000000015
0
LINE
8
BLACK
6
CONTINUOUS
10
170.243852000000004
20
-95.0815860000000015
11
170.2744479999999783
21
-94.9277719999999903
0
LINE
8
BLACK
6
CONTINUOUS
10
170.2744479999999783
20
-94.9277719999999903
11
170.3344629999999995
21
-94.7828829999999982
0
LINE
8
BLACK
6
CONTINUOUS
10
170.3344629999999995
20
-94.7828829999999982
11
170.421592000000004
21
-94.6524849999999986
0
LINE
8
BLACK
6
CONTINUOUS
10
170.421592000000004
20
-94.6524849999999986
11
170.5324849999999799
21
-94.5415919999999943
0
LINE
8
BLACK
6
CONTINUOUS
10
170.5324849999999799
20
-94.5415919999999943
11
170.6628829999999937
21
-94.4544629999999898
0
LINE
8
BLACK
6
CONTINUOUS
10
170.6628829999999937
20
-94.4544629999999898
11
170.8077719999999999
21
-94.394447999999997
0
LINE
8
BLACK
6
CONTINUOUS
10
170.8077719999999999
20
-94.394447999999997
11
170.9615859999999827
21
-94.3638519999999943
0
LINE
8
BLACK
6
CONTINUOUS
10
170.9615859999999827
20
-94.3638519999999943
11
171.1184140000000014
21
-94.3638519999999943
0
LINE
8
BLACK
6
CONTINUOUS
10
171.1184140000000014
20
-94.3638519999999943
11
171.2722279999999841
21
-94.394447999999997
0
LINE
8
BLACK
6
CONTINUOUS
10
127.6956709999999902
20
-79.1312130000000025
11
127.7767769999999956
21
-79.1854060000000004
0
LINE
8
BLACK
6
CONTINUOUS
10
127.7767769999999956
20
-79.1854060000000004
11
127.8309699999999935
21
-79.2665119999999916
0
LINE
8
BLACK
6
CONTINUOUS
10
127.8309699999999935
20
-79.2665119999999916
11
127.8499989999999968
21
-79.3621830000000017
0
LINE
8
BLACK
6
CONTINUOUS
10
127.8499989999999968
20
-79.3621830000000017
11
127.8499999999999943
21
-81.062184000000002
0
LINE
8
BLACK
6
CONTINUOUS
10
127.8499999999999943
20
-81.062184000000002
11
127.8309699999999935
21
-81.1578540000000004
0
LINE
8
BLACK
6
CONTINUOUS
10
127.8309699999999935
20
-81.1578540000000004
11
127.7767769999999956
21
-81.2389599999999916
0
LINE
8
BLACK
6
CONTINUOUS
10
127.7767769999999956
20
-81.2389599999999916
11
127.6956709999999902
21
-81.2931529999999896
0
LINE
8
BLACK
6
CONTINUOUS
10
127.6956709999999902
20
-81.2931529999999896
11
127.5999999999999943
21
-81.3121819999999929
0
LINE
8
BLACK
6
CONTINUOUS
10
127.5999999999999943
20
-81.3121819999999929
11
127.1499999999999915
21
-81.3121819999999929
0
LINE
8
BLACK
6
CONTINUOUS
10
127.1499999999999915
20
-81.3121819999999929
11
127.1499999999999915
21
-82.6794419999999946
0
LINE
8
BLACK
6
CONTINUOUS
10
127.1499999999999915
20
-82.6794419999999946
11
127.194074999999998
21
-82.7088930000000033
0
LINE
8
BLACK
6
CONTINUOUS
10
127.194074999999998
20
-82.7088930000000033
11
127.2911069999999967
21
-82.805925000000002
0
LINE
8
BLACK
6
CONTINUOUS
10
127.2911069999999967
20
-82.805925000000002
11
127.3673450000000003
21
-82.920022000000003
0
LINE
8
BLACK
6
CONTINUOUS
10
127.3673450000000003
20
-82.920022000000003
11
127.4198579999999907
21
-83.0468010000000021
0
LINE
8
BLACK
6
CONTINUOUS
10
127.4198579999999907
20
-83.0468010000000021
11
127.4466289999999873
21
-83.1813879999999983
0
LINE
8
BLACK
6
CONTINUOUS
10
127.4466289999999873
20
-83.1813879999999983
11
127.4466289999999873
21
-83.3186120000000017
0
LINE
8
BLACK
6
CONTINUOUS
10
127.4466289999999873
20
-83.3186120000000017
11
127.4198579999999907
21
-83.4531989999999979
0
LINE
8
BLACK
6
CONTINUOUS
10
127.4198579999999907
20
-83.4531989999999979
11
127.3673450000000003
21
-83.579977999999997
0
LINE
8
BLACK
6
CONTINUOUS
10
127.3673450000000003
20
-83.579977999999997
11
127.2911069999999967
21
-83.694074999999998
0
LINE
8
BLACK
6
CONTINUOUS
10
127.2911069999999967
20
-83.694074999999998
11
127.194074999999998
21
-83.7911069999999967
0
LINE
8
BLACK
6
CONTINUOUS
10
127.194074999999998
20
-83.7911069999999967
11
127.079977999999997
21
-83.8673450000000003
0
LINE
8
BLACK
6
CONTINUOUS
10
127.079977999999997
20
-83.8673450000000003
11
126.9531989999999979
21
-83.9198579999999907
0
LINE
8
BLACK
6
CONTINUOUS
10
126.9531989999999979
20
-83.9198579999999907
11
126.8186119999999875
21
-83.9466290000000015
0
LINE
8
BLACK
6
CONTINUOUS
10
126.8186119999999875
20
-83.9466290000000015
11
126.6813879999999983
21
-83.9466290000000015
0
LINE
8
BLACK
6
CONTINUOUS
10
126.6813879999999983
20
-83.9466290000000015
11
126.5468009999999879
21
-83.9198579999999907
0
LINE
8
BLACK
6
CONTINUOUS
10
126.5468009999999879
20
-83.9198579999999907
11
126.4200219999999888
21
-83.8673450000000003
0
LINE
8
BLACK
6
CONTINUOUS
10
126.4200219999999888
20
-83.8673450000000003
11
126.3059249999999878
21
-83.7911069999999967
0
LINE
8
BLACK
6
CONTINUOUS
10
126.3059249999999878
20
-83.7911069999999967
11
126.2088929999999891
21
-83.694074999999998
0
LINE
8
BLACK
6
CONTINUOUS
10
126.2088929999999891
20
-83.694074999999998
11
126.1326549999999997
21
-83.579977999999997
0
LINE
8
BLACK
6
CONTINUOUS
10
126.1326549999999997
20
-83.579977999999997
11
126.0801419999999951
21
-83.4531989999999979
0
LINE
8
BLACK
6
CONTINUOUS
10
126.0801419999999951
20
-83.4531989999999979
11
126.0533709999999985
21
-83.3186120000000017
0
LINE
8
BLACK
6
CONTINUOUS
10
126.0533709999999985
20
-83.3186120000000017
11
126.0533709999999985
21
-83.1813879999999983
0
LINE
8
BLACK
6
CONTINUOUS
10
126.0533709999999985
20
-83.1813879999999983
11
126.0801419999999951
21
-83.0468010000000021
0
LINE
8
BLACK
6
CONTINUOUS
10
126.0801419999999951
20
-83.0468010000000021
11
126.1326549999999997
21
-82.920022000000003
0
LINE
8
BLACK
6
CONTINUOUS
10
126.1326549999999997
20
-82.920022000000003
11
126.2088929999999891
21
-82.805925000000002
0
LINE
8
BLACK
6
CONTINUOUS
10
126.2088929999999891
20
-82.805925000000002
11
126.3059249999999878
21
-82.7088930000000033
0
LINE
8
BLACK
6
CONTINUOUS
10
126.3059249999999878
20
-82.7088930000000033
11
126.3499999999999943
21
-82.6794419999999946
0
LINE
8
BLACK
6
CONTINUOUS
10
126.3499999999999943
20
-82.6794419999999946
11
126.3499999999999943
21
-81.3121819999999929
0
LINE
8
BLACK
6
CONTINUOUS
10
126.3499999999999943
20
-81.3121819999999929
11
125.899998999999994
21
-81.3121829999999903
0
LINE
8
BLACK
6
CONTINUOUS
10
125.899998999999994
20
-81.3121829999999903
11
125.8043289999999956
21
-81.2931529999999896
0
LINE
8
BLACK
6
CONTINUOUS
10
125.8043289999999956
20
-81.2931529999999896
11
125.7232229999999902
21
-81.2389599999999916
0
LINE
8
BLACK
6
CONTINUOUS
10
125.7232229999999902
20
-81.2389599999999916
11
125.6690299999999922
21
-81.1578540000000004
0
LINE
8
BLACK
6
CONTINUOUS
10
125.6690299999999922
20
-81.1578540000000004
11
125.6500009999999889
21
-81.0621829999999903
0
LINE
8
BLACK
6
CONTINUOUS
10
125.6500009999999889
20
-81.0621829999999903
11
125.6499999999999915
21
-79.36218199999999
0
LINE
8
BLACK
6
CONTINUOUS
10
125.6499999999999915
20
-79.36218199999999
11
125.6690299999999922
21
-79.2665119999999916
0
LINE
8
BLACK
6
CONTINUOUS
10
125.6690299999999922
20
-79.2665119999999916
11
125.7232229999999902
21
-79.1854060000000004
0
LINE
8
BLACK
6
CONTINUOUS
10
125.7232229999999902
20
-79.1854060000000004
11
125.8043289999999956
21
-79.1312130000000025
0
LINE
8
BLACK
6
CONTINUOUS
10
125.8043289999999956
20
-79.1312130000000025
11
125.8999999999999915
21
-79.1121839999999992
0
LINE
8
BLACK
6
CONTINUOUS
10
125.8999999999999915
20
-79.1121839999999992
11
127.6000009999999918
21
-79.1121830000000017
0
LINE
8
BLACK
6
CONTINUOUS
10
127.6000009999999918
20
-79.1121830000000017
11
127.6956709999999902
21
-79.1312130000000025
0
LINE
8
BLACK
6
CONTINUOUS
10
127.0067899999999952
20
-76.6025759999999991
11
127.1709519999999998
21
-76.6559159999999906
0
LINE
8
BLACK
6
CONTINUOUS
10
127.1709519999999998
20
-76.6559159999999906
11
127.3247479999999996
21
-76.7342790000000008
0
LINE
8
BLACK
6
CONTINUOUS
10
127.3247479999999996
20
-76.7342790000000008
11
127.4643930000000012
21
-76.8357359999999971
0
LINE
8
BLACK
6
CONTINUOUS
10
127.4643930000000012
20
-76.8357359999999971
11
127.5864469999999926
21
-76.9577900000000028
0
LINE
8
BLACK
6
CONTINUOUS
10
127.5864469999999926
20
-76.9577900000000028
11
127.687903999999989
21
-77.0974349999999902
0
LINE
8
BLACK
6
CONTINUOUS
10
127.687903999999989
20
-77.0974349999999902
11
127.7662669999999991
21
-77.25123099999999
0
LINE
8
BLACK
6
CONTINUOUS
10
127.7662669999999991
20
-77.25123099999999
11
127.7730749999999915
21
-77.2721829999999983
0
LINE
8
BLACK
6
CONTINUOUS
10
127.7730749999999915
20
-77.2721829999999983
11
132.4550360000000069
21
-77.2721829999999983
0
LINE
8
BLACK
6
CONTINUOUS
10
132.4550360000000069
20
-77.2721829999999983
11
132.4603669999999909
21
-77.2593129999999917
0
LINE
8
BLACK
6
CONTINUOUS
10
132.4603669999999909
20
-77.2593129999999917
11
132.5529410000000041
21
-77.1207660000000033
0
LINE
8
BLACK
6
CONTINUOUS
10
132.5529410000000041
20
-77.1207660000000033
11
132.6707659999999862
21
-77.0029409999999928
0
LINE
8
BLACK
6
CONTINUOUS
10
132.6707659999999862
20
-77.0029409999999928
11
132.8093130000000031
21
-76.9103669999999937
0
LINE
8
BLACK
6
CONTINUOUS
10
132.8093130000000031
20
-76.9103669999999937
11
132.9632579999999962
21
-76.8466009999999926
0
LINE
8
BLACK
6
CONTINUOUS
10
132.9632579999999962
20
-76.8466009999999926
11
133.1266849999999806
21
-76.8140929999999997
0
LINE
8
BLACK
6
CONTINUOUS
10
133.1266849999999806
20
-76.8140929999999997
11
133.2933150000000069
21
-76.8140929999999997
0
LINE
8
BLACK
6
CONTINUOUS
10
133.2933150000000069
20
-76.8140929999999997
11
133.4567419999999913
21
-76.8466009999999926
0
LINE
8
BLACK
6
CONTINUOUS
10
133.4567419999999913
20
-76.8466009999999926
11
133.6106869999999844
21
-76.9103669999999937
0
LINE
8
BLACK
6
CONTINUOUS
10
133.6106869999999844
20
-76.9103669999999937
11
133.7492340000000013
21
-77.0029409999999928
0
LINE
8
BLACK
6
CONTINUOUS
10
133.7492340000000013
20
-77.0029409999999928
11
133.8670589999999834
21
-77.1207660000000033
0
LINE
8
BLACK
6
CONTINUOUS
10
133.8670589999999834
20
-77.1207660000000033
11
133.9596329999999966
21
-77.2593129999999917
0
LINE
8
BLACK
6
CONTINUOUS
10
133.9596329999999966
20
-77.2593129999999917
11
134.0233989999999835
21
-77.413257999999999
0
LINE
8
BLACK
6
CONTINUOUS
10
134.0233989999999835
20
-77.413257999999999
11
134.0559069999999906
21
-77.5766849999999977
0
LINE
8
BLACK
6
CONTINUOUS
10
134.0559069999999906
20
-77.5766849999999977
11
134.0559069999999906
21
-77.7433149999999955
0
LINE
8
BLACK
6
CONTINUOUS
10
134.0559069999999906
20
-77.7433149999999955
11
134.0233989999999835
21
-77.9067419999999942
0
LINE
8
BLACK
6
CONTINUOUS
10
134.0233989999999835
20
-77.9067419999999942
11
133.9596329999999966
21
-78.0606870000000015
0
LINE
8
BLACK
6
CONTINUOUS
10
133.9596329999999966
20
-78.0606870000000015
11
133.8670589999999834
21
-78.1992339999999899
0
LINE
8
BLACK
6
CONTINUOUS
10
133.8670589999999834
20
-78.1992339999999899
11
133.7492340000000013
21
-78.3170590000000004
0
LINE
8
BLACK
6
CONTINUOUS
10
133.7492340000000013
20
-78.3170590000000004
11
133.6106869999999844
21
-78.4096329999999995
0
LINE
8
BLACK
6
CONTINUOUS
10
133.6106869999999844
20
-78.4096329999999995
11
133.4567419999999913
21
-78.4733990000000006
0
LINE
8
BLACK
6
CONTINUOUS
10
133.4567419999999913
20
-78.4733990000000006
11
133.2933150000000069
21
-78.5059069999999934
0
LINE
8
BLACK
6
CONTINUOUS
10
133.2933150000000069
20
-78.5059069999999934
11
133.1266849999999806
21
-78.5059069999999934
0
LINE
8
BLACK
6
CONTINUOUS
10
133.1266849999999806
20
-78.5059069999999934
11
132.9632579999999962
21
-78.4733990000000006
0
LINE
8
BLACK
6
CONTINUOUS
10
132.9632579999999962
20
-78.4733990000000006
11
132.8093130000000031
21
-78.4096329999999995
0
LINE
8
BLACK
6
CONTINUOUS
10
132.8093130000000031
20
-78.4096329999999995
11
132.6707659999999862
21
-78.3170590000000004
0
LINE
8
BLACK
6
CONTINUOUS
10
132.6707659999999862
20
-78.3170590000000004
11
132.5529410000000041
21
-78.1992339999999899
0
LINE
8
BLACK
6
CONTINUOUS
10
132.5529410000000041
20
-78.1992339999999899
11
132.4680479999999818
21
-78.0721829999999954
0
LINE
8
BLACK
6
CONTINUOUS
10
132.4680479999999818
20
-78.0721829999999954
11
127.7730749999999915
21
-78.0721829999999954
0
LINE
8
BLACK
6
CONTINUOUS
10
127.7730749999999915
20
-78.0721829999999954
11
127.7662669999999991
21
-78.0931349999999895
0
LINE
8
BLACK
6
CONTINUOUS
10
127.7662669999999991
20
-78.0931349999999895
11
127.687903999999989
21
-78.2469310000000036
0
LINE
8
BLACK
6
CONTINUOUS
10
127.687903999999989
20
-78.2469310000000036
11
127.5864469999999926
21
-78.3865759999999909
0
LINE
8
BLACK
6
CONTINUOUS
10
127.5864469999999926
20
-78.3865759999999909
11
127.4643930000000012
21
-78.5086299999999966
0
LINE
8
BLACK
6
CONTINUOUS
10
127.4643930000000012
20
-78.5086299999999966
11
127.3247479999999996
21
-78.6100869999999929
0
LINE
8
BLACK
6
CONTINUOUS
10
127.3247479999999996
20
-78.6100869999999929
11
127.1709519999999998
21
-78.6884500000000031
0
LINE
8
BLACK
6
CONTINUOUS
10
127.1709519999999998
20
-78.6884500000000031
11
127.0067899999999952
21
-78.7417899999999946
0
LINE
8
BLACK
6
CONTINUOUS
10
127.0067899999999952
20
-78.7417899999999946
11
126.8363049999999959
21
-78.7687919999999906
0
LINE
8
BLACK
6
CONTINUOUS
10
126.8363049999999959
20
-78.7687919999999906
11
126.6636949999999899
21
-78.7687919999999906
0
LINE
8
BLACK
6
CONTINUOUS
10
126.6636949999999899
20
-78.7687919999999906
11
126.4932099999999906
21
-78.7417899999999946
0
LINE
8
BLACK
6
CONTINUOUS
10
126.4932099999999906
20
-78.7417899999999946
11
126.3290480000000002
21
-78.6884500000000031
0
LINE
8
BLACK
6
CONTINUOUS
10
126.3290480000000002
20
-78.6884500000000031
11
126.1752520000000004
21
-78.6100869999999929
0
LINE
8
BLACK
6
CONTINUOUS
10
126.1752520000000004
20
-78.6100869999999929
11
126.0356069999999988
21
-78.5086299999999966
0
LINE
8
BLACK
6
CONTINUOUS
10
126.0356069999999988
20
-78.5086299999999966
11
125.9135529999999932
21
-78.3865759999999909
0
LINE
8
BLACK
6
CONTINUOUS
10
125.9135529999999932
20
-78.3865759999999909
11
125.8120959999999968
21
-78.2469310000000036
0
LINE
8
BLACK
6
CONTINUOUS
10
125.8120959999999968
20
-78.2469310000000036
11
125.7337330000000009
21
-78.0931349999999895
0
LINE
8
BLACK
6
CONTINUOUS
10
125.7337330000000009
20
-78.0931349999999895
11
125.6803929999999951
21
-77.9289729999999992
0
LINE
8
BLACK
6
CONTINUOUS
10
125.6803929999999951
20
-77.9289729999999992
11
125.6533909999999992
21
-77.7584879999999998
0
LINE
8
BLACK
6
CONTINUOUS
10
125.6533909999999992
20
-77.7584879999999998
11
125.6533909999999992
21
-77.5858779999999939
0
LINE
8
BLACK
6
CONTINUOUS
10
125.6533909999999992
20
-77.5858779999999939
11
125.6803929999999951
21
-77.4153929999999946
0
LINE
8
BLACK
6
CONTINUOUS
10
125.6803929999999951
20
-77.4153929999999946
11
125.7337330000000009
21
-77.25123099999999
0
LINE
8
BLACK
6
CONTINUOUS
10
125.7337330000000009
20
-77.25123099999999
11
125.8120959999999968
21
-77.0974349999999902
0
LINE
8
BLACK
6
CONTINUOUS
10
125.8120959999999968
20
-77.0974349999999902
11
125.9135529999999932
21
-76.9577900000000028
0
LINE
8
BLACK
6
CONTINUOUS
10
125.9135529999999932
20
-76.9577900000000028
11
126.0356069999999988
21
-76.8357359999999971
0
LINE
8
BLACK
6
CONTINUOUS
10
126.0356069999999988
20
-76.8357359999999971
11
126.1752520000000004
21
-76.7342790000000008
0
LINE
8
BLACK
6
CONTINUOUS
10
126.1752520000000004
20
-76.7342790000000008
11
126.3290480000000002
21
-76.6559159999999906
0
LINE
8
BLACK
6
CONTINUOUS
10
126.3290480000000002
20
-76.6559159999999906
11
126.4932099999999906
21
-76.6025759999999991
0
LINE
8
BLACK
6
CONTINUOUS
10
126.4932099999999906
20
-76.6025759999999991
11
126.6636949999999899
21
-76.5755740000000031
0
LINE
8
BLACK
6
CONTINUOUS
10
126.6636949999999899
20
-76.5755740000000031
11
126.8363049999999959
21
-76.5755740000000031
0
LINE
8
BLACK
6
CONTINUOUS
10
126.8363049999999959
20
-76.5755740000000031
11
127.0067899999999952
21
-76.6025759999999991
0
LINE
8
BLACK
6
CONTINUOUS
10
162.4759809999999902
20
-78.7223419999999976
11
162.5502779999999916
21
-78.7471079999999972
0
LINE
8
BLACK
6
CONTINUOUS
10
162.5502779999999916
20
-78.7471079999999972
11
162.615634
21
-78.7902589999999918
0
LINE
8
BLACK
6
CONTINUOUS
10
162.615634
20
-78.7902589999999918
11
162.6675929999999823
21
-78.8488550000000004
0
LINE
8
BLACK
6
CONTINUOUS
10
162.6675929999999823
20
-78.8488550000000004
11
162.7026170000000036
21
-78.9189030000000002
0
LINE
8
BLACK
6
CONTINUOUS
10
162.7026170000000036
20
-78.9189030000000002
11
162.7183179999999822
21
-78.9956279999999964
0
LINE
8
BLACK
6
CONTINUOUS
10
162.7183179999999822
20
-78.9956279999999964
11
162.713626000000005
21
-79.0738029999999981
0
LINE
8
BLACK
6
CONTINUOUS
10
162.713626000000005
20
-79.0738029999999981
11
162.7036779999999965
21
-79.1117629999999963
0
LINE
8
BLACK
6
CONTINUOUS
10
162.7036779999999965
20
-79.1117629999999963
11
161.0370110000000068
21
-84.1117629999999963
0
LINE
8
BLACK
6
CONTINUOUS
10
161.0370110000000068
20
-84.1117629999999963
11
161.0361639999999852
21
-84.1138380000000012
0
LINE
8
BLACK
6
CONTINUOUS
10
161.0361639999999852
20
-84.1138380000000012
11
161.0359499999999855
21
-84.114886999999996
0
LINE
8
BLACK
6
CONTINUOUS
10
161.0359499999999855
20
-84.114886999999996
11
161.0347950000000026
21
-84.1171959999999928
0
LINE
8
BLACK
6
CONTINUOUS
10
161.0347950000000026
20
-84.1171959999999928
11
161.0221929999999873
21
-84.1480999999999995
0
LINE
8
BLACK
6
CONTINUOUS
10
161.0221929999999873
20
-84.1480999999999995
11
161.0104529999999841
21
-84.1658789999999897
0
LINE
8
BLACK
6
CONTINUOUS
10
161.0104529999999841
20
-84.1658789999999897
11
161.0009259999999927
21
-84.1849359999999933
0
LINE
8
BLACK
6
CONTINUOUS
10
161.0009259999999927
20
-84.1849359999999933
11
160.9889689999999973
21
-84.1984190000000012
0
LINE
8
BLACK
6
CONTINUOUS
10
160.9889689999999973
20
-84.1984190000000012
11
160.9790419999999926
21
-84.2134559999999937
0
LINE
8
BLACK
6
CONTINUOUS
10
160.9790419999999926
20
-84.2134559999999937
11
160.9631049999999846
21
-84.2275869999999998
0
LINE
8
BLACK
6
CONTINUOUS
10
160.9631049999999846
20
-84.2275869999999998
11
160.9489669999999819
21
-84.2435320000000019
0
LINE
8
BLACK
6
CONTINUOUS
10
160.9489669999999819
20
-84.2435320000000019
11
160.9339219999999955
21
-84.2534639999999939
0
LINE
8
BLACK
6
CONTINUOUS
10
160.9339219999999955
20
-84.2534639999999939
11
160.9204459999999983
21
-84.2654149999999902
0
LINE
8
BLACK
6
CONTINUOUS
10
160.9204459999999983
20
-84.2654149999999902
11
160.901393999999982
21
-84.2749400000000009
0
LINE
8
BLACK
6
CONTINUOUS
10
160.901393999999982
20
-84.2749400000000009
11
160.8836110000000019
21
-84.286681999999999
0
LINE
8
BLACK
6
CONTINUOUS
10
160.8836110000000019
20
-84.286681999999999
11
160.8665129999999976
21
-84.2923809999999918
0
LINE
8
BLACK
6
CONTINUOUS
10
160.8665129999999976
20
-84.2923809999999918
11
160.8503979999999842
21
-84.3004389999999972
0
LINE
8
BLACK
6
CONTINUOUS
10
160.8503979999999842
20
-84.3004389999999972
11
160.8295279999999821
21
-84.3047090000000026
0
LINE
8
BLACK
6
CONTINUOUS
10
160.8295279999999821
20
-84.3047090000000026
11
160.8093140000000005
21
-84.3114479999999986
0
LINE
8
BLACK
6
CONTINUOUS
10
160.8093140000000005
20
-84.3114479999999986
11
160.7913230000000055
21
-84.3125280000000004
0
LINE
8
BLACK
6
CONTINUOUS
10
160.7913230000000055
20
-84.3125280000000004
11
160.7736730000000023
21
-84.3161399999999901
0
LINE
8
BLACK
6
CONTINUOUS
10
160.7736730000000023
20
-84.3161399999999901
11
160.7524119999999925
21
-84.3148630000000026
0
LINE
8
BLACK
6
CONTINUOUS
10
160.7524119999999925
20
-84.3148630000000026
11
160.7311389999999847
21
-84.3161410000000018
0
LINE
8
BLACK
6
CONTINUOUS
10
160.7311389999999847
20
-84.3161410000000018
11
160.7134800000000041
21
-84.3125270000000029
0
LINE
8
BLACK
6
CONTINUOUS
10
160.7134800000000041
20
-84.3125270000000029
11
160.6954979999999864
21
-84.3114479999999986
0
LINE
8
BLACK
6
CONTINUOUS
10
160.6954979999999864
20
-84.3114479999999986
11
160.6752909999999872
21
-84.304711999999995
0
LINE
8
BLACK
6
CONTINUOUS
10
160.6752909999999872
20
-84.304711999999995
11
160.6544140000000027
21
-84.3004399999999947
0
LINE
8
BLACK
6
CONTINUOUS
10
160.6544140000000027
20
-84.3004399999999947
11
160.6382919999999785
21
-84.2923789999999968
0
LINE
8
BLACK
6
CONTINUOUS
10
160.6382919999999785
20
-84.2923789999999968
11
160.621200999999985
21
-84.286681999999999
0
LINE
8
BLACK
6
CONTINUOUS
10
160.621200999999985
20
-84.286681999999999
11
160.6034249999999872
21
-84.2749450000000024
0
LINE
8
BLACK
6
CONTINUOUS
10
160.6034249999999872
20
-84.2749450000000024
11
160.5843659999999886
21
-84.2654160000000019
0
LINE
8
BLACK
6
CONTINUOUS
10
160.5843659999999886
20
-84.2654160000000019
11
160.5708819999999832
21
-84.2534589999999923
0
LINE
8
BLACK
6
CONTINUOUS
10
160.5708819999999832
20
-84.2534589999999923
11
160.555845000000005
21
-84.2435309999999902
0
LINE
8
BLACK
6
CONTINUOUS
10
160.555845000000005
20
-84.2435309999999902
11
160.5417109999999923
21
-84.2275920000000013
0
LINE
8
BLACK
6
CONTINUOUS
10
160.5417109999999923
20
-84.2275920000000013
11
160.5257699999999943
21
-84.2134559999999937
0
LINE
8
BLACK
6
CONTINUOUS
10
160.5257699999999943
20
-84.2134559999999937
11
160.5158380000000022
21
-84.1984139999999996
0
LINE
8
BLACK
6
CONTINUOUS
10
160.5158380000000022
20
-84.1984139999999996
11
160.5038859999999943
21
-84.1849349999999959
0
LINE
8
BLACK
6
CONTINUOUS
10
160.5038859999999943
20
-84.1849349999999959
11
160.4943609999999978
21
-84.1658850000000029
0
LINE
8
BLACK
6
CONTINUOUS
10
160.4943609999999978
20
-84.1658850000000029
11
160.4826189999999997
21
-84.1481009999999969
0
LINE
8
BLACK
6
CONTINUOUS
10
160.4826189999999997
20
-84.1481009999999969
11
160.4700139999999919
21
-84.1171920000000028
0
LINE
8
BLACK
6
CONTINUOUS
10
160.4700139999999919
20
-84.1171920000000028
11
160.4688620000000014
21
-84.114886999999996
0
LINE
8
BLACK
6
CONTINUOUS
10
160.4688620000000014
20
-84.114886999999996
11
160.4686470000000043
21
-84.1138399999999962
0
LINE
8
BLACK
6
CONTINUOUS
10
160.4686470000000043
20
-84.1138399999999962
11
160.4678009999999801
21
-84.1117639999999938
0
LINE
8
BLACK
6
CONTINUOUS
10
160.4678009999999801
20
-84.1117639999999938
11
158.8011349999999879
21
-79.1117629999999963
0
LINE
8
BLACK
6
CONTINUOUS
10
158.8011349999999879
20
-79.1117629999999963
11
158.7911869999999794
21
-79.0738029999999981
0
LINE
8
BLACK
6
CONTINUOUS
10
158.7911869999999794
20
-79.0738029999999981
11
158.7864950000000022
21
-78.9956279999999964
0
LINE
8
BLACK
6
CONTINUOUS
10
158.7864950000000022
20
-78.9956279999999964
11
158.8021959999999808
21
-78.9189030000000002
0
LINE
8
BLACK
6
CONTINUOUS
10
158.8021959999999808
20
-78.9189030000000002
11
158.8372200000000021
21
-78.8488550000000004
0
LINE
8
BLACK
6
CONTINUOUS
10
158.8372200000000021
20
-78.8488550000000004
11
158.8891789999999844
21
-78.7902589999999918
0
LINE
8
BLACK
6
CONTINUOUS
10
158.8891789999999844
20
-78.7902589999999918
11
158.9545349999999928
21
-78.7471079999999972
0
LINE
8
BLACK
6
CONTINUOUS
10
158.9545349999999928
20
-78.7471079999999972
11
159.0288319999999942
21
-78.7223419999999976
0
LINE
8
BLACK
6
CONTINUOUS
10
159.0288319999999942
20
-78.7223419999999976
11
159.1070069999999816
21
-78.7176499999999919
0
LINE
8
BLACK
6
CONTINUOUS
10
159.1070069999999816
20
-78.7176499999999919
11
159.183731999999992
21
-78.733350999999999
0
LINE
8
BLACK
6
CONTINUOUS
10
159.183731999999992
20
-78.733350999999999
11
159.2537800000000061
21
-78.7683749999999918
0
LINE
8
BLACK
6
CONTINUOUS
10
159.2537800000000061
20
-78.7683749999999918
11
159.3123760000000004
21
-78.8203340000000026
0
LINE
8
BLACK
6
CONTINUOUS
10
159.3123760000000004
20
-78.8203340000000026
11
159.355526999999995
21
-78.8856899999999968
0
LINE
8
BLACK
6
CONTINUOUS
10
159.355526999999995
20
-78.8856899999999968
11
159.3703449999999862
21
-78.9220269999999999
0
LINE
8
BLACK
6
CONTINUOUS
10
159.3703449999999862
20
-78.9220269999999999
11
160.7524059999999793
21
-83.0682109999999909
0
LINE
8
BLACK
6
CONTINUOUS
10
160.7524059999999793
20
-83.0682109999999909
11
162.1344679999999983
21
-78.9220269999999999
0
LINE
8
BLACK
6
CONTINUOUS
10
162.1344679999999983
20
-78.9220269999999999
11
162.1492859999999894
21
-78.8856899999999968
0
LINE
8
BLACK
6
CONTINUOUS
10
162.1492859999999894
20
-78.8856899999999968
11
162.192436999999984
21
-78.8203340000000026
0
LINE
8
BLACK
6
CONTINUOUS
10
162.192436999999984
20
-78.8203340000000026
11
162.2510330000000067
21
-78.7683749999999918
0
LINE
8
BLACK
6
CONTINUOUS
10
162.2510330000000067
20
-78.7683749999999918
11
162.3210809999999924
21
-78.733350999999999
0
LINE
8
BLACK
6
CONTINUOUS
10
162.3210809999999924
20
-78.733350999999999
11
162.3978060000000028
21
-78.7176489999999944
0
LINE
8
BLACK
6
CONTINUOUS
10
162.3978060000000028
20
-78.7176489999999944
11
162.4759809999999902
21
-78.7223419999999976
0
LINE
8
BLACK
6
CONTINUOUS
10
182.6925389999999823
20
-64.7701849999999979
11
182.7382939999999962
21
-64.8229889999999926
0
LINE
8
BLACK
6
CONTINUOUS
10
182.7382939999999962
20
-64.8229889999999926
11
182.7494999999999834
21
-64.8744999999999976
0
LINE
8
BLACK
6
CONTINUOUS
10
182.7494999999999834
20
-64.8744999999999976
11
182.7494999999999834
21
-120.6254999999999882
0
LINE
8
BLACK
6
CONTINUOUS
10
182.7494999999999834
20
-120.6254999999999882
11
182.7298150000000021
21
-120.6925389999999965
0
LINE
8
BLACK
6
CONTINUOUS
10
182.7298150000000021
20
-120.6925389999999965
11
182.6770109999999931
21
-120.7382939999999962
0
LINE
8
BLACK
6
CONTINUOUS
10
182.6770109999999931
20
-120.7382939999999962
11
182.6254999999999882
21
-120.7494999999999976
0
LINE
8
BLACK
6
CONTINUOUS
10
182.6254999999999882
20
-120.7494999999999976
11
117.8744999999999976
21
-120.7494999999999976
0
LINE
8
BLACK
6
CONTINUOUS
10
117.8744999999999976
20
-120.7494999999999976
11
117.8074609999999893
21
-120.7298149999999879
0
LINE
8
BLACK
6
CONTINUOUS
10
117.8074609999999893
20
-120.7298149999999879
11
117.7617059999999896
21
-120.6770109999999931
0
LINE
8
BLACK
6
CONTINUOUS
10
117.7617059999999896
20
-120.6770109999999931
11
117.7504999999999882
21
-120.6254999999999882
0
LINE
8
BLACK
6
CONTINUOUS
10
117.7504999999999882
20
-120.6254999999999882
11
117.7504999999999882
21
-75.9055129999999991
0
LINE
8
BLACK
6
CONTINUOUS
10
117.7504999999999882
20
-75.9055129999999991
11
117.7504999999999882
21
-64.8744999999999976
0
LINE
8
BLACK
6
CONTINUOUS
10
117.7504999999999882
20
-64.8744999999999976
11
117.7701849999999979
21
-64.8074610000000035
0
LINE
8
BLACK
6
CONTINUOUS
10
117.7701849999999979
20
-64.8074610000000035
11
117.8229889999999926
21
-64.7617060000000038
0
LINE
8
BLACK
6
CONTINUOUS
10
117.8229889999999926
20
-64.7617060000000038
11
117.8744999999999976
21
-64.7505000000000024
0
LINE
8
BLACK
6
CONTINUOUS
10
117.8744999999999976
20
-64.7505000000000024
11
182.6254999999999882
21
-64.7505000000000024
0
LINE
8
BLACK
6
CONTINUOUS
10
182.6254999999999882
20
-64.7505000000000024
11
182.6925389999999823
21
-64.7701849999999979
0
LINE
8
BLACK
6
CONTINUOUS
10
122.0494999999999948
20
-92.9644859999999937
11
122.0790590000000009
21
-93.1511179999999968
0
LINE
8
BLACK
6
CONTINUOUS
10
122.0790590000000009
20
-93.1511179999999968
11
122.1374539999999911
21
-93.3308359999999908
0
LINE
8
BLACK
6
CONTINUOUS
10
122.1374539999999911
20
-93.3308359999999908
11
122.2232399999999899
21
-93.4991989999999902
0
LINE
8
BLACK
6
CONTINUOUS
10
122.2232399999999899
20
-93.4991989999999902
11
122.3343099999999879
21
-93.6520739999999989
0
LINE
8
BLACK
6
CONTINUOUS
10
122.3343099999999879
20
-93.6520739999999989
11
127.9679269999999889
21
-99.2856900000000024
0
LINE
8
BLACK
6
CONTINUOUS
10
127.9679269999999889
20
-99.2856900000000024
11
128.1208010000000002
21
-99.3967600000000004
0
LINE
8
BLACK
6
CONTINUOUS
10
128.1208010000000002
20
-99.3967600000000004
11
128.1863940000000071
21
-99.4301809999999904
0
LINE
8
BLACK
6
CONTINUOUS
10
128.1863940000000071
20
-99.4301809999999904
11
128.2891630000000021
21
-99.4825450000000018
0
LINE
8
BLACK
6
CONTINUOUS
10
128.2891630000000021
20
-99.4825450000000018
11
128.289164999999997
21
-99.4825450000000018
0
LINE
8
BLACK
6
CONTINUOUS
10
128.289164999999997
20
-99.4825450000000018
11
128.2891679999999894
21
-99.4825469999999967
0
LINE
8
BLACK
6
CONTINUOUS
10
128.2891679999999894
20
-99.4825469999999967
11
128.3854969999999867
21
-99.5138460000000009
0
LINE
8
BLACK
6
CONTINUOUS
10
128.3854969999999867
20
-99.5138460000000009
11
128.4688809999999819
21
-99.540939999999992
0
LINE
8
BLACK
6
CONTINUOUS
10
128.4688809999999819
20
-99.540939999999992
11
128.6555139999999824
21
-99.5704999999999956
0
LINE
8
BLACK
6
CONTINUOUS
10
128.6555139999999824
20
-99.5704999999999956
11
128.6555189999999982
21
-99.5704999999999956
0
LINE
8
BLACK
6
CONTINUOUS
10
128.6555189999999982
20
-99.5704999999999956
11
128.8444819999999993
21
-99.5704999999999956
0
LINE
8
BLACK
6
CONTINUOUS
10
128.8444819999999993
20
-99.5704999999999956
11
129.0992530000000045
21
-99.5704999999999956
0
LINE
8
BLACK
6
CONTINUOUS
10
129.0992530000000045
20
-99.5704999999999956
11
129.1662919999999986
21
-99.5901849999999911
0
LINE
8
BLACK
6
CONTINUOUS
10
129.1662919999999986
20
-99.5901849999999911
11
129.1721379999999897
21
-99.5941819999999893
0
LINE
8
BLACK
6
CONTINUOUS
10
129.1721379999999897
20
-99.5941819999999893
11
129.2462209999999914
21
-99.6480059999999952
0
LINE
8
BLACK
6
CONTINUOUS
10
129.2462209999999914
20
-99.6480059999999952
11
129.2535670000000039
21
-99.6533429999999925
0
LINE
8
BLACK
6
CONTINUOUS
10
129.2535670000000039
20
-99.6533429999999925
11
129.3656969999999831
21
-99.7104759999999999
0
LINE
8
BLACK
6
CONTINUOUS
10
129.3656969999999831
20
-99.7104759999999999
11
129.4640029999999911
21
-99.7605659999999972
0
LINE
8
BLACK
6
CONTINUOUS
10
129.4640029999999911
20
-99.7605659999999972
11
129.464004999999986
21
-99.7605659999999972
0
LINE
8
BLACK
6
CONTINUOUS
10
129.464004999999986
20
-99.7605659999999972
11
129.4640080000000069
21
-99.7605679999999921
0
LINE
8
BLACK
6
CONTINUOUS
10
129.4640080000000069
20
-99.7605679999999921
11
129.5775280000000009
21
-99.7974529999999902
0
LINE
8
BLACK
6
CONTINUOUS
10
129.5775280000000009
20
-99.7974529999999902
11
129.6886309999999867
21
-99.8335529999999949
0
LINE
8
BLACK
6
CONTINUOUS
10
129.6886309999999867
20
-99.8335529999999949
11
129.9219029999999862
21
-99.8704999999999927
0
LINE
8
BLACK
6
CONTINUOUS
10
129.9219029999999862
20
-99.8704999999999927
11
129.9219080000000019
21
-99.8704999999999927
0
LINE
8
BLACK
6
CONTINUOUS
10
129.9219080000000019
20
-99.8704999999999927
11
130.1580969999999979
21
-99.8704999999999927
0
LINE
8
BLACK
6
CONTINUOUS
10
130.1580969999999979
20
-99.8704999999999927
11
130.3913679999999999
21
-99.8335529999999949
0
LINE
8
BLACK
6
CONTINUOUS
10
130.3913679999999999
20
-99.8335529999999949
11
130.6159920000000056
21
-99.7605679999999921
0
LINE
8
BLACK
6
CONTINUOUS
10
130.6159920000000056
20
-99.7605679999999921
11
130.8264329999999802
21
-99.6533429999999925
0
LINE
8
BLACK
6
CONTINUOUS
10
130.8264329999999802
20
-99.6533429999999925
11
131.0175099999999873
21
-99.5145169999999979
0
LINE
8
BLACK
6
CONTINUOUS
10
131.0175099999999873
20
-99.5145169999999979
11
131.1845169999999996
21
-99.3475099999999998
0
LINE
8
BLACK
6
CONTINUOUS
10
131.1845169999999996
20
-99.3475099999999998
11
131.3233429999999942
21
-99.1564329999999927
0
LINE
8
BLACK
6
CONTINUOUS
10
131.3233429999999942
20
-99.1564329999999927
11
131.4305679999999938
21
-98.9459919999999897
0
LINE
8
BLACK
6
CONTINUOUS
10
131.4305679999999938
20
-98.9459919999999897
11
131.5035529999999824
21
-98.7213679999999982
0
LINE
8
BLACK
6
CONTINUOUS
10
131.5035529999999824
20
-98.7213679999999982
11
131.5161889999999971
21
-98.6415870000000012
0
LINE
8
BLACK
6
CONTINUOUS
10
131.5161889999999971
20
-98.6415870000000012
11
131.5404999999999802
21
-98.4880969999999962
0
LINE
8
BLACK
6
CONTINUOUS
10
131.5404999999999802
20
-98.4880969999999962
11
131.5404999999999802
21
-98.2519020000000012
0
LINE
8
BLACK
6
CONTINUOUS
10
131.5404999999999802
20
-98.2519020000000012
11
131.5035529999999824
21
-98.0186309999999992
0
LINE
8
BLACK
6
CONTINUOUS
10
131.5035529999999824
20
-98.0186309999999992
11
131.4305659999999989
21
-97.7940029999999894
0
LINE
8
BLACK
6
CONTINUOUS
10
131.4305659999999989
20
-97.7940029999999894
11
131.3233419999999967
21
-97.5835659999999905
0
LINE
8
BLACK
6
CONTINUOUS
10
131.3233419999999967
20
-97.5835659999999905
11
131.1845169999999996
21
-97.3924899999999951
0
LINE
8
BLACK
6
CONTINUOUS
10
131.1845169999999996
20
-97.3924899999999951
11
131.0175099999999873
21
-97.225482999999997
0
LINE
8
BLACK
6
CONTINUOUS
10
131.0175099999999873
20
-97.225482999999997
11
130.8264329999999802
21
-97.0866570000000024
0
LINE
8
BLACK
6
CONTINUOUS
10
130.8264329999999802
20
-97.0866570000000024
11
130.805216999999999
21
-97.075846999999996
0
LINE
8
BLACK
6
CONTINUOUS
10
130.805216999999999
20
-97.075846999999996
11
130.6159959999999955
21
-96.9794330000000002
0
LINE
8
BLACK
6
CONTINUOUS
10
130.6159959999999955
20
-96.9794330000000002
11
130.3913679999999999
21
-96.9064460000000025
0
LINE
8
BLACK
6
CONTINUOUS
10
130.3913679999999999
20
-96.9064460000000025
11
130.1580969999999979
21
-96.8695000000000022
0
LINE
8
BLACK
6
CONTINUOUS
10
130.1580969999999979
20
-96.8695000000000022
11
130.1580919999999821
21
-96.8695000000000022
0
LINE
8
BLACK
6
CONTINUOUS
10
130.1580919999999821
20
-96.8695000000000022
11
129.9219080000000019
21
-96.8695000000000022
0
LINE
8
BLACK
6
CONTINUOUS
10
129.9219080000000019
20
-96.8695000000000022
11
129.9219029999999862
21
-96.8695000000000022
0
LINE
8
BLACK
6
CONTINUOUS
10
129.9219029999999862
20
-96.8695000000000022
11
129.6886309999999867
21
-96.9064460000000025
0
LINE
8
BLACK
6
CONTINUOUS
10
129.6886309999999867
20
-96.9064460000000025
11
129.4640029999999911
21
-96.9794330000000002
0
LINE
8
BLACK
6
CONTINUOUS
10
129.4640029999999911
20
-96.9794330000000002
11
129.2747819999999876
21
-97.075846999999996
0
LINE
8
BLACK
6
CONTINUOUS
10
129.2747819999999876
20
-97.075846999999996
11
129.2061119999999903
21
-97.0887429999999938
0
LINE
8
BLACK
6
CONTINUOUS
10
129.2061119999999903
20
-97.0887429999999938
11
129.1413719999999898
21
-97.0624669999999981
0
LINE
8
BLACK
6
CONTINUOUS
10
129.1413719999999898
20
-97.0624669999999981
11
129.1308060000000069
21
-97.0530430000000024
0
LINE
8
BLACK
6
CONTINUOUS
10
129.1308060000000069
20
-97.0530430000000024
11
126.8126419999999968
21
-94.7348789999999923
0
LINE
8
BLACK
6
CONTINUOUS
10
126.8126419999999968
20
-94.7348789999999923
11
124.486818999999997
21
-92.4090549999999951
0
LINE
8
BLACK
6
CONTINUOUS
10
124.486818999999997
20
-92.4090549999999951
11
124.4533339999999981
21
-92.3477319999999935
0
LINE
8
BLACK
6
CONTINUOUS
10
124.4533339999999981
20
-92.3477319999999935
11
124.450499999999991
21
-92.3213739999999916
0
LINE
8
BLACK
6
CONTINUOUS
10
124.450499999999991
20
-92.3213739999999916
11
124.450499999999991
21
-76.5486250000000013
0
LINE
8
BLACK
6
CONTINUOUS
10
124.450499999999991
20
-76.5486250000000013
11
124.4701850000000007
21
-76.481585999999993
0
LINE
8
BLACK
6
CONTINUOUS
10
124.4701850000000007
20
-76.481585999999993
11
124.486818999999997
21
-76.4609439999999978
0
LINE
8
BLACK
6
CONTINUOUS
10
124.486818999999997
20
-76.4609439999999978
11
126.8009440000000012
21
-74.1468189999999936
0
LINE
8
BLACK
6
CONTINUOUS
10
126.8009440000000012
20
-74.1468189999999936
11
126.8622669999999886
21
-74.1133339999999947
0
LINE
8
BLACK
6
CONTINUOUS
10
126.8622669999999886
20
-74.1133339999999947
11
126.8886249999999905
21
-74.1105000000000018
0
LINE
8
BLACK
6
CONTINUOUS
10
126.8886249999999905
20
-74.1105000000000018
11
135.5313739999999996
21
-74.1105000000000018
0
LINE
8
BLACK
6
CONTINUOUS
10
135.5313739999999996
20
-74.1105000000000018
11
135.5984129999999936
21
-74.1301849999999973
0
LINE
8
BLACK
6
CONTINUOUS
10
135.5984129999999936
20
-74.1301849999999973
11
135.619055000000003
21
-74.1468189999999936
0
LINE
8
BLACK
6
CONTINUOUS
10
135.619055000000003
20
-74.1468189999999936
11
137.5001239999999996
21
-76.0278879999999901
0
LINE
8
BLACK
6
CONTINUOUS
10
137.5001239999999996
20
-76.0278879999999901
11
137.5336089999999842
21
-76.0892109999999917
0
LINE
8
BLACK
6
CONTINUOUS
10
137.5336089999999842
20
-76.0892109999999917
11
137.5286250000000052
21
-76.1589029999999951
0
LINE
8
BLACK
6
CONTINUOUS
10
137.5286250000000052
20
-76.1589029999999951
11
137.4867529999999931
21
-76.2148359999999911
0
LINE
8
BLACK
6
CONTINUOUS
10
137.4867529999999931
20
-76.2148359999999911
11
137.4687389999999994
21
-76.2260529999999932
0
LINE
8
BLACK
6
CONTINUOUS
10
137.4687389999999994
20
-76.2260529999999932
11
137.4249470000000031
21
-76.2483659999999901
0
LINE
8
BLACK
6
CONTINUOUS
10
137.4249470000000031
20
-76.2483659999999901
11
137.2147740000000056
21
-76.4010660000000001
0
LINE
8
BLACK
6
CONTINUOUS
10
137.2147740000000056
20
-76.4010660000000001
11
137.2147679999999923
21
-76.4010710000000017
0
LINE
8
BLACK
6
CONTINUOUS
10
137.2147679999999923
20
-76.4010710000000017
11
137.0310709999999972
21
-76.5847679999999968
0
LINE
8
BLACK
6
CONTINUOUS
10
137.0310709999999972
20
-76.5847679999999968
11
137.0310659999999814
21
-76.5847739999999959
0
LINE
8
BLACK
6
CONTINUOUS
10
137.0310659999999814
20
-76.5847739999999959
11
136.8783659999999998
21
-76.7949469999999934
0
LINE
8
BLACK
6
CONTINUOUS
10
136.8783659999999998
20
-76.7949469999999934
11
136.7935349999999914
21
-76.9614349999999945
0
LINE
8
BLACK
6
CONTINUOUS
10
136.7935349999999914
20
-76.9614349999999945
11
136.7707319999999811
21
-76.9928199999999947
0
LINE
8
BLACK
6
CONTINUOUS
10
136.7707319999999811
20
-76.9928199999999947
11
136.5009819999999934
21
-77.2625689999999992
0
LINE
8
BLACK
6
CONTINUOUS
10
136.5009819999999934
20
-77.2625689999999992
11
136.563399000000004
21
-77.413257999999999
0
LINE
8
BLACK
6
CONTINUOUS
10
136.563399000000004
20
-77.413257999999999
11
136.5959069999999826
21
-77.5766849999999977
0
LINE
8
BLACK
6
CONTINUOUS
10
136.5959069999999826
20
-77.5766849999999977
11
136.5959069999999826
21
-77.7433149999999955
0
LINE
8
BLACK
6
CONTINUOUS
10
136.5959069999999826
20
-77.7433149999999955
11
136.563399000000004
21
-77.9067419999999942
0
LINE
8
BLACK
6
CONTINUOUS
10
136.563399000000004
20
-77.9067419999999942
11
136.5009819999999934
21
-78.0574280000000016
0
LINE
8
BLACK
6
CONTINUOUS
10
136.5009819999999934
20
-78.0574280000000016
11
136.7707319999999811
21
-78.3271780000000035
0
LINE
8
BLACK
6
CONTINUOUS
10
136.7707319999999811
20
-78.3271780000000035
11
136.7935359999999889
21
-78.3585640000000012
0
LINE
8
BLACK
6
CONTINUOUS
10
136.7935359999999889
20
-78.3585640000000012
11
136.8730170000000044
21
-78.5145539999999897
0
LINE
8
BLACK
6
CONTINUOUS
10
136.8730170000000044
20
-78.5145539999999897
11
136.8783679999999947
21
-78.5250539999999972
0
LINE
8
BLACK
6
CONTINUOUS
10
136.8783679999999947
20
-78.5250539999999972
11
137.0310659999999814
21
-78.7352249999999998
0
LINE
8
BLACK
6
CONTINUOUS
10
137.0310659999999814
20
-78.7352249999999998
11
137.0310709999999972
21
-78.7352309999999989
0
LINE
8
BLACK
6
CONTINUOUS
10
137.0310709999999972
20
-78.7352309999999989
11
137.053180999999995
21
-78.7573409999999967
0
LINE
8
BLACK
6
CONTINUOUS
10
137.053180999999995
20
-78.7573409999999967
11
137.0866659999999797
21
-78.8186639999999983
0
LINE
8
BLACK
6
CONTINUOUS
10
137.0866659999999797
20
-78.8186639999999983
11
137.0894999999999868
21
-78.8450220000000002
0
LINE
8
BLACK
6
CONTINUOUS
10
137.0894999999999868
20
-78.8450220000000002
11
137.0894999999999868
21
-78.8844859999999954
0
LINE
8
BLACK
6
CONTINUOUS
10
137.0894999999999868
20
-78.8844859999999954
11
137.1190589999999929
21
-79.0711179999999985
0
LINE
8
BLACK
6
CONTINUOUS
10
137.1190589999999929
20
-79.0711179999999985
11
137.1774539999999831
21
-79.2508359999999925
0
LINE
8
BLACK
6
CONTINUOUS
10
137.1774539999999831
20
-79.2508359999999925
11
137.2632399999999961
21
-79.4191989999999919
0
LINE
8
BLACK
6
CONTINUOUS
10
137.2632399999999961
20
-79.4191989999999919
11
137.3743099999999799
21
-79.5720740000000006
0
LINE
8
BLACK
6
CONTINUOUS
10
137.3743099999999799
20
-79.5720740000000006
11
138.4679260000000056
21
-80.6656899999999979
0
LINE
8
BLACK
6
CONTINUOUS
10
138.4679260000000056
20
-80.6656899999999979
11
138.6208010000000002
21
-80.7767599999999959
0
LINE
8
BLACK
6
CONTINUOUS
10
138.6208010000000002
20
-80.7767599999999959
11
138.7891679999999894
21
-80.8625469999999922
0
LINE
8
BLACK
6
CONTINUOUS
10
138.7891679999999894
20
-80.8625469999999922
11
138.9688820000000078
21
-80.9209400000000016
0
LINE
8
BLACK
6
CONTINUOUS
10
138.9688820000000078
20
-80.9209400000000016
11
139.0388700000000028
21
-80.9320249999999959
0
LINE
8
BLACK
6
CONTINUOUS
10
139.0388700000000028
20
-80.9320249999999959
11
139.1555129999999849
21
-80.950499999999991
0
LINE
8
BLACK
6
CONTINUOUS
10
139.1555129999999849
20
-80.950499999999991
11
139.1555180000000007
21
-80.950499999999991
0
LINE
8
BLACK
6
CONTINUOUS
10
139.1555180000000007
20
-80.950499999999991
11
139.1555189999999982
21
-80.950499999999991
0
LINE
8
BLACK
6
CONTINUOUS
10
139.1555189999999982
20
-80.950499999999991
11
139.1601819999999918
21
-80.950499999999991
0
LINE
8
BLACK
6
CONTINUOUS
10
139.1601819999999918
20
-80.950499999999991
11
139.2272209999999859
21
-80.9701850000000007
0
LINE
8
BLACK
6
CONTINUOUS
10
139.2272209999999859
20
-80.9701850000000007
11
139.2729759999999999
21
-81.0229889999999955
0
LINE
8
BLACK
6
CONTINUOUS
10
139.2729759999999999
20
-81.0229889999999955
11
139.2829199999999901
21
-81.0921469999999971
0
LINE
8
BLACK
6
CONTINUOUS
10
139.2829199999999901
20
-81.0921469999999971
11
139.2604969999999867
21
-81.1473900000000015
0
LINE
8
BLACK
6
CONTINUOUS
10
139.2604969999999867
20
-81.1473900000000015
11
139.2577110000000005
21
-81.1512239999999991
0
LINE
8
BLACK
6
CONTINUOUS
10
139.2577110000000005
20
-81.1512239999999991
11
139.153917000000007
21
-81.3549289999999985
0
LINE
8
BLACK
6
CONTINUOUS
10
139.153917000000007
20
-81.3549289999999985
11
139.083264999999983
21
-81.5723709999999897
0
LINE
8
BLACK
6
CONTINUOUS
10
139.083264999999983
20
-81.5723709999999897
11
139.0614679999999908
21
-81.7099999999999937
0
LINE
8
BLACK
6
CONTINUOUS
10
139.0614679999999908
20
-81.7099999999999937
11
139.5737959999999873
21
-81.7099999999999937
0
LINE
8
BLACK
6
CONTINUOUS
10
139.5737959999999873
20
-81.7099999999999937
11
139.5885140000000035
21
-81.6360039999999998
0
LINE
8
BLACK
6
CONTINUOUS
10
139.5885140000000035
20
-81.6360039999999998
11
139.6599699999999871
21
-81.4634949999999947
0
LINE
8
BLACK
6
CONTINUOUS
10
139.6599699999999871
20
-81.4634949999999947
11
139.7637079999999798
21
-81.3082399999999978
0
LINE
8
BLACK
6
CONTINUOUS
10
139.7637079999999798
20
-81.3082399999999978
11
139.8957399999999893
21
-81.1762080000000026
0
LINE
8
BLACK
6
CONTINUOUS
10
139.8957399999999893
20
-81.1762080000000026
11
140.0509950000000003
21
-81.0724699999999956
0
LINE
8
BLACK
6
CONTINUOUS
10
140.0509950000000003
20
-81.0724699999999956
11
140.2235039999999913
21
-81.0010139999999978
0
LINE
8
BLACK
6
CONTINUOUS
10
140.2235039999999913
20
-81.0010139999999978
11
140.4066389999999842
21
-80.9645869999999945
0
LINE
8
BLACK
6
CONTINUOUS
10
140.4066389999999842
20
-80.9645869999999945
11
140.5933609999999874
21
-80.9645869999999945
0
LINE
8
BLACK
6
CONTINUOUS
10
140.5933609999999874
20
-80.9645869999999945
11
140.7764959999999803
21
-81.0010139999999978
0
LINE
8
BLACK
6
CONTINUOUS
10
140.7764959999999803
20
-81.0010139999999978
11
140.9490049999999997
21
-81.0724699999999956
0
LINE
8
BLACK
6
CONTINUOUS
10
140.9490049999999997
20
-81.0724699999999956
11
141.1042599999999823
21
-81.1762080000000026
0
LINE
8
BLACK
6
CONTINUOUS
10
141.1042599999999823
20
-81.1762080000000026
11
141.2362919999999917
21
-81.3082399999999978
0
LINE
8
BLACK
6
CONTINUOUS
10
141.2362919999999917
20
-81.3082399999999978
11
141.3400299999999845
21
-81.4634949999999947
0
LINE
8
BLACK
6
CONTINUOUS
10
141.3400299999999845
20
-81.4634949999999947
11
141.4114859999999965
21
-81.6360039999999998
0
LINE
8
BLACK
6
CONTINUOUS
10
141.4114859999999965
20
-81.6360039999999998
11
141.4479129999999998
21
-81.8191389999999927
0
LINE
8
BLACK
6
CONTINUOUS
10
141.4479129999999998
20
-81.8191389999999927
11
141.4524999999999864
21
-81.9124999999999943
0
LINE
8
BLACK
6
CONTINUOUS
10
141.4524999999999864
20
-81.9124999999999943
11
141.4524999999999864
21
-82.0074999999999932
0
LINE
8
BLACK
6
CONTINUOUS
10
141.4524999999999864
20
-82.0074999999999932
11
141.4479129999999998
21
-82.1008609999999948
0
LINE
8
BLACK
6
CONTINUOUS
10
141.4479129999999998
20
-82.1008609999999948
11
141.4114859999999965
21
-82.2839960000000019
0
LINE
8
BLACK
6
CONTINUOUS
10
141.4114859999999965
20
-82.2839960000000019
11
141.3400299999999845
21
-82.4565049999999928
0
LINE
8
BLACK
6
CONTINUOUS
10
141.3400299999999845
20
-82.4565049999999928
11
141.2362919999999917
21
-82.6117599999999896
0
LINE
8
BLACK
6
CONTINUOUS
10
141.2362919999999917
20
-82.6117599999999896
11
141.1042599999999823
21
-82.7437919999999991
0
LINE
8
BLACK
6
CONTINUOUS
10
141.1042599999999823
20
-82.7437919999999991
11
140.9490049999999997
21
-82.8475299999999919
0
LINE
8
BLACK
6
CONTINUOUS
10
140.9490049999999997
20
-82.8475299999999919
11
140.7764959999999803
21
-82.9189859999999896
0
LINE
8
BLACK
6
CONTINUOUS
10
140.7764959999999803
20
-82.9189859999999896
11
140.75
21
-82.9242559999999997
0
LINE
8
BLACK
6
CONTINUOUS
10
140.75
20
-82.9242559999999997
11
140.75
21
-83.4385079999999988
0
LINE
8
BLACK
6
CONTINUOUS
10
140.75
20
-83.4385079999999988
11
140.8052399999999977
21
-83.42975899999999
0
LINE
8
BLACK
6
CONTINUOUS
10
140.8052399999999977
20
-83.42975899999999
11
140.8745329999999853
21
-83.4387129999999928
0
LINE
8
BLACK
6
CONTINUOUS
10
140.8745329999999853
20
-83.4387129999999928
11
140.9279860000000042
21
-83.4837089999999904
0
LINE
8
BLACK
6
CONTINUOUS
10
140.9279860000000042
20
-83.4837089999999904
11
140.9486259999999902
21
-83.5504600000000011
0
LINE
8
BLACK
6
CONTINUOUS
10
140.9486259999999902
20
-83.5504600000000011
11
140.9299019999999985
21
-83.6177739999999972
0
LINE
8
BLACK
6
CONTINUOUS
10
140.9299019999999985
20
-83.6177739999999972
11
140.912319999999994
21
-83.6399129999999928
0
LINE
8
BLACK
6
CONTINUOUS
10
140.912319999999994
20
-83.6399129999999928
11
137.8343099999999879
21
-86.7179249999999939
0
LINE
8
BLACK
6
CONTINUOUS
10
137.8343099999999879
20
-86.7179249999999939
11
137.8059130000000039
21
-86.7570109999999914
0
LINE
8
BLACK
6
CONTINUOUS
10
137.8059130000000039
20
-86.7570109999999914
11
137.7532469999999876
21
-86.8294999999999959
0
LINE
8
BLACK
6
CONTINUOUS
10
137.7532469999999876
20
-86.8294999999999959
11
137.7532459999999901
21
-86.8294999999999959
0
LINE
8
BLACK
6
CONTINUOUS
10
137.7532459999999901
20
-86.8294999999999959
11
137.7532459999999901
21
-86.8295009999999934
0
LINE
8
BLACK
6
CONTINUOUS
10
137.7532459999999901
20
-86.8295009999999934
11
137.7232419999999991
21
-86.8707959999999986
0
LINE
8
BLACK
6
CONTINUOUS
10
137.7232419999999991
20
-86.8707959999999986
11
137.6374519999999961
21
-87.0391679999999894
0
LINE
8
BLACK
6
CONTINUOUS
10
137.6374519999999961
20
-87.0391679999999894
11
137.6359400000000051
21
-87.0438229999999891
0
LINE
8
BLACK
6
CONTINUOUS
10
137.6359400000000051
20
-87.0438229999999891
11
137.5964999999999918
21
-87.1014969999999948
0
LINE
8
BLACK
6
CONTINUOUS
10
137.5964999999999918
20
-87.1014969999999948
11
137.5321409999999958
21
-87.1286920000000009
0
LINE
8
BLACK
6
CONTINUOUS
10
137.5321409999999958
20
-87.1286920000000009
11
137.5180110000000013
21
-87.1294999999999931
0
LINE
8
BLACK
6
CONTINUOUS
10
137.5180110000000013
20
-87.1294999999999931
11
137.1907469999999876
21
-87.1294999999999931
0
LINE
8
BLACK
6
CONTINUOUS
10
137.1907469999999876
20
-87.1294999999999931
11
137.1237079999999935
21
-87.1098149999999976
0
LINE
8
BLACK
6
CONTINUOUS
10
137.1237079999999935
20
-87.1098149999999976
11
137.1178620000000024
21
-87.1058179999999993
0
LINE
8
BLACK
6
CONTINUOUS
10
137.1178620000000024
20
-87.1058179999999993
11
137.0364359999999806
21
-87.0466589999999911
0
LINE
8
BLACK
6
CONTINUOUS
10
137.0364359999999806
20
-87.0466589999999911
11
137.0364349999999831
21
-87.0466579999999936
0
LINE
8
BLACK
6
CONTINUOUS
10
137.0364349999999831
20
-87.0466579999999936
11
137.0364329999999882
21
-87.0466569999999962
0
LINE
8
BLACK
6
CONTINUOUS
10
137.0364329999999882
20
-87.0466569999999962
11
136.9707149999999842
21
-87.0131719999999973
0
LINE
8
BLACK
6
CONTINUOUS
10
136.9707149999999842
20
-87.0131719999999973
11
136.8259960000000035
21
-86.939432999999994
0
LINE
8
BLACK
6
CONTINUOUS
10
136.8259960000000035
20
-86.939432999999994
11
136.6013680000000079
21
-86.8664459999999963
0
LINE
8
BLACK
6
CONTINUOUS
10
136.6013680000000079
20
-86.8664459999999963
11
136.3680970000000059
21
-86.8294999999999959
0
LINE
8
BLACK
6
CONTINUOUS
10
136.3680970000000059
20
-86.8294999999999959
11
136.3680919999999901
21
-86.8294999999999959
0
LINE
8
BLACK
6
CONTINUOUS
10
136.3680919999999901
20
-86.8294999999999959
11
136.1319079999999815
21
-86.8294999999999959
0
LINE
8
BLACK
6
CONTINUOUS
10
136.1319079999999815
20
-86.8294999999999959
11
136.1319029999999941
21
-86.8294999999999959
0
LINE
8
BLACK
6
CONTINUOUS
10
136.1319029999999941
20
-86.8294999999999959
11
135.8986309999999946
21
-86.8664459999999963
0
LINE
8
BLACK
6
CONTINUOUS
10
135.8986309999999946
20
-86.8664459999999963
11
135.674002999999999
21
-86.939432999999994
0
LINE
8
BLACK
6
CONTINUOUS
10
135.674002999999999
20
-86.939432999999994
11
135.4635629999999935
21
-87.0466589999999911
0
LINE
8
BLACK
6
CONTINUOUS
10
135.4635629999999935
20
-87.0466589999999911
11
135.3821379999999976
21
-87.1058179999999993
0
LINE
8
BLACK
6
CONTINUOUS
10
135.3821379999999976
20
-87.1058179999999993
11
135.3163319999999885
21
-87.1292979999999915
0
LINE
8
BLACK
6
CONTINUOUS
10
135.3163319999999885
20
-87.1292979999999915
11
135.309252999999984
21
-87.1294999999999931
0
LINE
8
BLACK
6
CONTINUOUS
10
135.309252999999984
20
-87.1294999999999931
11
133.7181269999999813
21
-87.1294999999999931
0
LINE
8
BLACK
6
CONTINUOUS
10
133.7181269999999813
20
-87.1294999999999931
11
133.6510879999999872
21
-87.1098149999999976
0
LINE
8
BLACK
6
CONTINUOUS
10
133.6510879999999872
20
-87.1098149999999976
11
133.6087689999999952
21
-87.0639539999999954
0
LINE
8
BLACK
6
CONTINUOUS
10
133.6087689999999952
20
-87.0639539999999954
11
133.6050579999999854
21
-87.0570110000000028
0
LINE
8
BLACK
6
CONTINUOUS
10
133.6050579999999854
20
-87.0570110000000028
11
133.5176850000000002
21
-86.893548999999993
0
LINE
8
BLACK
6
CONTINUOUS
10
133.5176850000000002
20
-86.893548999999993
11
133.5026569999999992
21
-86.8752369999999985
0
LINE
8
BLACK
6
CONTINUOUS
10
133.5026569999999992
20
-86.8752369999999985
11
133.3864099999999837
21
-86.7335889999999949
0
LINE
8
BLACK
6
CONTINUOUS
10
133.3864099999999837
20
-86.7335889999999949
11
133.2264539999999897
21
-86.6023169999999993
0
LINE
8
BLACK
6
CONTINUOUS
10
133.2264539999999897
20
-86.6023169999999993
11
133.2264519999999948
21
-86.6023160000000018
0
LINE
8
BLACK
6
CONTINUOUS
10
133.2264519999999948
20
-86.6023160000000018
11
133.2264509999999973
21
-86.6023149999999902
0
LINE
8
BLACK
6
CONTINUOUS
10
133.2264509999999973
20
-86.6023149999999902
11
133.0439549999999826
21
-86.5047679999999986
0
LINE
8
BLACK
6
CONTINUOUS
10
133.0439549999999826
20
-86.5047679999999986
11
132.8459349999999972
21
-86.4446999999999974
0
LINE
8
BLACK
6
CONTINUOUS
10
132.8459349999999972
20
-86.4446999999999974
11
132.8459330000000023
21
-86.444699
0
LINE
8
BLACK
6
CONTINUOUS
10
132.8459330000000023
20
-86.444699
11
132.8459349999999972
21
-86.444699
0
LINE
8
BLACK
6
CONTINUOUS
10
132.8459349999999972
20
-86.444699
11
132.7268059999999821
21
-86.4329659999999933
0
LINE
8
BLACK
6
CONTINUOUS
10
132.7268059999999821
20
-86.4329659999999933
11
132.6916089999999997
21
-86.4294999999999902
0
LINE
8
BLACK
6
CONTINUOUS
10
132.6916089999999997
20
-86.4294999999999902
11
132.6916060000000073
21
-86.4294999999999902
0
LINE
8
BLACK
6
CONTINUOUS
10
132.6916060000000073
20
-86.4294999999999902
11
132.4943580000000054
21
-86.4294999999999902
0
LINE
8
BLACK
6
CONTINUOUS
10
132.4943580000000054
20
-86.4294999999999902
11
132.4273189999999829
21
-86.4098149999999947
0
LINE
8
BLACK
6
CONTINUOUS
10
132.4273189999999829
20
-86.4098149999999947
11
132.3815639999999973
21
-86.357011
0
LINE
8
BLACK
6
CONTINUOUS
10
132.3815639999999973
20
-86.357011
11
132.3716200000000072
21
-86.2878529999999984
0
LINE
8
BLACK
6
CONTINUOUS
10
132.3716200000000072
20
-86.2878529999999984
11
132.4006449999999973
21
-86.2242969999999929
0
LINE
8
BLACK
6
CONTINUOUS
10
132.4006449999999973
20
-86.2242969999999929
11
132.406677000000002
21
-86.2178189999999915
0
LINE
8
BLACK
6
CONTINUOUS
10
132.406677000000002
20
-86.2178189999999915
11
132.4377369999999985
21
-86.186758999999995
0
LINE
8
BLACK
6
CONTINUOUS
10
132.4377369999999985
20
-86.186758999999995
11
132.7456899999999962
21
-85.8788069999999948
0
LINE
8
BLACK
6
CONTINUOUS
10
132.7456899999999962
20
-85.8788069999999948
11
132.85675999999998
21
-85.7259329999999977
0
LINE
8
BLACK
6
CONTINUOUS
10
132.85675999999998
20
-85.7259329999999977
11
132.9425469999999905
21
-85.5575659999999942
0
LINE
8
BLACK
6
CONTINUOUS
10
132.9425469999999905
20
-85.5575659999999942
11
133.0009399999999857
21
-85.3778519999999901
0
LINE
8
BLACK
6
CONTINUOUS
10
133.0009399999999857
20
-85.3778519999999901
11
133.0304999999999893
21
-85.1912200000000013
0
LINE
8
BLACK
6
CONTINUOUS
10
133.0304999999999893
20
-85.1912200000000013
11
133.0304999999999893
21
-84.5745000000000005
0
LINE
8
BLACK
6
CONTINUOUS
10
133.0304999999999893
20
-84.5745000000000005
11
133.050184999999999
21
-84.5074609999999922
0
LINE
8
BLACK
6
CONTINUOUS
10
133.050184999999999
20
-84.5074609999999922
11
133.102989000000008
21
-84.4617059999999924
0
LINE
8
BLACK
6
CONTINUOUS
10
133.102989000000008
20
-84.4617059999999924
11
133.1544999999999845
21
-84.450499999999991
0
LINE
8
BLACK
6
CONTINUOUS
10
133.1544999999999845
20
-84.450499999999991
11
135.309252999999984
21
-84.450499999999991
0
LINE
8
BLACK
6
CONTINUOUS
10
135.309252999999984
20
-84.450499999999991
11
135.3762920000000065
21
-84.4701850000000007
0
LINE
8
BLACK
6
CONTINUOUS
10
135.3762920000000065
20
-84.4701850000000007
11
135.3821379999999976
21
-84.474181999999999
0
LINE
8
BLACK
6
CONTINUOUS
10
135.3821379999999976
20
-84.474181999999999
11
135.4562209999999993
21
-84.5280059999999906
0
LINE
8
BLACK
6
CONTINUOUS
10
135.4562209999999993
20
-84.5280059999999906
11
135.4635669999999834
21
-84.5333430000000021
0
LINE
8
BLACK
6
CONTINUOUS
10
135.4635669999999834
20
-84.5333430000000021
11
135.5933489999999892
21
-84.5994699999999966
0
LINE
8
BLACK
6
CONTINUOUS
10
135.5933489999999892
20
-84.5994699999999966
11
135.674002999999999
21
-84.6405659999999926
0
LINE
8
BLACK
6
CONTINUOUS
10
135.674002999999999
20
-84.6405659999999926
11
135.674004999999994
21
-84.6405659999999926
0
LINE
8
BLACK
6
CONTINUOUS
10
135.674004999999994
20
-84.6405659999999926
11
135.6740079999999864
21
-84.6405680000000018
0
LINE
8
BLACK
6
CONTINUOUS
10
135.6740079999999864
20
-84.6405680000000018
11
135.7944119999999941
21
-84.6796889999999962
0
LINE
8
BLACK
6
CONTINUOUS
10
135.7944119999999941
20
-84.6796889999999962
11
135.8986309999999946
21
-84.7135529999999903
0
LINE
8
BLACK
6
CONTINUOUS
10
135.8986309999999946
20
-84.7135529999999903
11
136.1319029999999941
21
-84.7505000000000024
0
LINE
8
BLACK
6
CONTINUOUS
10
136.1319029999999941
20
-84.7505000000000024
11
136.1319079999999815
21
-84.7505000000000024
0
LINE
8
BLACK
6
CONTINUOUS
10
136.1319079999999815
20
-84.7505000000000024
11
136.3680970000000059
21
-84.7505000000000024
0
LINE
8
BLACK
6
CONTINUOUS
10
136.3680970000000059
20
-84.7505000000000024
11
136.6013680000000079
21
-84.7135529999999903
0
LINE
8
BLACK
6
CONTINUOUS
10
136.6013680000000079
20
-84.7135529999999903
11
136.8259919999999852
21
-84.6405680000000018
0
LINE
8
BLACK
6
CONTINUOUS
10
136.8259919999999852
20
-84.6405680000000018
11
137.0364329999999882
21
-84.5333430000000021
0
LINE
8
BLACK
6
CONTINUOUS
10
137.0364329999999882
20
-84.5333430000000021
11
137.2275099999999952
21
-84.3945169999999933
0
LINE
8
BLACK
6
CONTINUOUS
10
137.2275099999999952
20
-84.3945169999999933
11
137.3945170000000076
21
-84.2275099999999952
0
LINE
8
BLACK
6
CONTINUOUS
10
137.3945170000000076
20
-84.2275099999999952
11
137.5333430000000021
21
-84.0364330000000024
0
LINE
8
BLACK
6
CONTINUOUS
10
137.5333430000000021
20
-84.0364330000000024
11
137.6405680000000018
21
-83.8259919999999994
0
LINE
8
BLACK
6
CONTINUOUS
10
137.6405680000000018
20
-83.8259919999999994
11
137.7135529999999903
21
-83.6013679999999937
0
LINE
8
BLACK
6
CONTINUOUS
10
137.7135529999999903
20
-83.6013679999999937
11
137.7216159999999832
21
-83.5504600000000011
0
LINE
8
BLACK
6
CONTINUOUS
10
137.7216159999999832
20
-83.5504600000000011
11
137.7504999999999882
21
-83.3680969999999917
0
LINE
8
BLACK
6
CONTINUOUS
10
137.7504999999999882
20
-83.3680969999999917
11
137.7504999999999882
21
-83.1319019999999966
0
LINE
8
BLACK
6
CONTINUOUS
10
137.7504999999999882
20
-83.1319019999999966
11
137.7135529999999903
21
-82.8986309999999946
0
LINE
8
BLACK
6
CONTINUOUS
10
137.7135529999999903
20
-82.8986309999999946
11
137.6405660000000069
21
-82.674002999999999
0
LINE
8
BLACK
6
CONTINUOUS
10
137.6405660000000069
20
-82.674002999999999
11
137.5570019999999829
21
-82.5099999999999909
0
LINE
8
BLACK
6
CONTINUOUS
10
137.5570019999999829
20
-82.5099999999999909
11
137.5333430000000021
21
-82.4635669999999976
0
LINE
8
BLACK
6
CONTINUOUS
10
137.5333430000000021
20
-82.4635669999999976
11
137.3945170000000076
21
-82.2724899999999906
0
LINE
8
BLACK
6
CONTINUOUS
10
137.3945170000000076
20
-82.2724899999999906
11
137.2275099999999952
21
-82.1054829999999924
0
LINE
8
BLACK
6
CONTINUOUS
10
137.2275099999999952
20
-82.1054829999999924
11
137.0364329999999882
21
-81.9666569999999979
0
LINE
8
BLACK
6
CONTINUOUS
10
137.0364329999999882
20
-81.9666569999999979
11
136.9838509999999872
21
-81.9398649999999975
0
LINE
8
BLACK
6
CONTINUOUS
10
136.9838509999999872
20
-81.9398649999999975
11
136.8259960000000035
21
-81.8594329999999957
0
LINE
8
BLACK
6
CONTINUOUS
10
136.8259960000000035
20
-81.8594329999999957
11
136.6013680000000079
21
-81.786445999999998
0
LINE
8
BLACK
6
CONTINUOUS
10
136.6013680000000079
20
-81.786445999999998
11
136.3680970000000059
21
-81.7494999999999976
0
LINE
8
BLACK
6
CONTINUOUS
10
136.3680970000000059
20
-81.7494999999999976
11
136.3680919999999901
21
-81.7494999999999976
0
LINE
8
BLACK
6
CONTINUOUS
10
136.3680919999999901
20
-81.7494999999999976
11
136.1319079999999815
21
-81.7494999999999976
0
LINE
8
BLACK
6
CONTINUOUS
10
136.1319079999999815
20
-81.7494999999999976
11
136.1319029999999941
21
-81.7494999999999976
0
LINE
8
BLACK
6
CONTINUOUS
10
136.1319029999999941
20
-81.7494999999999976
11
135.8986309999999946
21
-81.786445999999998
0
LINE
8
BLACK
6
CONTINUOUS
10
135.8986309999999946
20
-81.786445999999998
11
135.674002999999999
21
-81.8594329999999957
0
LINE
8
BLACK
6
CONTINUOUS
10
135.674002999999999
20
-81.8594329999999957
11
135.4635629999999935
21
-81.9666589999999928
0
LINE
8
BLACK
6
CONTINUOUS
10
135.4635629999999935
20
-81.9666589999999928
11
135.3821379999999976
21
-82.025818000000001
0
LINE
8
BLACK
6
CONTINUOUS
10
135.3821379999999976
20
-82.025818000000001
11
135.3163319999999885
21
-82.0492979999999932
0
LINE
8
BLACK
6
CONTINUOUS
10
135.3163319999999885
20
-82.0492979999999932
11
135.309252999999984
21
-82.0494999999999948
0
LINE
8
BLACK
6
CONTINUOUS
10
135.309252999999984
20
-82.0494999999999948
11
132.7707470000000001
21
-82.0494999999999948
0
LINE
8
BLACK
6
CONTINUOUS
10
132.7707470000000001
20
-82.0494999999999948
11
132.703708000000006
21
-82.0298149999999993
0
LINE
8
BLACK
6
CONTINUOUS
10
132.703708000000006
20
-82.0298149999999993
11
132.6978619999999864
21
-82.025818000000001
0
LINE
8
BLACK
6
CONTINUOUS
10
132.6978619999999864
20
-82.025818000000001
11
132.6164359999999931
21
-81.9666589999999928
0
LINE
8
BLACK
6
CONTINUOUS
10
132.6164359999999931
20
-81.9666589999999928
11
132.6164349999999956
21
-81.9666579999999954
0
LINE
8
BLACK
6
CONTINUOUS
10
132.6164349999999956
20
-81.9666579999999954
11
132.6164330000000007
21
-81.9666569999999979
0
LINE
8
BLACK
6
CONTINUOUS
10
132.6164330000000007
20
-81.9666569999999979
11
132.5507149999999967
21
-81.933171999999999
0
LINE
8
BLACK
6
CONTINUOUS
10
132.5507149999999967
20
-81.933171999999999
11
132.4059959999999876
21
-81.8594329999999957
0
LINE
8
BLACK
6
CONTINUOUS
10
132.4059959999999876
20
-81.8594329999999957
11
132.181367999999992
21
-81.786445999999998
0
LINE
8
BLACK
6
CONTINUOUS
10
132.181367999999992
20
-81.786445999999998
11
131.94809699999999
21
-81.7494999999999976
0
LINE
8
BLACK
6
CONTINUOUS
10
131.94809699999999
20
-81.7494999999999976
11
131.9480920000000026
21
-81.7494999999999976
0
LINE
8
BLACK
6
CONTINUOUS
10
131.9480920000000026
20
-81.7494999999999976
11
131.711907999999994
21
-81.7494999999999976
0
LINE
8
BLACK
6
CONTINUOUS
10
131.711907999999994
20
-81.7494999999999976
11
131.7119030000000066
21
-81.7494999999999976
0
LINE
8
BLACK
6
CONTINUOUS
10
131.7119030000000066
20
-81.7494999999999976
11
131.4786310000000071
21
-81.786445999999998
0
LINE
8
BLACK
6
CONTINUOUS
10
131.4786310000000071
20
-81.786445999999998
11
131.2540029999999831
21
-81.8594329999999957
0
LINE
8
BLACK
6
CONTINUOUS
10
131.2540029999999831
20
-81.8594329999999957
11
131.0435659999999984
21
-81.9666569999999979
0
LINE
8
BLACK
6
CONTINUOUS
10
131.0435659999999984
20
-81.9666569999999979
11
130.9621390000000076
21
-82.025818000000001
0
LINE
8
BLACK
6
CONTINUOUS
10
130.9621390000000076
20
-82.025818000000001
11
130.8524899999999889
21
-82.1054829999999924
0
LINE
8
BLACK
6
CONTINUOUS
10
130.8524899999999889
20
-82.1054829999999924
11
130.8524879999999939
21
-82.1054850000000016
0
LINE
8
BLACK
6
CONTINUOUS
10
130.8524879999999939
20
-82.1054850000000016
11
130.8524869999999964
21
-82.1054850000000016
0
LINE
8
BLACK
6
CONTINUOUS
10
130.8524869999999964
20
-82.1054850000000016
11
130.6854849999999999
21
-82.2724869999999981
0
LINE
8
BLACK
6
CONTINUOUS
10
130.6854849999999999
20
-82.2724869999999981
11
130.6854849999999999
21
-82.2724879999999956
0
LINE
8
BLACK
6
CONTINUOUS
10
130.6854849999999999
20
-82.2724879999999956
11
130.6854830000000049
21
-82.2724899999999906
0
LINE
8
BLACK
6
CONTINUOUS
10
130.6854830000000049
20
-82.2724899999999906
11
130.667160999999993
21
-82.2977080000000001
0
LINE
8
BLACK
6
CONTINUOUS
10
130.667160999999993
20
-82.2977080000000001
11
130.546656999999982
21
-82.4635660000000001
0
LINE
8
BLACK
6
CONTINUOUS
10
130.546656999999982
20
-82.4635660000000001
11
130.4394330000000082
21
-82.674002999999999
0
LINE
8
BLACK
6
CONTINUOUS
10
130.4394330000000082
20
-82.674002999999999
11
130.3664459999999963
21
-82.8986309999999946
0
LINE
8
BLACK
6
CONTINUOUS
10
130.3664459999999963
20
-82.8986309999999946
11
130.3294999999999959
21
-83.1319019999999966
0
LINE
8
BLACK
6
CONTINUOUS
10
130.3294999999999959
20
-83.1319019999999966
11
130.3294999999999959
21
-83.3680969999999917
0
LINE
8
BLACK
6
CONTINUOUS
10
130.3294999999999959
20
-83.3680969999999917
11
130.3664459999999963
21
-83.6013679999999937
0
LINE
8
BLACK
6
CONTINUOUS
10
130.3664459999999963
20
-83.6013679999999937
11
130.4394330000000082
21
-83.8259959999999893
0
LINE
8
BLACK
6
CONTINUOUS
10
130.4394330000000082
20
-83.8259959999999893
11
130.546656999999982
21
-84.0364330000000024
0
LINE
8
BLACK
6
CONTINUOUS
10
130.546656999999982
20
-84.0364330000000024
11
130.6058179999999993
21
-84.1178609999999907
0
LINE
8
BLACK
6
CONTINUOUS
10
130.6058179999999993
20
-84.1178609999999907
11
130.6292980000000057
21
-84.1836660000000023
0
LINE
8
BLACK
6
CONTINUOUS
10
130.6292980000000057
20
-84.1836660000000023
11
130.6295000000000073
21
-84.1907459999999901
0
LINE
8
BLACK
6
CONTINUOUS
10
130.6295000000000073
20
-84.1907459999999901
11
130.6295000000000073
21
-84.5481079999999992
0
LINE
8
BLACK
6
CONTINUOUS
10
130.6295000000000073
20
-84.5481079999999992
11
130.6098149999999976
21
-84.6151469999999932
0
LINE
8
BLACK
6
CONTINUOUS
10
130.6098149999999976
20
-84.6151469999999932
11
130.5931809999999871
21
-84.6357890000000026
0
LINE
8
BLACK
6
CONTINUOUS
10
130.5931809999999871
20
-84.6357890000000026
11
128.874307999999985
21
-86.354660999999993
0
LINE
8
BLACK
6
CONTINUOUS
10
128.874307999999985
20
-86.354660999999993
11
128.8743039999999951
21
-86.3546659999999946
0
LINE
8
BLACK
6
CONTINUOUS
10
128.8743039999999951
20
-86.3546659999999946
11
128.788156999999984
21
-86.4732389999999924
0
LINE
8
BLACK
6
CONTINUOUS
10
128.788156999999984
20
-86.4732389999999924
11
128.788156999999984
21
-86.4732399999999899
0
LINE
8
BLACK
6
CONTINUOUS
10
128.788156999999984
20
-86.4732399999999899
11
128.7632399999999961
21
-86.5075339999999926
0
LINE
8
BLACK
6
CONTINUOUS
10
128.7632399999999961
20
-86.5075339999999926
11
128.6774539999999831
21
-86.675896999999992
0
LINE
8
BLACK
6
CONTINUOUS
10
128.6774539999999831
20
-86.675896999999992
11
128.6190589999999929
21
-86.8556150000000002
0
LINE
8
BLACK
6
CONTINUOUS
10
128.6190589999999929
20
-86.8556150000000002
11
128.5894999999999868
21
-87.042246999999989
0
LINE
8
BLACK
6
CONTINUOUS
10
128.5894999999999868
20
-87.042246999999989
11
128.5894999999999868
21
-91.754486
0
LINE
8
BLACK
6
CONTINUOUS
10
128.5894999999999868
20
-91.754486
11
128.6190589999999929
21
-91.9411179999999888
0
LINE
8
BLACK
6
CONTINUOUS
10
128.6190589999999929
20
-91.9411179999999888
11
128.6774539999999831
21
-92.1208359999999971
0
LINE
8
BLACK
6
CONTINUOUS
10
128.6774539999999831
20
-92.1208359999999971
11
128.7632399999999961
21
-92.2891989999999964
0
LINE
8
BLACK
6
CONTINUOUS
10
128.7632399999999961
20
-92.2891989999999964
11
128.8743100000000084
21
-92.442073999999991
0
LINE
8
BLACK
6
CONTINUOUS
10
128.8743100000000084
20
-92.442073999999991
11
130.6243099999999799
21
-94.1920729999999935
0
LINE
8
BLACK
6
CONTINUOUS
10
130.6243099999999799
20
-94.1920729999999935
11
130.7579269999999951
21
-94.3256899999999945
0
LINE
8
BLACK
6
CONTINUOUS
10
130.7579269999999951
20
-94.3256899999999945
11
130.9108009999999922
21
-94.4367599999999925
0
LINE
8
BLACK
6
CONTINUOUS
10
130.9108009999999922
20
-94.4367599999999925
11
130.9903469999999857
21
-94.4772899999999964
0
LINE
8
BLACK
6
CONTINUOUS
10
130.9903469999999857
20
-94.4772899999999964
11
131.0791629999999941
21
-94.5225449999999938
0
LINE
8
BLACK
6
CONTINUOUS
10
131.0791629999999941
20
-94.5225449999999938
11
131.079164999999989
21
-94.5225449999999938
0
LINE
8
BLACK
6
CONTINUOUS
10
131.079164999999989
20
-94.5225449999999938
11
131.0791679999999815
21
-94.5225469999999888
0
LINE
8
BLACK
6
CONTINUOUS
10
131.0791679999999815
20
-94.5225469999999888
11
131.150166999999982
21
-94.5456159999999954
0
LINE
8
BLACK
6
CONTINUOUS
10
131.150166999999982
20
-94.5456159999999954
11
131.2588810000000024
21
-94.5809399999999982
0
LINE
8
BLACK
6
CONTINUOUS
10
131.2588810000000024
20
-94.5809399999999982
11
131.4455140000000029
21
-94.6105000000000018
0
LINE
8
BLACK
6
CONTINUOUS
10
131.4455140000000029
20
-94.6105000000000018
11
131.4455189999999902
21
-94.6105000000000018
0
LINE
8
BLACK
6
CONTINUOUS
10
131.4455189999999902
20
-94.6105000000000018
11
136.7544979999999839
21
-94.6105000000000018
0
LINE
8
BLACK
6
CONTINUOUS
10
136.7544979999999839
20
-94.6105000000000018
11
136.8215370000000064
21
-94.6301849999999973
0
LINE
8
BLACK
6
CONTINUOUS
10
136.8215370000000064
20
-94.6301849999999973
11
136.8528709999999933
21
-94.6590119999999899
0
LINE
8
BLACK
6
CONTINUOUS
10
136.8528709999999933
20
-94.6590119999999899
11
136.8580619999999897
21
-94.6657759999999939
0
LINE
8
BLACK
6
CONTINUOUS
10
136.8580619999999897
20
-94.6657759999999939
11
136.8580670000000055
21
-94.6657809999999955
0
LINE
8
BLACK
6
CONTINUOUS
10
136.8580670000000055
20
-94.6657809999999955
11
136.8580699999999979
21
-94.6657849999999996
0
LINE
8
BLACK
6
CONTINUOUS
10
136.8580699999999979
20
-94.6657849999999996
11
137.0342179999999814
21
-94.8419329999999974
0
LINE
8
BLACK
6
CONTINUOUS
10
137.0342179999999814
20
-94.8419329999999974
11
137.0342249999999922
21
-94.8419389999999964
0
LINE
8
BLACK
6
CONTINUOUS
10
137.0342249999999922
20
-94.8419389999999964
11
137.2318730000000073
21
-94.993598999999989
0
LINE
8
BLACK
6
CONTINUOUS
10
137.2318730000000073
20
-94.993598999999989
11
137.447622999999993
21
-95.1181619999999981
0
LINE
8
BLACK
6
CONTINUOUS
10
137.447622999999993
20
-95.1181619999999981
11
137.4476379999999835
21
-95.1181689999999946
0
LINE
8
BLACK
6
CONTINUOUS
10
137.4476379999999835
20
-95.1181689999999946
11
137.4948679999999968
21
-95.1377319999999997
0
LINE
8
BLACK
6
CONTINUOUS
10
137.4948679999999968
20
-95.1377319999999997
11
137.6777929999999799
21
-95.2135019999999912
0
LINE
8
BLACK
6
CONTINUOUS
10
137.6777929999999799
20
-95.2135019999999912
11
137.9184349999999881
21
-95.2779819999999944
0
LINE
8
BLACK
6
CONTINUOUS
10
137.9184349999999881
20
-95.2779819999999944
11
138.1654350000000022
21
-95.3104999999999905
0
LINE
8
BLACK
6
CONTINUOUS
10
138.1654350000000022
20
-95.3104999999999905
11
138.1654419999999845
21
-95.3104999999999905
0
LINE
8
BLACK
6
CONTINUOUS
10
138.1654419999999845
20
-95.3104999999999905
11
138.4145579999999995
21
-95.3104999999999905
0
LINE
8
BLACK
6
CONTINUOUS
10
138.4145579999999995
20
-95.3104999999999905
11
138.4145649999999819
21
-95.3104999999999905
0
LINE
8
BLACK
6
CONTINUOUS
10
138.4145649999999819
20
-95.3104999999999905
11
138.661564999999996
21
-95.2779819999999944
0
LINE
8
BLACK
6
CONTINUOUS
10
138.661564999999996
20
-95.2779819999999944
11
138.9022070000000042
21
-95.2135019999999912
0
LINE
8
BLACK
6
CONTINUOUS
10
138.9022070000000042
20
-95.2135019999999912
11
139.1323730000000012
21
-95.1181639999999931
0
LINE
8
BLACK
6
CONTINUOUS
10
139.1323730000000012
20
-95.1181639999999931
11
139.3481270000000052
21
-94.993598999999989
0
LINE
8
BLACK
6
CONTINUOUS
10
139.3481270000000052
20
-94.993598999999989
11
139.5457759999999894
21
-94.841937999999999
0
LINE
8
BLACK
6
CONTINUOUS
10
139.5457759999999894
20
-94.841937999999999
11
139.7219379999999944
21
-94.6657759999999939
0
LINE
8
BLACK
6
CONTINUOUS
10
139.7219379999999944
20
-94.6657759999999939
11
139.8735989999999845
21
-94.4681269999999955
0
LINE
8
BLACK
6
CONTINUOUS
10
139.8735989999999845
20
-94.4681269999999955
11
139.9981640000000027
21
-94.2523729999999915
0
LINE
8
BLACK
6
CONTINUOUS
10
139.9981640000000027
20
-94.2523729999999915
11
140.0935020000000009
21
-94.0222069999999945
0
LINE
8
BLACK
6
CONTINUOUS
10
140.0935020000000009
20
-94.0222069999999945
11
140.1579820000000041
21
-93.7815650000000005
0
LINE
8
BLACK
6
CONTINUOUS
10
140.1579820000000041
20
-93.7815650000000005
11
140.1904999999999859
21
-93.5345650000000006
0
LINE
8
BLACK
6
CONTINUOUS
10
140.1904999999999859
20
-93.5345650000000006
11
140.1904999999999859
21
-93.3101259999999968
0
LINE
8
BLACK
6
CONTINUOUS
10
140.1904999999999859
20
-93.3101259999999968
11
140.2101849999999956
21
-93.2430870000000027
0
LINE
8
BLACK
6
CONTINUOUS
10
140.2101849999999956
20
-93.2430870000000027
11
140.2629890000000046
21
-93.1973319999999887
0
LINE
8
BLACK
6
CONTINUOUS
10
140.2629890000000046
20
-93.1973319999999887
11
140.332146999999992
21
-93.1873879999999986
0
LINE
8
BLACK
6
CONTINUOUS
10
140.332146999999992
20
-93.1873879999999986
11
140.3957029999999975
21
-93.2164130000000029
0
LINE
8
BLACK
6
CONTINUOUS
10
140.3957029999999975
20
-93.2164130000000029
11
140.4021809999999846
21
-93.2224449999999933
0
LINE
8
BLACK
6
CONTINUOUS
10
140.4021809999999846
20
-93.2224449999999933
11
143.7554259999999999
21
-96.5756899999999945
0
LINE
8
BLACK
6
CONTINUOUS
10
143.7554259999999999
20
-96.5756899999999945
11
143.9083009999999945
21
-96.6867599999999925
0
LINE
8
BLACK
6
CONTINUOUS
10
143.9083009999999945
20
-96.6867599999999925
11
143.9756759999999929
21
-96.7210889999999921
0
LINE
8
BLACK
6
CONTINUOUS
10
143.9756759999999929
20
-96.7210889999999921
11
144.0766629999999964
21
-96.7725449999999938
0
LINE
8
BLACK
6
CONTINUOUS
10
144.0766629999999964
20
-96.7725449999999938
11
144.0766649999999913
21
-96.7725449999999938
0
LINE
8
BLACK
6
CONTINUOUS
10
144.0766649999999913
20
-96.7725449999999938
11
144.0766679999999837
21
-96.7725469999999888
0
LINE
8
BLACK
6
CONTINUOUS
10
144.0766679999999837
20
-96.7725469999999888
11
144.172996999999981
21
-96.803845999999993
0
LINE
8
BLACK
6
CONTINUOUS
10
144.172996999999981
20
-96.803845999999993
11
144.2563810000000046
21
-96.8309399999999982
0
LINE
8
BLACK
6
CONTINUOUS
10
144.2563810000000046
20
-96.8309399999999982
11
144.4430140000000051
21
-96.8605000000000018
0
LINE
8
BLACK
6
CONTINUOUS
10
144.4430140000000051
20
-96.8605000000000018
11
144.4430189999999925
21
-96.8605000000000018
0
LINE
8
BLACK
6
CONTINUOUS
10
144.4430189999999925
20
-96.8605000000000018
11
148.2413739999999791
21
-96.8605000000000018
0
LINE
8
BLACK
6
CONTINUOUS
10
148.2413739999999791
20
-96.8605000000000018
11
148.3084130000000016
21
-96.8801849999999973
0
LINE
8
BLACK
6
CONTINUOUS
10
148.3084130000000016
20
-96.8801849999999973
11
148.3290549999999826
21
-96.8968189999999936
0
LINE
8
BLACK
6
CONTINUOUS
10
148.3290549999999826
20
-96.8968189999999936
11
150.053180999999995
21
-98.6209439999999944
0
LINE
8
BLACK
6
CONTINUOUS
10
150.053180999999995
20
-98.6209439999999944
11
150.0866659999999797
21
-98.682266999999996
0
LINE
8
BLACK
6
CONTINUOUS
10
150.0866659999999797
20
-98.682266999999996
11
150.0894999999999868
21
-98.7086249999999978
0
LINE
8
BLACK
6
CONTINUOUS
10
150.0894999999999868
20
-98.7086249999999978
11
150.0894999999999868
21
-99.1355129999999889
0
LINE
8
BLACK
6
CONTINUOUS
10
150.0894999999999868
20
-99.1355129999999889
11
150.0698150000000055
21
-99.2025519999999972
0
LINE
8
BLACK
6
CONTINUOUS
10
150.0698150000000055
20
-99.2025519999999972
11
150.0170109999999966
21
-99.2483069999999969
0
LINE
8
BLACK
6
CONTINUOUS
10
150.0170109999999966
20
-99.2483069999999969
11
149.9478529999999807
21
-99.2582510000000013
0
LINE
8
BLACK
6
CONTINUOUS
10
149.9478529999999807
20
-99.2582510000000013
11
149.9035010000000057
21
-99.2429009999999892
0
LINE
8
BLACK
6
CONTINUOUS
10
149.9035010000000057
20
-99.2429009999999892
11
149.7174969999999803
21
-99.1355129999999889
0
LINE
8
BLACK
6
CONTINUOUS
10
149.7174969999999803
20
-99.1355129999999889
11
149.6766969999999901
21
-99.1119569999999896
0
LINE
8
BLACK
6
CONTINUOUS
10
149.6766969999999901
20
-99.1119569999999896
11
149.6766949999999952
21
-99.1119559999999922
0
LINE
8
BLACK
6
CONTINUOUS
10
149.6766949999999952
20
-99.1119559999999922
11
149.6766899999999794
21
-99.1119529999999997
0
LINE
8
BLACK
6
CONTINUOUS
10
149.6766899999999794
20
-99.1119529999999997
11
149.4344279999999969
21
-99.0116049999999888
0
LINE
8
BLACK
6
CONTINUOUS
10
149.4344279999999969
20
-99.0116049999999888
11
149.4344209999999862
21
-99.0116029999999938
0
LINE
8
BLACK
6
CONTINUOUS
10
149.4344209999999862
20
-99.0116029999999938
11
149.4344189999999912
21
-99.0116019999999963
0
LINE
8
BLACK
6
CONTINUOUS
10
149.4344189999999912
20
-99.0116019999999963
11
149.1811160000000029
21
-98.9437300000000022
0
LINE
8
BLACK
6
CONTINUOUS
10
149.1811160000000029
20
-98.9437300000000022
11
149.1233389999999872
21
-98.9361229999999949
0
LINE
8
BLACK
6
CONTINUOUS
10
149.1233389999999872
20
-98.9361229999999949
11
148.9211269999999843
21
-98.9094999999999942
0
LINE
8
BLACK
6
CONTINUOUS
10
148.9211269999999843
20
-98.9094999999999942
11
148.9211200000000019
21
-98.9094999999999942
0
LINE
8
BLACK
6
CONTINUOUS
10
148.9211200000000019
20
-98.9094999999999942
11
148.6588799999999821
21
-98.9094999999999942
0
LINE
8
BLACK
6
CONTINUOUS
10
148.6588799999999821
20
-98.9094999999999942
11
148.6588720000000023
21
-98.9094999999999942
0
LINE
8
BLACK
6
CONTINUOUS
10
148.6588720000000023
20
-98.9094999999999942
11
148.4277720000000045
21
-98.9399259999999998
0
LINE
8
BLACK
6
CONTINUOUS
10
148.4277720000000045
20
-98.9399259999999998
11
148.3988839999999811
21
-98.9437300000000022
0
LINE
8
BLACK
6
CONTINUOUS
10
148.3988839999999811
20
-98.9437300000000022
11
148.1455809999999929
21
-99.0116019999999963
0
LINE
8
BLACK
6
CONTINUOUS
10
148.1455809999999929
20
-99.0116019999999963
11
148.1455709999999897
21
-99.0116049999999888
0
LINE
8
BLACK
6
CONTINUOUS
10
148.1455709999999897
20
-99.0116049999999888
11
147.9033090000000072
21
-99.1119529999999997
0
LINE
8
BLACK
6
CONTINUOUS
10
147.9033090000000072
20
-99.1119529999999997
11
147.9032990000000041
21
-99.1119580000000013
0
LINE
8
BLACK
6
CONTINUOUS
10
147.9032990000000041
20
-99.1119580000000013
11
147.6761960000000045
21
-99.2430749999999904
0
LINE
8
BLACK
6
CONTINUOUS
10
147.6761960000000045
20
-99.2430749999999904
11
147.4681479999999851
21
-99.402717999999993
0
LINE
8
BLACK
6
CONTINUOUS
10
147.4681479999999851
20
-99.402717999999993
11
147.2827179999999885
21
-99.5881479999999897
0
LINE
8
BLACK
6
CONTINUOUS
10
147.2827179999999885
20
-99.5881479999999897
11
147.2268269999999859
21
-99.6609869999999916
0
LINE
8
BLACK
6
CONTINUOUS
10
147.2268269999999859
20
-99.6609869999999916
11
147.1703990000000033
21
-99.70218899999999
0
LINE
8
BLACK
6
CONTINUOUS
10
147.1703990000000033
20
-99.70218899999999
11
147.1284519999999816
21
-99.7094999999999914
0
LINE
8
BLACK
6
CONTINUOUS
10
147.1284519999999816
20
-99.7094999999999914
11
142.1955130000000054
21
-99.7094999999999914
0
LINE
8
BLACK
6
CONTINUOUS
10
142.1955130000000054
20
-99.7094999999999914
11
142.0088849999999923
21
-99.7390589999999975
0
LINE
8
BLACK
6
CONTINUOUS
10
142.0088849999999923
20
-99.7390589999999975
11
141.829164999999989
21
-99.7974540000000019
0
LINE
8
BLACK
6
CONTINUOUS
10
141.829164999999989
20
-99.7974540000000019
11
141.6607999999999947
21
-99.8832400000000007
0
LINE
8
BLACK
6
CONTINUOUS
10
141.6607999999999947
20
-99.8832400000000007
11
141.5079230000000052
21
-99.9943119999999936
0
LINE
8
BLACK
6
CONTINUOUS
10
141.5079230000000052
20
-99.9943119999999936
11
137.374307999999985
21
-104.1279269999999997
0
LINE
8
BLACK
6
CONTINUOUS
10
137.374307999999985
20
-104.1279269999999997
11
137.3743020000000001
21
-104.1279339999999962
0
LINE
8
BLACK
6
CONTINUOUS
10
137.3743020000000001
20
-104.1279339999999962
11
137.3445549999999855
21
-104.1688800000000015
0
LINE
8
BLACK
6
CONTINUOUS
10
137.3445549999999855
20
-104.1688800000000015
11
137.344553999999988
21
-104.1688819999999964
0
LINE
8
BLACK
6
CONTINUOUS
10
137.344553999999988
20
-104.1688819999999964
11
137.3038970000000063
21
-104.2248409999999978
0
LINE
8
BLACK
6
CONTINUOUS
10
137.3038970000000063
20
-104.2248409999999978
11
137.2632399999999961
21
-104.2807999999999993
0
LINE
8
BLACK
6
CONTINUOUS
10
137.2632399999999961
20
-104.2807999999999993
11
137.1774539999999831
21
-104.4491629999999986
0
LINE
8
BLACK
6
CONTINUOUS
10
137.1774539999999831
20
-104.4491629999999986
11
137.1190589999999929
21
-104.6288809999999927
0
LINE
8
BLACK
6
CONTINUOUS
10
137.1190589999999929
20
-104.6288809999999927
11
137.0894999999999868
21
-104.8155129999999957
0
LINE
8
BLACK
6
CONTINUOUS
10
137.0894999999999868
20
-104.8155129999999957
11
137.0894999999999868
21
-106.874496999999991
0
LINE
8
BLACK
6
CONTINUOUS
10
137.0894999999999868
20
-106.874496999999991
11
137.0698150000000055
21
-106.9415359999999993
0
LINE
8
BLACK
6
CONTINUOUS
10
137.0698150000000055
20
-106.9415359999999993
11
137.0409909999999911
21
-106.9728689999999887
0
LINE
8
BLACK
6
CONTINUOUS
10
137.0409909999999911
20
-106.9728689999999887
11
137.0342239999999947
21
-106.9780609999999967
0
LINE
8
BLACK
6
CONTINUOUS
10
137.0342239999999947
20
-106.9780609999999967
11
137.034214999999989
21
-106.9780699999999882
0
LINE
8
BLACK
6
CONTINUOUS
10
137.034214999999989
20
-106.9780699999999882
11
136.858066000000008
21
-107.1542180000000002
0
LINE
8
BLACK
6
CONTINUOUS
10
136.858066000000008
20
-107.1542180000000002
11
136.8580599999999947
21
-107.1542249999999967
0
LINE
8
BLACK
6
CONTINUOUS
10
136.8580599999999947
20
-107.1542249999999967
11
136.7064000000000021
21
-107.3518729999999977
0
LINE
8
BLACK
6
CONTINUOUS
10
136.7064000000000021
20
-107.3518729999999977
11
136.5818370000000073
21
-107.5676229999999975
0
LINE
8
BLACK
6
CONTINUOUS
10
136.5818370000000073
20
-107.5676229999999975
11
136.5818299999999965
21
-107.5676379999999881
0
LINE
8
BLACK
6
CONTINUOUS
10
136.5818299999999965
20
-107.5676379999999881
11
136.4864979999999832
21
-107.7977920000000012
0
LINE
8
BLACK
6
CONTINUOUS
10
136.4864979999999832
20
-107.7977920000000012
11
136.4220169999999825
21
-108.0384379999999993
0
LINE
8
BLACK
6
CONTINUOUS
10
136.4220169999999825
20
-108.0384379999999993
11
136.3895009999999957
21
-108.2854239999999919
0
LINE
8
BLACK
6
CONTINUOUS
10
136.3895009999999957
20
-108.2854239999999919
11
136.3894999999999982
21
-108.2854409999999916
0
LINE
8
BLACK
6
CONTINUOUS
10
136.3894999999999982
20
-108.2854409999999916
11
136.3894999999999982
21
-108.5345579999999899
0
LINE
8
BLACK
6
CONTINUOUS
10
136.3894999999999982
20
-108.5345579999999899
11
136.3895009999999957
21
-108.5345749999999896
0
LINE
8
BLACK
6
CONTINUOUS
10
136.3895009999999957
20
-108.5345749999999896
11
136.4220169999999825
21
-108.7815609999999964
0
LINE
8
BLACK
6
CONTINUOUS
10
136.4220169999999825
20
-108.7815609999999964
11
136.4864979999999832
21
-109.0222069999999945
0
LINE
8
BLACK
6
CONTINUOUS
10
136.4864979999999832
20
-109.0222069999999945
11
136.5818299999999965
21
-109.2523609999999934
0
LINE
8
BLACK
6
CONTINUOUS
10
136.5818299999999965
20
-109.2523609999999934
11
136.5818370000000073
21
-109.2523759999999982
0
LINE
8
BLACK
6
CONTINUOUS
10
136.5818370000000073
20
-109.2523759999999982
11
136.7064000000000021
21
-109.468125999999998
0
LINE
8
BLACK
6
CONTINUOUS
10
136.7064000000000021
20
-109.468125999999998
11
136.8580599999999947
21
-109.665773999999999
0
LINE
8
BLACK
6
CONTINUOUS
10
136.8580599999999947
20
-109.665773999999999
11
136.858066000000008
21
-109.6657809999999955
0
LINE
8
BLACK
6
CONTINUOUS
10
136.858066000000008
20
-109.6657809999999955
11
137.0342179999999814
21
-109.8419329999999974
0
LINE
8
BLACK
6
CONTINUOUS
10
137.0342179999999814
20
-109.8419329999999974
11
137.0342249999999922
21
-109.8419389999999964
0
LINE
8
BLACK
6
CONTINUOUS
10
137.0342249999999922
20
-109.8419389999999964
11
137.2318730000000073
21
-109.993598999999989
0
LINE
8
BLACK
6
CONTINUOUS
10
137.2318730000000073
20
-109.993598999999989
11
137.447622999999993
21
-110.1181619999999981
0
LINE
8
BLACK
6
CONTINUOUS
10
137.447622999999993
20
-110.1181619999999981
11
137.4476379999999835
21
-110.1181689999999946
0
LINE
8
BLACK
6
CONTINUOUS
10
137.4476379999999835
20
-110.1181689999999946
11
137.5169559999999933
21
-110.1468809999999934
0
LINE
8
BLACK
6
CONTINUOUS
10
137.5169559999999933
20
-110.1468809999999934
11
137.6777929999999799
21
-110.2135019999999912
0
LINE
8
BLACK
6
CONTINUOUS
10
137.6777929999999799
20
-110.2135019999999912
11
137.9184349999999881
21
-110.2779819999999944
0
LINE
8
BLACK
6
CONTINUOUS
10
137.9184349999999881
20
-110.2779819999999944
11
138.1654350000000022
21
-110.3104999999999905
0
LINE
8
BLACK
6
CONTINUOUS
10
138.1654350000000022
20
-110.3104999999999905
11
138.1654419999999845
21
-110.3104999999999905
0
LINE
8
BLACK
6
CONTINUOUS
10
138.1654419999999845
20
-110.3104999999999905
11
138.4145579999999995
21
-110.3104999999999905
0
LINE
8
BLACK
6
CONTINUOUS
10
138.4145579999999995
20
-110.3104999999999905
11
138.4145649999999819
21
-110.3104999999999905
0
LINE
8
BLACK
6
CONTINUOUS
10
138.4145649999999819
20
-110.3104999999999905
11
138.661564999999996
21
-110.2779819999999944
0
LINE
8
BLACK
6
CONTINUOUS
10
138.661564999999996
20
-110.2779819999999944
11
138.9022070000000042
21
-110.2135019999999912
0
LINE
8
BLACK
6
CONTINUOUS
10
138.9022070000000042
20
-110.2135019999999912
11
139.1323730000000012
21
-110.1181639999999931
0
LINE
8
BLACK
6
CONTINUOUS
10
139.1323730000000012
20
-110.1181639999999931
11
139.3481270000000052
21
-109.993598999999989
0
LINE
8
BLACK
6
CONTINUOUS
10
139.3481270000000052
20
-109.993598999999989
11
139.5457759999999894
21
-109.841937999999999
0
LINE
8
BLACK
6
CONTINUOUS
10
139.5457759999999894
20
-109.841937999999999
11
139.7219379999999944
21
-109.6657759999999939
0
LINE
8
BLACK
6
CONTINUOUS
10
139.7219379999999944
20
-109.6657759999999939
11
139.8735989999999845
21
-109.4681269999999955
0
LINE
8
BLACK
6
CONTINUOUS
10
139.8735989999999845
20
-109.4681269999999955
11
139.9981640000000027
21
-109.2523729999999915
0
LINE
8
BLACK
6
CONTINUOUS
10
139.9981640000000027
20
-109.2523729999999915
11
140.0935020000000009
21
-109.0222069999999945
0
LINE
8
BLACK
6
CONTINUOUS
10
140.0935020000000009
20
-109.0222069999999945
11
140.1579820000000041
21
-108.7815650000000005
0
LINE
8
BLACK
6
CONTINUOUS
10
140.1579820000000041
20
-108.7815650000000005
11
140.1904999999999859
21
-108.5345650000000006
0
LINE
8
BLACK
6
CONTINUOUS
10
140.1904999999999859
20
-108.5345650000000006
11
140.1904999999999859
21
-108.2854349999999926
0
LINE
8
BLACK
6
CONTINUOUS
10
140.1904999999999859
20
-108.2854349999999926
11
140.1579820000000041
21
-108.0384349999999927
0
LINE
8
BLACK
6
CONTINUOUS
10
140.1579820000000041
20
-108.0384349999999927
11
140.0935020000000009
21
-107.7977929999999986
0
LINE
8
BLACK
6
CONTINUOUS
10
140.0935020000000009
20
-107.7977929999999986
11
140.0202019999999834
21
-107.6208319999999929
0
LINE
8
BLACK
6
CONTINUOUS
10
140.0202019999999834
20
-107.6208319999999929
11
139.9981689999999901
21
-107.5676379999999881
0
LINE
8
BLACK
6
CONTINUOUS
10
139.9981689999999901
20
-107.5676379999999881
11
139.9981659999999977
21
-107.567631999999989
0
LINE
8
BLACK
6
CONTINUOUS
10
139.9981659999999977
20
-107.567631999999989
11
139.9981640000000027
21
-107.5676270000000017
0
LINE
8
BLACK
6
CONTINUOUS
10
139.9981640000000027
20
-107.5676270000000017
11
139.9360259999999982
21
-107.4599999999999937
0
LINE
8
BLACK
6
CONTINUOUS
10
139.9360259999999982
20
-107.4599999999999937
11
139.8736020000000053
21
-107.3518770000000018
0
LINE
8
BLACK
6
CONTINUOUS
10
139.8736020000000053
20
-107.3518770000000018
11
139.8736010000000078
21
-107.3518749999999926
0
LINE
8
BLACK
6
CONTINUOUS
10
139.8736010000000078
20
-107.3518749999999926
11
139.7219389999999919
21
-107.1542249999999967
0
LINE
8
BLACK
6
CONTINUOUS
10
139.7219389999999919
20
-107.1542249999999967
11
139.721933000000007
21
-107.1542180000000002
0
LINE
8
BLACK
6
CONTINUOUS
10
139.721933000000007
20
-107.1542180000000002
11
139.6530190000000005
21
-107.0853039999999936
0
LINE
8
BLACK
6
CONTINUOUS
10
139.6530190000000005
20
-107.0853039999999936
11
139.6529779999999903
21
-107.0852639999999951
0
LINE
8
BLACK
6
CONTINUOUS
10
139.6529779999999903
20
-107.0852639999999951
11
139.5457759999999894
21
-106.9780619999999942
0
LINE
8
BLACK
6
CONTINUOUS
10
139.5457759999999894
20
-106.9780619999999942
11
139.5331779999999924
21
-106.968395000000001
0
LINE
8
BLACK
6
CONTINUOUS
10
139.5331779999999924
20
-106.968395000000001
11
139.5279109999999889
21
-106.9632569999999987
0
LINE
8
BLACK
6
CONTINUOUS
10
139.5279109999999889
20
-106.9632569999999987
11
139.5142449999999883
21
-106.9389509999999888
0
LINE
8
BLACK
6
CONTINUOUS
10
139.5142449999999883
20
-106.9389509999999888
11
139.4978089999999895
21
-106.9164389999999969
0
LINE
8
BLACK
6
CONTINUOUS
10
139.4978089999999895
20
-106.9164389999999969
11
139.4961109999999849
21
-106.9066979999999916
0
LINE
8
BLACK
6
CONTINUOUS
10
139.4961109999999849
20
-106.9066979999999916
11
139.4936689999999828
21
-106.9023539999999883
0
LINE
8
BLACK
6
CONTINUOUS
10
139.4936689999999828
20
-106.9023539999999883
11
139.4940949999999873
21
-106.8951309999999921
0
LINE
8
BLACK
6
CONTINUOUS
10
139.4940949999999873
20
-106.8951309999999921
11
139.4904999999999973
21
-106.874496999999991
0
LINE
8
BLACK
6
CONTINUOUS
10
139.4904999999999973
20
-106.874496999999991
11
139.4904999999999973
21
-105.4586259999999953
0
LINE
8
BLACK
6
CONTINUOUS
10
139.4904999999999973
20
-105.4586259999999953
11
139.510185000000007
21
-105.3915870000000012
0
LINE
8
BLACK
6
CONTINUOUS
10
139.510185000000007
20
-105.3915870000000012
11
139.526818999999989
21
-105.3709449999999919
0
LINE
8
BLACK
6
CONTINUOUS
10
139.526818999999989
20
-105.3709449999999919
11
142.7509450000000015
21
-102.1468189999999936
0
LINE
8
BLACK
6
CONTINUOUS
10
142.7509450000000015
20
-102.1468189999999936
11
142.8122679999999889
21
-102.1133339999999947
0
LINE
8
BLACK
6
CONTINUOUS
10
142.8122679999999889
20
-102.1133339999999947
11
142.838626000000005
21
-102.1105000000000018
0
LINE
8
BLACK
6
CONTINUOUS
10
142.838626000000005
20
-102.1105000000000018
11
147.1284519999999816
21
-102.1105000000000018
0
LINE
8
BLACK
6
CONTINUOUS
10
147.1284519999999816
20
-102.1105000000000018
11
147.1954910000000041
21
-102.1301849999999973
0
LINE
8
BLACK
6
CONTINUOUS
10
147.1954910000000041
20
-102.1301849999999973
11
147.2268269999999859
21
-102.1590130000000016
0
LINE
8
BLACK
6
CONTINUOUS
10
147.2268269999999859
20
-102.1590130000000016
11
147.2827179999999885
21
-102.2318509999999918
0
LINE
8
BLACK
6
CONTINUOUS
10
147.2827179999999885
20
-102.2318509999999918
11
147.2827259999999967
21
-102.2318599999999975
0
LINE
8
BLACK
6
CONTINUOUS
10
147.2827259999999967
20
-102.2318599999999975
11
147.4681400000000053
21
-102.4172739999999919
0
LINE
8
BLACK
6
CONTINUOUS
10
147.4681400000000053
20
-102.4172739999999919
11
147.4681479999999851
21
-102.4172809999999885
0
LINE
8
BLACK
6
CONTINUOUS
10
147.4681479999999851
20
-102.4172809999999885
11
147.6761960000000045
21
-102.5769239999999911
0
LINE
8
BLACK
6
CONTINUOUS
10
147.6761960000000045
20
-102.5769239999999911
11
147.9032990000000041
21
-102.7080409999999944
0
LINE
8
BLACK
6
CONTINUOUS
10
147.9032990000000041
20
-102.7080409999999944
11
147.9033090000000072
21
-102.708045999999996
0
LINE
8
BLACK
6
CONTINUOUS
10
147.9033090000000072
20
-102.708045999999996
11
148.1295000000000073
21
-102.8017369999999886
0
LINE
8
BLACK
6
CONTINUOUS
10
148.1295000000000073
20
-102.8017369999999886
11
148.1455809999999929
21
-102.8083979999999968
0
LINE
8
BLACK
6
CONTINUOUS
10
148.1455809999999929
20
-102.8083979999999968
11
148.3988839999999811
21
-102.876269999999991
0
LINE
8
BLACK
6
CONTINUOUS
10
148.3988839999999811
20
-102.876269999999991
11
148.6588799999999821
21
-102.910499999999999
0
LINE
8
BLACK
6
CONTINUOUS
10
148.6588799999999821
20
-102.910499999999999
11
148.6588869999999929
21
-102.910499999999999
0
LINE
8
BLACK
6
CONTINUOUS
10
148.6588869999999929
20
-102.910499999999999
11
148.9211129999999912
21
-102.910499999999999
0
LINE
8
BLACK
6
CONTINUOUS
10
148.9211129999999912
20
-102.910499999999999
11
148.9211200000000019
21
-102.910499999999999
0
LINE
8
BLACK
6
CONTINUOUS
10
148.9211200000000019
20
-102.910499999999999
11
149.0433390000000031
21
-102.894408999999996
0
LINE
8
BLACK
6
CONTINUOUS
10
149.0433390000000031
20
-102.894408999999996
11
149.1123739999999884
21
-102.9051740000000024
0
LINE
8
BLACK
6
CONTINUOUS
10
149.1123739999999884
20
-102.9051740000000024
11
149.1646299999999883
21
-102.9515540000000016
0
LINE
8
BLACK
6
CONTINUOUS
10
149.1646299999999883
20
-102.9515540000000016
11
149.1835159999999973
21
-103.0188229999999976
0
LINE
8
BLACK
6
CONTINUOUS
10
149.1835159999999973
20
-103.0188229999999976
11
149.1630360000000053
21
-103.0856239999999957
0
LINE
8
BLACK
6
CONTINUOUS
10
149.1630360000000053
20
-103.0856239999999957
11
149.1472059999999829
21
-103.1050290000000018
0
LINE
8
BLACK
6
CONTINUOUS
10
149.1472059999999829
20
-103.1050290000000018
11
148.124307999999985
21
-104.1279269999999997
0
LINE
8
BLACK
6
CONTINUOUS
10
148.124307999999985
20
-104.1279269999999997
11
148.1243020000000001
21
-104.1279339999999962
0
LINE
8
BLACK
6
CONTINUOUS
10
148.1243020000000001
20
-104.1279339999999962
11
148.0945549999999855
21
-104.1688800000000015
0
LINE
8
BLACK
6
CONTINUOUS
10
148.0945549999999855
20
-104.1688800000000015
11
148.094553999999988
21
-104.1688819999999964
0
LINE
8
BLACK
6
CONTINUOUS
10
148.094553999999988
20
-104.1688819999999964
11
148.0538970000000063
21
-104.2248409999999978
0
LINE
8
BLACK
6
CONTINUOUS
10
148.0538970000000063
20
-104.2248409999999978
11
148.0132399999999961
21
-104.2807999999999993
0
LINE
8
BLACK
6
CONTINUOUS
10
148.0132399999999961
20
-104.2807999999999993
11
147.9274539999999831
21
-104.4491629999999986
0
LINE
8
BLACK
6
CONTINUOUS
10
147.9274539999999831
20
-104.4491629999999986
11
147.8690589999999929
21
-104.6288809999999927
0
LINE
8
BLACK
6
CONTINUOUS
10
147.8690589999999929
20
-104.6288809999999927
11
147.8394999999999868
21
-104.8155129999999957
0
LINE
8
BLACK
6
CONTINUOUS
10
147.8394999999999868
20
-104.8155129999999957
11
147.8394999999999868
21
-105.8325209999999998
0
LINE
8
BLACK
6
CONTINUOUS
10
147.8394999999999868
20
-105.8325209999999998
11
147.8318089999999927
21
-105.8587109999999996
0
LINE
8
BLACK
6
CONTINUOUS
10
147.8318089999999927
20
-105.8587109999999996
11
147.8275309999999934
21
-105.8856719999999996
0
LINE
8
BLACK
6
CONTINUOUS
10
147.8275309999999934
20
-105.8856719999999996
11
147.8212969999999871
21
-105.8945109999999943
0
LINE
8
BLACK
6
CONTINUOUS
10
147.8212969999999871
20
-105.8945109999999943
11
147.8198150000000055
21
-105.8995599999999939
0
LINE
8
BLACK
6
CONTINUOUS
10
147.8198150000000055
20
-105.8995599999999939
11
147.8080190000000016
21
-105.9150819999999982
0
LINE
8
BLACK
6
CONTINUOUS
10
147.8080190000000016
20
-105.9150819999999982
11
147.8056719999999871
21
-105.9177109999999971
0
LINE
8
BLACK
6
CONTINUOUS
10
147.8056719999999871
20
-105.9177109999999971
11
147.7191969999999799
21
-106.0041870000000017
0
LINE
8
BLACK
6
CONTINUOUS
10
147.7191969999999799
20
-106.0041870000000017
11
147.6620790000000056
21
-106.0786239999999907
0
LINE
8
BLACK
6
CONTINUOUS
10
147.6620790000000056
20
-106.0786239999999907
11
147.6590190000000007
21
-106.0820539999999994
0
LINE
8
BLACK
6
CONTINUOUS
10
147.6590190000000007
20
-106.0820539999999994
11
147.6330959999999948
21
-106.0981829999999917
0
LINE
8
BLACK
6
CONTINUOUS
10
147.6330959999999948
20
-106.0981829999999917
11
147.6084479999999814
21
-106.1161819999999949
0
LINE
8
BLACK
6
CONTINUOUS
10
147.6084479999999814
20
-106.1161819999999949
11
147.6037189999999839
21
-106.116462999999996
0
LINE
8
BLACK
6
CONTINUOUS
10
147.6037189999999839
20
-106.116462999999996
11
147.5996959999999945
21
-106.1189669999999978
0
LINE
8
BLACK
6
CONTINUOUS
10
147.5996959999999945
20
-106.1189669999999978
11
147.5691719999999805
21
-106.1185210000000012
0
LINE
8
BLACK
6
CONTINUOUS
10
147.5691719999999805
20
-106.1185210000000012
11
147.5387020000000007
21
-106.1203369999999921
0
LINE
8
BLACK
6
CONTINUOUS
10
147.5387020000000007
20
-106.1203369999999921
11
147.5345109999999806
21
-106.1180159999999972
0
LINE
8
BLACK
6
CONTINUOUS
10
147.5345109999999806
20
-106.1180159999999972
11
147.5298339999999939
21
-106.1179479999999984
0
LINE
8
BLACK
6
CONTINUOUS
10
147.5298339999999939
20
-106.1179479999999984
11
147.5068339999999978
21
-106.1026880000000006
0
LINE
8
BLACK
6
CONTINUOUS
10
147.5068339999999978
20
-106.1026880000000006
11
147.4788189999999872
21
-106.0871739999999903
0
LINE
8
BLACK
6
CONTINUOUS
10
147.4788189999999872
20
-106.0871739999999903
11
147.4462419999999838
21
-106.0545970000000011
0
LINE
8
BLACK
6
CONTINUOUS
10
147.4462419999999838
20
-106.0545970000000011
11
147.261275999999981
21
-105.9202109999999948
0
LINE
8
BLACK
6
CONTINUOUS
10
147.261275999999981
20
-105.9202109999999948
11
147.0575680000000034
21
-105.8164170000000013
0
LINE
8
BLACK
6
CONTINUOUS
10
147.0575680000000034
20
-105.8164170000000013
11
146.840124000000003
21
-105.7457649999999916
0
LINE
8
BLACK
6
CONTINUOUS
10
146.840124000000003
20
-105.7457649999999916
11
146.75
21
-105.7314899999999938
0
LINE
8
BLACK
6
CONTINUOUS
10
146.75
20
-105.7314899999999938
11
146.75
21
-106.2457429999999903
0
LINE
8
BLACK
6
CONTINUOUS
10
146.75
20
-106.2457429999999903
11
146.7764959999999803
21
-106.2510139999999978
0
LINE
8
BLACK
6
CONTINUOUS
10
146.7764959999999803
20
-106.2510139999999978
11
146.9490049999999997
21
-106.3224699999999956
0
LINE
8
BLACK
6
CONTINUOUS
10
146.9490049999999997
20
-106.3224699999999956
11
147.1042599999999823
21
-106.4262079999999884
0
LINE
8
BLACK
6
CONTINUOUS
10
147.1042599999999823
20
-106.4262079999999884
11
147.2362919999999917
21
-106.5582399999999978
0
LINE
8
BLACK
6
CONTINUOUS
10
147.2362919999999917
20
-106.5582399999999978
11
147.3400299999999845
21
-106.7134949999999947
0
LINE
8
BLACK
6
CONTINUOUS
10
147.3400299999999845
20
-106.7134949999999947
11
147.4114859999999965
21
-106.8860039999999998
0
LINE
8
BLACK
6
CONTINUOUS
10
147.4114859999999965
20
-106.8860039999999998
11
147.4479129999999998
21
-107.0691389999999927
0
LINE
8
BLACK
6
CONTINUOUS
10
147.4479129999999998
20
-107.0691389999999927
11
147.4524999999999864
21
-107.1624999999999943
0
LINE
8
BLACK
6
CONTINUOUS
10
147.4524999999999864
20
-107.1624999999999943
11
147.4524999999999864
21
-107.2574999999999932
0
LINE
8
BLACK
6
CONTINUOUS
10
147.4524999999999864
20
-107.2574999999999932
11
147.4479129999999998
21
-107.3508609999999948
0
LINE
8
BLACK
6
CONTINUOUS
10
147.4479129999999998
20
-107.3508609999999948
11
147.4114859999999965
21
-107.5339960000000019
0
LINE
8
BLACK
6
CONTINUOUS
10
147.4114859999999965
20
-107.5339960000000019
11
147.3400299999999845
21
-107.7065049999999928
0
LINE
8
BLACK
6
CONTINUOUS
10
147.3400299999999845
20
-107.7065049999999928
11
147.2362919999999917
21
-107.8617599999999896
0
LINE
8
BLACK
6
CONTINUOUS
10
147.2362919999999917
20
-107.8617599999999896
11
147.1042599999999823
21
-107.9937919999999991
0
LINE
8
BLACK
6
CONTINUOUS
10
147.1042599999999823
20
-107.9937919999999991
11
146.9490049999999997
21
-108.0975299999999919
0
LINE
8
BLACK
6
CONTINUOUS
10
146.9490049999999997
20
-108.0975299999999919
11
146.7764959999999803
21
-108.1689859999999896
0
LINE
8
BLACK
6
CONTINUOUS
10
146.7764959999999803
20
-108.1689859999999896
11
146.75
21
-108.1742559999999997
0
LINE
8
BLACK
6
CONTINUOUS
10
146.75
20
-108.1742559999999997
11
146.75
21
-108.6885079999999988
0
LINE
8
BLACK
6
CONTINUOUS
10
146.75
20
-108.6885079999999988
11
146.8401279999999929
21
-108.6742339999999984
0
LINE
8
BLACK
6
CONTINUOUS
10
146.8401279999999929
20
-108.6742339999999984
11
147.0575699999999983
21
-108.6035819999999887
0
LINE
8
BLACK
6
CONTINUOUS
10
147.0575699999999983
20
-108.6035819999999887
11
147.261275999999981
21
-108.4997879999999952
0
LINE
8
BLACK
6
CONTINUOUS
10
147.261275999999981
20
-108.4997879999999952
11
147.4462419999999838
21
-108.3654019999999889
0
LINE
8
BLACK
6
CONTINUOUS
10
147.4462419999999838
20
-108.3654019999999889
11
147.4788179999999898
21
-108.3328259999999972
0
LINE
8
BLACK
6
CONTINUOUS
10
147.4788179999999898
20
-108.3328259999999972
11
147.5401399999999796
21
-108.2993400000000008
0
LINE
8
BLACK
6
CONTINUOUS
10
147.5401399999999796
20
-108.2993400000000008
11
147.6098319999999831
21
-108.304323999999994
0
LINE
8
BLACK
6
CONTINUOUS
10
147.6098319999999831
20
-108.304323999999994
11
147.6648759999999925
21
-108.345019999999991
0
LINE
8
BLACK
6
CONTINUOUS
10
147.6648759999999925
20
-108.345019999999991
11
147.7191949999999849
21
-108.4158109999999908
0
LINE
8
BLACK
6
CONTINUOUS
10
147.7191949999999849
20
-108.4158109999999908
11
147.7192009999999982
21
-108.4158180000000016
0
LINE
8
BLACK
6
CONTINUOUS
10
147.7192009999999982
20
-108.4158180000000016
11
147.8816809999999862
21
-108.5782979999999895
0
LINE
8
BLACK
6
CONTINUOUS
10
147.8816809999999862
20
-108.5782979999999895
11
147.8816869999999994
21
-108.5783029999999911
0
LINE
8
BLACK
6
CONTINUOUS
10
147.8816869999999994
20
-108.5783029999999911
11
148.0639960000000031
21
-108.7181929999999994
0
LINE
8
BLACK
6
CONTINUOUS
10
148.0639960000000031
20
-108.7181929999999994
11
148.2630039999999951
21
-108.833090999999996
0
LINE
8
BLACK
6
CONTINUOUS
10
148.2630039999999951
20
-108.833090999999996
11
148.4753079999999841
21
-108.9210300000000018
0
LINE
8
BLACK
6
CONTINUOUS
10
148.4753079999999841
20
-108.9210300000000018
11
148.6972729999999956
21
-108.9805049999999937
0
LINE
8
BLACK
6
CONTINUOUS
10
148.6972729999999956
20
-108.9805049999999937
11
148.9251019999999812
21
-109.0104999999999933
0
LINE
8
BLACK
6
CONTINUOUS
10
148.9251019999999812
20
-109.0104999999999933
11
148.925108999999992
21
-109.0104999999999933
0
LINE
8
BLACK
6
CONTINUOUS
10
148.925108999999992
20
-109.0104999999999933
11
149.1548909999999921
21
-109.0104999999999933
0
LINE
8
BLACK
6
CONTINUOUS
10
149.1548909999999921
20
-109.0104999999999933
11
149.1548980000000029
21
-109.0104999999999933
0
LINE
8
BLACK
6
CONTINUOUS
10
149.1548980000000029
20
-109.0104999999999933
11
149.3827269999999885
21
-108.9805049999999937
0
LINE
8
BLACK
6
CONTINUOUS
10
149.3827269999999885
20
-108.9805049999999937
11
149.604692
21
-108.9210300000000018
0
LINE
8
BLACK
6
CONTINUOUS
10
149.604692
20
-108.9210300000000018
11
149.816995999999989
21
-108.833090999999996
0
LINE
8
BLACK
6
CONTINUOUS
10
149.816995999999989
20
-108.833090999999996
11
149.9257479999999987
21
-108.7703020000000009
0
LINE
8
BLACK
6
CONTINUOUS
10
149.9257479999999987
20
-108.7703020000000009
11
149.9456169999999986
21
-108.7654809999999941
0
LINE
8
BLACK
6
CONTINUOUS
10
149.9456169999999986
20
-108.7654809999999941
11
149.9637469999999837
21
-108.7560339999999997
0
LINE
8
BLACK
6
CONTINUOUS
10
149.9637469999999837
20
-108.7560339999999997
11
149.9788790000000063
21
-108.7574109999999905
0
LINE
8
BLACK
6
CONTINUOUS
10
149.9788790000000063
20
-108.7574109999999905
11
149.9936480000000074
21
-108.7538289999999961
0
LINE
8
BLACK
6
CONTINUOUS
10
149.9936480000000074
20
-108.7538289999999961
11
150.0129689999999982
21
-108.7605159999999955
0
LINE
8
BLACK
6
CONTINUOUS
10
150.0129689999999982
20
-108.7605159999999955
11
150.0333289999999806
21
-108.76236999999999
0
LINE
8
BLACK
6
CONTINUOUS
10
150.0333289999999806
20
-108.76236999999999
11
150.0500590000000045
21
-108.7733530000000002
0
LINE
8
BLACK
6
CONTINUOUS
10
150.0500590000000045
20
-108.7733530000000002
11
150.0596749999999986
21
-108.7766809999999964
0
LINE
8
BLACK
6
CONTINUOUS
10
150.0596749999999986
20
-108.7766809999999964
11
150.0639720000000068
21
-108.7798829999999981
0
LINE
8
BLACK
6
CONTINUOUS
10
150.0639720000000068
20
-108.7798829999999981
11
150.0700119999999913
21
-108.7845899999999943
0
LINE
8
BLACK
6
CONTINUOUS
10
150.0700119999999913
20
-108.7845899999999943
11
150.125237999999996
21
-108.839815999999999
0
LINE
8
BLACK
6
CONTINUOUS
10
150.125237999999996
20
-108.839815999999999
11
150.2059569999999837
21
-108.8905349999999999
0
LINE
8
BLACK
6
CONTINUOUS
10
150.2059569999999837
20
-108.8905349999999999
11
150.2109010000000069
21
-108.8943879999999922
0
LINE
8
BLACK
6
CONTINUOUS
10
150.2109010000000069
20
-108.8943879999999922
11
150.2277799999999957
21
-108.9178730000000002
0
LINE
8
BLACK
6
CONTINUOUS
10
150.2277799999999957
20
-108.9178730000000002
11
150.2469409999999925
21
-108.9395349999999922
0
LINE
8
BLACK
6
CONTINUOUS
10
150.2469409999999925
20
-108.9395349999999922
11
150.247920999999991
21
-108.945894999999993
0
LINE
8
BLACK
6
CONTINUOUS
10
150.247920999999991
20
-108.945894999999993
11
150.2516789999999958
21
-108.9511229999999955
0
LINE
8
BLACK
6
CONTINUOUS
10
150.2516789999999958
20
-108.9511229999999955
11
150.2531819999999811
21
-108.9800089999999955
0
LINE
8
BLACK
6
CONTINUOUS
10
150.2531819999999811
20
-108.9800089999999955
11
150.2575889999999958
21
-109.0085879999999889
0
LINE
8
BLACK
6
CONTINUOUS
10
150.2575889999999958
20
-109.0085879999999889
11
150.2549750000000017
21
-109.0144679999999937
0
LINE
8
BLACK
6
CONTINUOUS
10
150.2549750000000017
20
-109.0144679999999937
11
150.2553099999999802
21
-109.0208979999999883
0
LINE
8
BLACK
6
CONTINUOUS
10
150.2553099999999802
20
-109.0208979999999883
11
150.2409569999999803
21
-109.0460099999999954
0
LINE
8
BLACK
6
CONTINUOUS
10
150.2409569999999803
20
-109.0460099999999954
11
150.2292139999999847
21
-109.0724359999999962
0
LINE
8
BLACK
6
CONTINUOUS
10
150.2292139999999847
20
-109.0724359999999962
11
150.2223589999999831
21
-109.0798750000000013
0
LINE
8
BLACK
6
CONTINUOUS
10
150.2223589999999831
20
-109.0798750000000013
11
147.7890549999999905
21
-111.5131809999999888
0
LINE
8
BLACK
6
CONTINUOUS
10
147.7890549999999905
20
-111.5131809999999888
11
147.7277320000000032
21
-111.5466660000000019
0
LINE
8
BLACK
6
CONTINUOUS
10
147.7277320000000032
20
-111.5466660000000019
11
147.7013739999999871
21
-111.5494999999999948
0
LINE
8
BLACK
6
CONTINUOUS
10
147.7013739999999871
20
-111.5494999999999948
11
142.1055139999999994
21
-111.5494999999999948
0
LINE
8
BLACK
6
CONTINUOUS
10
142.1055139999999994
20
-111.5494999999999948
11
141.9188780000000065
21
-111.5790599999999984
0
LINE
8
BLACK
6
CONTINUOUS
10
141.9188780000000065
20
-111.5790599999999984
11
141.8283169999999984
21
-111.6084850000000017
0
LINE
8
BLACK
6
CONTINUOUS
10
141.8283169999999984
20
-111.6084850000000017
11
141.7584760000000017
21
-111.6104799999999955
0
LINE
8
BLACK
6
CONTINUOUS
10
141.7584760000000017
20
-111.6104799999999955
11
141.7516829999999857
21
-111.6084850000000017
0
LINE
8
BLACK
6
CONTINUOUS
10
141.7516829999999857
20
-111.6084850000000017
11
141.6611199999999826
21
-111.5790599999999984
0
LINE
8
BLACK
6
CONTINUOUS
10
141.6611199999999826
20
-111.5790599999999984
11
141.6611209999999801
21
-111.5790599999999984
0
LINE
8
BLACK
6
CONTINUOUS
10
141.6611209999999801
20
-111.5790599999999984
11
141.4744859999999846
21
-111.5494999999999948
0
LINE
8
BLACK
6
CONTINUOUS
10
141.4744859999999846
20
-111.5494999999999948
11
141.4744809999999973
21
-111.5494999999999948
0
LINE
8
BLACK
6
CONTINUOUS
10
141.4744809999999973
20
-111.5494999999999948
11
134.9286249999999825
21
-111.5494999999999948
0
LINE
8
BLACK
6
CONTINUOUS
10
134.9286249999999825
20
-111.5494999999999948
11
134.8615859999999884
21
-111.5298149999999993
0
LINE
8
BLACK
6
CONTINUOUS
10
134.8615859999999884
20
-111.5298149999999993
11
134.8409440000000075
21
-111.5131809999999888
0
LINE
8
BLACK
6
CONTINUOUS
10
134.8409440000000075
20
-111.5131809999999888
11
131.276818999999989
21
-107.9490550000000013
0
LINE
8
BLACK
6
CONTINUOUS
10
131.276818999999989
20
-107.9490550000000013
11
131.2433340000000044
21
-107.8877319999999997
0
LINE
8
BLACK
6
CONTINUOUS
10
131.2433340000000044
20
-107.8877319999999997
11
131.2404999999999973
21
-107.8613739999999979
0
LINE
8
BLACK
6
CONTINUOUS
10
131.2404999999999973
20
-107.8613739999999979
11
131.2404999999999973
21
-104.3907459999999929
0
LINE
8
BLACK
6
CONTINUOUS
10
131.2404999999999973
20
-104.3907459999999929
11
131.260185000000007
21
-104.3237069999999989
0
LINE
8
BLACK
6
CONTINUOUS
10
131.260185000000007
20
-104.3237069999999989
11
131.2641729999999995
21
-104.3178709999999967
0
LINE
8
BLACK
6
CONTINUOUS
10
131.2641729999999995
20
-104.3178709999999967
11
131.3233429999999942
21
-104.236432999999991
0
LINE
8
BLACK
6
CONTINUOUS
10
131.3233429999999942
20
-104.236432999999991
11
131.4305679999999938
21
-104.0259920000000022
0
LINE
8
BLACK
6
CONTINUOUS
10
131.4305679999999938
20
-104.0259920000000022
11
131.5035529999999824
21
-103.8013679999999965
0
LINE
8
BLACK
6
CONTINUOUS
10
131.5035529999999824
20
-103.8013679999999965
11
131.5404999999999802
21
-103.5680969999999945
0
LINE
8
BLACK
6
CONTINUOUS
10
131.5404999999999802
20
-103.5680969999999945
11
131.5404999999999802
21
-103.3319019999999995
0
LINE
8
BLACK
6
CONTINUOUS
10
131.5404999999999802
20
-103.3319019999999995
11
131.5035529999999824
21
-103.0986309999999975
0
LINE
8
BLACK
6
CONTINUOUS
10
131.5035529999999824
20
-103.0986309999999975
11
131.4424249999999859
21
-102.910499999999999
0
LINE
8
BLACK
6
CONTINUOUS
10
131.4424249999999859
20
-102.910499999999999
11
131.4305679999999938
21
-102.8740079999999892
0
LINE
8
BLACK
6
CONTINUOUS
10
131.4305679999999938
20
-102.8740079999999892
11
131.4305659999999989
21
-102.8740049999999968
0
LINE
8
BLACK
6
CONTINUOUS
10
131.4305659999999989
20
-102.8740049999999968
11
131.4305659999999989
21
-102.8740030000000019
0
LINE
8
BLACK
6
CONTINUOUS
10
131.4305659999999989
20
-102.8740030000000019
11
131.3460059999999885
21
-102.708045999999996
0
LINE
8
BLACK
6
CONTINUOUS
10
131.3460059999999885
20
-102.708045999999996
11
131.3233429999999942
21
-102.6635670000000005
0
LINE
8
BLACK
6
CONTINUOUS
10
131.3233429999999942
20
-102.6635670000000005
11
131.1845169999999996
21
-102.4724899999999934
0
LINE
8
BLACK
6
CONTINUOUS
10
131.1845169999999996
20
-102.4724899999999934
11
131.0175099999999873
21
-102.3054829999999953
0
LINE
8
BLACK
6
CONTINUOUS
10
131.0175099999999873
20
-102.3054829999999953
11
130.8264329999999802
21
-102.1666570000000007
0
LINE
8
BLACK
6
CONTINUOUS
10
130.8264329999999802
20
-102.1666570000000007
11
130.7874989999999968
21
-102.1468189999999936
0
LINE
8
BLACK
6
CONTINUOUS
10
130.7874989999999968
20
-102.1468189999999936
11
130.6159959999999955
21
-102.0594329999999985
0
LINE
8
BLACK
6
CONTINUOUS
10
130.6159959999999955
20
-102.0594329999999985
11
130.3913679999999999
21
-101.9864460000000008
0
LINE
8
BLACK
6
CONTINUOUS
10
130.3913679999999999
20
-101.9864460000000008
11
130.1580969999999979
21
-101.9495000000000005
0
LINE
8
BLACK
6
CONTINUOUS
10
130.1580969999999979
20
-101.9495000000000005
11
130.1580919999999821
21
-101.9495000000000005
0
LINE
8
BLACK
6
CONTINUOUS
10
130.1580919999999821
20
-101.9495000000000005
11
129.9219080000000019
21
-101.9495000000000005
0
LINE
8
BLACK
6
CONTINUOUS
10
129.9219080000000019
20
-101.9495000000000005
11
129.9219029999999862
21
-101.9495000000000005
0
LINE
8
BLACK
6
CONTINUOUS
10
129.9219029999999862
20
-101.9495000000000005
11
129.6886309999999867
21
-101.9864460000000008
0
LINE
8
BLACK
6
CONTINUOUS
10
129.6886309999999867
20
-101.9864460000000008
11
129.4640029999999911
21
-102.0594329999999985
0
LINE
8
BLACK
6
CONTINUOUS
10
129.4640029999999911
20
-102.0594329999999985
11
129.2535660000000064
21
-102.1666570000000007
0
LINE
8
BLACK
6
CONTINUOUS
10
129.2535660000000064
20
-102.1666570000000007
11
129.1638350000000059
21
-102.2318509999999918
0
LINE
8
BLACK
6
CONTINUOUS
10
129.1638350000000059
20
-102.2318509999999918
11
129.0624899999999968
21
-102.3054829999999953
0
LINE
8
BLACK
6
CONTINUOUS
10
129.0624899999999968
20
-102.3054829999999953
11
129.0624880000000019
21
-102.3054849999999902
0
LINE
8
BLACK
6
CONTINUOUS
10
129.0624880000000019
20
-102.3054849999999902
11
129.0624870000000044
21
-102.3054849999999902
0
LINE
8
BLACK
6
CONTINUOUS
10
129.0624870000000044
20
-102.3054849999999902
11
128.8954850000000079
21
-102.472487000000001
0
LINE
8
BLACK
6
CONTINUOUS
10
128.8954850000000079
20
-102.472487000000001
11
128.8954850000000079
21
-102.4724879999999985
0
LINE
8
BLACK
6
CONTINUOUS
10
128.8954850000000079
20
-102.4724879999999985
11
128.8954829999999845
21
-102.4724899999999934
0
LINE
8
BLACK
6
CONTINUOUS
10
128.8954829999999845
20
-102.4724899999999934
11
128.8862680000000012
21
-102.4851740000000007
0
LINE
8
BLACK
6
CONTINUOUS
10
128.8862680000000012
20
-102.4851740000000007
11
128.7566569999999899
21
-102.6635659999999888
0
LINE
8
BLACK
6
CONTINUOUS
10
128.7566569999999899
20
-102.6635659999999888
11
128.6494329999999877
21
-102.8740030000000019
0
LINE
8
BLACK
6
CONTINUOUS
10
128.6494329999999877
20
-102.8740030000000019
11
128.5764460000000042
21
-103.0986309999999975
0
LINE
8
BLACK
6
CONTINUOUS
10
128.5764460000000042
20
-103.0986309999999975
11
128.5395000000000039
21
-103.3319019999999995
0
LINE
8
BLACK
6
CONTINUOUS
10
128.5395000000000039
20
-103.3319019999999995
11
128.5395000000000039
21
-103.5680969999999945
0
LINE
8
BLACK
6
CONTINUOUS
10
128.5395000000000039
20
-103.5680969999999945
11
128.5764460000000042
21
-103.8013679999999965
0
LINE
8
BLACK
6
CONTINUOUS
10
128.5764460000000042
20
-103.8013679999999965
11
128.6494329999999877
21
-104.0259959999999921
0
LINE
8
BLACK
6
CONTINUOUS
10
128.6494329999999877
20
-104.0259959999999921
11
128.7566569999999899
21
-104.236432999999991
0
LINE
8
BLACK
6
CONTINUOUS
10
128.7566569999999899
20
-104.236432999999991
11
128.8158180000000073
21
-104.3178609999999935
0
LINE
8
BLACK
6
CONTINUOUS
10
128.8158180000000073
20
-104.3178609999999935
11
128.8392979999999852
21
-104.383665999999991
0
LINE
8
BLACK
6
CONTINUOUS
10
128.8392979999999852
20
-104.383665999999991
11
128.8394999999999868
21
-104.3907459999999929
0
LINE
8
BLACK
6
CONTINUOUS
10
128.8394999999999868
20
-104.3907459999999929
11
128.8394999999999868
21
-108.504486
0
LINE
8
BLACK
6
CONTINUOUS
10
128.8394999999999868
20
-108.504486
11
128.8690589999999929
21
-108.6911179999999888
0
LINE
8
BLACK
6
CONTINUOUS
10
128.8690589999999929
20
-108.6911179999999888
11
128.9274539999999831
21
-108.8708359999999971
0
LINE
8
BLACK
6
CONTINUOUS
10
128.9274539999999831
20
-108.8708359999999971
11
128.9986169999999959
21
-109.0104999999999933
0
LINE
8
BLACK
6
CONTINUOUS
10
128.9986169999999959
20
-109.0104999999999933
11
129.0132399999999961
21
-109.0391989999999964
0
LINE
8
BLACK
6
CONTINUOUS
10
129.0132399999999961
20
-109.0391989999999964
11
129.1243100000000084
21
-109.192073999999991
0
LINE
8
BLACK
6
CONTINUOUS
10
129.1243100000000084
20
-109.192073999999991
11
133.5979269999999985
21
-113.6656899999999979
0
LINE
8
BLACK
6
CONTINUOUS
10
133.5979269999999985
20
-113.6656899999999979
11
133.7508009999999956
21
-113.7767599999999959
0
LINE
8
BLACK
6
CONTINUOUS
10
133.7508009999999956
20
-113.7767599999999959
11
133.8303469999999891
21
-113.8172899999999998
0
LINE
8
BLACK
6
CONTINUOUS
10
133.8303469999999891
20
-113.8172899999999998
11
133.9191629999999975
21
-113.8625449999999972
0
LINE
8
BLACK
6
CONTINUOUS
10
133.9191629999999975
20
-113.8625449999999972
11
133.9191649999999925
21
-113.8625449999999972
0
LINE
8
BLACK
6
CONTINUOUS
10
133.9191649999999925
20
-113.8625449999999972
11
133.9191679999999849
21
-113.8625469999999922
0
LINE
8
BLACK
6
CONTINUOUS
10
133.9191679999999849
20
-113.8625469999999922
11
134.0154969999999821
21
-113.8938459999999964
0
LINE
8
BLACK
6
CONTINUOUS
10
134.0154969999999821
20
-113.8938459999999964
11
134.0988810000000058
21
-113.9209400000000016
0
LINE
8
BLACK
6
CONTINUOUS
10
134.0988810000000058
20
-113.9209400000000016
11
134.2855140000000063
21
-113.950499999999991
0
LINE
8
BLACK
6
CONTINUOUS
10
134.2855140000000063
20
-113.950499999999991
11
134.2855189999999936
21
-113.950499999999991
0
LINE
8
BLACK
6
CONTINUOUS
10
134.2855189999999936
20
-113.950499999999991
11
134.4744819999999947
21
-113.950499999999991
0
LINE
8
BLACK
6
CONTINUOUS
10
134.4744819999999947
20
-113.950499999999991
11
137.6441399999999931
21
-113.950499999999991
0
LINE
8
BLACK
6
CONTINUOUS
10
137.6441399999999931
20
-113.950499999999991
11
137.7111789999999871
21
-113.9701850000000007
0
LINE
8
BLACK
6
CONTINUOUS
10
137.7111789999999871
20
-113.9701850000000007
11
137.7569340000000011
21
-114.0229889999999955
0
LINE
8
BLACK
6
CONTINUOUS
10
137.7569340000000011
20
-114.0229889999999955
11
137.7668779999999913
21
-114.0921469999999971
0
LINE
8
BLACK
6
CONTINUOUS
10
137.7668779999999913
20
-114.0921469999999971
11
137.7546250000000043
21
-114.130794999999992
0
LINE
8
BLACK
6
CONTINUOUS
10
137.7546250000000043
20
-114.130794999999992
11
137.680421999999993
21
-114.2764229999999941
0
LINE
8
BLACK
6
CONTINUOUS
10
137.680421999999993
20
-114.2764229999999941
11
137.6001399999999819
21
-114.5235059999999976
0
LINE
8
BLACK
6
CONTINUOUS
10
137.6001399999999819
20
-114.5235059999999976
11
137.5594999999999857
21
-114.7800969999999978
0
LINE
8
BLACK
6
CONTINUOUS
10
137.5594999999999857
20
-114.7800969999999978
11
137.5594999999999857
21
-115.0399019999999979
0
LINE
8
BLACK
6
CONTINUOUS
10
137.5594999999999857
20
-115.0399019999999979
11
137.6001399999999819
21
-115.2964929999999981
0
LINE
8
BLACK
6
CONTINUOUS
10
137.6001399999999819
20
-115.2964929999999981
11
137.680421999999993
21
-115.5435760000000016
0
LINE
8
BLACK
6
CONTINUOUS
10
137.680421999999993
20
-115.5435760000000016
11
137.7983679999999822
21
-115.7750539999999972
0
LINE
8
BLACK
6
CONTINUOUS
10
137.7983679999999822
20
-115.7750539999999972
11
137.9510659999999973
21
-115.9852249999999998
0
LINE
8
BLACK
6
CONTINUOUS
10
137.9510659999999973
20
-115.9852249999999998
11
137.9510709999999847
21
-115.9852309999999989
0
LINE
8
BLACK
6
CONTINUOUS
10
137.9510709999999847
20
-115.9852309999999989
11
137.9731809999999825
21
-116.0073409999999967
0
LINE
8
BLACK
6
CONTINUOUS
10
137.9731809999999825
20
-116.0073409999999967
11
138.0066659999999956
21
-116.0686639999999983
0
LINE
8
BLACK
6
CONTINUOUS
10
138.0066659999999956
20
-116.0686639999999983
11
138.0095000000000027
21
-116.0950220000000002
0
LINE
8
BLACK
6
CONTINUOUS
10
138.0095000000000027
20
-116.0950220000000002
11
138.0095000000000027
21
-116.6744860000000017
0
LINE
8
BLACK
6
CONTINUOUS
10
138.0095000000000027
20
-116.6744860000000017
11
138.0390589999999804
21
-116.8611179999999905
0
LINE
8
BLACK
6
CONTINUOUS
10
138.0390589999999804
20
-116.8611179999999905
11
138.097453999999999
21
-117.0408359999999988
0
LINE
8
BLACK
6
CONTINUOUS
10
138.097453999999999
20
-117.0408359999999988
11
138.1832399999999836
21
-117.2091989999999981
0
LINE
8
BLACK
6
CONTINUOUS
10
138.1832399999999836
20
-117.2091989999999981
11
138.2943099999999959
21
-117.3620739999999927
0
LINE
8
BLACK
6
CONTINUOUS
10
138.2943099999999959
20
-117.3620739999999927
11
139.4643099999999833
21
-118.5320729999999969
0
LINE
8
BLACK
6
CONTINUOUS
10
139.4643099999999833
20
-118.5320729999999969
11
139.5979269999999985
21
-118.6656899999999979
0
LINE
8
BLACK
6
CONTINUOUS
10
139.5979269999999985
20
-118.6656899999999979
11
139.7508009999999956
21
-118.7767599999999959
0
LINE
8
BLACK
6
CONTINUOUS
10
139.7508009999999956
20
-118.7767599999999959
11
139.8303469999999891
21
-118.8172899999999998
0
LINE
8
BLACK
6
CONTINUOUS
10
139.8303469999999891
20
-118.8172899999999998
11
139.9191629999999975
21
-118.8625449999999972
0
LINE
8
BLACK
6
CONTINUOUS
10
139.9191629999999975
20
-118.8625449999999972
11
139.9191649999999925
21
-118.8625449999999972
0
LINE
8
BLACK
6
CONTINUOUS
10
139.9191649999999925
20
-118.8625449999999972
11
139.9191679999999849
21
-118.8625469999999922
0
LINE
8
BLACK
6
CONTINUOUS
10
139.9191679999999849
20
-118.8625469999999922
11
140.0154969999999821
21
-118.8938459999999964
0
LINE
8
BLACK
6
CONTINUOUS
10
140.0154969999999821
20
-118.8938459999999964
11
140.0988810000000058
21
-118.9209400000000016
0
LINE
8
BLACK
6
CONTINUOUS
10
140.0988810000000058
20
-118.9209400000000016
11
140.2855140000000063
21
-118.950499999999991
0
LINE
8
BLACK
6
CONTINUOUS
10
140.2855140000000063
20
-118.950499999999991
11
140.2855189999999936
21
-118.950499999999991
0
LINE
8
BLACK
6
CONTINUOUS
10
140.2855189999999936
20
-118.950499999999991
11
154.2944860000000062
21
-118.950499999999991
0
LINE
8
BLACK
6
CONTINUOUS
10
154.2944860000000062
20
-118.950499999999991
11
154.4811179999999808
21
-118.9209400000000016
0
LINE
8
BLACK
6
CONTINUOUS
10
154.4811179999999808
20
-118.9209400000000016
11
154.6608319999999992
21
-118.8625469999999922
0
LINE
8
BLACK
6
CONTINUOUS
10
154.6608319999999992
20
-118.8625469999999922
11
154.8291989999999885
21
-118.7767599999999959
0
LINE
8
BLACK
6
CONTINUOUS
10
154.8291989999999885
20
-118.7767599999999959
11
154.982073999999983
21
-118.6656899999999979
0
LINE
8
BLACK
6
CONTINUOUS
10
154.982073999999983
20
-118.6656899999999979
11
163.8623230000000035
21
-109.7854409999999916
0
LINE
8
BLACK
6
CONTINUOUS
10
163.8623230000000035
20
-109.7854409999999916
11
168.4156899999999837
21
-105.2320739999999972
0
LINE
8
BLACK
6
CONTINUOUS
10
168.4156899999999837
20
-105.2320739999999972
11
168.5267599999999959
21
-105.0791989999999885
0
LINE
8
BLACK
6
CONTINUOUS
10
168.5267599999999959
20
-105.0791989999999885
11
168.6125470000000064
21
-104.9108319999999992
0
LINE
8
BLACK
6
CONTINUOUS
10
168.6125470000000064
20
-104.9108319999999992
11
168.6709400000000016
21
-104.731117999999995
0
LINE
8
BLACK
6
CONTINUOUS
10
168.6709400000000016
20
-104.731117999999995
11
168.6871319999999912
21
-104.6288819999999902
0
LINE
8
BLACK
6
CONTINUOUS
10
168.6871319999999912
20
-104.6288819999999902
11
168.7005000000000052
21
-104.5444809999999904
0
LINE
8
BLACK
6
CONTINUOUS
10
168.7005000000000052
20
-104.5444809999999904
11
168.7005000000000052
21
-93.4055189999999982
0
LINE
8
BLACK
6
CONTINUOUS
10
168.7005000000000052
20
-93.4055189999999982
11
168.7005000000000052
21
-93.4055129999999991
0
LINE
8
BLACK
6
CONTINUOUS
10
168.7005000000000052
20
-93.4055129999999991
11
168.6709400000000016
21
-93.2188809999999961
0
LINE
8
BLACK
6
CONTINUOUS
10
168.6709400000000016
20
-93.2188809999999961
11
168.612544999999983
21
-93.0391630000000021
0
LINE
8
BLACK
6
CONTINUOUS
10
168.612544999999983
20
-93.0391630000000021
11
168.5267589999999984
21
-92.8708000000000027
0
LINE
8
BLACK
6
CONTINUOUS
10
168.5267589999999984
20
-92.8708000000000027
11
168.4977989999999863
21
-92.8309399999999982
0
LINE
8
BLACK
6
CONTINUOUS
10
168.4977989999999863
20
-92.8309399999999982
11
168.4977989999999863
21
-92.8309390000000008
0
LINE
8
BLACK
6
CONTINUOUS
10
168.4977989999999863
20
-92.8309390000000008
11
168.4977969999999914
21
-92.8309379999999891
0
LINE
8
BLACK
6
CONTINUOUS
10
168.4977969999999914
20
-92.8309379999999891
11
168.4575339999999812
21
-92.7755190000000027
0
LINE
8
BLACK
6
CONTINUOUS
10
168.4575339999999812
20
-92.7755190000000027
11
168.4156930000000045
21
-92.717928999999998
0
LINE
8
BLACK
6
CONTINUOUS
10
168.4156930000000045
20
-92.717928999999998
11
163.1120760000000018
21
-87.4143119999999954
0
LINE
8
BLACK
6
CONTINUOUS
10
163.1120760000000018
20
-87.4143119999999954
11
163.1120739999999785
21
-87.4143100000000004
0
LINE
8
BLACK
6
CONTINUOUS
10
163.1120739999999785
20
-87.4143100000000004
11
162.9591989999999839
21
-87.3032400000000024
0
LINE
8
BLACK
6
CONTINUOUS
10
162.9591989999999839
20
-87.3032400000000024
11
162.7908359999999846
21
-87.2174539999999894
0
LINE
8
BLACK
6
CONTINUOUS
10
162.7908359999999846
20
-87.2174539999999894
11
162.6111180000000047
21
-87.1590589999999992
0
LINE
8
BLACK
6
CONTINUOUS
10
162.6111180000000047
20
-87.1590589999999992
11
162.4244860000000017
21
-87.1294999999999931
0
LINE
8
BLACK
6
CONTINUOUS
10
162.4244860000000017
20
-87.1294999999999931
11
162.4244809999999859
21
-87.1294999999999931
0
LINE
8
BLACK
6
CONTINUOUS
10
162.4244809999999859
20
-87.1294999999999931
11
150.6392960000000016
21
-87.1294999999999931
0
LINE
8
BLACK
6
CONTINUOUS
10
150.6392960000000016
20
-87.1294999999999931
11
150.5722569999999791
21
-87.1098149999999976
0
LINE
8
BLACK
6
CONTINUOUS
10
150.5722569999999791
20
-87.1098149999999976
11
150.5265019999999936
21
-87.0570110000000028
0
LINE
8
BLACK
6
CONTINUOUS
10
150.5265019999999936
20
-87.0570110000000028
11
150.5222540000000038
21
-87.0464549999999946
0
LINE
8
BLACK
6
CONTINUOUS
10
150.5222540000000038
20
-87.0464549999999946
11
150.5207839999999919
21
-87.0422530000000023
0
LINE
8
BLACK
6
CONTINUOUS
10
150.5207839999999919
20
-87.0422530000000023
11
150.5157889999999838
21
-87.0279779999999903
0
LINE
8
BLACK
6
CONTINUOUS
10
150.5157889999999838
20
-87.0279779999999903
11
150.4198159999999973
21
-86.875237999999996
0
LINE
8
BLACK
6
CONTINUOUS
10
150.4198159999999973
20
-86.875237999999996
11
150.2922619999999938
21
-86.7476839999999925
0
LINE
8
BLACK
6
CONTINUOUS
10
150.2922619999999938
20
-86.7476839999999925
11
150.2698299999999847
21
-86.7335889999999949
0
LINE
8
BLACK
6
CONTINUOUS
10
150.2698299999999847
20
-86.7335889999999949
11
150.139522999999997
21
-86.6517109999999917
0
LINE
8
BLACK
6
CONTINUOUS
10
150.139522999999997
20
-86.6517109999999917
11
149.9692540000000065
21
-86.5921309999999949
0
LINE
8
BLACK
6
CONTINUOUS
10
149.9692540000000065
20
-86.5921309999999949
11
149.9692489999999907
21
-86.5921299999999974
0
LINE
8
BLACK
6
CONTINUOUS
10
149.9692489999999907
20
-86.5921299999999974
11
149.8349599999999953
21
-86.5769999999999982
0
LINE
8
BLACK
6
CONTINUOUS
10
149.8349599999999953
20
-86.5769999999999982
11
149.834953999999982
21
-86.5769999999999982
0
LINE
8
BLACK
6
CONTINUOUS
10
149.834953999999982
20
-86.5769999999999982
11
147.7450460000000021
21
-86.5769999999999982
0
LINE
8
BLACK
6
CONTINUOUS
10
147.7450460000000021
20
-86.5769999999999982
11
147.7450389999999913
21
-86.5769999999999982
0
LINE
8
BLACK
6
CONTINUOUS
10
147.7450389999999913
20
-86.5769999999999982
11
147.6107499999999959
21
-86.5921299999999974
0
LINE
8
BLACK
6
CONTINUOUS
10
147.6107499999999959
20
-86.5921299999999974
11
147.6107449999999801
21
-86.5921309999999949
0
LINE
8
BLACK
6
CONTINUOUS
10
147.6107449999999801
20
-86.5921309999999949
11
147.4404759999999897
21
-86.6517109999999917
0
LINE
8
BLACK
6
CONTINUOUS
10
147.4404759999999897
20
-86.6517109999999917
11
147.2877369999999928
21
-86.7476839999999925
0
LINE
8
BLACK
6
CONTINUOUS
10
147.2877369999999928
20
-86.7476839999999925
11
147.1601839999999868
21
-86.8752369999999985
0
LINE
8
BLACK
6
CONTINUOUS
10
147.1601839999999868
20
-86.8752369999999985
11
147.0642119999999977
21
-87.0279749999999979
0
LINE
8
BLACK
6
CONTINUOUS
10
147.0642119999999977
20
-87.0279749999999979
11
147.0642110000000002
21
-87.0279779999999903
0
LINE
8
BLACK
6
CONTINUOUS
10
147.0642110000000002
20
-87.0279779999999903
11
147.0602959999999939
21
-87.0391679999999894
0
LINE
8
BLACK
6
CONTINUOUS
10
147.0602959999999939
20
-87.0391679999999894
11
147.0577459999999803
21
-87.0464549999999946
0
LINE
8
BLACK
6
CONTINUOUS
10
147.0577459999999803
20
-87.0464549999999946
11
147.0170239999999922
21
-87.1032309999999939
0
LINE
8
BLACK
6
CONTINUOUS
10
147.0170239999999922
20
-87.1032309999999939
11
146.9520709999999895
21
-87.1289779999999894
0
LINE
8
BLACK
6
CONTINUOUS
10
146.9520709999999895
20
-87.1289779999999894
11
146.9407039999999824
21
-87.1294999999999931
0
LINE
8
BLACK
6
CONTINUOUS
10
146.9407039999999824
20
-87.1294999999999931
11
144.7707470000000001
21
-87.1294999999999931
0
LINE
8
BLACK
6
CONTINUOUS
10
144.7707470000000001
20
-87.1294999999999931
11
144.703708000000006
21
-87.1098149999999976
0
LINE
8
BLACK
6
CONTINUOUS
10
144.703708000000006
20
-87.1098149999999976
11
144.6978619999999864
21
-87.1058179999999993
0
LINE
8
BLACK
6
CONTINUOUS
10
144.6978619999999864
20
-87.1058179999999993
11
144.6164359999999931
21
-87.0466589999999911
0
LINE
8
BLACK
6
CONTINUOUS
10
144.6164359999999931
20
-87.0466589999999911
11
144.6164349999999956
21
-87.0466579999999936
0
LINE
8
BLACK
6
CONTINUOUS
10
144.6164349999999956
20
-87.0466579999999936
11
144.6164330000000007
21
-87.0466569999999962
0
LINE
8
BLACK
6
CONTINUOUS
10
144.6164330000000007
20
-87.0466569999999962
11
144.5507149999999967
21
-87.0131719999999973
0
LINE
8
BLACK
6
CONTINUOUS
10
144.5507149999999967
20
-87.0131719999999973
11
144.4059959999999876
21
-86.939432999999994
0
LINE
8
BLACK
6
CONTINUOUS
10
144.4059959999999876
20
-86.939432999999994
11
144.181367999999992
21
-86.8664459999999963
0
LINE
8
BLACK
6
CONTINUOUS
10
144.181367999999992
20
-86.8664459999999963
11
143.94809699999999
21
-86.8294999999999959
0
LINE
8
BLACK
6
CONTINUOUS
10
143.94809699999999
20
-86.8294999999999959
11
143.9480920000000026
21
-86.8294999999999959
0
LINE
8
BLACK
6
CONTINUOUS
10
143.9480920000000026
20
-86.8294999999999959
11
143.9176239999999893
21
-86.8294999999999959
0
LINE
8
BLACK
6
CONTINUOUS
10
143.9176239999999893
20
-86.8294999999999959
11
143.8505849999999953
21
-86.8098150000000004
0
LINE
8
BLACK
6
CONTINUOUS
10
143.8505849999999953
20
-86.8098150000000004
11
143.8048299999999813
21
-86.7570109999999914
0
LINE
8
BLACK
6
CONTINUOUS
10
143.8048299999999813
20
-86.7570109999999914
11
143.7948859999999911
21
-86.6878529999999898
0
LINE
8
BLACK
6
CONTINUOUS
10
143.7948859999999911
20
-86.6878529999999898
11
143.8239109999999812
21
-86.6242969999999985
0
LINE
8
BLACK
6
CONTINUOUS
10
143.8239109999999812
20
-86.6242969999999985
11
143.8299429999999859
21
-86.6178189999999972
0
LINE
8
BLACK
6
CONTINUOUS
10
143.8299429999999859
20
-86.6178189999999972
11
143.8454459999999813
21
-86.6023169999999993
0
LINE
8
BLACK
6
CONTINUOUS
10
143.8454459999999813
20
-86.6023169999999993
11
144.050943999999987
21
-86.3968189999999936
0
LINE
8
BLACK
6
CONTINUOUS
10
144.050943999999987
20
-86.3968189999999936
11
144.1122670000000028
21
-86.3633339999999947
0
LINE
8
BLACK
6
CONTINUOUS
10
144.1122670000000028
20
-86.3633339999999947
11
144.1386249999999905
21
-86.3605000000000018
0
LINE
8
BLACK
6
CONTINUOUS
10
144.1386249999999905
20
-86.3605000000000018
11
147.3844859999999812
21
-86.3605000000000018
0
LINE
8
BLACK
6
CONTINUOUS
10
147.3844859999999812
20
-86.3605000000000018
11
147.5711179999999842
21
-86.3309399999999982
0
LINE
8
BLACK
6
CONTINUOUS
10
147.5711179999999842
20
-86.3309399999999982
11
147.7508320000000026
21
-86.272547000000003
0
LINE
8
BLACK
6
CONTINUOUS
10
147.7508320000000026
20
-86.272547000000003
11
147.9191989999999919
21
-86.1867599999999925
0
LINE
8
BLACK
6
CONTINUOUS
10
147.9191989999999919
20
-86.1867599999999925
11
148.0720739999999864
21
-86.0756899999999945
0
LINE
8
BLACK
6
CONTINUOUS
10
148.0720739999999864
20
-86.0756899999999945
11
149.0235500000000002
21
-85.1242139999999949
0
LINE
8
BLACK
6
CONTINUOUS
10
149.0235500000000002
20
-85.1242139999999949
11
149.7056900000000041
21
-84.442073999999991
0
LINE
8
BLACK
6
CONTINUOUS
10
149.7056900000000041
20
-84.442073999999991
11
149.8167599999999879
21
-84.2891989999999964
0
LINE
8
BLACK
6
CONTINUOUS
10
149.8167599999999879
20
-84.2891989999999964
11
149.9025469999999984
21
-84.1208319999999929
0
LINE
8
BLACK
6
CONTINUOUS
10
149.9025469999999984
20
-84.1208319999999929
11
149.9609399999999937
21
-83.941118000000003
0
LINE
8
BLACK
6
CONTINUOUS
10
149.9609399999999937
20
-83.941118000000003
11
149.9770819999999958
21
-83.8391989999999936
0
LINE
8
BLACK
6
CONTINUOUS
10
149.9770819999999958
20
-83.8391989999999936
11
149.9895469999999875
21
-83.7604999999999933
0
LINE
8
BLACK
6
CONTINUOUS
10
149.9895469999999875
20
-83.7604999999999933
11
149.9904999999999973
21
-83.7544850000000025
0
LINE
8
BLACK
6
CONTINUOUS
10
149.9904999999999973
20
-83.7544850000000025
11
149.9904999999999973
21
-79.8155129999999957
0
LINE
8
BLACK
6
CONTINUOUS
10
149.9904999999999973
20
-79.8155129999999957
11
149.9609399999999937
21
-79.6288809999999927
0
LINE
8
BLACK
6
CONTINUOUS
10
149.9609399999999937
20
-79.6288809999999927
11
149.9025450000000035
21
-79.4491629999999986
0
LINE
8
BLACK
6
CONTINUOUS
10
149.9025450000000035
20
-79.4491629999999986
11
149.8319319999999948
21
-79.3105779999999925
0
LINE
8
BLACK
6
CONTINUOUS
10
149.8319319999999948
20
-79.3105779999999925
11
149.8167599999999879
21
-79.2808009999999967
0
LINE
8
BLACK
6
CONTINUOUS
10
149.8167599999999879
20
-79.2808009999999967
11
149.7056900000000041
21
-79.1279269999999997
0
LINE
8
BLACK
6
CONTINUOUS
10
149.7056900000000041
20
-79.1279269999999997
11
149.572072999999989
21
-78.9943099999999987
0
LINE
8
BLACK
6
CONTINUOUS
10
149.572072999999989
20
-78.9943099999999987
11
147.3220739999999864
21
-76.7443099999999987
0
LINE
8
BLACK
6
CONTINUOUS
10
147.3220739999999864
20
-76.7443099999999987
11
147.1691989999999919
21
-76.6332400000000007
0
LINE
8
BLACK
6
CONTINUOUS
10
147.1691989999999919
20
-76.6332400000000007
11
147.0008359999999925
21
-76.5474540000000019
0
LINE
8
BLACK
6
CONTINUOUS
10
147.0008359999999925
20
-76.5474540000000019
11
146.8211179999999842
21
-76.4890589999999975
0
LINE
8
BLACK
6
CONTINUOUS
10
146.8211179999999842
20
-76.4890589999999975
11
146.6344859999999812
21
-76.4594999999999914
0
LINE
8
BLACK
6
CONTINUOUS
10
146.6344859999999812
20
-76.4594999999999914
11
146.6344809999999939
21
-76.4594999999999914
0
LINE
8
BLACK
6
CONTINUOUS
10
146.6344809999999939
20
-76.4594999999999914
11
145.0137069999999824
21
-76.4594999999999914
0
LINE
8
BLACK
6
CONTINUOUS
10
145.0137069999999824
20
-76.4594999999999914
11
144.9466679999999883
21
-76.4398149999999958
0
LINE
8
BLACK
6
CONTINUOUS
10
144.9466679999999883
20
-76.4398149999999958
11
144.9087130000000059
21
-76.4014719999999983
0
LINE
8
BLACK
6
CONTINUOUS
10
144.9087130000000059
20
-76.4014719999999983
11
144.8843669999999975
21
-76.362725999999995
0
LINE
8
BLACK
6
CONTINUOUS
10
144.8843669999999975
20
-76.362725999999995
11
144.8498160000000041
21
-76.3077380000000005
0
LINE
8
BLACK
6
CONTINUOUS
10
144.8498160000000041
20
-76.3077380000000005
11
144.7222620000000006
21
-76.180183999999997
0
LINE
8
BLACK
6
CONTINUOUS
10
144.7222620000000006
20
-76.180183999999997
11
144.6719489999999837
21
-76.1485699999999923
0
LINE
8
BLACK
6
CONTINUOUS
10
144.6719489999999837
20
-76.1485699999999923
11
144.5695230000000038
21
-76.0842109999999963
0
LINE
8
BLACK
6
CONTINUOUS
10
144.5695230000000038
20
-76.0842109999999963
11
144.3992539999999849
21
-76.0246309999999994
0
LINE
8
BLACK
6
CONTINUOUS
10
144.3992539999999849
20
-76.0246309999999994
11
144.3992489999999975
21
-76.0246300000000019
0
LINE
8
BLACK
6
CONTINUOUS
10
144.3992489999999975
20
-76.0246300000000019
11
144.2649600000000021
21
-76.0095000000000027
0
LINE
8
BLACK
6
CONTINUOUS
10
144.2649600000000021
20
-76.0095000000000027
11
144.2649539999999888
21
-76.0095000000000027
0
LINE
8
BLACK
6
CONTINUOUS
10
144.2649539999999888
20
-76.0095000000000027
11
142.4750459999999919
21
-76.0095000000000027
0
LINE
8
BLACK
6
CONTINUOUS
10
142.4750459999999919
20
-76.0095000000000027
11
142.4750389999999811
21
-76.0095000000000027
0
LINE
8
BLACK
6
CONTINUOUS
10
142.4750389999999811
20
-76.0095000000000027
11
142.3407499999999857
21
-76.0246300000000019
0
LINE
8
BLACK
6
CONTINUOUS
10
142.3407499999999857
20
-76.0246300000000019
11
142.3407449999999983
21
-76.0246309999999994
0
LINE
8
BLACK
6
CONTINUOUS
10
142.3407449999999983
20
-76.0246309999999994
11
142.1704759999999794
21
-76.0842109999999963
0
LINE
8
BLACK
6
CONTINUOUS
10
142.1704759999999794
20
-76.0842109999999963
11
142.0177390000000059
21
-76.1801829999999995
0
LINE
8
BLACK
6
CONTINUOUS
10
142.0177390000000059
20
-76.1801829999999995
11
141.9173449999999832
21
-76.2805769999999939
0
LINE
8
BLACK
6
CONTINUOUS
10
141.9173449999999832
20
-76.2805769999999939
11
141.8560219999999958
21
-76.3140609999999953
0
LINE
8
BLACK
6
CONTINUOUS
10
141.8560219999999958
20
-76.3140609999999953
11
141.7863299999999924
21
-76.309077000000002
0
LINE
8
BLACK
6
CONTINUOUS
10
141.7863299999999924
20
-76.309077000000002
11
141.7567789999999945
21
-76.2932129999999944
0
LINE
8
BLACK
6
CONTINUOUS
10
141.7567789999999945
20
-76.2932129999999944
11
141.695053999999999
21
-76.2483679999999993
0
LINE
8
BLACK
6
CONTINUOUS
10
141.695053999999999
20
-76.2483679999999993
11
141.6950530000000015
21
-76.2483670000000018
0
LINE
8
BLACK
6
CONTINUOUS
10
141.6950530000000015
20
-76.2483670000000018
11
141.6950510000000065
21
-76.2483659999999901
0
LINE
8
BLACK
6
CONTINUOUS
10
141.6950510000000065
20
-76.2483659999999901
11
141.6227639999999894
21
-76.2115340000000003
0
LINE
8
BLACK
6
CONTINUOUS
10
141.6227639999999894
20
-76.2115340000000003
11
141.4635759999999891
21
-76.1304219999999958
0
LINE
8
BLACK
6
CONTINUOUS
10
141.4635759999999891
20
-76.1304219999999958
11
141.2164929999999856
21
-76.050139999999999
0
LINE
8
BLACK
6
CONTINUOUS
10
141.2164929999999856
20
-76.050139999999999
11
140.9599019999999996
21
-76.0095000000000027
0
LINE
8
BLACK
6
CONTINUOUS
10
140.9599019999999996
20
-76.0095000000000027
11
140.9598969999999838
21
-76.0095000000000027
0
LINE
8
BLACK
6
CONTINUOUS
10
140.9598969999999838
20
-76.0095000000000027
11
140.92862599999998
21
-76.0095000000000027
0
LINE
8
BLACK
6
CONTINUOUS
10
140.92862599999998
20
-76.0095000000000027
11
140.8615869999999859
21
-75.989814999999993
0
LINE
8
BLACK
6
CONTINUOUS
10
140.8615869999999859
20
-75.989814999999993
11
140.8409450000000049
21
-75.9731809999999967
0
LINE
8
BLACK
6
CONTINUOUS
10
140.8409450000000049
20
-75.9731809999999967
11
136.8620760000000018
21
-71.9943119999999936
0
LINE
8
BLACK
6
CONTINUOUS
10
136.8620760000000018
20
-71.9943119999999936
11
136.8620740000000069
21
-71.9943099999999987
0
LINE
8
BLACK
6
CONTINUOUS
10
136.8620740000000069
20
-71.9943099999999987
11
136.7091989999999839
21
-71.8832400000000007
0
LINE
8
BLACK
6
CONTINUOUS
10
136.7091989999999839
20
-71.8832400000000007
11
136.5408359999999846
21
-71.7974540000000019
0
LINE
8
BLACK
6
CONTINUOUS
10
136.5408359999999846
20
-71.7974540000000019
11
136.3611180000000047
21
-71.7390589999999975
0
LINE
8
BLACK
6
CONTINUOUS
10
136.3611180000000047
20
-71.7390589999999975
11
136.1744860000000017
21
-71.7094999999999914
0
LINE
8
BLACK
6
CONTINUOUS
10
136.1744860000000017
20
-71.7094999999999914
11
136.1744809999999859
21
-71.7094999999999914
0
LINE
8
BLACK
6
CONTINUOUS
10
136.1744809999999859
20
-71.7094999999999914
11
126.4344819999999885
21
-71.7094999999999914
0
LINE
8
BLACK
6
CONTINUOUS
10
126.4344819999999885
20
-71.7094999999999914
11
126.2455189999999874
21
-71.7094999999999914
0
LINE
8
BLACK
6
CONTINUOUS
10
126.2455189999999874
20
-71.7094999999999914
11
126.245514
21
-71.7094999999999914
0
LINE
8
BLACK
6
CONTINUOUS
10
126.245514
20
-71.7094999999999914
11
126.0588809999999995
21
-71.7390589999999975
0
LINE
8
BLACK
6
CONTINUOUS
10
126.0588809999999995
20
-71.7390589999999975
11
125.8791629999999913
21
-71.7974540000000019
0
LINE
8
BLACK
6
CONTINUOUS
10
125.8791629999999913
20
-71.7974540000000019
11
125.7107999999999919
21
-71.8832400000000007
0
LINE
8
BLACK
6
CONTINUOUS
10
125.7107999999999919
20
-71.8832400000000007
11
125.6235789999999923
21
-71.9466099999999926
0
LINE
8
BLACK
6
CONTINUOUS
10
125.6235789999999923
20
-71.9466099999999926
11
125.5579269999999923
21
-71.9943099999999987
0
LINE
8
BLACK
6
CONTINUOUS
10
125.5579269999999923
20
-71.9943099999999987
11
125.5579249999999973
21
-71.9943119999999936
0
LINE
8
BLACK
6
CONTINUOUS
10
125.5579249999999973
20
-71.9943119999999936
11
125.5579239999999999
21
-71.9943119999999936
0
LINE
8
BLACK
6
CONTINUOUS
10
125.5579239999999999
20
-71.9943119999999936
11
122.3343119999999971
21
-75.217922999999999
0
LINE
8
BLACK
6
CONTINUOUS
10
122.3343119999999971
20
-75.217922999999999
11
122.2232399999999899
21
-75.3708000000000027
0
LINE
8
BLACK
6
CONTINUOUS
10
122.2232399999999899
20
-75.3708000000000027
11
122.1374539999999911
21
-75.5391630000000021
0
LINE
8
BLACK
6
CONTINUOUS
10
122.1374539999999911
20
-75.5391630000000021
11
122.0790590000000009
21
-75.7188809999999961
0
LINE
8
BLACK
6
CONTINUOUS
10
122.0790590000000009
20
-75.7188809999999961
11
122.0494999999999948
21
-75.9055129999999991
0
LINE
8
BLACK
6
CONTINUOUS
10
122.0494999999999948
20
-75.9055129999999991
11
122.0494999999999948
21
-92.9644859999999937
0
LINE
8
BLACK
6
CONTINUOUS
10
169.1394999999999982
20
-110.0345579999999899
11
169.1395009999999957
21
-110.0345749999999896
0
LINE
8
BLACK
6
CONTINUOUS
10
169.1395009999999957
20
-110.0345749999999896
11
169.1720169999999825
21
-110.2815609999999964
0
LINE
8
BLACK
6
CONTINUOUS
10
169.1720169999999825
20
-110.2815609999999964
11
169.2364979999999832
21
-110.5222069999999945
0
LINE
8
BLACK
6
CONTINUOUS
10
169.2364979999999832
20
-110.5222069999999945
11
169.3318299999999965
21
-110.7523609999999934
0
LINE
8
BLACK
6
CONTINUOUS
10
169.3318299999999965
20
-110.7523609999999934
11
169.3318369999999788
21
-110.7523759999999982
0
LINE
8
BLACK
6
CONTINUOUS
10
169.3318369999999788
20
-110.7523759999999982
11
169.4564000000000021
21
-110.968125999999998
0
LINE
8
BLACK
6
CONTINUOUS
10
169.4564000000000021
20
-110.968125999999998
11
169.6080599999999947
21
-111.165773999999999
0
LINE
8
BLACK
6
CONTINUOUS
10
169.6080599999999947
20
-111.165773999999999
11
169.6080659999999796
21
-111.1657809999999955
0
LINE
8
BLACK
6
CONTINUOUS
10
169.6080659999999796
20
-111.1657809999999955
11
169.7842179999999814
21
-111.3419329999999974
0
LINE
8
BLACK
6
CONTINUOUS
10
169.7842179999999814
20
-111.3419329999999974
11
169.7842249999999922
21
-111.3419389999999964
0
LINE
8
BLACK
6
CONTINUOUS
10
169.7842249999999922
20
-111.3419389999999964
11
169.9818729999999789
21
-111.493598999999989
0
LINE
8
BLACK
6
CONTINUOUS
10
169.9818729999999789
20
-111.493598999999989
11
170.197622999999993
21
-111.6181619999999981
0
LINE
8
BLACK
6
CONTINUOUS
10
170.197622999999993
20
-111.6181619999999981
11
170.1976379999999835
21
-111.6181689999999946
0
LINE
8
BLACK
6
CONTINUOUS
10
170.1976379999999835
20
-111.6181689999999946
11
170.2968249999999841
21
-111.6592529999999925
0
LINE
8
BLACK
6
CONTINUOUS
10
170.2968249999999841
20
-111.6592529999999925
11
170.4277929999999799
21
-111.7135019999999912
0
LINE
8
BLACK
6
CONTINUOUS
10
170.4277929999999799
20
-111.7135019999999912
11
170.6684349999999881
21
-111.7779819999999944
0
LINE
8
BLACK
6
CONTINUOUS
10
170.6684349999999881
20
-111.7779819999999944
11
170.9154350000000022
21
-111.8104999999999905
0
LINE
8
BLACK
6
CONTINUOUS
10
170.9154350000000022
20
-111.8104999999999905
11
170.9154419999999845
21
-111.8104999999999905
0
LINE
8
BLACK
6
CONTINUOUS
10
170.9154419999999845
20
-111.8104999999999905
11
171.1645579999999995
21
-111.8104999999999905
0
LINE
8
BLACK
6
CONTINUOUS
10
171.1645579999999995
20
-111.8104999999999905
11
171.1645649999999819
21
-111.8104999999999905
0
LINE
8
BLACK
6
CONTINUOUS
10
171.1645649999999819
20
-111.8104999999999905
11
171.411564999999996
21
-111.7779819999999944
0
LINE
8
BLACK
6
CONTINUOUS
10
171.411564999999996
20
-111.7779819999999944
11
171.6522070000000042
21
-111.7135019999999912
0
LINE
8
BLACK
6
CONTINUOUS
10
171.6522070000000042
20
-111.7135019999999912
11
171.8823730000000012
21
-111.6181639999999931
0
LINE
8
BLACK
6
CONTINUOUS
10
171.8823730000000012
20
-111.6181639999999931
11
172.0981270000000052
21
-111.493598999999989
0
LINE
8
BLACK
6
CONTINUOUS
10
172.0981270000000052
20
-111.493598999999989
11
172.2957759999999894
21
-111.341937999999999
0
LINE
8
BLACK
6
CONTINUOUS
10
172.2957759999999894
20
-111.341937999999999
11
172.4719379999999944
21
-111.1657759999999939
0
LINE
8
BLACK
6
CONTINUOUS
10
172.4719379999999944
20
-111.1657759999999939
11
172.6167649999999867
21
-110.9770319999999941
0
LINE
8
BLACK
6
CONTINUOUS
10
172.6167649999999867
20
-110.9770319999999941
11
172.6588490000000036
21
-110.942032999999995
0
LINE
8
BLACK
6
CONTINUOUS
10
172.6588490000000036
20
-110.942032999999995
11
172.6691989999999919
21
-110.9367599999999925
0
LINE
8
BLACK
6
CONTINUOUS
10
172.6691989999999919
20
-110.9367599999999925
11
172.8220739999999864
21
-110.8256899999999945
0
LINE
8
BLACK
6
CONTINUOUS
10
172.8220739999999864
20
-110.8256899999999945
11
175.7056900000000041
21
-107.942073999999991
0
LINE
8
BLACK
6
CONTINUOUS
10
175.7056900000000041
20
-107.942073999999991
11
175.8167599999999879
21
-107.7891989999999964
0
LINE
8
BLACK
6
CONTINUOUS
10
175.8167599999999879
20
-107.7891989999999964
11
175.9025469999999984
21
-107.6208319999999929
0
LINE
8
BLACK
6
CONTINUOUS
10
175.9025469999999984
20
-107.6208319999999929
11
175.9609399999999937
21
-107.4411179999999888
0
LINE
8
BLACK
6
CONTINUOUS
10
175.9609399999999937
20
-107.4411179999999888
11
175.9860769999999945
21
-107.2824090000000012
0
LINE
8
BLACK
6
CONTINUOUS
10
175.9860769999999945
20
-107.2824090000000012
11
175.9904999999999973
21
-107.2544869999999975
0
LINE
8
BLACK
6
CONTINUOUS
10
175.9904999999999973
20
-107.2544869999999975
11
175.9904999999999973
21
-102.5537059999999911
0
LINE
8
BLACK
6
CONTINUOUS
10
175.9904999999999973
20
-102.5537059999999911
11
176.0101849999999786
21
-102.4866669999999971
0
LINE
8
BLACK
6
CONTINUOUS
10
176.0101849999999786
20
-102.4866669999999971
11
176.048529000000002
21
-102.4487120000000004
0
LINE
8
BLACK
6
CONTINUOUS
10
176.048529000000002
20
-102.4487120000000004
11
176.1422589999999957
21
-102.3898179999999911
0
LINE
8
BLACK
6
CONTINUOUS
10
176.1422589999999957
20
-102.3898179999999911
11
176.1422589999999957
21
-102.3898169999999936
0
LINE
8
BLACK
6
CONTINUOUS
10
176.1422589999999957
20
-102.3898169999999936
11
176.1422619999999881
21
-102.3898159999999962
0
LINE
8
BLACK
6
CONTINUOUS
10
176.1422619999999881
20
-102.3898159999999962
11
176.2698159999999916
21
-102.2622619999999927
0
LINE
8
BLACK
6
CONTINUOUS
10
176.2698159999999916
20
-102.2622619999999927
11
176.3657889999999782
21
-102.1095219999999983
0
LINE
8
BLACK
6
CONTINUOUS
10
176.3657889999999782
20
-102.1095219999999983
11
176.4253679999999918
21
-101.9392549999999886
0
LINE
8
BLACK
6
CONTINUOUS
10
176.4253679999999918
20
-101.9392549999999886
11
176.4404999999999859
21
-101.8049539999999951
0
LINE
8
BLACK
6
CONTINUOUS
10
176.4404999999999859
20
-101.8049539999999951
11
176.4404999999999859
21
-100.0150459999999981
0
LINE
8
BLACK
6
CONTINUOUS
10
176.4404999999999859
20
-100.0150459999999981
11
176.4355649999999969
21
-99.9712459999999936
0
LINE
8
BLACK
6
CONTINUOUS
10
176.4355649999999969
20
-99.9712459999999936
11
176.4253689999999892
21
-99.8807499999999919
0
LINE
8
BLACK
6
CONTINUOUS
10
176.4253689999999892
20
-99.8807499999999919
11
176.4253679999999918
21
-99.8807449999999903
0
LINE
8
BLACK
6
CONTINUOUS
10
176.4253679999999918
20
-99.8807449999999903
11
176.3833159999999793
21
-99.7605679999999921
0
LINE
8
BLACK
6
CONTINUOUS
10
176.3833159999999793
20
-99.7605679999999921
11
176.3657889999999782
21
-99.7104779999999948
0
LINE
8
BLACK
6
CONTINUOUS
10
176.3657889999999782
20
-99.7104779999999948
11
176.3651739999999961
21
-99.7094999999999914
0
LINE
8
BLACK
6
CONTINUOUS
10
176.3651739999999961
20
-99.7094999999999914
11
176.2902039999999886
21
-99.5901849999999911
0
LINE
8
BLACK
6
CONTINUOUS
10
176.2902039999999886
20
-99.5901849999999911
11
176.2698159999999916
21
-99.5577380000000005
0
LINE
8
BLACK
6
CONTINUOUS
10
176.2698159999999916
20
-99.5577380000000005
11
176.1422619999999881
21
-99.430183999999997
0
LINE
8
BLACK
6
CONTINUOUS
10
176.1422619999999881
20
-99.430183999999997
11
176.1422599999999932
21
-99.4301820000000021
0
LINE
8
BLACK
6
CONTINUOUS
10
176.1422599999999932
20
-99.4301820000000021
11
176.1422579999999982
21
-99.4301809999999904
0
LINE
8
BLACK
6
CONTINUOUS
10
176.1422579999999982
20
-99.4301809999999904
11
176.0485269999999787
21
-99.3712850000000003
0
LINE
8
BLACK
6
CONTINUOUS
10
176.0485269999999787
20
-99.3712850000000003
11
176.0022369999999796
21
-99.3189509999999984
0
LINE
8
BLACK
6
CONTINUOUS
10
176.0022369999999796
20
-99.3189509999999984
11
175.9904999999999973
21
-99.2662919999999929
0
LINE
8
BLACK
6
CONTINUOUS
10
175.9904999999999973
20
-99.2662919999999929
11
175.9904999999999973
21
-96.8155129999999957
0
LINE
8
BLACK
6
CONTINUOUS
10
175.9904999999999973
20
-96.8155129999999957
11
175.9609399999999937
21
-96.6288809999999927
0
LINE
8
BLACK
6
CONTINUOUS
10
175.9609399999999937
20
-96.6288809999999927
11
175.9025450000000035
21
-96.4491629999999986
0
LINE
8
BLACK
6
CONTINUOUS
10
175.9025450000000035
20
-96.4491629999999986
11
175.8167589999999905
21
-96.2807999999999993
0
LINE
8
BLACK
6
CONTINUOUS
10
175.8167589999999905
20
-96.2807999999999993
11
175.7056900000000041
21
-96.1279269999999997
0
LINE
8
BLACK
6
CONTINUOUS
10
175.7056900000000041
20
-96.1279269999999997
11
175.572072999999989
21
-95.9943099999999987
0
LINE
8
BLACK
6
CONTINUOUS
10
175.572072999999989
20
-95.9943099999999987
11
173.8220739999999864
21
-94.2443099999999987
0
LINE
8
BLACK
6
CONTINUOUS
10
173.8220739999999864
20
-94.2443099999999987
11
173.6691989999999919
21
-94.1332400000000007
0
LINE
8
BLACK
6
CONTINUOUS
10
173.6691989999999919
20
-94.1332400000000007
11
173.6380130000000008
21
-94.1173500000000018
0
LINE
8
BLACK
6
CONTINUOUS
10
173.6380130000000008
20
-94.1173500000000018
11
173.5008359999999925
21
-94.0474540000000019
0
LINE
8
BLACK
6
CONTINUOUS
10
173.5008359999999925
20
-94.0474540000000019
11
173.3211179999999842
21
-93.9890589999999975
0
LINE
8
BLACK
6
CONTINUOUS
10
173.3211179999999842
20
-93.9890589999999975
11
173.1344859999999812
21
-93.9594999999999914
0
LINE
8
BLACK
6
CONTINUOUS
10
173.1344859999999812
20
-93.9594999999999914
11
173.1344809999999939
21
-93.9594999999999914
0
LINE
8
BLACK
6
CONTINUOUS
10
173.1344809999999939
20
-93.9594999999999914
11
172.1508780000000058
21
-93.9594999999999914
0
LINE
8
BLACK
6
CONTINUOUS
10
172.1508780000000058
20
-93.9594999999999914
11
172.0838389999999833
21
-93.9398149999999958
0
LINE
8
BLACK
6
CONTINUOUS
10
172.0838389999999833
20
-93.9398149999999958
11
172.0779929999999922
21
-93.9358179999999976
0
LINE
8
BLACK
6
CONTINUOUS
10
172.0779929999999922
20
-93.9358179999999976
11
171.878848000000005
21
-93.7911319999999904
0
LINE
8
BLACK
6
CONTINUOUS
10
171.878848000000005
20
-93.7911319999999904
11
171.8788469999999791
21
-93.7911309999999929
0
LINE
8
BLACK
6
CONTINUOUS
10
171.8788469999999791
20
-93.7911309999999929
11
171.8788449999999841
21
-93.7911299999999954
0
LINE
8
BLACK
6
CONTINUOUS
10
171.8788449999999841
20
-93.7911299999999954
11
171.7766499999999894
21
-93.7390589999999975
0
LINE
8
BLACK
6
CONTINUOUS
10
171.7766499999999894
20
-93.7390589999999975
11
171.6543829999999957
21
-93.6767600000000016
0
LINE
8
BLACK
6
CONTINUOUS
10
171.6543829999999957
20
-93.6767600000000016
11
171.4147849999999949
21
-93.5989099999999894
0
LINE
8
BLACK
6
CONTINUOUS
10
171.4147849999999949
20
-93.5989099999999894
11
171.1659619999999791
21
-93.5594999999999999
0
LINE
8
BLACK
6
CONTINUOUS
10
171.1659619999999791
20
-93.5594999999999999
11
170.914038000000005
21
-93.5594999999999999
0
LINE
8
BLACK
6
CONTINUOUS
10
170.914038000000005
20
-93.5594999999999999
11
170.7896259999999984
21
-93.5792050000000017
0
LINE
8
BLACK
6
CONTINUOUS
10
170.7896259999999984
20
-93.5792050000000017
11
170.6652139999999918
21
-93.5989099999999894
0
LINE
8
BLACK
6
CONTINUOUS
10
170.6652139999999918
20
-93.5989099999999894
11
170.4256159999999909
21
-93.6767600000000016
0
LINE
8
BLACK
6
CONTINUOUS
10
170.4256159999999909
20
-93.6767600000000016
11
170.2011509999999817
21
-93.7911319999999904
0
LINE
8
BLACK
6
CONTINUOUS
10
170.2011509999999817
20
-93.7911319999999904
11
169.9973499999999831
21
-93.9392009999999971
0
LINE
8
BLACK
6
CONTINUOUS
10
169.9973499999999831
20
-93.9392009999999971
11
169.9973449999999957
21
-93.9392050000000012
0
LINE
8
BLACK
6
CONTINUOUS
10
169.9973449999999957
20
-93.9392050000000012
11
169.8192049999999824
21
-94.1173450000000003
0
LINE
8
BLACK
6
CONTINUOUS
10
169.8192049999999824
20
-94.1173450000000003
11
169.8192009999999925
21
-94.1173500000000018
0
LINE
8
BLACK
6
CONTINUOUS
10
169.8192009999999925
20
-94.1173500000000018
11
169.6711320000000001
21
-94.3211510000000004
0
LINE
8
BLACK
6
CONTINUOUS
10
169.6711320000000001
20
-94.3211510000000004
11
169.556759999999997
21
-94.5456159999999954
0
LINE
8
BLACK
6
CONTINUOUS
10
169.556759999999997
20
-94.5456159999999954
11
169.4952649999999892
21
-94.7348789999999923
0
LINE
8
BLACK
6
CONTINUOUS
10
169.4952649999999892
20
-94.7348789999999923
11
169.4789099999999848
21
-94.7852149999999938
0
LINE
8
BLACK
6
CONTINUOUS
10
169.4789099999999848
20
-94.7852149999999938
11
169.4394999999999811
21
-95.0340379999999953
0
LINE
8
BLACK
6
CONTINUOUS
10
169.4394999999999811
20
-95.0340379999999953
11
169.4394999999999811
21
-95.2859619999999978
0
LINE
8
BLACK
6
CONTINUOUS
10
169.4394999999999811
20
-95.2859619999999978
11
169.4789099999999848
21
-95.5347849999999994
0
LINE
8
BLACK
6
CONTINUOUS
10
169.4789099999999848
20
-95.5347849999999994
11
169.556759999999997
21
-95.7743830000000003
0
LINE
8
BLACK
6
CONTINUOUS
10
169.556759999999997
20
-95.7743830000000003
11
169.6354129999999998
21
-95.9287470000000013
0
LINE
8
BLACK
6
CONTINUOUS
10
169.6354129999999998
20
-95.9287470000000013
11
169.668818999999985
21
-95.9943099999999987
0
LINE
8
BLACK
6
CONTINUOUS
10
169.668818999999985
20
-95.9943099999999987
11
169.6711320000000001
21
-95.9988479999999953
0
LINE
8
BLACK
6
CONTINUOUS
10
169.6711320000000001
20
-95.9988479999999953
11
169.8192009999999925
21
-96.2026489999999939
0
LINE
8
BLACK
6
CONTINUOUS
10
169.8192009999999925
20
-96.2026489999999939
11
169.8192049999999824
21
-96.2026539999999954
0
LINE
8
BLACK
6
CONTINUOUS
10
169.8192049999999824
20
-96.2026539999999954
11
169.9973449999999957
21
-96.3807939999999945
0
LINE
8
BLACK
6
CONTINUOUS
10
169.9973449999999957
20
-96.3807939999999945
11
169.9973499999999831
21
-96.3807979999999986
0
LINE
8
BLACK
6
CONTINUOUS
10
169.9973499999999831
20
-96.3807979999999986
11
170.0914469999999881
21
-96.4491629999999986
0
LINE
8
BLACK
6
CONTINUOUS
10
170.0914469999999881
20
-96.4491629999999986
11
170.201155
21
-96.5288699999999977
0
LINE
8
BLACK
6
CONTINUOUS
10
170.201155
20
-96.5288699999999977
11
170.2930389999999932
21
-96.5756870000000021
0
LINE
8
BLACK
6
CONTINUOUS
10
170.2930389999999932
20
-96.5756870000000021
11
170.4256159999999909
21
-96.6432389999999941
0
LINE
8
BLACK
6
CONTINUOUS
10
170.4256159999999909
20
-96.6432389999999941
11
170.4256179999999858
21
-96.6432389999999941
0
LINE
8
BLACK
6
CONTINUOUS
10
170.4256179999999858
20
-96.6432389999999941
11
170.4256209999999783
21
-96.6432409999999891
0
LINE
8
BLACK
6
CONTINUOUS
10
170.4256209999999783
20
-96.6432409999999891
11
170.6652149999999892
21
-96.7210899999999896
0
LINE
8
BLACK
6
CONTINUOUS
10
170.6652149999999892
20
-96.7210899999999896
11
170.914038000000005
21
-96.7604999999999933
0
LINE
8
BLACK
6
CONTINUOUS
10
170.914038000000005
20
-96.7604999999999933
11
170.9140390000000025
21
-96.7604999999999933
0
LINE
8
BLACK
6
CONTINUOUS
10
170.9140390000000025
20
-96.7604999999999933
11
171.1659609999999816
21
-96.7604999999999933
0
LINE
8
BLACK
6
CONTINUOUS
10
171.1659609999999816
20
-96.7604999999999933
11
171.1659619999999791
21
-96.7604999999999933
0
LINE
8
BLACK
6
CONTINUOUS
10
171.1659619999999791
20
-96.7604999999999933
11
171.4147849999999949
21
-96.7210899999999896
0
LINE
8
BLACK
6
CONTINUOUS
10
171.4147849999999949
20
-96.7210899999999896
11
171.6543790000000058
21
-96.6432409999999891
0
LINE
8
BLACK
6
CONTINUOUS
10
171.6543790000000058
20
-96.6432409999999891
11
171.8788449999999841
21
-96.5288699999999977
0
LINE
8
BLACK
6
CONTINUOUS
10
171.8788449999999841
20
-96.5288699999999977
11
171.988552999999996
21
-96.4491629999999986
0
LINE
8
BLACK
6
CONTINUOUS
10
171.988552999999996
20
-96.4491629999999986
11
172.0779929999999922
21
-96.3841819999999956
0
LINE
8
BLACK
6
CONTINUOUS
10
172.0779929999999922
20
-96.3841819999999956
11
172.1437990000000013
21
-96.3607019999999892
0
LINE
8
BLACK
6
CONTINUOUS
10
172.1437990000000013
20
-96.3607019999999892
11
172.1508780000000058
21
-96.3605000000000018
0
LINE
8
BLACK
6
CONTINUOUS
10
172.1508780000000058
20
-96.3605000000000018
11
172.4913739999999791
21
-96.3605000000000018
0
LINE
8
BLACK
6
CONTINUOUS
10
172.4913739999999791
20
-96.3605000000000018
11
172.5584130000000016
21
-96.3801849999999973
0
LINE
8
BLACK
6
CONTINUOUS
10
172.5584130000000016
20
-96.3801849999999973
11
172.5790549999999826
21
-96.3968189999999936
0
LINE
8
BLACK
6
CONTINUOUS
10
172.5790549999999826
20
-96.3968189999999936
11
173.553180999999995
21
-97.3709439999999944
0
LINE
8
BLACK
6
CONTINUOUS
10
173.553180999999995
20
-97.3709439999999944
11
173.5866659999999797
21
-97.432266999999996
0
LINE
8
BLACK
6
CONTINUOUS
10
173.5866659999999797
20
-97.432266999999996
11
173.5894999999999868
21
-97.4586249999999978
0
LINE
8
BLACK
6
CONTINUOUS
10
173.5894999999999868
20
-97.4586249999999978
11
173.5894999999999868
21
-99.2662919999999929
0
LINE
8
BLACK
6
CONTINUOUS
10
173.5894999999999868
20
-99.2662919999999929
11
173.5698150000000055
21
-99.3333310000000012
0
LINE
8
BLACK
6
CONTINUOUS
10
173.5698150000000055
20
-99.3333310000000012
11
173.5314730000000054
21
-99.3712850000000003
0
LINE
8
BLACK
6
CONTINUOUS
10
173.5314730000000054
20
-99.3712850000000003
11
173.4377409999999884
21
-99.4301809999999904
0
LINE
8
BLACK
6
CONTINUOUS
10
173.4377409999999884
20
-99.4301809999999904
11
173.4377389999999934
21
-99.4301820000000021
0
LINE
8
BLACK
6
CONTINUOUS
10
173.4377389999999934
20
-99.4301820000000021
11
173.3101839999999925
21
-99.5577369999999888
0
LINE
8
BLACK
6
CONTINUOUS
10
173.3101839999999925
20
-99.5577369999999888
11
173.2512869999999907
21
-99.6514719999999983
0
LINE
8
BLACK
6
CONTINUOUS
10
173.2512869999999907
20
-99.6514719999999983
11
173.2440299999999809
21
-99.6578899999999948
0
LINE
8
BLACK
6
CONTINUOUS
10
173.2440299999999809
20
-99.6578899999999948
11
173.2400059999999939
21
-99.6667029999999983
0
LINE
8
BLACK
6
CONTINUOUS
10
173.2400059999999939
20
-99.6667029999999983
11
173.2182870000000037
21
-99.6806599999999889
0
LINE
8
BLACK
6
CONTINUOUS
10
173.2182870000000037
20
-99.6806599999999889
11
173.1989519999999914
21
-99.6977629999999948
0
LINE
8
BLACK
6
CONTINUOUS
10
173.1989519999999914
20
-99.6977629999999948
11
173.1878109999999822
21
-99.7002459999999928
0
LINE
8
BLACK
6
CONTINUOUS
10
173.1878109999999822
20
-99.7002459999999928
11
173.1812280000000044
21
-99.7044769999999971
0
LINE
8
BLACK
6
CONTINUOUS
10
173.1812280000000044
20
-99.7044769999999971
11
173.1462929999999858
21
-99.7094999999999914
0
LINE
8
BLACK
6
CONTINUOUS
10
173.1462929999999858
20
-99.7094999999999914
11
172.9515480000000025
21
-99.7094999999999914
0
LINE
8
BLACK
6
CONTINUOUS
10
172.9515480000000025
20
-99.7094999999999914
11
172.88450899999998
21
-99.6898149999999958
0
LINE
8
BLACK
6
CONTINUOUS
10
172.88450899999998
20
-99.6898149999999958
11
172.8531729999999982
21
-99.6609869999999916
0
LINE
8
BLACK
6
CONTINUOUS
10
172.8531729999999982
20
-99.6609869999999916
11
172.850797
21
-99.6578899999999948
0
LINE
8
BLACK
6
CONTINUOUS
10
172.850797
20
-99.6578899999999948
11
172.7972819999999956
21
-99.5881490000000014
0
LINE
8
BLACK
6
CONTINUOUS
10
172.7972819999999956
20
-99.5881490000000014
11
172.7972809999999981
21
-99.5881479999999897
0
LINE
8
BLACK
6
CONTINUOUS
10
172.7972809999999981
20
-99.5881479999999897
11
172.7972739999999874
21
-99.5881399999999957
0
LINE
8
BLACK
6
CONTINUOUS
10
172.7972739999999874
20
-99.5881399999999957
11
172.6118599999999788
21
-99.4027260000000012
0
LINE
8
BLACK
6
CONTINUOUS
10
172.6118599999999788
20
-99.4027260000000012
11
172.6118510000000015
21
-99.402717999999993
0
LINE
8
BLACK
6
CONTINUOUS
10
172.6118510000000015
20
-99.402717999999993
11
172.4038029999999821
21
-99.2430749999999904
0
LINE
8
BLACK
6
CONTINUOUS
10
172.4038029999999821
20
-99.2430749999999904
11
172.1766999999999825
21
-99.1119580000000013
0
LINE
8
BLACK
6
CONTINUOUS
10
172.1766999999999825
20
-99.1119580000000013
11
172.1766899999999794
21
-99.1119529999999997
0
LINE
8
BLACK
6
CONTINUOUS
10
172.1766899999999794
20
-99.1119529999999997
11
171.9344279999999969
21
-99.0116049999999888
0
LINE
8
BLACK
6
CONTINUOUS
10
171.9344279999999969
20
-99.0116049999999888
11
171.9344209999999862
21
-99.0116029999999938
0
LINE
8
BLACK
6
CONTINUOUS
10
171.9344209999999862
20
-99.0116029999999938
11
171.9344189999999912
21
-99.0116019999999963
0
LINE
8
BLACK
6
CONTINUOUS
10
171.9344189999999912
20
-99.0116019999999963
11
171.6811160000000029
21
-98.9437300000000022
0
LINE
8
BLACK
6
CONTINUOUS
10
171.6811160000000029
20
-98.9437300000000022
11
171.6233389999999872
21
-98.9361229999999949
0
LINE
8
BLACK
6
CONTINUOUS
10
171.6233389999999872
20
-98.9361229999999949
11
171.4211269999999843
21
-98.9094999999999942
0
LINE
8
BLACK
6
CONTINUOUS
10
171.4211269999999843
20
-98.9094999999999942
11
171.4211200000000019
21
-98.9094999999999942
0
LINE
8
BLACK
6
CONTINUOUS
10
171.4211200000000019
20
-98.9094999999999942
11
171.1588799999999821
21
-98.9094999999999942
0
LINE
8
BLACK
6
CONTINUOUS
10
171.1588799999999821
20
-98.9094999999999942
11
171.1588720000000023
21
-98.9094999999999942
0
LINE
8
BLACK
6
CONTINUOUS
10
171.1588720000000023
20
-98.9094999999999942
11
170.9277720000000045
21
-98.9399259999999998
0
LINE
8
BLACK
6
CONTINUOUS
10
170.9277720000000045
20
-98.9399259999999998
11
170.8988839999999811
21
-98.9437300000000022
0
LINE
8
BLACK
6
CONTINUOUS
10
170.8988839999999811
20
-98.9437300000000022
11
170.6455809999999929
21
-99.0116019999999963
0
LINE
8
BLACK
6
CONTINUOUS
10
170.6455809999999929
20
-99.0116019999999963
11
170.6455709999999897
21
-99.0116049999999888
0
LINE
8
BLACK
6
CONTINUOUS
10
170.6455709999999897
20
-99.0116049999999888
11
170.4033089999999788
21
-99.1119529999999997
0
LINE
8
BLACK
6
CONTINUOUS
10
170.4033089999999788
20
-99.1119529999999997
11
170.4032990000000041
21
-99.1119580000000013
0
LINE
8
BLACK
6
CONTINUOUS
10
170.4032990000000041
20
-99.1119580000000013
11
170.1761960000000045
21
-99.2430749999999904
0
LINE
8
BLACK
6
CONTINUOUS
10
170.1761960000000045
20
-99.2430749999999904
11
169.9681479999999851
21
-99.402717999999993
0
LINE
8
BLACK
6
CONTINUOUS
10
169.9681479999999851
20
-99.402717999999993
11
169.7827179999999885
21
-99.5881479999999897
0
LINE
8
BLACK
6
CONTINUOUS
10
169.7827179999999885
20
-99.5881479999999897
11
169.623075
21
-99.7961959999999948
0
LINE
8
BLACK
6
CONTINUOUS
10
169.623075
20
-99.7961959999999948
11
169.4919579999999826
21
-100.0232989999999944
0
LINE
8
BLACK
6
CONTINUOUS
10
169.4919579999999826
20
-100.0232989999999944
11
169.4919529999999952
21
-100.0233089999999976
0
LINE
8
BLACK
6
CONTINUOUS
10
169.4919529999999952
20
-100.0233089999999976
11
169.3916049999999984
21
-100.2655709999999942
0
LINE
8
BLACK
6
CONTINUOUS
10
169.3916049999999984
20
-100.2655709999999942
11
169.391602000000006
21
-100.2655809999999974
0
LINE
8
BLACK
6
CONTINUOUS
10
169.391602000000006
20
-100.2655809999999974
11
169.365934999999979
21
-100.3613739999999979
0
LINE
8
BLACK
6
CONTINUOUS
10
169.365934999999979
20
-100.3613739999999979
11
169.3237299999999834
21
-100.5188849999999974
0
LINE
8
BLACK
6
CONTINUOUS
10
169.3237299999999834
20
-100.5188849999999974
11
169.2895000000000039
21
-100.7788719999999927
0
LINE
8
BLACK
6
CONTINUOUS
10
169.2895000000000039
20
-100.7788719999999927
11
169.2895000000000039
21
-101.0411269999999888
0
LINE
8
BLACK
6
CONTINUOUS
10
169.2895000000000039
20
-101.0411269999999888
11
169.3161230000000046
21
-101.2433389999999918
0
LINE
8
BLACK
6
CONTINUOUS
10
169.3161230000000046
20
-101.2433389999999918
11
169.3237299999999834
21
-101.3011159999999933
0
LINE
8
BLACK
6
CONTINUOUS
10
169.3237299999999834
20
-101.3011159999999933
11
169.391602000000006
21
-101.5544179999999983
0
LINE
8
BLACK
6
CONTINUOUS
10
169.391602000000006
20
-101.5544179999999983
11
169.3916049999999984
21
-101.5544280000000015
0
LINE
8
BLACK
6
CONTINUOUS
10
169.3916049999999984
20
-101.5544280000000015
11
169.4919529999999952
21
-101.7966899999999981
0
LINE
8
BLACK
6
CONTINUOUS
10
169.4919529999999952
20
-101.7966899999999981
11
169.4919579999999826
21
-101.7967000000000013
0
LINE
8
BLACK
6
CONTINUOUS
10
169.4919579999999826
20
-101.7967000000000013
11
169.623075
21
-102.0238030000000009
0
LINE
8
BLACK
6
CONTINUOUS
10
169.623075
20
-102.0238030000000009
11
169.7827179999999885
21
-102.2318509999999918
0
LINE
8
BLACK
6
CONTINUOUS
10
169.7827179999999885
20
-102.2318509999999918
11
169.7827259999999967
21
-102.2318599999999975
0
LINE
8
BLACK
6
CONTINUOUS
10
169.7827259999999967
20
-102.2318599999999975
11
169.9681400000000053
21
-102.4172739999999919
0
LINE
8
BLACK
6
CONTINUOUS
10
169.9681400000000053
20
-102.4172739999999919
11
169.9681479999999851
21
-102.4172809999999885
0
LINE
8
BLACK
6
CONTINUOUS
10
169.9681479999999851
20
-102.4172809999999885
11
170.1761960000000045
21
-102.5769239999999911
0
LINE
8
BLACK
6
CONTINUOUS
10
170.1761960000000045
20
-102.5769239999999911
11
170.4032990000000041
21
-102.7080409999999944
0
LINE
8
BLACK
6
CONTINUOUS
10
170.4032990000000041
20
-102.7080409999999944
11
170.4033089999999788
21
-102.708045999999996
0
LINE
8
BLACK
6
CONTINUOUS
10
170.4033089999999788
20
-102.708045999999996
11
170.6294999999999789
21
-102.8017369999999886
0
LINE
8
BLACK
6
CONTINUOUS
10
170.6294999999999789
20
-102.8017369999999886
11
170.6455809999999929
21
-102.8083979999999968
0
LINE
8
BLACK
6
CONTINUOUS
10
170.6455809999999929
20
-102.8083979999999968
11
170.8988839999999811
21
-102.876269999999991
0
LINE
8
BLACK
6
CONTINUOUS
10
170.8988839999999811
20
-102.876269999999991
11
171.1588799999999821
21
-102.910499999999999
0
LINE
8
BLACK
6
CONTINUOUS
10
171.1588799999999821
20
-102.910499999999999
11
171.1588869999999929
21
-102.910499999999999
0
LINE
8
BLACK
6
CONTINUOUS
10
171.1588869999999929
20
-102.910499999999999
11
171.4211129999999912
21
-102.910499999999999
0
LINE
8
BLACK
6
CONTINUOUS
10
171.4211129999999912
20
-102.910499999999999
11
171.4211200000000019
21
-102.910499999999999
0
LINE
8
BLACK
6
CONTINUOUS
10
171.4211200000000019
20
-102.910499999999999
11
171.6811160000000029
21
-102.876269999999991
0
LINE
8
BLACK
6
CONTINUOUS
10
171.6811160000000029
20
-102.876269999999991
11
171.9344189999999912
21
-102.8083979999999968
0
LINE
8
BLACK
6
CONTINUOUS
10
171.9344189999999912
20
-102.8083979999999968
11
172.1766969999999901
21
-102.7080429999999893
0
LINE
8
BLACK
6
CONTINUOUS
10
172.1766969999999901
20
-102.7080429999999893
11
172.4038029999999821
21
-102.5769239999999911
0
LINE
8
BLACK
6
CONTINUOUS
10
172.4038029999999821
20
-102.5769239999999911
11
172.6118510000000015
21
-102.4172820000000002
0
LINE
8
BLACK
6
CONTINUOUS
10
172.6118510000000015
20
-102.4172820000000002
11
172.6118549999999914
21
-102.4172769999999986
0
LINE
8
BLACK
6
CONTINUOUS
10
172.6118549999999914
20
-102.4172769999999986
11
172.6118599999999788
21
-102.4172739999999919
0
LINE
8
BLACK
6
CONTINUOUS
10
172.6118599999999788
20
-102.4172739999999919
11
172.7972739999999874
21
-102.2318599999999975
0
LINE
8
BLACK
6
CONTINUOUS
10
172.7972739999999874
20
-102.2318599999999975
11
172.7972769999999798
21
-102.2318549999999959
0
LINE
8
BLACK
6
CONTINUOUS
10
172.7972769999999798
20
-102.2318549999999959
11
172.7972819999999956
21
-102.2318509999999918
0
LINE
8
BLACK
6
CONTINUOUS
10
172.7972819999999956
20
-102.2318509999999918
11
172.8531729999999982
21
-102.1590119999999899
0
LINE
8
BLACK
6
CONTINUOUS
10
172.8531729999999982
20
-102.1590119999999899
11
172.8562499999999886
21
-102.1567649999999929
0
LINE
8
BLACK
6
CONTINUOUS
10
172.8562499999999886
20
-102.1567649999999929
11
172.8578349999999944
21
-102.1532969999999949
0
LINE
8
BLACK
6
CONTINUOUS
10
172.8578349999999944
20
-102.1532969999999949
11
172.8842530000000011
21
-102.1363190000000003
0
LINE
8
BLACK
6
CONTINUOUS
10
172.8842530000000011
20
-102.1363190000000003
11
172.9096009999999808
21
-102.117810999999989
0
LINE
8
BLACK
6
CONTINUOUS
10
172.9096009999999808
20
-102.117810999999989
11
172.9143369999999891
21
-102.1169849999999997
0
LINE
8
BLACK
6
CONTINUOUS
10
172.9143369999999891
20
-102.1169849999999997
11
172.9166129999999839
21
-102.115522999999996
0
LINE
8
BLACK
6
CONTINUOUS
10
172.9166129999999839
20
-102.115522999999996
11
172.9515480000000025
21
-102.1105000000000018
0
LINE
8
BLACK
6
CONTINUOUS
10
172.9515480000000025
20
-102.1105000000000018
11
173.1462929999999858
21
-102.1105000000000018
0
LINE
8
BLACK
6
CONTINUOUS
10
173.1462929999999858
20
-102.1105000000000018
11
173.2133319999999799
21
-102.1301849999999973
0
LINE
8
BLACK
6
CONTINUOUS
10
173.2133319999999799
20
-102.1301849999999973
11
173.2512869999999907
21
-102.1685279999999949
0
LINE
8
BLACK
6
CONTINUOUS
10
173.2512869999999907
20
-102.1685279999999949
11
173.3101839999999925
21
-102.2622619999999927
0
LINE
8
BLACK
6
CONTINUOUS
10
173.3101839999999925
20
-102.2622619999999927
11
173.4377399999999909
21
-102.3898179999999911
0
LINE
8
BLACK
6
CONTINUOUS
10
173.4377399999999909
20
-102.3898179999999911
11
173.531470999999982
21
-102.4487120000000004
0
LINE
8
BLACK
6
CONTINUOUS
10
173.531470999999982
20
-102.4487120000000004
11
173.5777630000000045
21
-102.5010460000000023
0
LINE
8
BLACK
6
CONTINUOUS
10
173.5777630000000045
20
-102.5010460000000023
11
173.5894999999999868
21
-102.5537059999999911
0
LINE
8
BLACK
6
CONTINUOUS
10
173.5894999999999868
20
-102.5537059999999911
11
173.5894999999999868
21
-106.6113730000000004
0
LINE
8
BLACK
6
CONTINUOUS
10
173.5894999999999868
20
-106.6113730000000004
11
173.5698150000000055
21
-106.6784119999999945
0
LINE
8
BLACK
6
CONTINUOUS
10
173.5698150000000055
20
-106.6784119999999945
11
173.553180999999995
21
-106.6990539999999896
0
LINE
8
BLACK
6
CONTINUOUS
10
173.553180999999995
20
-106.6990539999999896
11
172.056176999999991
21
-108.1960569999999962
0
LINE
8
BLACK
6
CONTINUOUS
10
172.056176999999991
20
-108.1960569999999962
11
171.9948540000000037
21
-108.229541999999995
0
LINE
8
BLACK
6
CONTINUOUS
10
171.9948540000000037
20
-108.229541999999995
11
171.9251620000000003
21
-108.2245580000000018
0
LINE
8
BLACK
6
CONTINUOUS
10
171.9251620000000003
20
-108.2245580000000018
11
171.9064970000000017
21
-108.215763999999993
0
LINE
8
BLACK
6
CONTINUOUS
10
171.9064970000000017
20
-108.215763999999993
11
171.8823739999999987
21
-108.2018369999999976
0
LINE
8
BLACK
6
CONTINUOUS
10
171.8823739999999987
20
-108.2018369999999976
11
171.8823730000000012
21
-108.2018360000000001
0
LINE
8
BLACK
6
CONTINUOUS
10
171.8823730000000012
20
-108.2018360000000001
11
171.8823710000000062
21
-108.2018349999999884
0
LINE
8
BLACK
6
CONTINUOUS
10
171.8823710000000062
20
-108.2018349999999884
11
171.8823610000000031
21
-108.2018300000000011
0
LINE
8
BLACK
6
CONTINUOUS
10
171.8823610000000031
20
-108.2018300000000011
11
171.6522070000000042
21
-108.106498000000002
0
LINE
8
BLACK
6
CONTINUOUS
10
171.6522070000000042
20
-108.106498000000002
11
171.4115610000000061
21
-108.0420170000000013
0
LINE
8
BLACK
6
CONTINUOUS
10
171.4115610000000061
20
-108.0420170000000013
11
171.164574999999985
21
-108.0095010000000002
0
LINE
8
BLACK
6
CONTINUOUS
10
171.164574999999985
20
-108.0095010000000002
11
171.1645699999999977
21
-108.0094999999999885
0
LINE
8
BLACK
6
CONTINUOUS
10
171.1645699999999977
20
-108.0094999999999885
11
171.1645649999999819
21
-108.0094999999999885
0
LINE
8
BLACK
6
CONTINUOUS
10
171.1645649999999819
20
-108.0094999999999885
11
170.9154350000000022
21
-108.0094999999999885
0
LINE
8
BLACK
6
CONTINUOUS
10
170.9154350000000022
20
-108.0094999999999885
11
170.9154289999999889
21
-108.0094999999999885
0
LINE
8
BLACK
6
CONTINUOUS
10
170.9154289999999889
20
-108.0094999999999885
11
170.9154240000000016
21
-108.0095010000000002
0
LINE
8
BLACK
6
CONTINUOUS
10
170.9154240000000016
20
-108.0095010000000002
11
170.6684379999999805
21
-108.0420170000000013
0
LINE
8
BLACK
6
CONTINUOUS
10
170.6684379999999805
20
-108.0420170000000013
11
170.4277919999999824
21
-108.106498000000002
0
LINE
8
BLACK
6
CONTINUOUS
10
170.4277919999999824
20
-108.106498000000002
11
170.1976379999999835
21
-108.2018300000000011
0
LINE
8
BLACK
6
CONTINUOUS
10
170.1976379999999835
20
-108.2018300000000011
11
170.197622999999993
21
-108.2018369999999976
0
LINE
8
BLACK
6
CONTINUOUS
10
170.197622999999993
20
-108.2018369999999976
11
169.9818729999999789
21
-108.3263999999999925
0
LINE
8
BLACK
6
CONTINUOUS
10
169.9818729999999789
20
-108.3263999999999925
11
169.7842249999999922
21
-108.4780599999999993
0
LINE
8
BLACK
6
CONTINUOUS
10
169.7842249999999922
20
-108.4780599999999993
11
169.7842179999999814
21
-108.4780659999999983
0
LINE
8
BLACK
6
CONTINUOUS
10
169.7842179999999814
20
-108.4780659999999983
11
169.6080659999999796
21
-108.6542180000000002
0
LINE
8
BLACK
6
CONTINUOUS
10
169.6080659999999796
20
-108.6542180000000002
11
169.6080599999999947
21
-108.6542249999999967
0
LINE
8
BLACK
6
CONTINUOUS
10
169.6080599999999947
20
-108.6542249999999967
11
169.4564000000000021
21
-108.8518729999999977
0
LINE
8
BLACK
6
CONTINUOUS
10
169.4564000000000021
20
-108.8518729999999977
11
169.3318369999999788
21
-109.0676229999999975
0
LINE
8
BLACK
6
CONTINUOUS
10
169.3318369999999788
20
-109.0676229999999975
11
169.3318299999999965
21
-109.0676379999999881
0
LINE
8
BLACK
6
CONTINUOUS
10
169.3318299999999965
20
-109.0676379999999881
11
169.2364979999999832
21
-109.2977920000000012
0
LINE
8
BLACK
6
CONTINUOUS
10
169.2364979999999832
20
-109.2977920000000012
11
169.1720169999999825
21
-109.5384379999999993
0
LINE
8
BLACK
6
CONTINUOUS
10
169.1720169999999825
20
-109.5384379999999993
11
169.1395009999999957
21
-109.7854239999999919
0
LINE
8
BLACK
6
CONTINUOUS
10
169.1395009999999957
20
-109.7854239999999919
11
169.1394999999999982
21
-109.7854409999999916
0
LINE
8
BLACK
6
CONTINUOUS
10
169.1394999999999982
20
-109.7854409999999916
11
169.1394999999999982
21
-110.0345579999999899
0
LINE
8
BLACK
6
CONTINUOUS
10
145.0614679999999908
20
-107.4599999999999937
11
145.083264999999983
21
-107.5976280000000003
0
LINE
8
BLACK
6
CONTINUOUS
10
145.083264999999983
20
-107.5976280000000003
11
145.153917000000007
21
-107.8150699999999915
0
LINE
8
BLACK
6
CONTINUOUS
10
145.153917000000007
20
-107.8150699999999915
11
145.2577110000000005
21
-108.0187759999999884
0
LINE
8
BLACK
6
CONTINUOUS
10
145.2577110000000005
20
-108.0187759999999884
11
145.3920970000000068
21
-108.2037419999999912
0
LINE
8
BLACK
6
CONTINUOUS
10
145.3920970000000068
20
-108.2037419999999912
11
145.5537569999999903
21
-108.3654019999999889
0
LINE
8
BLACK
6
CONTINUOUS
10
145.5537569999999903
20
-108.3654019999999889
11
145.7387229999999931
21
-108.4997879999999952
0
LINE
8
BLACK
6
CONTINUOUS
10
145.7387229999999931
20
-108.4997879999999952
11
145.9424290000000042
21
-108.6035819999999887
0
LINE
8
BLACK
6
CONTINUOUS
10
145.9424290000000042
20
-108.6035819999999887
11
146.1598709999999812
21
-108.6742339999999984
0
LINE
8
BLACK
6
CONTINUOUS
10
146.1598709999999812
20
-108.6742339999999984
11
146.25
21
-108.6885089999999963
0
LINE
8
BLACK
6
CONTINUOUS
10
146.25
20
-108.6885089999999963
11
146.25
21
-108.1742559999999997
0
LINE
8
BLACK
6
CONTINUOUS
10
146.25
20
-108.1742559999999997
11
146.2235039999999913
21
-108.1689859999999896
0
LINE
8
BLACK
6
CONTINUOUS
10
146.2235039999999913
20
-108.1689859999999896
11
146.0509950000000003
21
-108.0975299999999919
0
LINE
8
BLACK
6
CONTINUOUS
10
146.0509950000000003
20
-108.0975299999999919
11
145.8957399999999893
21
-107.9937919999999991
0
LINE
8
BLACK
6
CONTINUOUS
10
145.8957399999999893
20
-107.9937919999999991
11
145.7637079999999798
21
-107.8617599999999896
0
LINE
8
BLACK
6
CONTINUOUS
10
145.7637079999999798
20
-107.8617599999999896
11
145.6599699999999871
21
-107.7065049999999928
0
LINE
8
BLACK
6
CONTINUOUS
10
145.6599699999999871
20
-107.7065049999999928
11
145.5885140000000035
21
-107.5339960000000019
0
LINE
8
BLACK
6
CONTINUOUS
10
145.5885140000000035
20
-107.5339960000000019
11
145.5737959999999873
21
-107.4599999999999937
0
LINE
8
BLACK
6
CONTINUOUS
10
145.5737959999999873
20
-107.4599999999999937
11
145.0614679999999908
21
-107.4599999999999937
0
LINE
8
BLACK
6
CONTINUOUS
10
146.1598749999999995
20
-105.7457649999999916
11
145.9424309999999991
21
-105.8164170000000013
0
LINE
8
BLACK
6
CONTINUOUS
10
145.9424309999999991
20
-105.8164170000000013
11
145.7387229999999931
21
-105.9202109999999948
0
LINE
8
BLACK
6
CONTINUOUS
10
145.7387229999999931
20
-105.9202109999999948
11
145.5537569999999903
21
-106.0545970000000011
0
LINE
8
BLACK
6
CONTINUOUS
10
145.5537569999999903
20
-106.0545970000000011
11
145.3920970000000068
21
-106.2162569999999988
0
LINE
8
BLACK
6
CONTINUOUS
10
145.3920970000000068
20
-106.2162569999999988
11
145.2577110000000005
21
-106.4012230000000017
0
LINE
8
BLACK
6
CONTINUOUS
10
145.2577110000000005
20
-106.4012230000000017
11
145.153917000000007
21
-106.6049289999999985
0
LINE
8
BLACK
6
CONTINUOUS
10
145.153917000000007
20
-106.6049289999999985
11
145.083264999999983
21
-106.8223709999999897
0
LINE
8
BLACK
6
CONTINUOUS
10
145.083264999999983
20
-106.8223709999999897
11
145.0614679999999908
21
-106.9599999999999937
0
LINE
8
BLACK
6
CONTINUOUS
10
145.0614679999999908
20
-106.9599999999999937
11
145.5737959999999873
21
-106.9599999999999937
0
LINE
8
BLACK
6
CONTINUOUS
10
145.5737959999999873
20
-106.9599999999999937
11
145.5885140000000035
21
-106.8860039999999998
0
LINE
8
BLACK
6
CONTINUOUS
10
145.5885140000000035
20
-106.8860039999999998
11
145.6599699999999871
21
-106.7134949999999947
0
LINE
8
BLACK
6
CONTINUOUS
10
145.6599699999999871
20
-106.7134949999999947
11
145.7637079999999798
21
-106.5582399999999978
0
LINE
8
BLACK
6
CONTINUOUS
10
145.7637079999999798
20
-106.5582399999999978
11
145.8957399999999893
21
-106.4262079999999884
0
LINE
8
BLACK
6
CONTINUOUS
10
145.8957399999999893
20
-106.4262079999999884
11
146.0509950000000003
21
-106.3224699999999956
0
LINE
8
BLACK
6
CONTINUOUS
10
146.0509950000000003
20
-106.3224699999999956
11
146.2235039999999913
21
-106.2510139999999978
0
LINE
8
BLACK
6
CONTINUOUS
10
146.2235039999999913
20
-106.2510139999999978
11
146.25
21
-106.2457429999999903
0
LINE
8
BLACK
6
CONTINUOUS
10
146.25
20
-106.2457429999999903
11
146.25
21
-105.7314899999999938
0
LINE
8
BLACK
6
CONTINUOUS
10
146.25
20
-105.7314899999999938
11
146.2499990000000025
21
-105.7314899999999938
0
LINE
8
BLACK
6
CONTINUOUS
10
146.2499990000000025
20
-105.7314899999999938
11
146.1598749999999995
21
-105.7457649999999916
0
LINE
8
BLACK
6
CONTINUOUS
10
126.6254239999999953
20
-75.7716839999999934
11
126.3784379999999885
21
-75.8041999999999945
0
LINE
8
BLACK
6
CONTINUOUS
10
126.3784379999999885
20
-75.8041999999999945
11
126.1377919999999904
21
-75.8686809999999952
0
LINE
8
BLACK
6
CONTINUOUS
10
126.1377919999999904
20
-75.8686809999999952
11
125.9076379999999915
21
-75.9640129999999942
0
LINE
8
BLACK
6
CONTINUOUS
10
125.9076379999999915
20
-75.9640129999999942
11
125.907623000000001
21
-75.9640199999999908
0
LINE
8
BLACK
6
CONTINUOUS
10
125.907623000000001
20
-75.9640199999999908
11
125.6918730000000011
21
-76.0885829999999999
0
LINE
8
BLACK
6
CONTINUOUS
10
125.6918730000000011
20
-76.0885829999999999
11
125.4942250000000001
21
-76.2402429999999924
0
LINE
8
BLACK
6
CONTINUOUS
10
125.4942250000000001
20
-76.2402429999999924
11
125.4942179999999894
21
-76.2402489999999915
0
LINE
8
BLACK
6
CONTINUOUS
10
125.4942179999999894
20
-76.2402489999999915
11
125.3180659999999875
21
-76.4164009999999934
0
LINE
8
BLACK
6
CONTINUOUS
10
125.3180659999999875
20
-76.4164009999999934
11
125.3180599999999885
21
-76.4164079999999899
0
LINE
8
BLACK
6
CONTINUOUS
10
125.3180599999999885
20
-76.4164079999999899
11
125.1663999999999959
21
-76.6140559999999908
0
LINE
8
BLACK
6
CONTINUOUS
10
125.1663999999999959
20
-76.6140559999999908
11
125.041837000000001
21
-76.8298059999999907
0
LINE
8
BLACK
6
CONTINUOUS
10
125.041837000000001
20
-76.8298059999999907
11
125.0418299999999903
21
-76.8298209999999955
0
LINE
8
BLACK
6
CONTINUOUS
10
125.0418299999999903
20
-76.8298209999999955
11
124.9464979999999912
21
-77.0599749999999943
0
LINE
8
BLACK
6
CONTINUOUS
10
124.9464979999999912
20
-77.0599749999999943
11
124.8820169999999905
21
-77.3006209999999925
0
LINE
8
BLACK
6
CONTINUOUS
10
124.8820169999999905
20
-77.3006209999999925
11
124.8495009999999894
21
-77.5476069999999993
0
LINE
8
BLACK
6
CONTINUOUS
10
124.8495009999999894
20
-77.5476069999999993
11
124.8494999999999919
21
-77.547623999999999
0
LINE
8
BLACK
6
CONTINUOUS
10
124.8494999999999919
20
-77.547623999999999
11
124.8494999999999919
21
-77.7967409999999973
0
LINE
8
BLACK
6
CONTINUOUS
10
124.8494999999999919
20
-77.7967409999999973
11
124.8495009999999894
21
-77.796757999999997
0
LINE
8
BLACK
6
CONTINUOUS
10
124.8495009999999894
20
-77.796757999999997
11
124.8820169999999905
21
-78.0437439999999896
0
LINE
8
BLACK
6
CONTINUOUS
10
124.8820169999999905
20
-78.0437439999999896
11
124.9464979999999912
21
-78.2843900000000019
0
LINE
8
BLACK
6
CONTINUOUS
10
124.9464979999999912
20
-78.2843900000000019
11
125.0418299999999903
21
-78.5145440000000008
0
LINE
8
BLACK
6
CONTINUOUS
10
125.0418299999999903
20
-78.5145440000000008
11
125.0418349999999919
21
-78.5145539999999897
0
LINE
8
BLACK
6
CONTINUOUS
10
125.0418349999999919
20
-78.5145539999999897
11
125.0793809999999979
21
-78.5795869999999894
0
LINE
8
BLACK
6
CONTINUOUS
10
125.0793809999999979
20
-78.5795869999999894
11
125.0958519999999936
21
-78.6474879999999956
0
LINE
8
BLACK
6
CONTINUOUS
10
125.0958519999999936
20
-78.6474879999999956
11
125.0729999999999933
21
-78.7135140000000035
0
LINE
8
BLACK
6
CONTINUOUS
10
125.0729999999999933
20
-78.7135140000000035
11
125.0678470000000004
21
-78.720249999999993
0
LINE
8
BLACK
6
CONTINUOUS
10
125.0678470000000004
20
-78.720249999999993
11
125.022317000000001
21
-78.7757280000000009
0
LINE
8
BLACK
6
CONTINUOUS
10
125.022317000000001
20
-78.7757280000000009
11
124.9247689999999977
21
-78.9582249999999988
0
LINE
8
BLACK
6
CONTINUOUS
10
124.9247689999999977
20
-78.9582249999999988
11
124.8646989999999874
21
-79.1562490000000025
0
LINE
8
BLACK
6
CONTINUOUS
10
124.8646989999999874
20
-79.1562490000000025
11
124.8553840000000008
21
-79.2508320000000026
0
LINE
8
BLACK
6
CONTINUOUS
10
124.8553840000000008
20
-79.2508320000000026
11
124.8495080000000002
21
-79.3104999999999905
0
LINE
8
BLACK
6
CONTINUOUS
10
124.8495080000000002
20
-79.3104999999999905
11
124.8494999999999919
21
-79.310576999999995
0
LINE
8
BLACK
6
CONTINUOUS
10
124.8494999999999919
20
-79.310576999999995
11
124.8494999999999919
21
-81.1137870000000021
0
LINE
8
BLACK
6
CONTINUOUS
10
124.8494999999999919
20
-81.1137870000000021
11
124.8646989999999874
21
-81.2681149999999946
0
LINE
8
BLACK
6
CONTINUOUS
10
124.8646989999999874
20
-81.2681149999999946
11
124.8646999999999991
21
-81.2681180000000012
0
LINE
8
BLACK
6
CONTINUOUS
10
124.8646999999999991
20
-81.2681180000000012
11
124.8888729999999896
21
-81.3478080000000006
0
LINE
8
BLACK
6
CONTINUOUS
10
124.8888729999999896
20
-81.3478080000000006
11
124.9247689999999977
21
-81.4661399999999958
0
LINE
8
BLACK
6
CONTINUOUS
10
124.9247689999999977
20
-81.4661399999999958
11
125.022317000000001
21
-81.6486369999999937
0
LINE
8
BLACK
6
CONTINUOUS
10
125.022317000000001
20
-81.6486369999999937
11
125.1535889999999966
21
-81.8085930000000019
0
LINE
8
BLACK
6
CONTINUOUS
10
125.1535889999999966
20
-81.8085930000000019
11
125.2498489999999975
21
-81.8875910000000005
0
LINE
8
BLACK
6
CONTINUOUS
10
125.2498489999999975
20
-81.8875910000000005
11
125.3135489999999947
21
-81.9398679999999899
0
LINE
8
BLACK
6
CONTINUOUS
10
125.3135489999999947
20
-81.9398679999999899
11
125.4743489999999895
21
-82.025818000000001
0
LINE
8
BLACK
6
CONTINUOUS
10
125.4743489999999895
20
-82.025818000000001
11
125.4839539999999971
21
-82.0309519999999992
0
LINE
8
BLACK
6
CONTINUOUS
10
125.4839539999999971
20
-82.0309519999999992
11
125.4939529999999905
21
-82.040773999999999
0
LINE
8
BLACK
6
CONTINUOUS
10
125.4939529999999905
20
-82.040773999999999
11
125.5067029999999875
21
-82.0465969999999913
0
LINE
8
BLACK
6
CONTINUOUS
10
125.5067029999999875
20
-82.0465969999999913
11
125.5183839999999975
21
-82.0647730000000024
0
LINE
8
BLACK
6
CONTINUOUS
10
125.5183839999999975
20
-82.0647730000000024
11
125.5337979999999902
21
-82.0799149999999997
0
LINE
8
BLACK
6
CONTINUOUS
10
125.5337979999999902
20
-82.0799149999999997
11
125.5376589999999908
21
-82.0947659999999928
0
LINE
8
BLACK
6
CONTINUOUS
10
125.5376589999999908
20
-82.0947659999999928
11
125.5444770000000005
21
-82.1053749999999951
0
LINE
8
BLACK
6
CONTINUOUS
10
125.5444770000000005
20
-82.1053749999999951
11
125.5494999999999948
21
-82.1403099999999995
0
LINE
8
BLACK
6
CONTINUOUS
10
125.5494999999999948
20
-82.1403099999999995
11
125.5494999999999948
21
-82.3092529999999982
0
LINE
8
BLACK
6
CONTINUOUS
10
125.5494999999999948
20
-82.3092529999999982
11
125.5298149999999993
21
-82.3762919999999923
0
LINE
8
BLACK
6
CONTINUOUS
10
125.5298149999999993
20
-82.3762919999999923
11
125.525818000000001
21
-82.3821379999999976
0
LINE
8
BLACK
6
CONTINUOUS
10
125.525818000000001
20
-82.3821379999999976
11
125.4666589999999928
21
-82.4635629999999935
0
LINE
8
BLACK
6
CONTINUOUS
10
125.4666589999999928
20
-82.4635629999999935
11
125.3594329999999957
21
-82.674002999999999
0
LINE
8
BLACK
6
CONTINUOUS
10
125.3594329999999957
20
-82.674002999999999
11
125.286445999999998
21
-82.8986309999999946
0
LINE
8
BLACK
6
CONTINUOUS
10
125.286445999999998
20
-82.8986309999999946
11
125.2494999999999976
21
-83.1319019999999966
0
LINE
8
BLACK
6
CONTINUOUS
10
125.2494999999999976
20
-83.1319019999999966
11
125.2494999999999976
21
-83.3680969999999917
0
LINE
8
BLACK
6
CONTINUOUS
10
125.2494999999999976
20
-83.3680969999999917
11
125.286445999999998
21
-83.6013679999999937
0
LINE
8
BLACK
6
CONTINUOUS
10
125.286445999999998
20
-83.6013679999999937
11
125.3594329999999957
21
-83.8259959999999893
0
LINE
8
BLACK
6
CONTINUOUS
10
125.3594329999999957
20
-83.8259959999999893
11
125.4666569999999979
21
-84.0364330000000024
0
LINE
8
BLACK
6
CONTINUOUS
10
125.4666569999999979
20
-84.0364330000000024
11
125.6054829999999924
21
-84.2275099999999952
0
LINE
8
BLACK
6
CONTINUOUS
10
125.6054829999999924
20
-84.2275099999999952
11
125.7724899999999906
21
-84.3945169999999933
0
LINE
8
BLACK
6
CONTINUOUS
10
125.7724899999999906
20
-84.3945169999999933
11
125.9635669999999976
21
-84.5333430000000021
0
LINE
8
BLACK
6
CONTINUOUS
10
125.9635669999999976
20
-84.5333430000000021
11
126.0443420000000003
21
-84.5745000000000005
0
LINE
8
BLACK
6
CONTINUOUS
10
126.0443420000000003
20
-84.5745000000000005
11
126.174002999999999
21
-84.6405659999999926
0
LINE
8
BLACK
6
CONTINUOUS
10
126.174002999999999
20
-84.6405659999999926
11
126.174004999999994
21
-84.6405659999999926
0
LINE
8
BLACK
6
CONTINUOUS
10
126.174004999999994
20
-84.6405659999999926
11
126.1740080000000006
21
-84.6405680000000018
0
LINE
8
BLACK
6
CONTINUOUS
10
126.1740080000000006
20
-84.6405680000000018
11
126.2944119999999941
21
-84.6796889999999962
0
LINE
8
BLACK
6
CONTINUOUS
10
126.2944119999999941
20
-84.6796889999999962
11
126.3986309999999946
21
-84.7135529999999903
0
LINE
8
BLACK
6
CONTINUOUS
10
126.3986309999999946
20
-84.7135529999999903
11
126.6319029999999941
21
-84.7505000000000024
0
LINE
8
BLACK
6
CONTINUOUS
10
126.6319029999999941
20
-84.7505000000000024
11
126.6319079999999957
21
-84.7505000000000024
0
LINE
8
BLACK
6
CONTINUOUS
10
126.6319079999999957
20
-84.7505000000000024
11
126.8680969999999917
21
-84.7505000000000024
0
LINE
8
BLACK
6
CONTINUOUS
10
126.8680969999999917
20
-84.7505000000000024
11
127.1013679999999937
21
-84.7135529999999903
0
LINE
8
BLACK
6
CONTINUOUS
10
127.1013679999999937
20
-84.7135529999999903
11
127.3259919999999994
21
-84.6405680000000018
0
LINE
8
BLACK
6
CONTINUOUS
10
127.3259919999999994
20
-84.6405680000000018
11
127.5364329999999882
21
-84.5333430000000021
0
LINE
8
BLACK
6
CONTINUOUS
10
127.5364329999999882
20
-84.5333430000000021
11
127.7275099999999952
21
-84.3945169999999933
0
LINE
8
BLACK
6
CONTINUOUS
10
127.7275099999999952
20
-84.3945169999999933
11
127.8945169999999933
21
-84.2275099999999952
0
LINE
8
BLACK
6
CONTINUOUS
10
127.8945169999999933
20
-84.2275099999999952
11
128.0333430000000021
21
-84.0364330000000024
0
LINE
8
BLACK
6
CONTINUOUS
10
128.0333430000000021
20
-84.0364330000000024
11
128.1405680000000018
21
-83.8259919999999994
0
LINE
8
BLACK
6
CONTINUOUS
10
128.1405680000000018
20
-83.8259919999999994
11
128.2135529999999903
21
-83.6013679999999937
0
LINE
8
BLACK
6
CONTINUOUS
10
128.2135529999999903
20
-83.6013679999999937
11
128.2216159999999832
21
-83.5504600000000011
0
LINE
8
BLACK
6
CONTINUOUS
10
128.2216159999999832
20
-83.5504600000000011
11
128.2504999999999882
21
-83.3680969999999917
0
LINE
8
BLACK
6
CONTINUOUS
10
128.2504999999999882
20
-83.3680969999999917
11
128.2504999999999882
21
-83.1319019999999966
0
LINE
8
BLACK
6
CONTINUOUS
10
128.2504999999999882
20
-83.1319019999999966
11
128.2135529999999903
21
-82.8986309999999946
0
LINE
8
BLACK
6
CONTINUOUS
10
128.2135529999999903
20
-82.8986309999999946
11
128.1405660000000069
21
-82.674002999999999
0
LINE
8
BLACK
6
CONTINUOUS
10
128.1405660000000069
20
-82.674002999999999
11
128.0850609999999961
21
-82.5650699999999915
0
LINE
8
BLACK
6
CONTINUOUS
10
128.0850609999999961
20
-82.5650699999999915
11
128.0333430000000021
21
-82.4635669999999976
0
LINE
8
BLACK
6
CONTINUOUS
10
128.0333430000000021
20
-82.4635669999999976
11
127.974181999999999
21
-82.3821379999999976
0
LINE
8
BLACK
6
CONTINUOUS
10
127.974181999999999
20
-82.3821379999999976
11
127.9670289999999966
21
-82.3620930000000016
0
LINE
8
BLACK
6
CONTINUOUS
10
127.9670289999999966
20
-82.3620930000000016
11
127.9555229999999995
21
-82.3441880000000026
0
LINE
8
BLACK
6
CONTINUOUS
10
127.9555229999999995
20
-82.3441880000000026
11
127.952067999999997
21
-82.3201609999999988
0
LINE
8
BLACK
6
CONTINUOUS
10
127.952067999999997
20
-82.3201609999999988
11
127.9507019999999926
21
-82.3163320000000027
0
LINE
8
BLACK
6
CONTINUOUS
10
127.9507019999999926
20
-82.3163320000000027
11
127.950499999999991
21
-82.3092529999999982
0
LINE
8
BLACK
6
CONTINUOUS
10
127.950499999999991
20
-82.3092529999999982
11
127.950499999999991
21
-82.1403099999999995
0
LINE
8
BLACK
6
CONTINUOUS
10
127.950499999999991
20
-82.1403099999999995
11
127.9701850000000007
21
-82.0732709999999912
0
LINE
8
BLACK
6
CONTINUOUS
10
127.9701850000000007
20
-82.0732709999999912
11
128.0160459999999887
21
-82.0309519999999992
0
LINE
8
BLACK
6
CONTINUOUS
10
128.0160459999999887
20
-82.0309519999999992
11
128.0256509999999821
21
-82.025818000000001
0
LINE
8
BLACK
6
CONTINUOUS
10
128.0256509999999821
20
-82.025818000000001
11
128.1864510000000053
21
-81.9398679999999899
0
LINE
8
BLACK
6
CONTINUOUS
10
128.1864510000000053
20
-81.9398679999999899
11
128.3464099999999917
21
-81.8085930000000019
0
LINE
8
BLACK
6
CONTINUOUS
10
128.3464099999999917
20
-81.8085930000000019
11
128.4776850000000081
21
-81.6486340000000013
0
LINE
8
BLACK
6
CONTINUOUS
10
128.4776850000000081
20
-81.6486340000000013
11
128.5752319999999997
21
-81.4661380000000008
0
LINE
8
BLACK
6
CONTINUOUS
10
128.5752319999999997
20
-81.4661380000000008
11
128.6353000000000009
21
-81.2681180000000012
0
LINE
8
BLACK
6
CONTINUOUS
10
128.6353000000000009
20
-81.2681180000000012
11
128.6504999999999939
21
-81.1137919999999895
0
LINE
8
BLACK
6
CONTINUOUS
10
128.6504999999999939
20
-81.1137919999999895
11
128.6504989999999964
21
-79.310575
0
LINE
8
BLACK
6
CONTINUOUS
10
128.6504989999999964
20
-79.310575
11
128.6353000000000009
21
-79.1562479999999908
0
LINE
8
BLACK
6
CONTINUOUS
10
128.6353000000000009
20
-79.1562479999999908
11
128.5978139999999996
21
-79.0326740000000001
0
LINE
8
BLACK
6
CONTINUOUS
10
128.5978139999999996
20
-79.0326740000000001
11
128.5971920000000068
21
-78.9628110000000021
0
LINE
8
BLACK
6
CONTINUOUS
10
128.5971920000000068
20
-78.9628110000000021
11
128.6344399999999837
21
-78.9036979999999915
0
LINE
8
BLACK
6
CONTINUOUS
10
128.6344399999999837
20
-78.9036979999999915
11
128.697733999999997
21
-78.8741079999999926
0
LINE
8
BLACK
6
CONTINUOUS
10
128.697733999999997
20
-78.8741079999999926
11
128.7164760000000001
21
-78.872682999999995
0
LINE
8
BLACK
6
CONTINUOUS
10
128.7164760000000001
20
-78.872682999999995
11
132.0371609999999976
21
-78.872682999999995
0
LINE
8
BLACK
6
CONTINUOUS
10
132.0371609999999976
20
-78.872682999999995
11
132.1041999999999916
21
-78.8923679999999905
0
LINE
8
BLACK
6
CONTINUOUS
10
132.1041999999999916
20
-78.8923679999999905
11
132.124842000000001
21
-78.909002000000001
0
LINE
8
BLACK
6
CONTINUOUS
10
132.124842000000001
20
-78.909002000000001
11
132.1347710000000006
21
-78.9189310000000006
0
LINE
8
BLACK
6
CONTINUOUS
10
132.1347710000000006
20
-78.9189310000000006
11
132.3449489999999855
21
-79.0716340000000031
0
LINE
8
BLACK
6
CONTINUOUS
10
132.3449489999999855
20
-79.0716340000000031
11
132.4554239999999936
21
-79.127923999999993
0
LINE
8
BLACK
6
CONTINUOUS
10
132.4554239999999936
20
-79.127923999999993
11
132.5764230000000055
21
-79.1895769999999999
0
LINE
8
BLACK
6
CONTINUOUS
10
132.5764230000000055
20
-79.1895769999999999
11
132.5764250000000004
21
-79.1895769999999999
0
LINE
8
BLACK
6
CONTINUOUS
10
132.5764250000000004
20
-79.1895769999999999
11
132.5764279999999928
21
-79.1895789999999948
0
LINE
8
BLACK
6
CONTINUOUS
10
132.5764279999999928
20
-79.1895789999999948
11
132.8235070000000064
21
-79.2698599999999942
0
LINE
8
BLACK
6
CONTINUOUS
10
132.8235070000000064
20
-79.2698599999999942
11
132.9557059999999922
21
-79.2907969999999978
0
LINE
8
BLACK
6
CONTINUOUS
10
132.9557059999999922
20
-79.2907969999999978
11
133.0800979999999925
21
-79.3104999999999905
0
LINE
8
BLACK
6
CONTINUOUS
10
133.0800979999999925
20
-79.3104999999999905
11
133.0801029999999798
21
-79.3104999999999905
0
LINE
8
BLACK
6
CONTINUOUS
10
133.0801029999999798
20
-79.3104999999999905
11
133.339901999999995
21
-79.3104999999999905
0
LINE
8
BLACK
6
CONTINUOUS
10
133.339901999999995
20
-79.3104999999999905
11
133.4532979999999895
21
-79.2925389999999908
0
LINE
8
BLACK
6
CONTINUOUS
10
133.4532979999999895
20
-79.2925389999999908
11
133.5964929999999811
21
-79.2698599999999942
0
LINE
8
BLACK
6
CONTINUOUS
10
133.5964929999999811
20
-79.2698599999999942
11
133.8435719999999947
21
-79.1895789999999948
0
LINE
8
BLACK
6
CONTINUOUS
10
133.8435719999999947
20
-79.1895789999999948
11
134.075051000000002
21
-79.0716340000000031
0
LINE
8
BLACK
6
CONTINUOUS
10
134.075051000000002
20
-79.0716340000000031
11
134.2852289999999869
21
-78.9189310000000006
0
LINE
8
BLACK
6
CONTINUOUS
10
134.2852289999999869
20
-78.9189310000000006
11
134.4689309999999978
21
-78.7352289999999897
0
LINE
8
BLACK
6
CONTINUOUS
10
134.4689309999999978
20
-78.7352289999999897
11
134.6216340000000002
21
-78.5250509999999906
0
LINE
8
BLACK
6
CONTINUOUS
10
134.6216340000000002
20
-78.5250509999999906
11
134.706466000000006
21
-78.3585589999999996
0
LINE
8
BLACK
6
CONTINUOUS
10
134.706466000000006
20
-78.3585589999999996
11
134.7292659999999955
21
-78.3271780000000035
0
LINE
8
BLACK
6
CONTINUOUS
10
134.7292659999999955
20
-78.3271780000000035
11
134.9990159999999833
21
-78.0574269999999899
0
LINE
8
BLACK
6
CONTINUOUS
10
134.9990159999999833
20
-78.0574269999999899
11
134.936600999999996
21
-77.9067419999999942
0
LINE
8
BLACK
6
CONTINUOUS
10
134.936600999999996
20
-77.9067419999999942
11
134.9040929999999889
21
-77.7433149999999955
0
LINE
8
BLACK
6
CONTINUOUS
10
134.9040929999999889
20
-77.7433149999999955
11
134.9040929999999889
21
-77.5766849999999977
0
LINE
8
BLACK
6
CONTINUOUS
10
134.9040929999999889
20
-77.5766849999999977
11
134.936600999999996
21
-77.413257999999999
0
LINE
8
BLACK
6
CONTINUOUS
10
134.936600999999996
20
-77.413257999999999
11
134.9990169999999807
21
-77.2625709999999941
0
LINE
8
BLACK
6
CONTINUOUS
10
134.9990169999999807
20
-77.2625709999999941
11
134.7292659999999955
21
-76.9928199999999947
0
LINE
8
BLACK
6
CONTINUOUS
10
134.7292659999999955
20
-76.9928199999999947
11
134.7064629999999852
21
-76.9614349999999945
0
LINE
8
BLACK
6
CONTINUOUS
10
134.7064629999999852
20
-76.9614349999999945
11
134.6216340000000002
21
-76.7949490000000026
0
LINE
8
BLACK
6
CONTINUOUS
10
134.6216340000000002
20
-76.7949490000000026
11
134.4689309999999978
21
-76.5847710000000035
0
LINE
8
BLACK
6
CONTINUOUS
10
134.4689309999999978
20
-76.5847710000000035
11
134.2852289999999869
21
-76.4010689999999926
0
LINE
8
BLACK
6
CONTINUOUS
10
134.2852289999999869
20
-76.4010689999999926
11
134.1567699999999945
21
-76.3077380000000005
0
LINE
8
BLACK
6
CONTINUOUS
10
134.1567699999999945
20
-76.3077380000000005
11
134.0750539999999944
21
-76.2483679999999993
0
LINE
8
BLACK
6
CONTINUOUS
10
134.0750539999999944
20
-76.2483679999999993
11
134.0750529999999969
21
-76.2483670000000018
0
LINE
8
BLACK
6
CONTINUOUS
10
134.0750529999999969
20
-76.2483670000000018
11
134.075051000000002
21
-76.2483659999999901
0
LINE
8
BLACK
6
CONTINUOUS
10
134.075051000000002
20
-76.2483659999999901
11
134.0027639999999849
21
-76.2115340000000003
0
LINE
8
BLACK
6
CONTINUOUS
10
134.0027639999999849
20
-76.2115340000000003
11
133.8435759999999846
21
-76.1304219999999958
0
LINE
8
BLACK
6
CONTINUOUS
10
133.8435759999999846
20
-76.1304219999999958
11
133.5964929999999811
21
-76.050139999999999
0
LINE
8
BLACK
6
CONTINUOUS
10
133.5964929999999811
20
-76.050139999999999
11
133.339901999999995
21
-76.0095000000000027
0
LINE
8
BLACK
6
CONTINUOUS
10
133.339901999999995
20
-76.0095000000000027
11
133.3398970000000077
21
-76.0095000000000027
0
LINE
8
BLACK
6
CONTINUOUS
10
133.3398970000000077
20
-76.0095000000000027
11
133.0801029999999798
21
-76.0095000000000027
0
LINE
8
BLACK
6
CONTINUOUS
10
133.0801029999999798
20
-76.0095000000000027
11
133.0800979999999925
21
-76.0095000000000027
0
LINE
8
BLACK
6
CONTINUOUS
10
133.0800979999999925
20
-76.0095000000000027
11
132.8235059999999805
21
-76.050139999999999
0
LINE
8
BLACK
6
CONTINUOUS
10
132.8235059999999805
20
-76.050139999999999
11
132.5764230000000055
21
-76.1304219999999958
0
LINE
8
BLACK
6
CONTINUOUS
10
132.5764230000000055
20
-76.1304219999999958
11
132.3449449999999956
21
-76.2483679999999993
0
LINE
8
BLACK
6
CONTINUOUS
10
132.3449449999999956
20
-76.2483679999999993
11
132.1347739999999931
21
-76.4010660000000001
0
LINE
8
BLACK
6
CONTINUOUS
10
132.1347739999999931
20
-76.4010660000000001
11
132.1347680000000082
21
-76.4010710000000017
0
LINE
8
BLACK
6
CONTINUOUS
10
132.1347680000000082
20
-76.4010710000000017
11
132.1004759999999862
21
-76.4353639999999928
0
LINE
8
BLACK
6
CONTINUOUS
10
132.1004759999999862
20
-76.4353639999999928
11
132.0391529999999989
21
-76.4688489999999916
0
LINE
8
BLACK
6
CONTINUOUS
10
132.0391529999999989
20
-76.4688489999999916
11
132.0127949999999828
21
-76.4716829999999987
0
LINE
8
BLACK
6
CONTINUOUS
10
132.0127949999999828
20
-76.4716829999999987
11
128.2855020000000081
21
-76.4716829999999987
0
LINE
8
BLACK
6
CONTINUOUS
10
128.2855020000000081
20
-76.4716829999999987
11
128.2184629999999856
21
-76.4519980000000032
0
LINE
8
BLACK
6
CONTINUOUS
10
128.2184629999999856
20
-76.4519980000000032
11
128.1871280000000013
21
-76.4231699999999989
0
LINE
8
BLACK
6
CONTINUOUS
10
128.1871280000000013
20
-76.4231699999999989
11
128.1819380000000024
21
-76.4164069999999924
0
LINE
8
BLACK
6
CONTINUOUS
10
128.1819380000000024
20
-76.4164069999999924
11
128.1819319999999891
21
-76.4164009999999934
0
LINE
8
BLACK
6
CONTINUOUS
10
128.1819319999999891
20
-76.4164009999999934
11
128.1819299999999942
21
-76.4163980000000009
0
LINE
8
BLACK
6
CONTINUOUS
10
128.1819299999999942
20
-76.4163980000000009
11
128.0057809999999847
21
-76.2402489999999915
0
LINE
8
BLACK
6
CONTINUOUS
10
128.0057809999999847
20
-76.2402489999999915
11
128.0057740000000024
21
-76.2402429999999924
0
LINE
8
BLACK
6
CONTINUOUS
10
128.0057740000000024
20
-76.2402429999999924
11
127.8081259999999872
21
-76.0885829999999999
0
LINE
8
BLACK
6
CONTINUOUS
10
127.8081259999999872
20
-76.0885829999999999
11
127.5923759999999874
21
-75.9640199999999908
0
LINE
8
BLACK
6
CONTINUOUS
10
127.5923759999999874
20
-75.9640199999999908
11
127.5923609999999968
21
-75.9640129999999942
0
LINE
8
BLACK
6
CONTINUOUS
10
127.5923609999999968
20
-75.9640129999999942
11
127.3622069999999979
21
-75.8686809999999952
0
LINE
8
BLACK
6
CONTINUOUS
10
127.3622069999999979
20
-75.8686809999999952
11
127.1215609999999998
21
-75.8041999999999945
0
LINE
8
BLACK
6
CONTINUOUS
10
127.1215609999999998
20
-75.8041999999999945
11
126.874574999999993
21
-75.7716839999999934
0
LINE
8
BLACK
6
CONTINUOUS
10
126.874574999999993
20
-75.7716839999999934
11
126.8745699999999914
21
-75.7716829999999959
0
LINE
8
BLACK
6
CONTINUOUS
10
126.8745699999999914
20
-75.7716829999999959
11
126.8745649999999898
21
-75.7716829999999959
0
LINE
8
BLACK
6
CONTINUOUS
10
126.8745649999999898
20
-75.7716829999999959
11
126.625434999999996
21
-75.7716829999999959
0
LINE
8
BLACK
6
CONTINUOUS
10
126.625434999999996
20
-75.7716829999999959
11
126.6254289999999969
21
-75.7716829999999959
0
LINE
8
BLACK
6
CONTINUOUS
10
126.6254289999999969
20
-75.7716829999999959
11
126.6254239999999953
21
-75.7716839999999934
0
LINE
8
BLACK
6
CONTINUOUS
10
163.5263919999999871
20
-85.1242139999999949
11
163.5263919999999871
21
-77.9095760000000013
0
LINE
8
BLACK
6
CONTINUOUS
10
163.5263919999999871
20
-77.9095760000000013
11
157.9784209999999973
21
-77.9095760000000013
0
LINE
8
BLACK
6
CONTINUOUS
10
157.9784209999999973
20
-77.9095760000000013
11
157.9784209999999973
21
-85.1242139999999949
0
LINE
8
BLACK
6
CONTINUOUS
10
157.9784209999999973
20
-85.1242139999999949
11
163.5263919999999871
21
-85.1242139999999949
0
LINE
8
BLACK
6
CONTINUOUS
10
139.0614679999999908
20
-82.2099999999999937
11
139.083264999999983
21
-82.3476280000000003
0
LINE
8
BLACK
6
CONTINUOUS
10
139.083264999999983
20
-82.3476280000000003
11
139.153917000000007
21
-82.5650699999999915
0
LINE
8
BLACK
6
CONTINUOUS
10
139.153917000000007
20
-82.5650699999999915
11
139.2577110000000005
21
-82.7687760000000026
0
LINE
8
BLACK
6
CONTINUOUS
10
139.2577110000000005
20
-82.7687760000000026
11
139.3920970000000068
21
-82.9537419999999912
0
LINE
8
BLACK
6
CONTINUOUS
10
139.3920970000000068
20
-82.9537419999999912
11
139.5537569999999903
21
-83.1154020000000031
0
LINE
8
BLACK
6
CONTINUOUS
10
139.5537569999999903
20
-83.1154020000000031
11
139.7387229999999931
21
-83.2497879999999952
0
LINE
8
BLACK
6
CONTINUOUS
10
139.7387229999999931
20
-83.2497879999999952
11
139.9424290000000042
21
-83.3535820000000029
0
LINE
8
BLACK
6
CONTINUOUS
10
139.9424290000000042
20
-83.3535820000000029
11
140.1598709999999812
21
-83.4242339999999984
0
LINE
8
BLACK
6
CONTINUOUS
10
140.1598709999999812
20
-83.4242339999999984
11
140.25
21
-83.4385089999999963
0
LINE
8
BLACK
6
CONTINUOUS
10
140.25
20
-83.4385089999999963
11
140.25
21
-82.9242559999999997
0
LINE
8
BLACK
6
CONTINUOUS
10
140.25
20
-82.9242559999999997
11
140.2235039999999913
21
-82.9189859999999896
0
LINE
8
BLACK
6
CONTINUOUS
10
140.2235039999999913
20
-82.9189859999999896
11
140.0509950000000003
21
-82.8475299999999919
0
LINE
8
BLACK
6
CONTINUOUS
10
140.0509950000000003
20
-82.8475299999999919
11
139.8957399999999893
21
-82.7437919999999991
0
LINE
8
BLACK
6
CONTINUOUS
10
139.8957399999999893
20
-82.7437919999999991
11
139.7637079999999798
21
-82.6117599999999896
0
LINE
8
BLACK
6
CONTINUOUS
10
139.7637079999999798
20
-82.6117599999999896
11
139.6599699999999871
21
-82.4565049999999928
0
LINE
8
BLACK
6
CONTINUOUS
10
139.6599699999999871
20
-82.4565049999999928
11
139.5885140000000035
21
-82.2839960000000019
0
LINE
8
BLACK
6
CONTINUOUS
10
139.5885140000000035
20
-82.2839960000000019
11
139.5737959999999873
21
-82.2099999999999937
0
LINE
8
BLACK
6
CONTINUOUS
10
139.5737959999999873
20
-82.2099999999999937
11
139.0614679999999908
21
-82.2099999999999937
0
LINE
8
BLACK
6
CONTINUOUS
10
134.9882819999999981
20
-78.7752689999999944
11
134.9882819999999981
21
-78.7752699999999919
0
LINE
8
BLACK
6
CONTINUOUS
10
134.9882819999999981
20
-78.7752699999999919
11
135.0424490000000048
21
-78.8146239999999949
0
LINE
8
BLACK
6
CONTINUOUS
10
135.0424490000000048
20
-78.8146239999999949
11
135.2317819999999813
21
-78.9110950000000031
0
LINE
8
BLACK
6
CONTINUOUS
10
135.2317819999999813
20
-78.9110950000000031
11
135.4338699999999847
21
-78.9767569999999921
0
LINE
8
BLACK
6
CONTINUOUS
10
135.4338699999999847
20
-78.9767569999999921
11
135.6437540000000013
21
-79.0099999999999909
0
LINE
8
BLACK
6
CONTINUOUS
10
135.6437540000000013
20
-79.0099999999999909
11
135.8562459999999987
21
-79.0099999999999909
0
LINE
8
BLACK
6
CONTINUOUS
10
135.8562459999999987
20
-79.0099999999999909
11
136.0661269999999945
21
-78.9767569999999921
0
LINE
8
BLACK
6
CONTINUOUS
10
136.0661269999999945
20
-78.9767569999999921
11
136.0661299999999869
21
-78.9767569999999921
0
LINE
8
BLACK
6
CONTINUOUS
10
136.0661299999999869
20
-78.9767569999999921
11
136.2682169999999928
21
-78.9110950000000031
0
LINE
8
BLACK
6
CONTINUOUS
10
136.2682169999999928
20
-78.9110950000000031
11
136.4575539999999876
21
-78.814622
0
LINE
8
BLACK
6
CONTINUOUS
10
136.4575539999999876
20
-78.814622
11
136.5117160000000069
21
-78.7752699999999919
0
LINE
8
BLACK
6
CONTINUOUS
10
136.5117160000000069
20
-78.7752699999999919
11
136.5117170000000044
21
-78.7752699999999919
0
LINE
8
BLACK
6
CONTINUOUS
10
136.5117170000000044
20
-78.7752699999999919
11
136.1474279999999908
21
-78.41098199999999
0
LINE
8
BLACK
6
CONTINUOUS
10
136.1474279999999908
20
-78.41098199999999
11
135.9967419999999834
21
-78.4733990000000006
0
LINE
8
BLACK
6
CONTINUOUS
10
135.9967419999999834
20
-78.4733990000000006
11
135.8333149999999989
21
-78.5059069999999934
0
LINE
8
BLACK
6
CONTINUOUS
10
135.8333149999999989
20
-78.5059069999999934
11
135.6666850000000011
21
-78.5059069999999934
0
LINE
8
BLACK
6
CONTINUOUS
10
135.6666850000000011
20
-78.5059069999999934
11
135.5032579999999882
21
-78.4733990000000006
0
LINE
8
BLACK
6
CONTINUOUS
10
135.5032579999999882
20
-78.4733990000000006
11
135.3525689999999884
21
-78.4109809999999925
0
LINE
8
BLACK
6
CONTINUOUS
10
135.3525689999999884
20
-78.4109809999999925
11
134.9882819999999981
21
-78.7752689999999944
0
LINE
8
BLACK
6
CONTINUOUS
10
135.433872000000008
20
-76.3432420000000036
11
135.4338689999999872
21
-76.3432420000000036
0
LINE
8
BLACK
6
CONTINUOUS
10
135.4338689999999872
20
-76.3432420000000036
11
135.2317819999999813
21
-76.4089039999999926
0
LINE
8
BLACK
6
CONTINUOUS
10
135.2317819999999813
20
-76.4089039999999926
11
135.0424390000000017
21
-76.5053800000000024
0
LINE
8
BLACK
6
CONTINUOUS
10
135.0424390000000017
20
-76.5053800000000024
11
134.9882819999999981
21
-76.5447269999999946
0
LINE
8
BLACK
6
CONTINUOUS
10
134.9882819999999981
20
-76.5447269999999946
11
134.9882819999999981
21
-76.5447279999999921
0
LINE
8
BLACK
6
CONTINUOUS
10
134.9882819999999981
20
-76.5447279999999921
11
135.3525709999999833
21
-76.9090169999999915
0
LINE
8
BLACK
6
CONTINUOUS
10
135.3525709999999833
20
-76.9090169999999915
11
135.5032579999999882
21
-76.8466009999999926
0
LINE
8
BLACK
6
CONTINUOUS
10
135.5032579999999882
20
-76.8466009999999926
11
135.6666850000000011
21
-76.8140929999999997
0
LINE
8
BLACK
6
CONTINUOUS
10
135.6666850000000011
20
-76.8140929999999997
11
135.8333149999999989
21
-76.8140929999999997
0
LINE
8
BLACK
6
CONTINUOUS
10
135.8333149999999989
20
-76.8140929999999997
11
135.9967419999999834
21
-76.8466009999999926
0
LINE
8
BLACK
6
CONTINUOUS
10
135.9967419999999834
20
-76.8466009999999926
11
136.1474279999999908
21
-76.9090169999999915
0
LINE
8
BLACK
6
CONTINUOUS
10
136.1474279999999908
20
-76.9090169999999915
11
136.5117160000000069
21
-76.5447279999999921
0
LINE
8
BLACK
6
CONTINUOUS
10
136.5117160000000069
20
-76.5447279999999921
11
136.4575499999999977
21
-76.5053750000000008
0
LINE
8
BLACK
6
CONTINUOUS
10
136.4575499999999977
20
-76.5053750000000008
11
136.2682169999999928
21
-76.4089039999999926
0
LINE
8
BLACK
6
CONTINUOUS
10
136.2682169999999928
20
-76.4089039999999926
11
136.0661289999999894
21
-76.3432420000000036
0
LINE
8
BLACK
6
CONTINUOUS
10
136.0661289999999894
20
-76.3432420000000036
11
135.8562459999999987
21
-76.3100000000000023
0
LINE
8
BLACK
6
CONTINUOUS
10
135.8562459999999987
20
-76.3100000000000023
11
135.6437540000000013
21
-76.3100000000000023
0
LINE
8
BLACK
6
CONTINUOUS
10
135.6437540000000013
20
-76.3100000000000023
11
135.433872000000008
21
-76.3432420000000036
0
CIRCLE
8
BLACK
10
136.25
20
-83.25
40
0.175
0
CIRCLE
8
BLACK
10
136.25
20
-88.3299999999999983
40
0.175
0
CIRCLE
8
BLACK
10
138.289999999999992
20
-93.4099999999999966
40
0.175
0
CIRCLE
8
BLACK
10
138.289999999999992
20
-108.4099999999999966
40
0.175
0
CIRCLE
8
BLACK
10
126.75
20
-80.212182999999996
40
0.175
0
CIRCLE
8
BLACK
10
126.75
20
-77.6721829999999898
40
0.175
0
CIRCLE
8
BLACK
10
138.75
20
-88.3299999999999983
40
0.175
0
CIRCLE
8
BLACK
10
143.8299999999999841
20
-88.3299999999999983
40
0.175
0
CIRCLE
8
BLACK
10
151.5799999999999841
20
-107.2099999999999937
40
0.175
0
CIRCLE
8
BLACK
10
149.039999999999992
20
-107.2099999999999937
40
0.175
0
CIRCLE
8
BLACK
10
146.5
20
-107.2099999999999937
40
0.175
0
CIRCLE
8
BLACK
10
145.5799999999999841
20
-81.9599999999999937
40
0.175
0
CIRCLE
8
BLACK
10
143.039999999999992
20
-81.9599999999999937
40
0.175
0
CIRCLE
8
BLACK
10
140.5
20
-81.9599999999999937
40
0.175
0
CIRCLE
8
BLACK
10
163.539999999999992
20
-95.1599999999999966
40
0.175
0
CIRCLE
8
BLACK
10
171.039999999999992
20
-95.1599999999999966
40
0.175
0
CIRCLE
8
BLACK
10
171.039999999999992
20
-109.9099999999999966
40
0.175
0
CIRCLE
8
BLACK
10
156.039999999999992
20
-109.9099999999999966
40
0.175
0
CIRCLE
8
BLACK
10
130.039999999999992
20
-98.3699999999999903
40
0.175
0
CIRCLE
8
BLACK
10
130.039999999999992
20
-103.4499999999999886
40
0.175
0
CIRCLE
8
BLACK
10
148.789999999999992
20
-88.3299999999999983
40
0.175
0
CIRCLE
8
BLACK
10
148.789999999999992
20
-90.8699999999999903
40
0.175
0
CIRCLE
8
BLACK
10
148.789999999999992
20
-93.4099999999999966
40
0.175
0
CIRCLE
8
BLACK
10
174.789999999999992
20
-100.9099999999999966
40
0.175
0
CIRCLE
8
BLACK
10
131.789999999999992
20
-88.3299999999999983
40
0.175
0
CIRCLE
8
BLACK
10
131.789999999999992
20
-90.8699999999999903
40
0.175
0
CIRCLE
8
BLACK
10
148.789999999999992
20
-100.9099999999999966
40
0.175
0
CIRCLE
8
BLACK
10
171.289999999999992
20
-100.9099999999999966
40
0.175
0
CIRCLE
8
BLACK
10
126.75
20
-83.25
40
0.175
0
CIRCLE
8
BLACK
10
131.8299999999999841
20
-83.25
40
0.175
0
CIRCLE
8
BLACK
10
144.289999999999992
20
-114.9099999999999966
40
0.175
0
CIRCLE
8
BLACK
10
141.75
20
-114.9099999999999966
40
0.175
0
CIRCLE
8
BLACK
10
139.2099999999999795
20
-114.9099999999999966
40
0.175
0
CIRCLE
8
BLACK
10
143.3700000000000045
20
-77.6599999999999966
40
0.175
0
CIRCLE
8
BLACK
10
140.8299999999999841
20
-77.6599999999999966
40
0.175
0
CIRCLE
8
BLACK
10
138.289999999999992
20
-77.6599999999999966
40
0.175
0
CIRCLE
8
BLACK
10
135.75
20
-77.6599999999999966
40
0.175
0
CIRCLE
8
BLACK
10
133.210000000000008
20
-77.6599999999999966
40
0.175
0
LINE
8
BLACK
6
CONTINUOUS
10
117.25
20
-64.25
11
183.25
21
-64.25
0
LINE
8
BLACK
6
CONTINUOUS
10
183.25
20
-64.25
11
183.25
21
-121.25
0
LINE
8
BLACK
6
CONTINUOUS
10
183.25
20
-121.25
11
117.25
21
-121.25
0
LINE
8
BLACK
6
CONTINUOUS
10
117.25
20
-121.25
11
117.25
21
-64.25
0
CIRCLE
8
WHITE
10
136.25
20
-83.25
40
0.175
0
CIRCLE
8
WHITE
10
136.25
20
-88.3299999999999983
40
0.175
0
CIRCLE
8
WHITE
10
138.289999999999992
20
-93.4099999999999966
40
0.175
0
CIRCLE
8
WHITE
10
138.289999999999992
20
-108.4099999999999966
40
0.175
0
CIRCLE
8
WHITE
10
126.75
20
-80.212182999999996
40
0.175
0
CIRCLE
8
WHITE
10
126.75
20
-77.6721829999999898
40
0.175
0
CIRCLE
8
WHITE
10
138.75
20
-88.3299999999999983
40
0.175
0
CIRCLE
8
WHITE
10
143.8299999999999841
20
-88.3299999999999983
40
0.175
0
CIRCLE
8
WHITE
10
151.5799999999999841
20
-107.2099999999999937
40
0.175
0
CIRCLE
8
WHITE
10
149.039999999999992
20
-107.2099999999999937
40
0.175
0
CIRCLE
8
WHITE
10
146.5
20
-107.2099999999999937
40
0.175
0
CIRCLE
8
WHITE
10
145.5799999999999841
20
-81.9599999999999937
40
0.175
0
CIRCLE
8
WHITE
10
143.039999999999992
20
-81.9599999999999937
40
0.175
0
CIRCLE
8
WHITE
10
140.5
20
-81.9599999999999937
40
0.175
0
CIRCLE
8
WHITE
10
163.539999999999992
20
-95.1599999999999966
40
0.175
0
CIRCLE
8
WHITE
10
171.039999999999992
20
-95.1599999999999966
40
0.175
0
CIRCLE
8
WHITE
10
171.039999999999992
20
-109.9099999999999966
40
0.175
0
CIRCLE
8
WHITE
10
156.039999999999992
20
-109.9099999999999966
40
0.175
0
CIRCLE
8
WHITE
10
130.039999999999992
20
-98.3699999999999903
40
0.175
0
CIRCLE
8
WHITE
10
130.039999999999992
20
-103.4499999999999886
40
0.175
0
CIRCLE
8
WHITE
10
148.789999999999992
20
-88.3299999999999983
40
0.175
0
CIRCLE
8
WHITE
10
148.789999999999992
20
-90.8699999999999903
40
0.175
0
CIRCLE
8
WHITE
10
148.789999999999992
20
-93.4099999999999966
40
0.175
0
CIRCLE
8
WHITE
10
174.789999999999992
20
-100.9099999999999966
40
0.175
0
CIRCLE
8
WHITE
10
131.789999999999992
20
-88.3299999999999983
40
0.175
0
CIRCLE
8
WHITE
10
131.789999999999992
20
-90.8699999999999903
40
0.175
0
CIRCLE
8
WHITE
10
148.789999999999992
20
-100.9099999999999966
40
0.175
0
CIRCLE
8
WHITE
10
171.289999999999992
20
-100.9099999999999966
40
0.175
0
CIRCLE
8
WHITE
10
126.75
20
-83.25
40
0.175
0
CIRCLE
8
WHITE
10
131.8299999999999841
20
-83.25
40
0.175
0
CIRCLE
8
WHITE
10
144.289999999999992
20
-114.9099999999999966
40
0.175
0
CIRCLE
8
WHITE
10
141.75
20
-114.9099999999999966
40
0.175
0
CIRCLE
8
WHITE
10
139.2099999999999795
20
-114.9099999999999966
40
0.175
0
CIRCLE
8
WHITE
10
143.3700000000000045
20
-77.6599999999999966
40
0.175
0
CIRCLE
8
WHITE
10
140.8299999999999841
20
-77.6599999999999966
40
0.175
0
CIRCLE
8
WHITE
10
138.289999999999992
20
-77.6599999999999966
40
0.175
0
CIRCLE
8
WHITE
10
135.75
20
-77.6599999999999966
40
0.175
0
CIRCLE
8
WHITE
10
133.210000000000008
20
-77.6599999999999966
40
0.175
  0
ENDSEC
  0
EOF
